"part","dist","n_rep","pi1","het","frac_up","method","fdr","n_rounds","tpr_mean","tpr_se"
"C","lnpois",5,0.1,1,0.5,"DESeq2",0,20,0.315223462107243,0.0102175852072628
"C","lnpois",5,0.1,1,0.5,"DESeq2",0.01,20,0.358898897794095,0.00932913957037549
"C","lnpois",5,0.1,1,0.5,"DESeq2",0.02,20,0.391263800885198,0.0074394628815346
"C","lnpois",5,0.1,1,0.5,"DESeq2",0.03,20,0.412467077559823,0.00801791015748174
"C","lnpois",5,0.1,1,0.5,"DESeq2",0.04,20,0.428546322512504,0.00765797125401096
"C","lnpois",5,0.1,1,0.5,"DESeq2",0.05,20,0.436734289324204,0.00792140426447507
"C","lnpois",5,0.1,1,0.5,"DESeq2",0.06,20,0.446888126453206,0.00826107186383747
"C","lnpois",5,0.1,1,0.5,"DESeq2",0.07,20,0.45491511500897,0.00802995032805216
"C","lnpois",5,0.1,1,0.5,"DESeq2",0.08,20,0.464220049095461,0.0079272265768295
"C","lnpois",5,0.1,1,0.5,"DESeq2",0.09,20,0.470149239978114,0.00786716053195807
"C","lnpois",5,0.1,1,0.5,"DESeq2",0.1,20,0.475318718769122,0.00802092924623644
"C","lnpois",5,0.1,1,0.5,"DESeq2",0.11,20,0.483033605554584,0.00777027533224867
"C","lnpois",5,0.1,1,0.5,"DESeq2",0.12,20,0.490541664722227,0.00792345183556056
"C","lnpois",5,0.1,1,0.5,"DESeq2",0.13,20,0.496275631739336,0.00739698430992505
"C","lnpois",5,0.1,1,0.5,"DESeq2",0.14,20,0.500833227046602,0.00757993076579803
"C","lnpois",5,0.1,1,0.5,"DESeq2",0.15,20,0.505710073652216,0.00768484194119744
"C","lnpois",5,0.1,1,0.5,"DESeq2",0.16,20,0.510159573861636,0.00738768044194842
"C","lnpois",5,0.1,1,0.5,"DESeq2",0.17,20,0.514721966097732,0.00715856128547004
"C","lnpois",5,0.1,1,0.5,"DESeq2",0.18,20,0.519903461727046,0.00689892202944321
"C","lnpois",5,0.1,1,0.5,"DESeq2",0.19,20,0.52479384492544,0.0067409768521692
"C","lnpois",5,0.1,1,0.5,"DESeq2",0.2,20,0.529869317872615,0.00694273408745671
"C","lnpois",5,0.1,1,0.5,"DESeq2",0.21,20,0.534625589874536,0.00671849486783179
"C","lnpois",5,0.1,1,0.5,"DESeq2",0.22,20,0.53802709799843,0.00684958622396033
"C","lnpois",5,0.1,1,0.5,"DESeq2",0.23,20,0.541963706289415,0.00665338184430583
"C","lnpois",5,0.1,1,0.5,"DESeq2",0.24,20,0.546507000134647,0.0065412718536282
"C","lnpois",5,0.1,1,0.5,"DESeq2",0.25,20,0.551155954997451,0.00646785932097843
"C","lnpois",5,0.1,1,0.5,"DESeq2",0.26,20,0.553487383664409,0.00632002010929996
"C","lnpois",5,0.1,1,0.5,"DESeq2",0.27,20,0.557083426555354,0.00636714773741077
"C","lnpois",5,0.1,1,0.5,"DESeq2",0.28,20,0.560898139124361,0.00621510904726485
"C","lnpois",5,0.1,1,0.5,"DESeq2",0.29,20,0.566068847592228,0.00636731275669089
"C","lnpois",5,0.1,1,0.5,"DESeq2",0.3,20,0.569336729238932,0.0062021766165864
"C","lnpois",5,0.1,1,0.5,"edgeR",0,20,0.349408745354581,0.00850883824993637
"C","lnpois",5,0.1,1,0.5,"edgeR",0.01,20,0.387239034254803,0.00786631182295109
"C","lnpois",5,0.1,1,0.5,"edgeR",0.02,20,0.409359585860858,0.00736335415476775
"C","lnpois",5,0.1,1,0.5,"edgeR",0.03,20,0.424110524381018,0.00708099994555825
"C","lnpois",5,0.1,1,0.5,"edgeR",0.04,20,0.440769482000213,0.00688955197340701
"C","lnpois",5,0.1,1,0.5,"edgeR",0.05,20,0.452841076979658,0.0069190088578876
"C","lnpois",5,0.1,1,0.5,"edgeR",0.06,20,0.459187606487462,0.00669924873519051
"C","lnpois",5,0.1,1,0.5,"edgeR",0.07,20,0.467561936118817,0.00676161909599812
"C","lnpois",5,0.1,1,0.5,"edgeR",0.08,20,0.474106046996212,0.00672862690084667
"C","lnpois",5,0.1,1,0.5,"edgeR",0.09,20,0.482926342502461,0.00767559110980685
"C","lnpois",5,0.1,1,0.5,"edgeR",0.1,20,0.489688789209771,0.00796588306337612
"C","lnpois",5,0.1,1,0.5,"edgeR",0.11,20,0.496659462681043,0.00798873875907954
"C","lnpois",5,0.1,1,0.5,"edgeR",0.12,20,0.500780092163866,0.00759890367024569
"C","lnpois",5,0.1,1,0.5,"edgeR",0.13,20,0.50586643388178,0.00727124083518059
"C","lnpois",5,0.1,1,0.5,"edgeR",0.14,20,0.510819613957299,0.00744413312548481
"C","lnpois",5,0.1,1,0.5,"edgeR",0.15,20,0.514847295171111,0.00710260582978339
"C","lnpois",5,0.1,1,0.5,"edgeR",0.16,20,0.518331152144714,0.00693912009343335
"C","lnpois",5,0.1,1,0.5,"edgeR",0.17,20,0.524027976157064,0.00699222750347425
"C","lnpois",5,0.1,1,0.5,"edgeR",0.18,20,0.527830993146871,0.00705483069798128
"C","lnpois",5,0.1,1,0.5,"edgeR",0.19,20,0.532172663257965,0.00683573118618981
"C","lnpois",5,0.1,1,0.5,"edgeR",0.2,20,0.537864666481873,0.00662284631369927
"C","lnpois",5,0.1,1,0.5,"edgeR",0.21,20,0.541374361282838,0.00682771440701838
"C","lnpois",5,0.1,1,0.5,"edgeR",0.22,20,0.546234869648605,0.00639754012017315
"C","lnpois",5,0.1,1,0.5,"edgeR",0.23,20,0.549523826976424,0.00632249966991168
"C","lnpois",5,0.1,1,0.5,"edgeR",0.24,20,0.552703758902627,0.006255248024352
"C","lnpois",5,0.1,1,0.5,"edgeR",0.25,20,0.559374088757826,0.00637557118966452
"C","lnpois",5,0.1,1,0.5,"edgeR",0.26,20,0.562558563094323,0.00601669321578141
"C","lnpois",5,0.1,1,0.5,"edgeR",0.27,20,0.567726629843226,0.00614933600253019
"C","lnpois",5,0.1,1,0.5,"edgeR",0.28,20,0.570791191205393,0.00610827316608072
"C","lnpois",5,0.1,1,0.5,"edgeR",0.29,20,0.574717744133774,0.00584840586175955
"C","lnpois",5,0.1,1,0.5,"edgeR",0.3,20,0.577898154351268,0.00581034495088513
"C","lnpois",5,0.1,1,0.5,"limma",0,20,0.357900042029802,0.0081997389324003
"C","lnpois",5,0.1,1,0.5,"limma",0.01,20,0.393378937262378,0.00905537204909387
"C","lnpois",5,0.1,1,0.5,"limma",0.02,20,0.422779271189991,0.00660811804690996
"C","lnpois",5,0.1,1,0.5,"limma",0.03,20,0.440974821568809,0.00686181090717562
"C","lnpois",5,0.1,1,0.5,"limma",0.04,20,0.451342195933278,0.00751074575783623
"C","lnpois",5,0.1,1,0.5,"limma",0.05,20,0.461645090997176,0.00735669292233153
"C","lnpois",5,0.1,1,0.5,"limma",0.06,20,0.472635872685295,0.00712420687732849
"C","lnpois",5,0.1,1,0.5,"limma",0.07,20,0.48043988083835,0.00744039263995103
"C","lnpois",5,0.1,1,0.5,"limma",0.08,20,0.488802669597897,0.00724786169950233
"C","lnpois",5,0.1,1,0.5,"limma",0.09,20,0.496128397097694,0.00721166710324246
"C","lnpois",5,0.1,1,0.5,"limma",0.1,20,0.501934151204731,0.00716248129582236
"C","lnpois",5,0.1,1,0.5,"limma",0.11,20,0.507427100294517,0.0072803547033766
"C","lnpois",5,0.1,1,0.5,"limma",0.12,20,0.512304124974607,0.00706516777471139
"C","lnpois",5,0.1,1,0.5,"limma",0.13,20,0.518140740899115,0.00657745384495998
"C","lnpois",5,0.1,1,0.5,"limma",0.14,20,0.522586613093982,0.00641686195066348
"C","lnpois",5,0.1,1,0.5,"limma",0.15,20,0.527434510028249,0.00621788876868622
"C","lnpois",5,0.1,1,0.5,"limma",0.16,20,0.530820510890062,0.00648264187105599
"C","lnpois",5,0.1,1,0.5,"limma",0.17,20,0.536107150037138,0.0067074994959899
"C","lnpois",5,0.1,1,0.5,"limma",0.18,20,0.541181726370201,0.0067983836744195
"C","lnpois",5,0.1,1,0.5,"limma",0.19,20,0.546336514952733,0.00679025966313303
"C","lnpois",5,0.1,1,0.5,"limma",0.2,20,0.550663067973348,0.00696438640589842
"C","lnpois",5,0.1,1,0.5,"limma",0.21,20,0.555753171494537,0.00671866624440996
"C","lnpois",5,0.1,1,0.5,"limma",0.22,20,0.560619952586815,0.00665631827478672
"C","lnpois",5,0.1,1,0.5,"limma",0.23,20,0.563577013705721,0.00661350796409283
"C","lnpois",5,0.1,1,0.5,"limma",0.24,20,0.568255620916346,0.00612905548196034
"C","lnpois",5,0.1,1,0.5,"limma",0.25,20,0.571839856676914,0.00636901342919785
"C","lnpois",5,0.1,1,0.5,"limma",0.26,20,0.575226288864408,0.00608730423479166
"C","lnpois",5,0.1,1,0.5,"limma",0.27,20,0.578936300882267,0.00604439577725609
"C","lnpois",5,0.1,1,0.5,"limma",0.28,20,0.582949999292776,0.00609859306291785
"C","lnpois",5,0.1,1,0.5,"limma",0.29,20,0.585483072126182,0.00608730384912207
"C","lnpois",5,0.1,1,0.5,"limma",0.3,20,0.58992199641899,0.00588992261833291
"C","lnpois",5,0.1,1,0.5,"TOX-log-TMM",0,20,0.277052987687762,0.0370112600883195
"C","lnpois",5,0.1,1,0.5,"TOX-log-TMM",0.01,20,0.369312100678607,0.0207406788061669
"C","lnpois",5,0.1,1,0.5,"TOX-log-TMM",0.02,20,0.414097061374168,0.0075212869958395
"C","lnpois",5,0.1,1,0.5,"TOX-log-TMM",0.03,20,0.434351527245945,0.00749037751867065
"C","lnpois",5,0.1,1,0.5,"TOX-log-TMM",0.04,20,0.450121283762211,0.00679440626993882
"C","lnpois",5,0.1,1,0.5,"TOX-log-TMM",0.05,20,0.458298071114708,0.00698211681545356
"C","lnpois",5,0.1,1,0.5,"TOX-log-TMM",0.06,20,0.466119515852336,0.00720836043976531
"C","lnpois",5,0.1,1,0.5,"TOX-log-TMM",0.07,20,0.47297371099523,0.007376805882158
"C","lnpois",5,0.1,1,0.5,"TOX-log-TMM",0.08,20,0.482621942591928,0.0071357891408331
"C","lnpois",5,0.1,1,0.5,"TOX-log-TMM",0.09,20,0.491572424874338,0.00744554142865323
"C","lnpois",5,0.1,1,0.5,"TOX-log-TMM",0.1,20,0.498541102198059,0.007238882495401
"C","lnpois",5,0.1,1,0.5,"TOX-log-TMM",0.11,20,0.502872137918954,0.0071869216436392
"C","lnpois",5,0.1,1,0.5,"TOX-log-TMM",0.12,20,0.509555412642882,0.00672455414277651
"C","lnpois",5,0.1,1,0.5,"TOX-log-TMM",0.13,20,0.514424905633552,0.00641578572363505
"C","lnpois",5,0.1,1,0.5,"TOX-log-TMM",0.14,20,0.518790936665132,0.00631060859075441
"C","lnpois",5,0.1,1,0.5,"TOX-log-TMM",0.15,20,0.524071551702767,0.0060564396986934
"C","lnpois",5,0.1,1,0.5,"TOX-log-TMM",0.16,20,0.52838740115397,0.00623583520784266
"C","lnpois",5,0.1,1,0.5,"TOX-log-TMM",0.17,20,0.5333700185351,0.00592206590174856
"C","lnpois",5,0.1,1,0.5,"TOX-log-TMM",0.18,20,0.537691838696199,0.00620259642453544
"C","lnpois",5,0.1,1,0.5,"TOX-log-TMM",0.19,20,0.542028868980122,0.0062110683464122
"C","lnpois",5,0.1,1,0.5,"TOX-log-TMM",0.2,20,0.546679834478488,0.00647863283692155
"C","lnpois",5,0.1,1,0.5,"TOX-log-TMM",0.21,20,0.551340475633266,0.00677946680858663
"C","lnpois",5,0.1,1,0.5,"TOX-log-TMM",0.22,20,0.554393294454389,0.00693419127952238
"C","lnpois",5,0.1,1,0.5,"TOX-log-TMM",0.23,20,0.558315896092981,0.00670122542043546
"C","lnpois",5,0.1,1,0.5,"TOX-log-TMM",0.24,20,0.56498032042091,0.00628313375292723
"C","lnpois",5,0.1,1,0.5,"TOX-log-TMM",0.25,20,0.569215908991277,0.0065216647257435
"C","lnpois",5,0.1,1,0.5,"TOX-log-TMM",0.26,20,0.573131857351877,0.00636385782744589
"C","lnpois",5,0.1,1,0.5,"TOX-log-TMM",0.27,20,0.578229083095341,0.00616311943152931
"C","lnpois",5,0.1,1,0.5,"TOX-log-TMM",0.28,20,0.582865174892322,0.00576952537173255
"C","lnpois",5,0.1,1,0.5,"TOX-log-TMM",0.29,20,0.585818946181458,0.00590013714268574
"C","lnpois",5,0.1,1,0.5,"TOX-log-TMM",0.3,20,0.589600163141417,0.00625486702634531
"C","lnpois",5,0.1,1,0.5,"TOX-log-TPM",0,20,0.141014289938106,0.0398906933172377
"C","lnpois",5,0.1,1,0.5,"TOX-log-TPM",0.01,20,0.29106376365731,0.0341244923316085
"C","lnpois",5,0.1,1,0.5,"TOX-log-TPM",0.02,20,0.367462172867263,0.0206800556705859
"C","lnpois",5,0.1,1,0.5,"TOX-log-TPM",0.03,20,0.385138519297014,0.0216897369799411
"C","lnpois",5,0.1,1,0.5,"TOX-log-TPM",0.04,20,0.397201080200942,0.0223022328590247
"C","lnpois",5,0.1,1,0.5,"TOX-log-TPM",0.05,20,0.411107972916244,0.02290154693682
"C","lnpois",5,0.1,1,0.5,"TOX-log-TPM",0.06,20,0.421732134486757,0.0235748884841121
"C","lnpois",5,0.1,1,0.5,"TOX-log-TPM",0.07,20,0.432181725834358,0.0242739001556295
"C","lnpois",5,0.1,1,0.5,"TOX-log-TPM",0.08,20,0.441999769341364,0.0247671722325691
"C","lnpois",5,0.1,1,0.5,"TOX-log-TPM",0.09,20,0.464711066069819,0.0111421362169281
"C","lnpois",5,0.1,1,0.5,"TOX-log-TPM",0.1,20,0.470206597723598,0.0114902126203182
"C","lnpois",5,0.1,1,0.5,"TOX-log-TPM",0.11,20,0.47791850206365,0.0111010742703547
"C","lnpois",5,0.1,1,0.5,"TOX-log-TPM",0.12,20,0.483826412600893,0.0112168691189651
"C","lnpois",5,0.1,1,0.5,"TOX-log-TPM",0.13,20,0.489537123214253,0.0110133351846202
"C","lnpois",5,0.1,1,0.5,"TOX-log-TPM",0.14,20,0.495044824062244,0.0109106934706973
"C","lnpois",5,0.1,1,0.5,"TOX-log-TPM",0.15,20,0.50021682405454,0.0109403202798504
"C","lnpois",5,0.1,1,0.5,"TOX-log-TPM",0.16,20,0.504366974917629,0.0107367013898753
"C","lnpois",5,0.1,1,0.5,"TOX-log-TPM",0.17,20,0.506685313164605,0.0107424794304327
"C","lnpois",5,0.1,1,0.5,"TOX-log-TPM",0.18,20,0.510415796452421,0.0104897804214065
"C","lnpois",5,0.1,1,0.5,"TOX-log-TPM",0.19,20,0.515703748427088,0.0106271509684356
"C","lnpois",5,0.1,1,0.5,"TOX-log-TPM",0.2,20,0.519615736932249,0.0108499354415289
"C","lnpois",5,0.1,1,0.5,"TOX-log-TPM",0.21,20,0.524055868876746,0.010875302348646
"C","lnpois",5,0.1,1,0.5,"TOX-log-TPM",0.22,20,0.529337730956488,0.0108688971454794
"C","lnpois",5,0.1,1,0.5,"TOX-log-TPM",0.23,20,0.533486653405461,0.0106003164655728
"C","lnpois",5,0.1,1,0.5,"TOX-log-TPM",0.24,20,0.536449454628458,0.0102032742491304
"C","lnpois",5,0.1,1,0.5,"TOX-log-TPM",0.25,20,0.540366815658933,0.0103684569395792
"C","lnpois",5,0.1,1,0.5,"TOX-log-TPM",0.26,20,0.543754278587818,0.0104376675631297
"C","lnpois",5,0.1,1,0.5,"TOX-log-TPM",0.27,20,0.549054921629423,0.00987359500264946
"C","lnpois",5,0.1,1,0.5,"TOX-log-TPM",0.28,20,0.552648242151431,0.00953715999381159
"C","lnpois",5,0.1,1,0.5,"TOX-log-TPM",0.29,20,0.55646737370867,0.00949936441166152
"C","lnpois",5,0.1,1,0.5,"TOX-log-TPM",0.3,20,0.560916523504705,0.00949516666616535
"C","lnpois",5,0.1,1,0.5,"TOX-log-TPM-centred",0,20,0.216548733740736,0.0409381018920626
"C","lnpois",5,0.1,1,0.5,"TOX-log-TPM-centred",0.01,20,0.359963436211811,0.0202729737261038
"C","lnpois",5,0.1,1,0.5,"TOX-log-TPM-centred",0.02,20,0.407808061416138,0.00715329062967066
"C","lnpois",5,0.1,1,0.5,"TOX-log-TPM-centred",0.03,20,0.426086427881022,0.00528012693339675
"C","lnpois",5,0.1,1,0.5,"TOX-log-TPM-centred",0.04,20,0.437963954150011,0.00587602792608651
"C","lnpois",5,0.1,1,0.5,"TOX-log-TPM-centred",0.05,20,0.449179398981391,0.00639520585875236
"C","lnpois",5,0.1,1,0.5,"TOX-log-TPM-centred",0.06,20,0.460399910180338,0.00680019193526017
"C","lnpois",5,0.1,1,0.5,"TOX-log-TPM-centred",0.07,20,0.469588419634848,0.00741951862129518
"C","lnpois",5,0.1,1,0.5,"TOX-log-TPM-centred",0.08,20,0.478599579471046,0.00716769967034161
"C","lnpois",5,0.1,1,0.5,"TOX-log-TPM-centred",0.09,20,0.488431360305813,0.00707100779340563
"C","lnpois",5,0.1,1,0.5,"TOX-log-TPM-centred",0.1,20,0.49645958267521,0.00717946196999749
"C","lnpois",5,0.1,1,0.5,"TOX-log-TPM-centred",0.11,20,0.501414922318233,0.00692247534589137
"C","lnpois",5,0.1,1,0.5,"TOX-log-TPM-centred",0.12,20,0.508599042341369,0.00704482805123959
"C","lnpois",5,0.1,1,0.5,"TOX-log-TPM-centred",0.13,20,0.511888930430336,0.00700590727229802
"C","lnpois",5,0.1,1,0.5,"TOX-log-TPM-centred",0.14,20,0.518756777683156,0.00755741971375723
"C","lnpois",5,0.1,1,0.5,"TOX-log-TPM-centred",0.15,20,0.524580750904836,0.00710649995643549
"C","lnpois",5,0.1,1,0.5,"TOX-log-TPM-centred",0.16,20,0.529106674347461,0.0068856288597087
"C","lnpois",5,0.1,1,0.5,"TOX-log-TPM-centred",0.17,20,0.533971776624014,0.00662815646885809
"C","lnpois",5,0.1,1,0.5,"TOX-log-TPM-centred",0.18,20,0.54085288546814,0.00693203407092119
"C","lnpois",5,0.1,1,0.5,"TOX-log-TPM-centred",0.19,20,0.544856471361114,0.00717002159021273
"C","lnpois",5,0.1,1,0.5,"TOX-log-TPM-centred",0.2,20,0.548253134219942,0.00708203500472677
"C","lnpois",5,0.1,1,0.5,"TOX-log-TPM-centred",0.21,20,0.552369442664659,0.00690440333363997
"C","lnpois",5,0.1,1,0.5,"TOX-log-TPM-centred",0.22,20,0.555968572791156,0.00674825887760006
"C","lnpois",5,0.1,1,0.5,"TOX-log-TPM-centred",0.23,20,0.559563026050518,0.00685241049979999
"C","lnpois",5,0.1,1,0.5,"TOX-log-TPM-centred",0.24,20,0.564621726200788,0.006573127310838
"C","lnpois",5,0.1,1,0.5,"TOX-log-TPM-centred",0.25,20,0.568113656980672,0.0066667192088964
"C","lnpois",5,0.1,1,0.5,"TOX-log-TPM-centred",0.26,20,0.572773329114336,0.00637357735230295
"C","lnpois",5,0.1,1,0.5,"TOX-log-TPM-centred",0.27,20,0.576897085055668,0.00621342453708086
"C","lnpois",5,0.1,1,0.5,"TOX-log-TPM-centred",0.28,20,0.579850786736,0.00600555668926734
"C","lnpois",5,0.1,1,0.5,"TOX-log-TPM-centred",0.29,20,0.583776683342584,0.00589994395092527
"C","lnpois",5,0.1,1,0.5,"TOX-log-TPM-centred",0.3,20,0.588861405862826,0.0058312301585665
"C","lnpois",5,0.1,1,0.7,"DESeq2",0,20,0.314814811903448,0.00857061317375863
"C","lnpois",5,0.1,1,0.7,"DESeq2",0.01,20,0.338750352397791,0.0084353580871864
"C","lnpois",5,0.1,1,0.7,"DESeq2",0.02,20,0.371417341011943,0.00830532465128601
"C","lnpois",5,0.1,1,0.7,"DESeq2",0.03,20,0.396026535751503,0.00798115498596121
"C","lnpois",5,0.1,1,0.7,"DESeq2",0.04,20,0.409053714632452,0.00717119463305468
"C","lnpois",5,0.1,1,0.7,"DESeq2",0.05,20,0.422184588765494,0.00695199820284527
"C","lnpois",5,0.1,1,0.7,"DESeq2",0.06,20,0.430420158038278,0.00719594790041082
"C","lnpois",5,0.1,1,0.7,"DESeq2",0.07,20,0.43938889635886,0.00688670369139799
"C","lnpois",5,0.1,1,0.7,"DESeq2",0.08,20,0.450123041907377,0.0070072216114701
"C","lnpois",5,0.1,1,0.7,"DESeq2",0.09,20,0.458976570099664,0.00735335168142859
"C","lnpois",5,0.1,1,0.7,"DESeq2",0.1,20,0.462625362251515,0.00744117570697028
"C","lnpois",5,0.1,1,0.7,"DESeq2",0.11,20,0.467003374142984,0.0076141444960808
"C","lnpois",5,0.1,1,0.7,"DESeq2",0.12,20,0.473455796261507,0.00757286841740782
"C","lnpois",5,0.1,1,0.7,"DESeq2",0.13,20,0.482112994153859,0.00736660875454192
"C","lnpois",5,0.1,1,0.7,"DESeq2",0.14,20,0.485448886810398,0.00743649145397561
"C","lnpois",5,0.1,1,0.7,"DESeq2",0.15,20,0.492746622382026,0.00762546704104942
"C","lnpois",5,0.1,1,0.7,"DESeq2",0.16,20,0.497961737862279,0.00706921150681348
"C","lnpois",5,0.1,1,0.7,"DESeq2",0.17,20,0.501193320624197,0.00705131370299058
"C","lnpois",5,0.1,1,0.7,"DESeq2",0.18,20,0.506927743002533,0.00682430804062821
"C","lnpois",5,0.1,1,0.7,"DESeq2",0.19,20,0.511620370902345,0.00640733087318348
"C","lnpois",5,0.1,1,0.7,"DESeq2",0.2,20,0.517461137747435,0.00631702281371965
"C","lnpois",5,0.1,1,0.7,"DESeq2",0.21,20,0.52277239770378,0.00660838141141331
"C","lnpois",5,0.1,1,0.7,"DESeq2",0.22,20,0.527142809598699,0.00650966638009317
"C","lnpois",5,0.1,1,0.7,"DESeq2",0.23,20,0.533307154824973,0.00673871614490478
"C","lnpois",5,0.1,1,0.7,"DESeq2",0.24,20,0.5378996178718,0.00660222014190692
"C","lnpois",5,0.1,1,0.7,"DESeq2",0.25,20,0.541449932690361,0.00645601956635185
"C","lnpois",5,0.1,1,0.7,"DESeq2",0.26,20,0.544262289504837,0.0064609898947336
"C","lnpois",5,0.1,1,0.7,"DESeq2",0.27,20,0.548016302862344,0.00623579430766211
"C","lnpois",5,0.1,1,0.7,"DESeq2",0.28,20,0.552297645408042,0.00616775079537782
"C","lnpois",5,0.1,1,0.7,"DESeq2",0.29,20,0.556675220113931,0.00595342662973803
"C","lnpois",5,0.1,1,0.7,"DESeq2",0.3,20,0.560737174276531,0.00620217496934872
"C","lnpois",5,0.1,1,0.7,"edgeR",0,20,0.351860015764226,0.00950263931340695
"C","lnpois",5,0.1,1,0.7,"edgeR",0.01,20,0.37188070294891,0.010047357068003
"C","lnpois",5,0.1,1,0.7,"edgeR",0.02,20,0.401448553292722,0.00752685710538938
"C","lnpois",5,0.1,1,0.7,"edgeR",0.03,20,0.419883643796163,0.00716943460723157
"C","lnpois",5,0.1,1,0.7,"edgeR",0.04,20,0.433013949602914,0.00737947015283957
"C","lnpois",5,0.1,1,0.7,"edgeR",0.05,20,0.441891355745731,0.00659907844569612
"C","lnpois",5,0.1,1,0.7,"edgeR",0.06,20,0.449499036623557,0.00582998687285243
"C","lnpois",5,0.1,1,0.7,"edgeR",0.07,20,0.456452289152932,0.00620210099821491
"C","lnpois",5,0.1,1,0.7,"edgeR",0.08,20,0.464461583721389,0.00606168275515144
"C","lnpois",5,0.1,1,0.7,"edgeR",0.09,20,0.471768202185083,0.00540320361374379
"C","lnpois",5,0.1,1,0.7,"edgeR",0.1,20,0.478126182070261,0.00523522440317675
"C","lnpois",5,0.1,1,0.7,"edgeR",0.11,20,0.482815064041677,0.00545463410002022
"C","lnpois",5,0.1,1,0.7,"edgeR",0.12,20,0.487611938184792,0.00554330973392312
"C","lnpois",5,0.1,1,0.7,"edgeR",0.13,20,0.493449309115183,0.00579401825632578
"C","lnpois",5,0.1,1,0.7,"edgeR",0.14,20,0.497525647604044,0.00603382081894264
"C","lnpois",5,0.1,1,0.7,"edgeR",0.15,20,0.502006317862597,0.00625320931079838
"C","lnpois",5,0.1,1,0.7,"edgeR",0.16,20,0.507636113228575,0.00622655496612186
"C","lnpois",5,0.1,1,0.7,"edgeR",0.17,20,0.511915693903403,0.0062218132386171
"C","lnpois",5,0.1,1,0.7,"edgeR",0.18,20,0.517548453402924,0.00634365378204623
"C","lnpois",5,0.1,1,0.7,"edgeR",0.19,20,0.521520015240193,0.00639343478044559
"C","lnpois",5,0.1,1,0.7,"edgeR",0.2,20,0.526740764487424,0.00607552268345485
"C","lnpois",5,0.1,1,0.7,"edgeR",0.21,20,0.530380921652402,0.00601050487116738
"C","lnpois",5,0.1,1,0.7,"edgeR",0.22,20,0.536121236112093,0.00618357897431794
"C","lnpois",5,0.1,1,0.7,"edgeR",0.23,20,0.541022368476987,0.00618834438222506
"C","lnpois",5,0.1,1,0.7,"edgeR",0.24,20,0.544667944710273,0.00621420421027974
"C","lnpois",5,0.1,1,0.7,"edgeR",0.25,20,0.547894205607093,0.00611831532369199
"C","lnpois",5,0.1,1,0.7,"edgeR",0.26,20,0.552271797292551,0.00602240440420459
"C","lnpois",5,0.1,1,0.7,"edgeR",0.27,20,0.555403632368944,0.00619365628413816
"C","lnpois",5,0.1,1,0.7,"edgeR",0.28,20,0.560100435621272,0.00625042134903196
"C","lnpois",5,0.1,1,0.7,"edgeR",0.29,20,0.564694426996777,0.00586100718414245
"C","lnpois",5,0.1,1,0.7,"edgeR",0.3,20,0.569703953261066,0.00612617994336944
"C","lnpois",5,0.1,1,0.7,"limma",0,20,0.359027723429287,0.00803557266278981
"C","lnpois",5,0.1,1,0.7,"limma",0.01,20,0.393810773122552,0.00836127280543847
"C","lnpois",5,0.1,1,0.7,"limma",0.02,20,0.414769793333904,0.00848896184603409
"C","lnpois",5,0.1,1,0.7,"limma",0.03,20,0.433235734740147,0.00743982109733379
"C","lnpois",5,0.1,1,0.7,"limma",0.04,20,0.446992114989318,0.00701756903230173
"C","lnpois",5,0.1,1,0.7,"limma",0.05,20,0.45699194745154,0.0072096841923411
"C","lnpois",5,0.1,1,0.7,"limma",0.06,20,0.461375790778267,0.00707131081866807
"C","lnpois",5,0.1,1,0.7,"limma",0.07,20,0.468350279248089,0.00661447866144333
"C","lnpois",5,0.1,1,0.7,"limma",0.08,20,0.473968501703632,0.00638562817296376
"C","lnpois",5,0.1,1,0.7,"limma",0.09,20,0.481458139273607,0.00655320795498298
"C","lnpois",5,0.1,1,0.7,"limma",0.1,20,0.488025417090484,0.00637161958327137
"C","lnpois",5,0.1,1,0.7,"limma",0.11,20,0.493650353204032,0.00682149429749749
"C","lnpois",5,0.1,1,0.7,"limma",0.12,20,0.499710341349368,0.00683912480931747
"C","lnpois",5,0.1,1,0.7,"limma",0.13,20,0.506292104542914,0.00666505687092074
"C","lnpois",5,0.1,1,0.7,"limma",0.14,20,0.512750744802928,0.00679300934053824
"C","lnpois",5,0.1,1,0.7,"limma",0.15,20,0.517859036897487,0.0066143801917228
"C","lnpois",5,0.1,1,0.7,"limma",0.16,20,0.523176633858156,0.0071804334731115
"C","lnpois",5,0.1,1,0.7,"limma",0.17,20,0.528388430502672,0.00727380343332708
"C","lnpois",5,0.1,1,0.7,"limma",0.18,20,0.532668971603767,0.00745071404792319
"C","lnpois",5,0.1,1,0.7,"limma",0.19,20,0.537781592612717,0.00713608198060307
"C","lnpois",5,0.1,1,0.7,"limma",0.2,20,0.542690404369735,0.00658387907405057
"C","lnpois",5,0.1,1,0.7,"limma",0.21,20,0.545605021558521,0.00667705906530794
"C","lnpois",5,0.1,1,0.7,"limma",0.22,20,0.550191444886466,0.00663998735479617
"C","lnpois",5,0.1,1,0.7,"limma",0.23,20,0.554463149053167,0.00665281710403036
"C","lnpois",5,0.1,1,0.7,"limma",0.24,20,0.558114508753478,0.00658955511267603
"C","lnpois",5,0.1,1,0.7,"limma",0.25,20,0.56135319390415,0.00629215265511424
"C","lnpois",5,0.1,1,0.7,"limma",0.26,20,0.565519408432136,0.00613523225535559
"C","lnpois",5,0.1,1,0.7,"limma",0.27,20,0.569372887156014,0.00628256891673953
"C","lnpois",5,0.1,1,0.7,"limma",0.28,20,0.573639075514892,0.00620071445148335
"C","lnpois",5,0.1,1,0.7,"limma",0.29,20,0.577705165223088,0.0063682827668386
"C","lnpois",5,0.1,1,0.7,"limma",0.3,20,0.58165960548997,0.00639718078908698
"C","lnpois",5,0.1,1,0.7,"TOX-log-TMM",0,20,0.238955197611306,0.0407200977456033
"C","lnpois",5,0.1,1,0.7,"TOX-log-TMM",0.01,20,0.359048139692495,0.021223245199322
"C","lnpois",5,0.1,1,0.7,"TOX-log-TMM",0.02,20,0.407801574832304,0.00914205059103755
"C","lnpois",5,0.1,1,0.7,"TOX-log-TMM",0.03,20,0.427812998263998,0.00777594531195537
"C","lnpois",5,0.1,1,0.7,"TOX-log-TMM",0.04,20,0.439383092704294,0.00741520063352502
"C","lnpois",5,0.1,1,0.7,"TOX-log-TMM",0.05,20,0.451775756942985,0.00742148385450975
"C","lnpois",5,0.1,1,0.7,"TOX-log-TMM",0.06,20,0.460819734002624,0.00754827964110431
"C","lnpois",5,0.1,1,0.7,"TOX-log-TMM",0.07,20,0.46520225906887,0.00741150804957245
"C","lnpois",5,0.1,1,0.7,"TOX-log-TMM",0.08,20,0.47157147303337,0.00728778544824342
"C","lnpois",5,0.1,1,0.7,"TOX-log-TMM",0.09,20,0.477840890307708,0.00696586567218364
"C","lnpois",5,0.1,1,0.7,"TOX-log-TMM",0.1,20,0.484103083215072,0.0062418686302255
"C","lnpois",5,0.1,1,0.7,"TOX-log-TMM",0.11,20,0.489217368144588,0.00617932941214516
"C","lnpois",5,0.1,1,0.7,"TOX-log-TMM",0.12,20,0.49691870791498,0.00630547973719113
"C","lnpois",5,0.1,1,0.7,"TOX-log-TMM",0.13,20,0.50171220365367,0.00675425260263451
"C","lnpois",5,0.1,1,0.7,"TOX-log-TMM",0.14,20,0.508889572221122,0.00627181240437683
"C","lnpois",5,0.1,1,0.7,"TOX-log-TMM",0.15,20,0.51462200141998,0.00683826386123157
"C","lnpois",5,0.1,1,0.7,"TOX-log-TMM",0.16,20,0.518689337002233,0.00706919233781068
"C","lnpois",5,0.1,1,0.7,"TOX-log-TMM",0.17,20,0.522553258489278,0.00688110508925086
"C","lnpois",5,0.1,1,0.7,"TOX-log-TMM",0.18,20,0.528602336443914,0.00685916472777034
"C","lnpois",5,0.1,1,0.7,"TOX-log-TMM",0.19,20,0.535596743969209,0.00674845927601058
"C","lnpois",5,0.1,1,0.7,"TOX-log-TMM",0.2,20,0.540606012107183,0.00665882206819288
"C","lnpois",5,0.1,1,0.7,"TOX-log-TMM",0.21,20,0.543740037435842,0.00642538754569053
"C","lnpois",5,0.1,1,0.7,"TOX-log-TMM",0.22,20,0.547808352699662,0.00635893436211016
"C","lnpois",5,0.1,1,0.7,"TOX-log-TMM",0.23,20,0.551253153535093,0.006367004612916
"C","lnpois",5,0.1,1,0.7,"TOX-log-TMM",0.24,20,0.554588799877875,0.00641255131885346
"C","lnpois",5,0.1,1,0.7,"TOX-log-TMM",0.25,20,0.558025559339899,0.00608468235971579
"C","lnpois",5,0.1,1,0.7,"TOX-log-TMM",0.26,20,0.563751724953523,0.00634335335213976
"C","lnpois",5,0.1,1,0.7,"TOX-log-TMM",0.27,20,0.566673061492045,0.00631317039469657
"C","lnpois",5,0.1,1,0.7,"TOX-log-TMM",0.28,20,0.57020667791542,0.00650004884073898
"C","lnpois",5,0.1,1,0.7,"TOX-log-TMM",0.29,20,0.575101492649407,0.00700326604528061
"C","lnpois",5,0.1,1,0.7,"TOX-log-TMM",0.3,20,0.578536770202228,0.00681778964601336
"C","lnpois",5,0.1,1,0.7,"TOX-log-TPM",0,20,0.135292593460839,0.0381471362903005
"C","lnpois",5,0.1,1,0.7,"TOX-log-TPM",0.01,20,0.230801689768742,0.0392582521839428
"C","lnpois",5,0.1,1,0.7,"TOX-log-TPM",0.02,20,0.313340153951886,0.0309757185988691
"C","lnpois",5,0.1,1,0.7,"TOX-log-TPM",0.03,20,0.357403217484113,0.0202915492566644
"C","lnpois",5,0.1,1,0.7,"TOX-log-TPM",0.04,20,0.386714065597898,0.00753428972855529
"C","lnpois",5,0.1,1,0.7,"TOX-log-TPM",0.05,20,0.39839413124855,0.00741612940950964
"C","lnpois",5,0.1,1,0.7,"TOX-log-TPM",0.06,20,0.406623160263861,0.00765241357469053
"C","lnpois",5,0.1,1,0.7,"TOX-log-TPM",0.07,20,0.412661134617275,0.00790115177623503
"C","lnpois",5,0.1,1,0.7,"TOX-log-TPM",0.08,20,0.418506776056988,0.00776197690311054
"C","lnpois",5,0.1,1,0.7,"TOX-log-TPM",0.09,20,0.42526415087072,0.00760362639274108
"C","lnpois",5,0.1,1,0.7,"TOX-log-TPM",0.1,20,0.431940962470391,0.00747704803920897
"C","lnpois",5,0.1,1,0.7,"TOX-log-TPM",0.11,20,0.438613541600973,0.00753997467027131
"C","lnpois",5,0.1,1,0.7,"TOX-log-TPM",0.12,20,0.446754906335137,0.00759024325017441
"C","lnpois",5,0.1,1,0.7,"TOX-log-TPM",0.13,20,0.451759266671024,0.00781700267548245
"C","lnpois",5,0.1,1,0.7,"TOX-log-TPM",0.14,20,0.455617921389209,0.00818582824026726
"C","lnpois",5,0.1,1,0.7,"TOX-log-TPM",0.15,20,0.461455245687207,0.00772718719985609
"C","lnpois",5,0.1,1,0.7,"TOX-log-TPM",0.16,20,0.464796097825912,0.00764411087596434
"C","lnpois",5,0.1,1,0.7,"TOX-log-TPM",0.17,20,0.469592915502456,0.00760356227342037
"C","lnpois",5,0.1,1,0.7,"TOX-log-TPM",0.18,20,0.472301546765853,0.00789275314366603
"C","lnpois",5,0.1,1,0.7,"TOX-log-TPM",0.19,20,0.476893379413111,0.00821274481018582
"C","lnpois",5,0.1,1,0.7,"TOX-log-TPM",0.2,20,0.481692149351978,0.00769233814816536
"C","lnpois",5,0.1,1,0.7,"TOX-log-TPM",0.21,20,0.484926464798713,0.00757030444343577
"C","lnpois",5,0.1,1,0.7,"TOX-log-TPM",0.22,20,0.488365296343784,0.0075706217694538
"C","lnpois",5,0.1,1,0.7,"TOX-log-TPM",0.23,20,0.491393424770511,0.00748518000374578
"C","lnpois",5,0.1,1,0.7,"TOX-log-TPM",0.24,20,0.495780230130655,0.00765306918535819
"C","lnpois",5,0.1,1,0.7,"TOX-log-TPM",0.25,20,0.500463592998498,0.00721629538903043
"C","lnpois",5,0.1,1,0.7,"TOX-log-TPM",0.26,20,0.503592632563266,0.00740761276226098
"C","lnpois",5,0.1,1,0.7,"TOX-log-TPM",0.27,20,0.507133393303051,0.00794148178018554
"C","lnpois",5,0.1,1,0.7,"TOX-log-TPM",0.28,20,0.511715649904137,0.00810679444306486
"C","lnpois",5,0.1,1,0.7,"TOX-log-TPM",0.29,20,0.514845157179106,0.00823424414580261
"C","lnpois",5,0.1,1,0.7,"TOX-log-TPM",0.3,20,0.517969025877167,0.00819277117747775
"C","lnpois",5,0.1,1,0.7,"TOX-log-TPM-centred",0,20,0.226287572771323,0.0430892027293605
"C","lnpois",5,0.1,1,0.7,"TOX-log-TPM-centred",0.01,20,0.314791210905986,0.0373495800954783
"C","lnpois",5,0.1,1,0.7,"TOX-log-TPM-centred",0.02,20,0.410098827123687,0.00926054041279567
"C","lnpois",5,0.1,1,0.7,"TOX-log-TPM-centred",0.03,20,0.427387494594323,0.00813261963176099
"C","lnpois",5,0.1,1,0.7,"TOX-log-TPM-centred",0.04,20,0.439144645920346,0.0086478170957934
"C","lnpois",5,0.1,1,0.7,"TOX-log-TPM-centred",0.05,20,0.450716853577385,0.00718299553557483
"C","lnpois",5,0.1,1,0.7,"TOX-log-TPM-centred",0.06,20,0.458438785543913,0.00699765501991756
"C","lnpois",5,0.1,1,0.7,"TOX-log-TPM-centred",0.07,20,0.464390617022201,0.00685648058149757
"C","lnpois",5,0.1,1,0.7,"TOX-log-TPM-centred",0.08,20,0.470646164358044,0.00658406138313339
"C","lnpois",5,0.1,1,0.7,"TOX-log-TPM-centred",0.09,20,0.477737617248184,0.00628697457039411
"C","lnpois",5,0.1,1,0.7,"TOX-log-TPM-centred",0.1,20,0.485759266118386,0.00677941607222291
"C","lnpois",5,0.1,1,0.7,"TOX-log-TPM-centred",0.11,20,0.490656067145829,0.00712719988035498
"C","lnpois",5,0.1,1,0.7,"TOX-log-TPM-centred",0.12,20,0.496284778641288,0.00696955725216296
"C","lnpois",5,0.1,1,0.7,"TOX-log-TPM-centred",0.13,20,0.502846775838582,0.00729743456749183
"C","lnpois",5,0.1,1,0.7,"TOX-log-TPM-centred",0.14,20,0.51034481954362,0.00691351437962043
"C","lnpois",5,0.1,1,0.7,"TOX-log-TPM-centred",0.15,20,0.515133589184598,0.00711087826860455
"C","lnpois",5,0.1,1,0.7,"TOX-log-TPM-centred",0.16,20,0.520036961362683,0.00740425531493913
"C","lnpois",5,0.1,1,0.7,"TOX-log-TPM-centred",0.17,20,0.525255661804111,0.00733381046269145
"C","lnpois",5,0.1,1,0.7,"TOX-log-TPM-centred",0.18,20,0.530050161097125,0.00717316960985749
"C","lnpois",5,0.1,1,0.7,"TOX-log-TPM-centred",0.19,20,0.534957312789794,0.00705608701484721
"C","lnpois",5,0.1,1,0.7,"TOX-log-TPM-centred",0.2,20,0.539859844236027,0.00730337696806693
"C","lnpois",5,0.1,1,0.7,"TOX-log-TPM-centred",0.21,20,0.545180378615295,0.00742914251827928
"C","lnpois",5,0.1,1,0.7,"TOX-log-TPM-centred",0.22,20,0.550190336230587,0.00687246695519812
"C","lnpois",5,0.1,1,0.7,"TOX-log-TPM-centred",0.23,20,0.554670207108104,0.00682304208328159
"C","lnpois",5,0.1,1,0.7,"TOX-log-TPM-centred",0.24,20,0.560094983510396,0.00663465342548947
"C","lnpois",5,0.1,1,0.7,"TOX-log-TPM-centred",0.25,20,0.563749248732361,0.0062190201351205
"C","lnpois",5,0.1,1,0.7,"TOX-log-TPM-centred",0.26,20,0.567494419022433,0.00632717599769276
"C","lnpois",5,0.1,1,0.7,"TOX-log-TPM-centred",0.27,20,0.570315074608223,0.00620672483603574
"C","lnpois",5,0.1,1,0.7,"TOX-log-TPM-centred",0.28,20,0.573231204424935,0.00604391907732807
"C","lnpois",5,0.1,1,0.7,"TOX-log-TPM-centred",0.29,20,0.578541680051814,0.006024125850357
"C","lnpois",5,0.1,1,0.7,"TOX-log-TPM-centred",0.3,20,0.582397050638425,0.00592213206047894
"C","lnpois",5,0.1,1,0.9,"DESeq2",0,20,0.32747178407835,0.00939379222010527
"C","lnpois",5,0.1,1,0.9,"DESeq2",0.01,20,0.348108949168595,0.00786572278047805
"C","lnpois",5,0.1,1,0.9,"DESeq2",0.02,20,0.373560396893586,0.00757203467397418
"C","lnpois",5,0.1,1,0.9,"DESeq2",0.03,20,0.390115309517843,0.00696587373512673
"C","lnpois",5,0.1,1,0.9,"DESeq2",0.04,20,0.404340418143546,0.00625966359231929
"C","lnpois",5,0.1,1,0.9,"DESeq2",0.05,20,0.415123118837574,0.00635425859346283
"C","lnpois",5,0.1,1,0.9,"DESeq2",0.06,20,0.424355604966841,0.00669060910567601
"C","lnpois",5,0.1,1,0.9,"DESeq2",0.07,20,0.431317250275529,0.00649807388921226
"C","lnpois",5,0.1,1,0.9,"DESeq2",0.08,20,0.439515463097807,0.00609507569970053
"C","lnpois",5,0.1,1,0.9,"DESeq2",0.09,20,0.444397651418564,0.00565341366968953
"C","lnpois",5,0.1,1,0.9,"DESeq2",0.1,20,0.450017632758481,0.00596159355681399
"C","lnpois",5,0.1,1,0.9,"DESeq2",0.11,20,0.457481050973847,0.00559571120711394
"C","lnpois",5,0.1,1,0.9,"DESeq2",0.12,20,0.461120333389473,0.00576866783313518
"C","lnpois",5,0.1,1,0.9,"DESeq2",0.13,20,0.465480995149496,0.00581502733373944
"C","lnpois",5,0.1,1,0.9,"DESeq2",0.14,20,0.470355344007671,0.00588727475885432
"C","lnpois",5,0.1,1,0.9,"DESeq2",0.15,20,0.476062830932925,0.00606169369707768
"C","lnpois",5,0.1,1,0.9,"DESeq2",0.16,20,0.479795904922124,0.00596283218555793
"C","lnpois",5,0.1,1,0.9,"DESeq2",0.17,20,0.484365406659415,0.00582451003565309
"C","lnpois",5,0.1,1,0.9,"DESeq2",0.18,20,0.490704228856515,0.00603748970778089
"C","lnpois",5,0.1,1,0.9,"DESeq2",0.19,20,0.495059447725263,0.00589717306758693
"C","lnpois",5,0.1,1,0.9,"DESeq2",0.2,20,0.498276894839016,0.00578934492511654
"C","lnpois",5,0.1,1,0.9,"DESeq2",0.21,20,0.503673299573314,0.00604352552562656
"C","lnpois",5,0.1,1,0.9,"DESeq2",0.22,20,0.506166688811882,0.00579337280613305
"C","lnpois",5,0.1,1,0.9,"DESeq2",0.23,20,0.510322563281248,0.00587786550212949
"C","lnpois",5,0.1,1,0.9,"DESeq2",0.24,20,0.515001589218048,0.00552022469156073
"C","lnpois",5,0.1,1,0.9,"DESeq2",0.25,20,0.520813456650845,0.00556986914011831
"C","lnpois",5,0.1,1,0.9,"DESeq2",0.26,20,0.523619408258098,0.00572164789198114
"C","lnpois",5,0.1,1,0.9,"DESeq2",0.27,20,0.526635815738924,0.00577387889837927
"C","lnpois",5,0.1,1,0.9,"DESeq2",0.28,20,0.53111402981388,0.00579507665688747
"C","lnpois",5,0.1,1,0.9,"DESeq2",0.29,20,0.53494244730847,0.00598827507596625
"C","lnpois",5,0.1,1,0.9,"DESeq2",0.3,20,0.539089495610825,0.0061252932519686
"C","lnpois",5,0.1,1,0.9,"edgeR",0,20,0.349348909335288,0.00991811001647244
"C","lnpois",5,0.1,1,0.9,"edgeR",0.01,20,0.371519968669386,0.0089240699175481
"C","lnpois",5,0.1,1,0.9,"edgeR",0.02,20,0.399225480571015,0.00738262747889765
"C","lnpois",5,0.1,1,0.9,"edgeR",0.03,20,0.41262133748292,0.00681966143565817
"C","lnpois",5,0.1,1,0.9,"edgeR",0.04,20,0.420825188206426,0.00652149411046616
"C","lnpois",5,0.1,1,0.9,"edgeR",0.05,20,0.433375424386921,0.00631340915679184
"C","lnpois",5,0.1,1,0.9,"edgeR",0.06,20,0.44169311395637,0.00674148015344514
"C","lnpois",5,0.1,1,0.9,"edgeR",0.07,20,0.448552846491113,0.00677442536661688
"C","lnpois",5,0.1,1,0.9,"edgeR",0.08,20,0.458096842893883,0.00620131469899176
"C","lnpois",5,0.1,1,0.9,"edgeR",0.09,20,0.463077867536199,0.00606977668552999
"C","lnpois",5,0.1,1,0.9,"edgeR",0.1,20,0.468051564166814,0.00622666698663547
"C","lnpois",5,0.1,1,0.9,"edgeR",0.11,20,0.473685437556612,0.00624426372414847
"C","lnpois",5,0.1,1,0.9,"edgeR",0.12,20,0.477111836571882,0.0063705512423136
"C","lnpois",5,0.1,1,0.9,"edgeR",0.13,20,0.483118622962066,0.00594235333273999
"C","lnpois",5,0.1,1,0.9,"edgeR",0.14,20,0.486028465140862,0.00597881391540965
"C","lnpois",5,0.1,1,0.9,"edgeR",0.15,20,0.492047950769159,0.00599220550732138
"C","lnpois",5,0.1,1,0.9,"edgeR",0.16,20,0.496919168313204,0.00611037046610924
"C","lnpois",5,0.1,1,0.9,"edgeR",0.17,20,0.502737692243221,0.00659699024496916
"C","lnpois",5,0.1,1,0.9,"edgeR",0.18,20,0.506167929694173,0.0067886790432062
"C","lnpois",5,0.1,1,0.9,"edgeR",0.19,20,0.5107475652342,0.0067832316022427
"C","lnpois",5,0.1,1,0.9,"edgeR",0.2,20,0.514889635911535,0.00679775037026378
"C","lnpois",5,0.1,1,0.9,"edgeR",0.21,20,0.51955944364197,0.00666725604886611
"C","lnpois",5,0.1,1,0.9,"edgeR",0.22,20,0.525687818848521,0.00683801339984825
"C","lnpois",5,0.1,1,0.9,"edgeR",0.23,20,0.530156703749998,0.00661816532964985
"C","lnpois",5,0.1,1,0.9,"edgeR",0.24,20,0.533388172831789,0.00672720443080255
"C","lnpois",5,0.1,1,0.9,"edgeR",0.25,20,0.538782880062452,0.00667683817833228
"C","lnpois",5,0.1,1,0.9,"edgeR",0.26,20,0.542315435053639,0.00669498476331026
"C","lnpois",5,0.1,1,0.9,"edgeR",0.27,20,0.547830429830025,0.00663045988458381
"C","lnpois",5,0.1,1,0.9,"edgeR",0.28,20,0.552699341243833,0.00636684225188268
"C","lnpois",5,0.1,1,0.9,"edgeR",0.29,20,0.556435016696133,0.00634110889261734
"C","lnpois",5,0.1,1,0.9,"edgeR",0.3,20,0.55975378214635,0.00637128390156611
"C","lnpois",5,0.1,1,0.9,"limma",0,20,0.365588998744365,0.00729058502924439
"C","lnpois",5,0.1,1,0.9,"limma",0.01,20,0.390529402303272,0.00671780191692257
"C","lnpois",5,0.1,1,0.9,"limma",0.02,20,0.411183014222419,0.0061130335066344
"C","lnpois",5,0.1,1,0.9,"limma",0.03,20,0.423546137558275,0.00639338070141302
"C","lnpois",5,0.1,1,0.9,"limma",0.04,20,0.436211983370514,0.00638235129772566
"C","lnpois",5,0.1,1,0.9,"limma",0.05,20,0.446381599524446,0.00687044517490479
"C","lnpois",5,0.1,1,0.9,"limma",0.06,20,0.455515152992266,0.00672713711437522
"C","lnpois",5,0.1,1,0.9,"limma",0.07,20,0.462455270454005,0.00633383734239913
"C","lnpois",5,0.1,1,0.9,"limma",0.08,20,0.471486488091617,0.00604407060577541
"C","lnpois",5,0.1,1,0.9,"limma",0.09,20,0.478018609063868,0.0057267214938729
"C","lnpois",5,0.1,1,0.9,"limma",0.1,20,0.484145471202846,0.00552618472532851
"C","lnpois",5,0.1,1,0.9,"limma",0.11,20,0.489142008697263,0.00557994166520503
"C","lnpois",5,0.1,1,0.9,"limma",0.12,20,0.49464537935476,0.00572170819445103
"C","lnpois",5,0.1,1,0.9,"limma",0.13,20,0.49983252588347,0.00581036057734889
"C","lnpois",5,0.1,1,0.9,"limma",0.14,20,0.505442227885729,0.00607661883914294
"C","lnpois",5,0.1,1,0.9,"limma",0.15,20,0.508548243901045,0.00597435969085144
"C","lnpois",5,0.1,1,0.9,"limma",0.16,20,0.513310774639858,0.00618626708625266
"C","lnpois",5,0.1,1,0.9,"limma",0.17,20,0.5175652547077,0.00617051591853175
"C","lnpois",5,0.1,1,0.9,"limma",0.18,20,0.52118774230822,0.00620604466249031
"C","lnpois",5,0.1,1,0.9,"limma",0.19,20,0.526279606668101,0.00626701855604314
"C","lnpois",5,0.1,1,0.9,"limma",0.2,20,0.52971069706176,0.00644979130258985
"C","lnpois",5,0.1,1,0.9,"limma",0.21,20,0.531689737818894,0.00649351338124549
"C","lnpois",5,0.1,1,0.9,"limma",0.22,20,0.536779721983987,0.00630062539618664
"C","lnpois",5,0.1,1,0.9,"limma",0.23,20,0.540201205389226,0.00613009184946848
"C","lnpois",5,0.1,1,0.9,"limma",0.24,20,0.545500450812501,0.00591930421625025
"C","lnpois",5,0.1,1,0.9,"limma",0.25,20,0.550683193384344,0.00594018450753416
"C","lnpois",5,0.1,1,0.9,"limma",0.26,20,0.553170875612369,0.00603804578555977
"C","lnpois",5,0.1,1,0.9,"limma",0.27,20,0.557325248002228,0.00609156425595229
"C","lnpois",5,0.1,1,0.9,"limma",0.28,20,0.56033953719841,0.00623086690686662
"C","lnpois",5,0.1,1,0.9,"limma",0.29,20,0.565534176683125,0.00625815072583435
"C","lnpois",5,0.1,1,0.9,"limma",0.3,20,0.568954575303574,0.006380871145024
"C","lnpois",5,0.1,1,0.9,"TOX-log-TMM",0,20,0.30583815995626,0.0300210315192379
"C","lnpois",5,0.1,1,0.9,"TOX-log-TMM",0.01,20,0.355603785081001,0.0204639551666154
"C","lnpois",5,0.1,1,0.9,"TOX-log-TMM",0.02,20,0.405450711615822,0.00736793954710338
"C","lnpois",5,0.1,1,0.9,"TOX-log-TMM",0.03,20,0.417814049717697,0.00716707587899181
"C","lnpois",5,0.1,1,0.9,"TOX-log-TMM",0.04,20,0.427904670580081,0.00673729434585759
"C","lnpois",5,0.1,1,0.9,"TOX-log-TMM",0.05,20,0.437561733171152,0.00724850888438584
"C","lnpois",5,0.1,1,0.9,"TOX-log-TMM",0.06,20,0.451467373267176,0.00669294108247585
"C","lnpois",5,0.1,1,0.9,"TOX-log-TMM",0.07,20,0.460905193474552,0.00621075118166888
"C","lnpois",5,0.1,1,0.9,"TOX-log-TMM",0.08,20,0.471891253328425,0.00574829550259117
"C","lnpois",5,0.1,1,0.9,"TOX-log-TMM",0.09,20,0.475942105597416,0.00596399539699442
"C","lnpois",5,0.1,1,0.9,"TOX-log-TMM",0.1,20,0.481548773561552,0.00580389313637255
"C","lnpois",5,0.1,1,0.9,"TOX-log-TMM",0.11,20,0.484448371277251,0.00584717491930643
"C","lnpois",5,0.1,1,0.9,"TOX-log-TMM",0.12,20,0.489641399579246,0.00586066075453562
"C","lnpois",5,0.1,1,0.9,"TOX-log-TMM",0.13,20,0.496712929854508,0.00608223847759112
"C","lnpois",5,0.1,1,0.9,"TOX-log-TMM",0.14,20,0.50087537904811,0.00596274075317813
"C","lnpois",5,0.1,1,0.9,"TOX-log-TMM",0.15,20,0.506474349355674,0.00592847130618516
"C","lnpois",5,0.1,1,0.9,"TOX-log-TMM",0.16,20,0.509595390368618,0.00594599618932089
"C","lnpois",5,0.1,1,0.9,"TOX-log-TMM",0.17,20,0.512393858293651,0.00617714672472973
"C","lnpois",5,0.1,1,0.9,"TOX-log-TMM",0.18,20,0.516023044263837,0.00636446082920136
"C","lnpois",5,0.1,1,0.9,"TOX-log-TMM",0.19,20,0.520691580587111,0.00645906858484678
"C","lnpois",5,0.1,1,0.9,"TOX-log-TMM",0.2,20,0.526404426012738,0.0066787454993204
"C","lnpois",5,0.1,1,0.9,"TOX-log-TMM",0.21,20,0.530145277642811,0.00669677229026204
"C","lnpois",5,0.1,1,0.9,"TOX-log-TMM",0.22,20,0.534495274369367,0.00631191565433821
"C","lnpois",5,0.1,1,0.9,"TOX-log-TMM",0.23,20,0.537299699961499,0.00663744416887439
"C","lnpois",5,0.1,1,0.9,"TOX-log-TMM",0.24,20,0.541148241211681,0.00652130446286641
"C","lnpois",5,0.1,1,0.9,"TOX-log-TMM",0.25,20,0.546846484262335,0.00639069061358398
"C","lnpois",5,0.1,1,0.9,"TOX-log-TMM",0.26,20,0.550898776285421,0.00639951806652599
"C","lnpois",5,0.1,1,0.9,"TOX-log-TMM",0.27,20,0.5546327575047,0.00611545585296654
"C","lnpois",5,0.1,1,0.9,"TOX-log-TMM",0.28,20,0.558367614317475,0.00568737220290448
"C","lnpois",5,0.1,1,0.9,"TOX-log-TMM",0.29,20,0.561900982598863,0.00586813566237555
"C","lnpois",5,0.1,1,0.9,"TOX-log-TMM",0.3,20,0.566149988887732,0.00607150442044331
"C","lnpois",5,0.1,1,0.9,"TOX-log-TPM",0,20,0.0622777655368095,0.0287148586441313
"C","lnpois",5,0.1,1,0.9,"TOX-log-TPM",0.01,20,0.160811552958164,0.0372058721623023
"C","lnpois",5,0.1,1,0.9,"TOX-log-TPM",0.02,20,0.273758133542703,0.0275206372726038
"C","lnpois",5,0.1,1,0.9,"TOX-log-TPM",0.03,20,0.327598980858193,0.00813748578421737
"C","lnpois",5,0.1,1,0.9,"TOX-log-TPM",0.04,20,0.340873386270577,0.00870003688786249
"C","lnpois",5,0.1,1,0.9,"TOX-log-TPM",0.05,20,0.346787609861874,0.00805486715692138
"C","lnpois",5,0.1,1,0.9,"TOX-log-TPM",0.06,20,0.358403871524409,0.00745836910271316
"C","lnpois",5,0.1,1,0.9,"TOX-log-TPM",0.07,20,0.363907500458888,0.00747258905356775
"C","lnpois",5,0.1,1,0.9,"TOX-log-TPM",0.08,20,0.367948363629163,0.00748053989216792
"C","lnpois",5,0.1,1,0.9,"TOX-log-TPM",0.09,20,0.373347491361384,0.00741307989600896
"C","lnpois",5,0.1,1,0.9,"TOX-log-TPM",0.1,20,0.378118429748755,0.00761531590501227
"C","lnpois",5,0.1,1,0.9,"TOX-log-TPM",0.11,20,0.382469751753885,0.0077930492155329
"C","lnpois",5,0.1,1,0.9,"TOX-log-TPM",0.12,20,0.387974277067168,0.00823149678165469
"C","lnpois",5,0.1,1,0.9,"TOX-log-TPM",0.13,20,0.393268494225385,0.00798135292001786
"C","lnpois",5,0.1,1,0.9,"TOX-log-TPM",0.14,20,0.397609558843014,0.0081567383720657
"C","lnpois",5,0.1,1,0.9,"TOX-log-TPM",0.15,20,0.401447749756236,0.00801838537619338
"C","lnpois",5,0.1,1,0.9,"TOX-log-TPM",0.16,20,0.404874070991258,0.00821879198243198
"C","lnpois",5,0.1,1,0.9,"TOX-log-TPM",0.17,20,0.407672866779764,0.00816363090439434
"C","lnpois",5,0.1,1,0.9,"TOX-log-TPM",0.18,20,0.411616990925735,0.00823413461809399
"C","lnpois",5,0.1,1,0.9,"TOX-log-TPM",0.19,20,0.417100726722903,0.00853945269035331
"C","lnpois",5,0.1,1,0.9,"TOX-log-TPM",0.2,20,0.421777198613274,0.00863778318175731
"C","lnpois",5,0.1,1,0.9,"TOX-log-TPM",0.21,20,0.424689254478064,0.00878490473400906
"C","lnpois",5,0.1,1,0.9,"TOX-log-TPM",0.22,20,0.427499244114452,0.00883899533950631
"C","lnpois",5,0.1,1,0.9,"TOX-log-TPM",0.23,20,0.431235832610294,0.00902459817372098
"C","lnpois",5,0.1,1,0.9,"TOX-log-TPM",0.24,20,0.435291165971961,0.00907472116073875
"C","lnpois",5,0.1,1,0.9,"TOX-log-TPM",0.25,20,0.438717147378591,0.00911982638976546
"C","lnpois",5,0.1,1,0.9,"TOX-log-TPM",0.26,20,0.44069375496226,0.00915514125200803
"C","lnpois",5,0.1,1,0.9,"TOX-log-TPM",0.27,20,0.444021158687702,0.00891927124638241
"C","lnpois",5,0.1,1,0.9,"TOX-log-TPM",0.28,20,0.446928071346725,0.00920016382564862
"C","lnpois",5,0.1,1,0.9,"TOX-log-TPM",0.29,20,0.449628782057748,0.00937239900099136
"C","lnpois",5,0.1,1,0.9,"TOX-log-TPM",0.3,20,0.452852623033206,0.00924821604496374
"C","lnpois",5,0.1,1,0.9,"TOX-log-TPM-centred",0,20,0.238724791181865,0.0408526500319163
"C","lnpois",5,0.1,1,0.9,"TOX-log-TPM-centred",0.01,20,0.38381975877683,0.00953664786012062
"C","lnpois",5,0.1,1,0.9,"TOX-log-TPM-centred",0.02,20,0.41278259218143,0.00705311094346235
"C","lnpois",5,0.1,1,0.9,"TOX-log-TPM-centred",0.03,20,0.425834398481802,0.00656439166232541
"C","lnpois",5,0.1,1,0.9,"TOX-log-TPM-centred",0.04,20,0.437040305815391,0.00707668096936989
"C","lnpois",5,0.1,1,0.9,"TOX-log-TPM-centred",0.05,20,0.45147374593958,0.00613767839273115
"C","lnpois",5,0.1,1,0.9,"TOX-log-TPM-centred",0.06,20,0.461135109358664,0.00597422369089422
"C","lnpois",5,0.1,1,0.9,"TOX-log-TPM-centred",0.07,20,0.467774298740343,0.00582892476235633
"C","lnpois",5,0.1,1,0.9,"TOX-log-TPM-centred",0.08,20,0.476468396857679,0.0056226554336217
"C","lnpois",5,0.1,1,0.9,"TOX-log-TPM-centred",0.09,20,0.482289806117515,0.00571150297399666
"C","lnpois",5,0.1,1,0.9,"TOX-log-TPM-centred",0.1,20,0.486758749704114,0.006089635948325
"C","lnpois",5,0.1,1,0.9,"TOX-log-TPM-centred",0.11,20,0.492884537481192,0.0061570034539965
"C","lnpois",5,0.1,1,0.9,"TOX-log-TPM-centred",0.12,20,0.497768309613412,0.00622988633820173
"C","lnpois",5,0.1,1,0.9,"TOX-log-TPM-centred",0.13,20,0.50316990539043,0.00673705883422746
"C","lnpois",5,0.1,1,0.9,"TOX-log-TPM-centred",0.14,20,0.510024914466645,0.0067749148535644
"C","lnpois",5,0.1,1,0.9,"TOX-log-TPM-centred",0.15,20,0.51574105855581,0.00678948885179117
"C","lnpois",5,0.1,1,0.9,"TOX-log-TPM-centred",0.16,20,0.520592015667237,0.00647377147712332
"C","lnpois",5,0.1,1,0.9,"TOX-log-TPM-centred",0.17,20,0.524644277639509,0.00652011298604984
"C","lnpois",5,0.1,1,0.9,"TOX-log-TPM-centred",0.18,20,0.529738700336015,0.00633528539810158
"C","lnpois",5,0.1,1,0.9,"TOX-log-TPM-centred",0.19,20,0.534824555739011,0.0064837131425029
"C","lnpois",5,0.1,1,0.9,"TOX-log-TPM-centred",0.2,20,0.539180040196475,0.00644065037716846
"C","lnpois",5,0.1,1,0.9,"TOX-log-TPM-centred",0.21,20,0.542498242052274,0.00647681229547508
"C","lnpois",5,0.1,1,0.9,"TOX-log-TPM-centred",0.22,20,0.545823105860348,0.00670257865160261
"C","lnpois",5,0.1,1,0.9,"TOX-log-TPM-centred",0.23,20,0.550802256338569,0.00676023085349405
"C","lnpois",5,0.1,1,0.9,"TOX-log-TPM-centred",0.24,20,0.554747166692331,0.00635355799021232
"C","lnpois",5,0.1,1,0.9,"TOX-log-TPM-centred",0.25,20,0.559312979063136,0.00621985776424685
"C","lnpois",5,0.1,1,0.9,"TOX-log-TPM-centred",0.26,20,0.56325188375262,0.00636837463790944
"C","lnpois",5,0.1,1,0.9,"TOX-log-TPM-centred",0.27,20,0.566262692883724,0.00632301470941504
"C","lnpois",5,0.1,1,0.9,"TOX-log-TPM-centred",0.28,20,0.570718981781603,0.00592606418141594
"C","lnpois",5,0.1,1,0.9,"TOX-log-TPM-centred",0.29,20,0.575077514042328,0.00546240945185916
"C","lnpois",5,0.1,1,0.9,"TOX-log-TPM-centred",0.3,20,0.578511467955052,0.00581832101106766
"C","lnpois",5,0.1,1,1,"DESeq2",0,20,0.311972797556028,0.00979256596858971
"C","lnpois",5,0.1,1,1,"DESeq2",0.01,20,0.339509905764037,0.00708260994888264
"C","lnpois",5,0.1,1,1,"DESeq2",0.02,20,0.363178074895696,0.00605149299473795
"C","lnpois",5,0.1,1,1,"DESeq2",0.03,20,0.383088786463793,0.00716830556549274
"C","lnpois",5,0.1,1,1,"DESeq2",0.04,20,0.396865229124075,0.00791628856465211
"C","lnpois",5,0.1,1,1,"DESeq2",0.05,20,0.40643442965083,0.00761031463020315
"C","lnpois",5,0.1,1,1,"DESeq2",0.06,20,0.414726374106764,0.00691385364889776
"C","lnpois",5,0.1,1,1,"DESeq2",0.07,20,0.420883404772148,0.00662246894717404
"C","lnpois",5,0.1,1,1,"DESeq2",0.08,20,0.425881574022598,0.00636700160416931
"C","lnpois",5,0.1,1,1,"DESeq2",0.09,20,0.432292056352645,0.00623466163101044
"C","lnpois",5,0.1,1,1,"DESeq2",0.1,20,0.439040743007854,0.00659097269188534
"C","lnpois",5,0.1,1,1,"DESeq2",0.11,20,0.444134227359459,0.00612498839630861
"C","lnpois",5,0.1,1,1,"DESeq2",0.12,20,0.450369676476783,0.00639620162709647
"C","lnpois",5,0.1,1,1,"DESeq2",0.13,20,0.455852301066659,0.00568657710985888
"C","lnpois",5,0.1,1,1,"DESeq2",0.14,20,0.459486959381738,0.00515142953742065
"C","lnpois",5,0.1,1,1,"DESeq2",0.15,20,0.464481790407802,0.00529786625632007
"C","lnpois",5,0.1,1,1,"DESeq2",0.16,20,0.46956725351152,0.00494731316619499
"C","lnpois",5,0.1,1,1,"DESeq2",0.17,20,0.471740038631991,0.00486622278737504
"C","lnpois",5,0.1,1,1,"DESeq2",0.18,20,0.477761567562618,0.00518570939376638
"C","lnpois",5,0.1,1,1,"DESeq2",0.19,20,0.483791438652057,0.00490393713209699
"C","lnpois",5,0.1,1,1,"DESeq2",0.2,20,0.488446051615296,0.0047960405239777
"C","lnpois",5,0.1,1,1,"DESeq2",0.21,20,0.491461027989472,0.00498750934791102
"C","lnpois",5,0.1,1,1,"DESeq2",0.22,20,0.49519884058859,0.00486740045504135
"C","lnpois",5,0.1,1,1,"DESeq2",0.23,20,0.498844446994771,0.00453198753412337
"C","lnpois",5,0.1,1,1,"DESeq2",0.24,20,0.501654488597257,0.00457738333220535
"C","lnpois",5,0.1,1,1,"DESeq2",0.25,20,0.506929828686157,0.00472059160539791
"C","lnpois",5,0.1,1,1,"DESeq2",0.26,20,0.510353619903739,0.00473869342864502
"C","lnpois",5,0.1,1,1,"DESeq2",0.27,20,0.513153344128196,0.00451049790750569
"C","lnpois",5,0.1,1,1,"DESeq2",0.28,20,0.517398687791126,0.00436532980003671
"C","lnpois",5,0.1,1,1,"DESeq2",0.29,20,0.521537256295726,0.00413960465248307
"C","lnpois",5,0.1,1,1,"DESeq2",0.3,20,0.525993991107207,0.0039888816034705
"C","lnpois",5,0.1,1,1,"edgeR",0,20,0.347097651683707,0.00866647927677153
"C","lnpois",5,0.1,1,1,"edgeR",0.01,20,0.371442785703524,0.00911669533587269
"C","lnpois",5,0.1,1,1,"edgeR",0.02,20,0.393784144299249,0.00778831388121227
"C","lnpois",5,0.1,1,1,"edgeR",0.03,20,0.408917832073069,0.00724737838886011
"C","lnpois",5,0.1,1,1,"edgeR",0.04,20,0.420455580815345,0.00719951962641724
"C","lnpois",5,0.1,1,1,"edgeR",0.05,20,0.427525702970247,0.00701079410005245
"C","lnpois",5,0.1,1,1,"edgeR",0.06,20,0.435908854592631,0.00702627540103099
"C","lnpois",5,0.1,1,1,"edgeR",0.07,20,0.440266517414895,0.00728757208743605
"C","lnpois",5,0.1,1,1,"edgeR",0.08,20,0.446725797909935,0.00699117215471942
"C","lnpois",5,0.1,1,1,"edgeR",0.09,20,0.455255144105925,0.00621099115768275
"C","lnpois",5,0.1,1,1,"edgeR",0.1,20,0.460533158900253,0.00571756686649594
"C","lnpois",5,0.1,1,1,"edgeR",0.11,20,0.464894564800561,0.0054492841231676
"C","lnpois",5,0.1,1,1,"edgeR",0.12,20,0.468938301883179,0.00535800639447567
"C","lnpois",5,0.1,1,1,"edgeR",0.13,20,0.47267041846677,0.00522693356398066
"C","lnpois",5,0.1,1,1,"edgeR",0.14,20,0.475998819496907,0.0055635039605852
"C","lnpois",5,0.1,1,1,"edgeR",0.15,20,0.481808047243977,0.00534356456043721
"C","lnpois",5,0.1,1,1,"edgeR",0.16,20,0.486267933561845,0.0052919632692836
"C","lnpois",5,0.1,1,1,"edgeR",0.17,20,0.492074999230113,0.00511770658673101
"C","lnpois",5,0.1,1,1,"edgeR",0.18,20,0.496113857050099,0.00523198306065209
"C","lnpois",5,0.1,1,1,"edgeR",0.19,20,0.500381029760559,0.00487786642796994
"C","lnpois",5,0.1,1,1,"edgeR",0.2,20,0.504843652034568,0.0047979373329648
"C","lnpois",5,0.1,1,1,"edgeR",0.21,20,0.507442874736039,0.00458538672822672
"C","lnpois",5,0.1,1,1,"edgeR",0.22,20,0.510240503148984,0.00473505648027413
"C","lnpois",5,0.1,1,1,"edgeR",0.23,20,0.513975657468304,0.00465917246544441
"C","lnpois",5,0.1,1,1,"edgeR",0.24,20,0.51895570510613,0.00463833359925371
"C","lnpois",5,0.1,1,1,"edgeR",0.25,20,0.523420499124785,0.0046739441580723
"C","lnpois",5,0.1,1,1,"edgeR",0.26,20,0.526329287520377,0.00464338451294472
"C","lnpois",5,0.1,1,1,"edgeR",0.27,20,0.529746191086398,0.00474221101410589
"C","lnpois",5,0.1,1,1,"edgeR",0.28,20,0.533473731017541,0.00503904329348174
"C","lnpois",5,0.1,1,1,"edgeR",0.29,20,0.536483512818622,0.00487160365730515
"C","lnpois",5,0.1,1,1,"edgeR",0.3,20,0.540620136863056,0.00477236384627631
"C","lnpois",5,0.1,1,1,"limma",0,20,0.356173184177403,0.00819862638248545
"C","lnpois",5,0.1,1,1,"limma",0.01,20,0.375888673131049,0.0084445651143187
"C","lnpois",5,0.1,1,1,"limma",0.02,20,0.404492170924992,0.00708809873369228
"C","lnpois",5,0.1,1,1,"limma",0.03,20,0.417345450030849,0.00604775988381461
"C","lnpois",5,0.1,1,1,"limma",0.04,20,0.429184840519673,0.00622060299558126
"C","lnpois",5,0.1,1,1,"limma",0.05,20,0.441203676408798,0.00656375653924532
"C","lnpois",5,0.1,1,1,"limma",0.06,20,0.448260355705943,0.0064598486935411
"C","lnpois",5,0.1,1,1,"limma",0.07,20,0.455435223184785,0.00605349226944215
"C","lnpois",5,0.1,1,1,"limma",0.08,20,0.460485710338014,0.00596879133068861
"C","lnpois",5,0.1,1,1,"limma",0.09,20,0.466115558645321,0.00543809437254483
"C","lnpois",5,0.1,1,1,"limma",0.1,20,0.471396956871684,0.00579665403394209
"C","lnpois",5,0.1,1,1,"limma",0.11,20,0.474918160754349,0.0059909884750129
"C","lnpois",5,0.1,1,1,"limma",0.12,20,0.478129488439146,0.00597884475817917
"C","lnpois",5,0.1,1,1,"limma",0.13,20,0.481861967526874,0.00593194614469614
"C","lnpois",5,0.1,1,1,"limma",0.14,20,0.487984127080462,0.00599314898439051
"C","lnpois",5,0.1,1,1,"limma",0.15,20,0.491196019219501,0.00597135833822722
"C","lnpois",5,0.1,1,1,"limma",0.16,20,0.495870520496847,0.00603910104716647
"C","lnpois",5,0.1,1,1,"limma",0.17,20,0.50034745455629,0.00578304946238941
"C","lnpois",5,0.1,1,1,"limma",0.18,20,0.505565787446088,0.00528839927053158
"C","lnpois",5,0.1,1,1,"limma",0.19,20,0.510129247596017,0.00507145243959771
"C","lnpois",5,0.1,1,1,"limma",0.2,20,0.514908414704762,0.00500901285515602
"C","lnpois",5,0.1,1,1,"limma",0.21,20,0.519367107859833,0.00490817716242624
"C","lnpois",5,0.1,1,1,"limma",0.22,20,0.522685757653199,0.00475903398072328
"C","lnpois",5,0.1,1,1,"limma",0.23,20,0.526937870009041,0.00472144383024378
"C","lnpois",5,0.1,1,1,"limma",0.24,20,0.530665589829856,0.00473446944104731
"C","lnpois",5,0.1,1,1,"limma",0.25,20,0.533982994901312,0.00459192574886243
"C","lnpois",5,0.1,1,1,"limma",0.26,20,0.537829867392691,0.00492005233635458
"C","lnpois",5,0.1,1,1,"limma",0.27,20,0.541453326300996,0.00482354687561167
"C","lnpois",5,0.1,1,1,"limma",0.28,20,0.545499157983543,0.00510429785184065
"C","lnpois",5,0.1,1,1,"limma",0.29,20,0.548709511435956,0.00517911401704637
"C","lnpois",5,0.1,1,1,"limma",0.3,20,0.552547488009797,0.00515973792448843
"C","lnpois",5,0.1,1,1,"TOX-log-TMM",0,20,0.248068351452633,0.0377582939994357
"C","lnpois",5,0.1,1,1,"TOX-log-TMM",0.01,20,0.301195736463055,0.0351522382311546
"C","lnpois",5,0.1,1,1,"TOX-log-TMM",0.02,20,0.394083979404787,0.00876703276104175
"C","lnpois",5,0.1,1,1,"TOX-log-TMM",0.03,20,0.412083400400324,0.00728212987877877
"C","lnpois",5,0.1,1,1,"TOX-log-TMM",0.04,20,0.422432284736971,0.00734271280683652
"C","lnpois",5,0.1,1,1,"TOX-log-TMM",0.05,20,0.435509648926506,0.00689129818649754
"C","lnpois",5,0.1,1,1,"TOX-log-TMM",0.06,20,0.442248275289905,0.00663938852291554
"C","lnpois",5,0.1,1,1,"TOX-log-TMM",0.07,20,0.449208544266405,0.00629174728146282
"C","lnpois",5,0.1,1,1,"TOX-log-TMM",0.08,20,0.456277418233012,0.00619071130488372
"C","lnpois",5,0.1,1,1,"TOX-log-TMM",0.09,20,0.463628423581926,0.00607494330852103
"C","lnpois",5,0.1,1,1,"TOX-log-TMM",0.1,20,0.468619747242714,0.00613677253222298
"C","lnpois",5,0.1,1,1,"TOX-log-TMM",0.11,20,0.473070760037219,0.00605915635093585
"C","lnpois",5,0.1,1,1,"TOX-log-TMM",0.12,20,0.477532528047995,0.00651200134260883
"C","lnpois",5,0.1,1,1,"TOX-log-TMM",0.13,20,0.482103125353741,0.00657449393717573
"C","lnpois",5,0.1,1,1,"TOX-log-TMM",0.14,20,0.486361297265926,0.00619583122988521
"C","lnpois",5,0.1,1,1,"TOX-log-TMM",0.15,20,0.490708760991962,0.00601529140721184
"C","lnpois",5,0.1,1,1,"TOX-log-TMM",0.16,20,0.494126154409393,0.00600995721296498
"C","lnpois",5,0.1,1,1,"TOX-log-TMM",0.17,20,0.497759625535925,0.00576691520906148
"C","lnpois",5,0.1,1,1,"TOX-log-TMM",0.18,20,0.502218464613428,0.00575271761007101
"C","lnpois",5,0.1,1,1,"TOX-log-TMM",0.19,20,0.507101009669047,0.0056440174844764
"C","lnpois",5,0.1,1,1,"TOX-log-TMM",0.2,20,0.511058873866853,0.00568133269914453
"C","lnpois",5,0.1,1,1,"TOX-log-TMM",0.21,20,0.516885942638884,0.00538300793337796
"C","lnpois",5,0.1,1,1,"TOX-log-TMM",0.22,20,0.521140125057283,0.00509056039586799
"C","lnpois",5,0.1,1,1,"TOX-log-TMM",0.23,20,0.525181430548962,0.00469680438521409
"C","lnpois",5,0.1,1,1,"TOX-log-TMM",0.24,20,0.528604034044246,0.00485575369200066
"C","lnpois",5,0.1,1,1,"TOX-log-TMM",0.25,20,0.533052900437949,0.00450844418006903
"C","lnpois",5,0.1,1,1,"TOX-log-TMM",0.26,20,0.535023946211444,0.00443147942167009
"C","lnpois",5,0.1,1,1,"TOX-log-TMM",0.27,20,0.539167823936983,0.00440697461679661
"C","lnpois",5,0.1,1,1,"TOX-log-TMM",0.28,20,0.541558362303346,0.00455439761467612
"C","lnpois",5,0.1,1,1,"TOX-log-TMM",0.29,20,0.544452127782944,0.00444857006246809
"C","lnpois",5,0.1,1,1,"TOX-log-TMM",0.3,20,0.548078661980141,0.00426455372093761
"C","lnpois",5,0.1,1,1,"TOX-log-TPM",0,20,0.0451113340513916,0.0247743518127632
"C","lnpois",5,0.1,1,1,"TOX-log-TPM",0.01,20,0.0778413308374391,0.031145230122913
"C","lnpois",5,0.1,1,1,"TOX-log-TPM",0.02,20,0.112979496976828,0.0359050001136486
"C","lnpois",5,0.1,1,1,"TOX-log-TPM",0.03,20,0.253820644064865,0.0304992561408455
"C","lnpois",5,0.1,1,1,"TOX-log-TPM",0.04,20,0.274383638232691,0.0281742614003717
"C","lnpois",5,0.1,1,1,"TOX-log-TPM",0.05,20,0.297943686314901,0.0252383260677433
"C","lnpois",5,0.1,1,1,"TOX-log-TPM",0.06,20,0.302510934121379,0.0255501276261555
"C","lnpois",5,0.1,1,1,"TOX-log-TPM",0.07,20,0.308622148949863,0.0260965810398294
"C","lnpois",5,0.1,1,1,"TOX-log-TPM",0.08,20,0.33952997482218,0.0129971414826883
"C","lnpois",5,0.1,1,1,"TOX-log-TPM",0.09,20,0.346458450900782,0.0125394161101864
"C","lnpois",5,0.1,1,1,"TOX-log-TPM",0.1,20,0.350603900852732,0.0123156249892152
"C","lnpois",5,0.1,1,1,"TOX-log-TPM",0.11,20,0.353609028771307,0.0120706501610802
"C","lnpois",5,0.1,1,1,"TOX-log-TPM",0.12,20,0.357865073312894,0.0120935494224046
"C","lnpois",5,0.1,1,1,"TOX-log-TPM",0.13,20,0.362104416712481,0.0120585720667652
"C","lnpois",5,0.1,1,1,"TOX-log-TPM",0.14,20,0.364183837854378,0.0120592106908591
"C","lnpois",5,0.1,1,1,"TOX-log-TPM",0.15,20,0.369468117892955,0.011778712903396
"C","lnpois",5,0.1,1,1,"TOX-log-TPM",0.16,20,0.374860044518238,0.0118862811071774
"C","lnpois",5,0.1,1,1,"TOX-log-TPM",0.17,20,0.378796418540836,0.0122079099021745
"C","lnpois",5,0.1,1,1,"TOX-log-TPM",0.18,20,0.382742284066952,0.0125698236252304
"C","lnpois",5,0.1,1,1,"TOX-log-TPM",0.19,20,0.386512584728049,0.0123534800082293
"C","lnpois",5,0.1,1,1,"TOX-log-TPM",0.2,20,0.389527544596894,0.0125639505744427
"C","lnpois",5,0.1,1,1,"TOX-log-TPM",0.21,20,0.392431629501331,0.0123764084214093
"C","lnpois",5,0.1,1,1,"TOX-log-TPM",0.22,20,0.394720166683026,0.012292112750016
"C","lnpois",5,0.1,1,1,"TOX-log-TPM",0.23,20,0.39690709305407,0.0123037128958424
"C","lnpois",5,0.1,1,1,"TOX-log-TPM",0.24,20,0.398980222064108,0.0123000652083068
"C","lnpois",5,0.1,1,1,"TOX-log-TPM",0.25,20,0.401262124954519,0.0121598421689432
"C","lnpois",5,0.1,1,1,"TOX-log-TPM",0.26,20,0.403452253896369,0.0120983191247186
"C","lnpois",5,0.1,1,1,"TOX-log-TPM",0.27,20,0.405526701964733,0.0122509536602009
"C","lnpois",5,0.1,1,1,"TOX-log-TPM",0.28,20,0.408327491940578,0.0124473769590144
"C","lnpois",5,0.1,1,1,"TOX-log-TPM",0.29,20,0.411129035483478,0.0125839297262821
"C","lnpois",5,0.1,1,1,"TOX-log-TPM",0.3,20,0.413311904852715,0.0124761904294738
"C","lnpois",5,0.1,1,1,"TOX-log-TPM-centred",0,20,0.242544675360915,0.0412440590451353
"C","lnpois",5,0.1,1,1,"TOX-log-TPM-centred",0.01,20,0.381263447011504,0.0082075384526439
"C","lnpois",5,0.1,1,1,"TOX-log-TPM-centred",0.02,20,0.407214573231294,0.00726021311136002
"C","lnpois",5,0.1,1,1,"TOX-log-TPM-centred",0.03,20,0.425564200123493,0.00671026692661961
"C","lnpois",5,0.1,1,1,"TOX-log-TPM-centred",0.04,20,0.439488375160449,0.00695803133822688
"C","lnpois",5,0.1,1,1,"TOX-log-TPM-centred",0.05,20,0.450781352345125,0.00635805341877268
"C","lnpois",5,0.1,1,1,"TOX-log-TPM-centred",0.06,20,0.46002570878858,0.00655797060711349
"C","lnpois",5,0.1,1,1,"TOX-log-TPM-centred",0.07,20,0.468506908210619,0.0060470845036451
"C","lnpois",5,0.1,1,1,"TOX-log-TPM-centred",0.08,20,0.474519781934272,0.00593954078414289
"C","lnpois",5,0.1,1,1,"TOX-log-TPM-centred",0.09,20,0.481358193226842,0.00627458040690771
"C","lnpois",5,0.1,1,1,"TOX-log-TPM-centred",0.1,20,0.48644343894335,0.00656366559964755
"C","lnpois",5,0.1,1,1,"TOX-log-TPM-centred",0.11,20,0.491339910991929,0.00617509536522554
"C","lnpois",5,0.1,1,1,"TOX-log-TPM-centred",0.12,20,0.496113655842321,0.00592165569963063
"C","lnpois",5,0.1,1,1,"TOX-log-TPM-centred",0.13,20,0.501280125669322,0.00582651972776216
"C","lnpois",5,0.1,1,1,"TOX-log-TPM-centred",0.14,20,0.506669904715244,0.00539574338536325
"C","lnpois",5,0.1,1,1,"TOX-log-TPM-centred",0.15,20,0.510916530231674,0.00509440085346893
"C","lnpois",5,0.1,1,1,"TOX-log-TPM-centred",0.16,20,0.516528711003115,0.00487425920059971
"C","lnpois",5,0.1,1,1,"TOX-log-TPM-centred",0.17,20,0.521822740265944,0.00504540579460444
"C","lnpois",5,0.1,1,1,"TOX-log-TPM-centred",0.18,20,0.525779418287071,0.00464663531097123
"C","lnpois",5,0.1,1,1,"TOX-log-TPM-centred",0.19,20,0.528993533797948,0.00474735137887968
"C","lnpois",5,0.1,1,1,"TOX-log-TPM-centred",0.2,20,0.535112809860134,0.00469033647761075
"C","lnpois",5,0.1,1,1,"TOX-log-TPM-centred",0.21,20,0.539354546211146,0.0047349446964327
"C","lnpois",5,0.1,1,1,"TOX-log-TPM-centred",0.22,20,0.543703520448558,0.0044116183288725
"C","lnpois",5,0.1,1,1,"TOX-log-TPM-centred",0.23,20,0.54734168280017,0.00436630825066452
"C","lnpois",5,0.1,1,1,"TOX-log-TPM-centred",0.24,20,0.551609026642551,0.00435357230040375
"C","lnpois",5,0.1,1,1,"TOX-log-TPM-centred",0.25,20,0.554918915790493,0.00455380739778386
"C","lnpois",5,0.1,1,1,"TOX-log-TPM-centred",0.26,20,0.558538968807263,0.00493141790630526
"C","lnpois",5,0.1,1,1,"TOX-log-TPM-centred",0.27,20,0.563222037808678,0.00507717303484123
"C","lnpois",5,0.1,1,1,"TOX-log-TPM-centred",0.28,20,0.566017079104121,0.00510160710314391
"C","lnpois",5,0.1,1,1,"TOX-log-TPM-centred",0.29,20,0.570268534929234,0.00510481449276253
"C","lnpois",5,0.1,1,1,"TOX-log-TPM-centred",0.3,20,0.574004733560228,0.00518182823762695
"P","bimodal",3,0.1,1,0.5,"DESeq2",0,20,0.00474629931101183,0.00325287186710119
"P","bimodal",3,0.1,1,0.5,"DESeq2",0.01,20,0.00474629931101183,0.00325287186710119
"P","bimodal",3,0.1,1,0.5,"DESeq2",0.02,20,0.0531669572497355,0.0333319070486426
"P","bimodal",3,0.1,1,0.5,"DESeq2",0.03,20,0.258215658956944,0.0589429664548641
"P","bimodal",3,0.1,1,0.5,"DESeq2",0.04,20,0.477439566275599,0.0409088868397509
"P","bimodal",3,0.1,1,0.5,"DESeq2",0.05,20,0.519951321318079,0.031826904172981
"P","bimodal",3,0.1,1,0.5,"DESeq2",0.06,20,0.55728566254744,0.0163707777934655
"P","bimodal",3,0.1,1,0.5,"DESeq2",0.07,20,0.57102511783254,0.0161078117536032
"P","bimodal",3,0.1,1,0.5,"DESeq2",0.08,20,0.581489247948664,0.0153522568114704
"P","bimodal",3,0.1,1,0.5,"DESeq2",0.09,20,0.598534232898056,0.0149762018938987
"P","bimodal",3,0.1,1,0.5,"DESeq2",0.1,20,0.618035514152693,0.0162068390221135
"P","bimodal",3,0.1,1,0.5,"DESeq2",0.11,20,0.636040308925483,0.0166055548298541
"P","bimodal",3,0.1,1,0.5,"DESeq2",0.12,20,0.645937371391599,0.0161863596981241
"P","bimodal",3,0.1,1,0.5,"DESeq2",0.13,20,0.659979532848857,0.0159700545746246
"P","bimodal",3,0.1,1,0.5,"DESeq2",0.14,20,0.670476184115626,0.0153644418660436
"P","bimodal",3,0.1,1,0.5,"DESeq2",0.15,20,0.681199326639242,0.0149735795588419
"P","bimodal",3,0.1,1,0.5,"DESeq2",0.16,20,0.688329927374717,0.0148609753007008
"P","bimodal",3,0.1,1,0.5,"DESeq2",0.17,20,0.696638220855293,0.014329907460015
"P","bimodal",3,0.1,1,0.5,"DESeq2",0.18,20,0.700888147843401,0.0141575227956468
"P","bimodal",3,0.1,1,0.5,"DESeq2",0.19,20,0.706948776084511,0.0142227396232856
"P","bimodal",3,0.1,1,0.5,"DESeq2",0.2,20,0.709609059397589,0.014188663512354
"P","bimodal",3,0.1,1,0.5,"DESeq2",0.21,20,0.713017757541064,0.0143769038607705
"P","bimodal",3,0.1,1,0.5,"DESeq2",0.22,20,0.715985213319731,0.0140281590134009
"P","bimodal",3,0.1,1,0.5,"DESeq2",0.23,20,0.718530575384008,0.0139510892799767
"P","bimodal",3,0.1,1,0.5,"DESeq2",0.24,20,0.721287136677919,0.0138019312605807
"P","bimodal",3,0.1,1,0.5,"DESeq2",0.25,20,0.723093824960362,0.0137330083681054
"P","bimodal",3,0.1,1,0.5,"DESeq2",0.26,20,0.725636628139664,0.0134347128806972
"P","bimodal",3,0.1,1,0.5,"DESeq2",0.27,20,0.728297379637518,0.0134594428275154
"P","bimodal",3,0.1,1,0.5,"DESeq2",0.28,20,0.731057965648236,0.0132844984833941
"P","bimodal",3,0.1,1,0.5,"DESeq2",0.29,20,0.73360735823717,0.0132064904912601
"P","bimodal",3,0.1,1,0.5,"DESeq2",0.3,20,0.735946178993509,0.0131403242920818
"P","bimodal",3,0.1,1,0.5,"edgeR",0,20,0.0501799712400285,0.00815576319092312
"P","bimodal",3,0.1,1,0.5,"edgeR",0.01,20,0.0628104514070431,0.0196705678565669
"P","bimodal",3,0.1,1,0.5,"edgeR",0.02,20,0.174289142750611,0.0419544971087204
"P","bimodal",3,0.1,1,0.5,"edgeR",0.03,20,0.334998079895258,0.0399245597284435
"P","bimodal",3,0.1,1,0.5,"edgeR",0.04,20,0.480457249341825,0.0119176583353309
"P","bimodal",3,0.1,1,0.5,"edgeR",0.05,20,0.512846010821231,0.0124944562706
"P","bimodal",3,0.1,1,0.5,"edgeR",0.06,20,0.528263799468998,0.0126707381938159
"P","bimodal",3,0.1,1,0.5,"edgeR",0.07,20,0.550020849097029,0.0141924238674437
"P","bimodal",3,0.1,1,0.5,"edgeR",0.08,20,0.566642587689823,0.0140470213999511
"P","bimodal",3,0.1,1,0.5,"edgeR",0.09,20,0.582940620897287,0.0130930533353701
"P","bimodal",3,0.1,1,0.5,"edgeR",0.1,20,0.598077657039334,0.0133334105838883
"P","bimodal",3,0.1,1,0.5,"edgeR",0.11,20,0.608655060678646,0.013797485731784
"P","bimodal",3,0.1,1,0.5,"edgeR",0.12,20,0.619637835426539,0.013841916676994
"P","bimodal",3,0.1,1,0.5,"edgeR",0.13,20,0.627075519299985,0.0135863726186545
"P","bimodal",3,0.1,1,0.5,"edgeR",0.14,20,0.63568220328749,0.0132892717255004
"P","bimodal",3,0.1,1,0.5,"edgeR",0.15,20,0.643019434890907,0.0129455691968609
"P","bimodal",3,0.1,1,0.5,"edgeR",0.16,20,0.650485573801013,0.0132040548970993
"P","bimodal",3,0.1,1,0.5,"edgeR",0.17,20,0.657936270792918,0.0134484515089127
"P","bimodal",3,0.1,1,0.5,"edgeR",0.18,20,0.665386586629792,0.0127053870759138
"P","bimodal",3,0.1,1,0.5,"edgeR",0.19,20,0.671645385405425,0.0122160573077057
"P","bimodal",3,0.1,1,0.5,"edgeR",0.2,20,0.680907965841385,0.0117198680248113
"P","bimodal",3,0.1,1,0.5,"edgeR",0.21,20,0.686772906696425,0.0117490027266791
"P","bimodal",3,0.1,1,0.5,"edgeR",0.22,20,0.693053888766738,0.0118317812259077
"P","bimodal",3,0.1,1,0.5,"edgeR",0.23,20,0.697831692127925,0.0115372973667263
"P","bimodal",3,0.1,1,0.5,"edgeR",0.24,20,0.703755926283922,0.010901633005125
"P","bimodal",3,0.1,1,0.5,"edgeR",0.25,20,0.707482716471778,0.0107194087464181
"P","bimodal",3,0.1,1,0.5,"edgeR",0.26,20,0.711536223578135,0.0107053610320945
"P","bimodal",3,0.1,1,0.5,"edgeR",0.27,20,0.717071974440398,0.0102516557879569
"P","bimodal",3,0.1,1,0.5,"edgeR",0.28,20,0.722792883919973,0.0101451430483418
"P","bimodal",3,0.1,1,0.5,"edgeR",0.29,20,0.726305814482249,0.00995509412044787
"P","bimodal",3,0.1,1,0.5,"edgeR",0.3,20,0.730863771965293,0.00949802291043523
"P","bimodal",3,0.1,1,0.5,"limma",0,20,0.150981895102613,0.00729618634939051
"P","bimodal",3,0.1,1,0.5,"limma",0.01,20,0.157281745217703,0.0115397327591396
"P","bimodal",3,0.1,1,0.5,"limma",0.02,20,0.225030237911892,0.0269669194022815
"P","bimodal",3,0.1,1,0.5,"limma",0.03,20,0.299408717615279,0.0317266854687654
"P","bimodal",3,0.1,1,0.5,"limma",0.04,20,0.399824993926782,0.0241029721131613
"P","bimodal",3,0.1,1,0.5,"limma",0.05,20,0.452766899625238,0.00661748600685867
"P","bimodal",3,0.1,1,0.5,"limma",0.06,20,0.465973346310518,0.0056495745208407
"P","bimodal",3,0.1,1,0.5,"limma",0.07,20,0.46640578026244,0.00559626196588024
"P","bimodal",3,0.1,1,0.5,"limma",0.08,20,0.466728376822111,0.00563939122170362
"P","bimodal",3,0.1,1,0.5,"limma",0.09,20,0.466939797092532,0.00564047074398315
"P","bimodal",3,0.1,1,0.5,"limma",0.1,20,0.467151892132702,0.00566407877444418
"P","bimodal",3,0.1,1,0.5,"limma",0.11,20,0.467363534477296,0.00572692908090703
"P","bimodal",3,0.1,1,0.5,"limma",0.12,20,0.467578831953982,0.00575178274888344
"P","bimodal",3,0.1,1,0.5,"limma",0.13,20,0.467684095111877,0.0057362999899965
"P","bimodal",3,0.1,1,0.5,"limma",0.14,20,0.467790704919979,0.00571986489547328
"P","bimodal",3,0.1,1,0.5,"limma",0.15,20,0.468216939428888,0.00575929709152348
"P","bimodal",3,0.1,1,0.5,"limma",0.16,20,0.468426586720394,0.00572558294643735
"P","bimodal",3,0.1,1,0.5,"limma",0.17,20,0.468426586720394,0.00572558294643735
"P","bimodal",3,0.1,1,0.5,"limma",0.18,20,0.468744690196112,0.00571919293557183
"P","bimodal",3,0.1,1,0.5,"limma",0.19,20,0.468955216511902,0.00569997543580185
"P","bimodal",3,0.1,1,0.5,"limma",0.2,20,0.46970220347664,0.00583456096446194
"P","bimodal",3,0.1,1,0.5,"limma",0.21,20,0.470232411950336,0.00594306250806735
"P","bimodal",3,0.1,1,0.5,"limma",0.22,20,0.470869418449765,0.00603537080174925
"P","bimodal",3,0.1,1,0.5,"limma",0.23,20,0.471402958864783,0.00614006122478169
"P","bimodal",3,0.1,1,0.5,"limma",0.24,20,0.472039293582129,0.00607358250581953
"P","bimodal",3,0.1,1,0.5,"limma",0.25,20,0.472672052329946,0.00602213651746842
"P","bimodal",3,0.1,1,0.5,"limma",0.26,20,0.473411917597258,0.00610328394157917
"P","bimodal",3,0.1,1,0.5,"limma",0.27,20,0.474262357556861,0.00610047654168792
"P","bimodal",3,0.1,1,0.5,"limma",0.28,20,0.475534694076134,0.00620495225008091
"P","bimodal",3,0.1,1,0.5,"limma",0.29,20,0.476912825977523,0.00640868554320599
"P","bimodal",3,0.1,1,0.5,"limma",0.3,20,0.478405336671577,0.00628364507168212
"P","bimodal",3,0.1,1,0.5,"TOX-log",0,20,0.00191937180526995,0.000875714436174166
"P","bimodal",3,0.1,1,0.5,"TOX-log",0.01,20,0.00191937180526995,0.000875714436174166
"P","bimodal",3,0.1,1,0.5,"TOX-log",0.02,20,0.00191937180526995,0.000875714436174166
"P","bimodal",3,0.1,1,0.5,"TOX-log",0.03,20,0.00191937180526995,0.000875714436174166
"P","bimodal",3,0.1,1,0.5,"TOX-log",0.04,20,0.00191937180526995,0.000875714436174166
"P","bimodal",3,0.1,1,0.5,"TOX-log",0.05,20,0.00191937180526995,0.000875714436174166
"P","bimodal",3,0.1,1,0.5,"TOX-log",0.06,20,0.00191937180526995,0.000875714436174166
"P","bimodal",3,0.1,1,0.5,"TOX-log",0.07,20,0.00191937180526995,0.000875714436174166
"P","bimodal",3,0.1,1,0.5,"TOX-log",0.08,20,0.00191937180526995,0.000875714436174166
"P","bimodal",3,0.1,1,0.5,"TOX-log",0.09,20,0.00191937180526995,0.000875714436174166
"P","bimodal",3,0.1,1,0.5,"TOX-log",0.1,20,0.0024570062138721,0.00124732964729481
"P","bimodal",3,0.1,1,0.5,"TOX-log",0.11,20,0.0024570062138721,0.00124732964729481
"P","bimodal",3,0.1,1,0.5,"TOX-log",0.12,20,0.0024570062138721,0.00124732964729481
"P","bimodal",3,0.1,1,0.5,"TOX-log",0.13,20,0.00256361602197444,0.00129737823616899
"P","bimodal",3,0.1,1,0.5,"TOX-log",0.14,20,0.00256361602197444,0.00129737823616899
"P","bimodal",3,0.1,1,0.5,"TOX-log",0.15,20,0.00256361602197444,0.00129737823616899
"P","bimodal",3,0.1,1,0.5,"TOX-log",0.16,20,0.00267114290369487,0.00138171881679528
"P","bimodal",3,0.1,1,0.5,"TOX-log",0.17,20,0.00342441271707067,0.0014712087308148
"P","bimodal",3,0.1,1,0.5,"TOX-log",0.18,20,0.00490120596601582,0.00233512956607907
"P","bimodal",3,0.1,1,0.5,"TOX-log",0.19,20,0.0101291674449033,0.00436217005228637
"P","bimodal",3,0.1,1,0.5,"TOX-log",0.2,20,0.0110872503916796,0.00454800872763463
"P","bimodal",3,0.1,1,0.5,"TOX-log",0.21,20,0.0110872503916796,0.00454800872763463
"P","bimodal",3,0.1,1,0.5,"TOX-log",0.22,20,0.0133453149078086,0.00559700939843336
"P","bimodal",3,0.1,1,0.5,"TOX-log",0.23,20,0.0151775854908996,0.00610951559420818
"P","bimodal",3,0.1,1,0.5,"TOX-log",0.24,20,0.0158283447099885,0.00622818422950417
"P","bimodal",3,0.1,1,0.5,"TOX-log",0.25,20,0.020288583668892,0.00651377783706782
"P","bimodal",3,0.1,1,0.5,"TOX-log",0.26,20,0.0234908253051377,0.00685015329623114
"P","bimodal",3,0.1,1,0.5,"TOX-log",0.27,20,0.0252049699164471,0.00773011396881615
"P","bimodal",3,0.1,1,0.5,"TOX-log",0.28,20,0.0280859696462693,0.00783461839243033
"P","bimodal",3,0.1,1,0.5,"TOX-log",0.29,20,0.0298160103802741,0.0079516040772381
"P","bimodal",3,0.1,1,0.5,"TOX-log",0.3,20,0.034721704112311,0.00785631680967052
"P","bimodal",3,0.1,1,0.5,"TOX-log-blocked",0,20,0.000635059685623181,0.000344036189527642
"P","bimodal",3,0.1,1,0.5,"TOX-log-blocked",0.01,20,0.000635059685623181,0.000344036189527642
"P","bimodal",3,0.1,1,0.5,"TOX-log-blocked",0.02,20,0.000635059685623181,0.000344036189527642
"P","bimodal",3,0.1,1,0.5,"TOX-log-blocked",0.03,20,0.000635059685623181,0.000344036189527642
"P","bimodal",3,0.1,1,0.5,"TOX-log-blocked",0.04,20,0.000635059685623181,0.000344036189527642
"P","bimodal",3,0.1,1,0.5,"TOX-log-blocked",0.05,20,0.000635059685623181,0.000344036189527642
"P","bimodal",3,0.1,1,0.5,"TOX-log-blocked",0.06,20,0.000635059685623181,0.000344036189527642
"P","bimodal",3,0.1,1,0.5,"TOX-log-blocked",0.07,20,0.000635059685623181,0.000344036189527642
"P","bimodal",3,0.1,1,0.5,"TOX-log-blocked",0.08,20,0.000635059685623181,0.000344036189527642
"P","bimodal",3,0.1,1,0.5,"TOX-log-blocked",0.09,20,0.000635059685623181,0.000344036189527642
"P","bimodal",3,0.1,1,0.5,"TOX-log-blocked",0.1,20,0.000635059685623181,0.000344036189527642
"P","bimodal",3,0.1,1,0.5,"TOX-log-blocked",0.11,20,0.000635059685623181,0.000344036189527642
"P","bimodal",3,0.1,1,0.5,"TOX-log-blocked",0.12,20,0.000635059685623181,0.000344036189527642
"P","bimodal",3,0.1,1,0.5,"TOX-log-blocked",0.13,20,0.000635059685623181,0.000344036189527642
"P","bimodal",3,0.1,1,0.5,"TOX-log-blocked",0.14,20,0.000635059685623181,0.000344036189527642
"P","bimodal",3,0.1,1,0.5,"TOX-log-blocked",0.15,20,0.000635059685623181,0.000344036189527642
"P","bimodal",3,0.1,1,0.5,"TOX-log-blocked",0.16,20,0.000635059685623181,0.000344036189527642
"P","bimodal",3,0.1,1,0.5,"TOX-log-blocked",0.17,20,0.000635059685623181,0.000344036189527642
"P","bimodal",3,0.1,1,0.5,"TOX-log-blocked",0.18,20,0.000635059685623181,0.000344036189527642
"P","bimodal",3,0.1,1,0.5,"TOX-log-blocked",0.19,20,0.000635059685623181,0.000344036189527642
"P","bimodal",3,0.1,1,0.5,"TOX-log-blocked",0.2,20,0.00423395138988074,0.00248284280052727
"P","bimodal",3,0.1,1,0.5,"TOX-log-blocked",0.21,20,0.00423395138988074,0.00248284280052727
"P","bimodal",3,0.1,1,0.5,"TOX-log-blocked",0.22,20,0.00692212343289149,0.00349180687111876
"P","bimodal",3,0.1,1,0.5,"TOX-log-blocked",0.23,20,0.0102489959235463,0.00454114587235518
"P","bimodal",3,0.1,1,0.5,"TOX-log-blocked",0.24,20,0.0114281233279987,0.00509744100566471
"P","bimodal",3,0.1,1,0.5,"TOX-log-blocked",0.25,20,0.0157962163107414,0.00552060815176666
"P","bimodal",3,0.1,1,0.5,"TOX-log-blocked",0.26,20,0.0169617241710507,0.0058602655568672
"P","bimodal",3,0.1,1,0.5,"TOX-log-blocked",0.27,20,0.0211373807919641,0.00716720252976743
"P","bimodal",3,0.1,1,0.5,"TOX-log-blocked",0.28,20,0.0269260625580843,0.00809566543219169
"P","bimodal",3,0.1,1,0.5,"TOX-log-blocked",0.29,20,0.031811926249798,0.00867287961787403
"P","bimodal",3,0.1,1,0.5,"TOX-log-blocked",0.3,20,0.0344607911307128,0.00905269535615483
"P","bimodal",3,0.1,1,0.5,"TOX-log-boot",0,20,0.000313152400835073,0.000313152400835073
"P","bimodal",3,0.1,1,0.5,"TOX-log-boot",0.01,20,0.000313152400835073,0.000313152400835073
"P","bimodal",3,0.1,1,0.5,"TOX-log-boot",0.02,20,0.000313152400835073,0.000313152400835073
"P","bimodal",3,0.1,1,0.5,"TOX-log-boot",0.03,20,0.000313152400835073,0.000313152400835073
"P","bimodal",3,0.1,1,0.5,"TOX-log-boot",0.04,20,0.000313152400835073,0.000313152400835073
"P","bimodal",3,0.1,1,0.5,"TOX-log-boot",0.05,20,0.000313152400835073,0.000313152400835073
"P","bimodal",3,0.1,1,0.5,"TOX-log-boot",0.06,20,0.000313152400835073,0.000313152400835073
"P","bimodal",3,0.1,1,0.5,"TOX-log-boot",0.07,20,0.000313152400835073,0.000313152400835073
"P","bimodal",3,0.1,1,0.5,"TOX-log-boot",0.08,20,0.000313152400835073,0.000313152400835073
"P","bimodal",3,0.1,1,0.5,"TOX-log-boot",0.09,20,0.000313152400835073,0.000313152400835073
"P","bimodal",3,0.1,1,0.5,"TOX-log-boot",0.1,20,0.000313152400835073,0.000313152400835073
"P","bimodal",3,0.1,1,0.5,"TOX-log-boot",0.11,20,0.000313152400835073,0.000313152400835073
"P","bimodal",3,0.1,1,0.5,"TOX-log-boot",0.12,20,0.000313152400835073,0.000313152400835073
"P","bimodal",3,0.1,1,0.5,"TOX-log-boot",0.13,20,0.000313152400835073,0.000313152400835073
"P","bimodal",3,0.1,1,0.5,"TOX-log-boot",0.14,20,0.000313152400835073,0.000313152400835073
"P","bimodal",3,0.1,1,0.5,"TOX-log-boot",0.15,20,0.000313152400835073,0.000313152400835073
"P","bimodal",3,0.1,1,0.5,"TOX-log-boot",0.16,20,0.000313152400835073,0.000313152400835073
"P","bimodal",3,0.1,1,0.5,"TOX-log-boot",0.17,20,0.000313152400835073,0.000313152400835073
"P","bimodal",3,0.1,1,0.5,"TOX-log-boot",0.18,20,0.000313152400835073,0.000313152400835073
"P","bimodal",3,0.1,1,0.5,"TOX-log-boot",0.19,20,0.000313152400835073,0.000313152400835073
"P","bimodal",3,0.1,1,0.5,"TOX-log-boot",0.2,20,0.000313152400835073,0.000313152400835073
"P","bimodal",3,0.1,1,0.5,"TOX-log-boot",0.21,20,0.000313152400835073,0.000313152400835073
"P","bimodal",3,0.1,1,0.5,"TOX-log-boot",0.22,20,0.000313152400835073,0.000313152400835073
"P","bimodal",3,0.1,1,0.5,"TOX-log-boot",0.23,20,0.000313152400835073,0.000313152400835073
"P","bimodal",3,0.1,1,0.5,"TOX-log-boot",0.24,20,0.000313152400835073,0.000313152400835073
"P","bimodal",3,0.1,1,0.5,"TOX-log-boot",0.25,20,0.000313152400835073,0.000313152400835073
"P","bimodal",3,0.1,1,0.5,"TOX-log-boot",0.26,20,0.000313152400835073,0.000313152400835073
"P","bimodal",3,0.1,1,0.5,"TOX-log-boot",0.27,20,0.000313152400835073,0.000313152400835073
"P","bimodal",3,0.1,1,0.5,"TOX-log-boot",0.28,20,0.000313152400835073,0.000313152400835073
"P","bimodal",3,0.1,1,0.5,"TOX-log-boot",0.29,20,0.000313152400835073,0.000313152400835073
"P","bimodal",3,0.1,1,0.5,"TOX-log-boot",0.3,20,0.000313152400835073,0.000313152400835073
"P","bimodal",3,0.1,1,0.5,"TOX-raw",0,20,0.0172730624382284,0.00501311980884089
"P","bimodal",3,0.1,1,0.5,"TOX-raw",0.01,20,0.0172730624382284,0.00501311980884089
"P","bimodal",3,0.1,1,0.5,"TOX-raw",0.02,20,0.0239254229532499,0.00756900488862807
"P","bimodal",3,0.1,1,0.5,"TOX-raw",0.03,20,0.0536682125936203,0.0185480288098715
"P","bimodal",3,0.1,1,0.5,"TOX-raw",0.04,20,0.0728008589821476,0.0204790029926501
"P","bimodal",3,0.1,1,0.5,"TOX-raw",0.05,20,0.104394427388718,0.0226091514625616
"P","bimodal",3,0.1,1,0.5,"TOX-raw",0.06,20,0.151950338442971,0.0248817504708087
"P","bimodal",3,0.1,1,0.5,"TOX-raw",0.07,20,0.205310361886023,0.0186317896769095
"P","bimodal",3,0.1,1,0.5,"TOX-raw",0.08,20,0.254995097277194,0.0191709436442488
"P","bimodal",3,0.1,1,0.5,"TOX-raw",0.09,20,0.272702632503383,0.0202530455014777
"P","bimodal",3,0.1,1,0.5,"TOX-raw",0.1,20,0.299986489735258,0.0194017729484205
"P","bimodal",3,0.1,1,0.5,"TOX-raw",0.11,20,0.330248637593953,0.0140981287177476
"P","bimodal",3,0.1,1,0.5,"TOX-raw",0.12,20,0.341349230639139,0.0145579508316618
"P","bimodal",3,0.1,1,0.5,"TOX-raw",0.13,20,0.350187275046049,0.0151760913181501
"P","bimodal",3,0.1,1,0.5,"TOX-raw",0.14,20,0.358244192495699,0.014760054016509
"P","bimodal",3,0.1,1,0.5,"TOX-raw",0.15,20,0.365482202753403,0.0146544970221558
"P","bimodal",3,0.1,1,0.5,"TOX-raw",0.16,20,0.372317972588772,0.0148874110969703
"P","bimodal",3,0.1,1,0.5,"TOX-raw",0.17,20,0.377958649296191,0.0147574568430417
"P","bimodal",3,0.1,1,0.5,"TOX-raw",0.18,20,0.383912145656527,0.0150112439307124
"P","bimodal",3,0.1,1,0.5,"TOX-raw",0.19,20,0.389451787129467,0.0155290238708651
"P","bimodal",3,0.1,1,0.5,"TOX-raw",0.2,20,0.395044103414155,0.0151912181229439
"P","bimodal",3,0.1,1,0.5,"TOX-raw",0.21,20,0.400474296189997,0.0151324815919846
"P","bimodal",3,0.1,1,0.5,"TOX-raw",0.22,20,0.408256406205215,0.0150187847693874
"P","bimodal",3,0.1,1,0.5,"TOX-raw",0.23,20,0.412618498137978,0.0151264631391126
"P","bimodal",3,0.1,1,0.5,"TOX-raw",0.24,20,0.418878132911515,0.0150302648784109
"P","bimodal",3,0.1,1,0.5,"TOX-raw",0.25,20,0.425681544469867,0.014889840670395
"P","bimodal",3,0.1,1,0.5,"TOX-raw",0.26,20,0.433757192393595,0.0153588719791031
"P","bimodal",3,0.1,1,0.5,"TOX-raw",0.27,20,0.442599861668737,0.0162670284030736
"P","bimodal",3,0.1,1,0.5,"TOX-raw",0.28,20,0.449637617431561,0.0166754495851124
"P","bimodal",3,0.1,1,0.5,"TOX-raw",0.29,20,0.457650184103765,0.0172814257008208
"P","bimodal",3,0.1,1,0.5,"TOX-raw",0.3,20,0.468434931197638,0.0183669597611759
"P","bimodal",3,0.1,1,0.5,"TOX-raw-blocked",0,20,0.0122072909400993,0.00253653881921091
"P","bimodal",3,0.1,1,0.5,"TOX-raw-blocked",0.01,20,0.0122072909400993,0.00253653881921091
"P","bimodal",3,0.1,1,0.5,"TOX-raw-blocked",0.02,20,0.0122072909400993,0.00253653881921091
"P","bimodal",3,0.1,1,0.5,"TOX-raw-blocked",0.03,20,0.0122072909400993,0.00253653881921091
"P","bimodal",3,0.1,1,0.5,"TOX-raw-blocked",0.04,20,0.0160047592945297,0.00542846627623129
"P","bimodal",3,0.1,1,0.5,"TOX-raw-blocked",0.05,20,0.0181460967362963,0.00581608135566978
"P","bimodal",3,0.1,1,0.5,"TOX-raw-blocked",0.06,20,0.027849542089662,0.00743740214878165
"P","bimodal",3,0.1,1,0.5,"TOX-raw-blocked",0.07,20,0.0323101724714079,0.00840148776889376
"P","bimodal",3,0.1,1,0.5,"TOX-raw-blocked",0.08,20,0.0381580682496999,0.00891168863048194
"P","bimodal",3,0.1,1,0.5,"TOX-raw-blocked",0.09,20,0.0475598250197876,0.00956544443649882
"P","bimodal",3,0.1,1,0.5,"TOX-raw-blocked",0.1,20,0.0498945227206729,0.0100878913815002
"P","bimodal",3,0.1,1,0.5,"TOX-raw-blocked",0.11,20,0.0548010316802301,0.0102795637342522
"P","bimodal",3,0.1,1,0.5,"TOX-raw-blocked",0.12,20,0.0664508490530646,0.010878987701106
"P","bimodal",3,0.1,1,0.5,"TOX-raw-blocked",0.13,20,0.0733390045180161,0.0118038792588602
"P","bimodal",3,0.1,1,0.5,"TOX-raw-blocked",0.14,20,0.0784384038222596,0.0131138797825509
"P","bimodal",3,0.1,1,0.5,"TOX-raw-blocked",0.15,20,0.0882879302036873,0.0147708537722693
"P","bimodal",3,0.1,1,0.5,"TOX-raw-blocked",0.16,20,0.105562326364615,0.0156875390868099
"P","bimodal",3,0.1,1,0.5,"TOX-raw-blocked",0.17,20,0.119641387415981,0.0149933668977341
"P","bimodal",3,0.1,1,0.5,"TOX-raw-blocked",0.18,20,0.147927376272046,0.0143496169552573
"P","bimodal",3,0.1,1,0.5,"TOX-raw-blocked",0.19,20,0.171002045297489,0.0116526666230825
"P","bimodal",3,0.1,1,0.5,"TOX-raw-blocked",0.2,20,0.186622460680001,0.0117415088973088
"P","bimodal",3,0.1,1,0.5,"TOX-raw-blocked",0.21,20,0.194449892748344,0.0123703155368431
"P","bimodal",3,0.1,1,0.5,"TOX-raw-blocked",0.22,20,0.201044546777141,0.0132886397650243
"P","bimodal",3,0.1,1,0.5,"TOX-raw-blocked",0.23,20,0.20797166983569,0.0131220428938071
"P","bimodal",3,0.1,1,0.5,"TOX-raw-blocked",0.24,20,0.212319495099633,0.0123239235767367
"P","bimodal",3,0.1,1,0.5,"TOX-raw-blocked",0.25,20,0.218816447291335,0.0124260413983737
"P","bimodal",3,0.1,1,0.5,"TOX-raw-blocked",0.26,20,0.226057976874555,0.0119953607010143
"P","bimodal",3,0.1,1,0.5,"TOX-raw-blocked",0.27,20,0.232706178351167,0.0116373260921312
"P","bimodal",3,0.1,1,0.5,"TOX-raw-blocked",0.28,20,0.241187766434244,0.0108741205303849
"P","bimodal",3,0.1,1,0.5,"TOX-raw-blocked",0.29,20,0.251945590782137,0.0125870148019266
"P","bimodal",3,0.1,1,0.5,"TOX-raw-blocked",0.3,20,0.27119290172174,0.0147801293539427
"P","bimodal",5,0.1,1,0.5,"DESeq2",0,20,0.514965632405884,0.0306335632544672
"P","bimodal",5,0.1,1,0.5,"DESeq2",0.01,20,0.614378847587777,0.0157904543166793
"P","bimodal",5,0.1,1,0.5,"DESeq2",0.02,20,0.652070803376816,0.0140538203530131
"P","bimodal",5,0.1,1,0.5,"DESeq2",0.03,20,0.670653968539713,0.0145151404037556
"P","bimodal",5,0.1,1,0.5,"DESeq2",0.04,20,0.685451579260747,0.0142334478197282
"P","bimodal",5,0.1,1,0.5,"DESeq2",0.05,20,0.698148220838919,0.0137208885877729
"P","bimodal",5,0.1,1,0.5,"DESeq2",0.06,20,0.705743804078645,0.0136823913204713
"P","bimodal",5,0.1,1,0.5,"DESeq2",0.07,20,0.714594001057331,0.0131881296869502
"P","bimodal",5,0.1,1,0.5,"DESeq2",0.08,20,0.722565236958994,0.0122391678692026
"P","bimodal",5,0.1,1,0.5,"DESeq2",0.09,20,0.730968978851949,0.0112784527143631
"P","bimodal",5,0.1,1,0.5,"DESeq2",0.1,20,0.735112089926651,0.0110259177356886
"P","bimodal",5,0.1,1,0.5,"DESeq2",0.11,20,0.740350827185112,0.0107330014133711
"P","bimodal",5,0.1,1,0.5,"DESeq2",0.12,20,0.745551625979054,0.0102948673172902
"P","bimodal",5,0.1,1,0.5,"DESeq2",0.13,20,0.748220390851537,0.0102013092433727
"P","bimodal",5,0.1,1,0.5,"DESeq2",0.14,20,0.754317732758645,0.010397300224213
"P","bimodal",5,0.1,1,0.5,"DESeq2",0.15,20,0.757091235221215,0.0104584638789863
"P","bimodal",5,0.1,1,0.5,"DESeq2",0.16,20,0.760493817815398,0.0102281082573513
"P","bimodal",5,0.1,1,0.5,"DESeq2",0.17,20,0.763685040181638,0.00990540552125719
"P","bimodal",5,0.1,1,0.5,"DESeq2",0.18,20,0.765490996088262,0.00961456969312502
"P","bimodal",5,0.1,1,0.5,"DESeq2",0.19,20,0.768689949087564,0.00932008573551465
"P","bimodal",5,0.1,1,0.5,"DESeq2",0.2,20,0.772099292796008,0.00935995747250684
"P","bimodal",5,0.1,1,0.5,"DESeq2",0.21,20,0.77337646185516,0.00926090909100865
"P","bimodal",5,0.1,1,0.5,"DESeq2",0.22,20,0.77509090465389,0.00937808058163839
"P","bimodal",5,0.1,1,0.5,"DESeq2",0.23,20,0.777433252283973,0.00909433461106408
"P","bimodal",5,0.1,1,0.5,"DESeq2",0.24,20,0.780190915621184,0.00884338778627967
"P","bimodal",5,0.1,1,0.5,"DESeq2",0.25,20,0.781889639776083,0.00871720383249929
"P","bimodal",5,0.1,1,0.5,"DESeq2",0.26,20,0.783796290075125,0.00863709352593979
"P","bimodal",5,0.1,1,0.5,"DESeq2",0.27,20,0.784971420045969,0.00865619756816285
"P","bimodal",5,0.1,1,0.5,"DESeq2",0.28,20,0.785929016804043,0.00865231892279023
"P","bimodal",5,0.1,1,0.5,"DESeq2",0.29,20,0.787526945747901,0.00867571610563445
"P","bimodal",5,0.1,1,0.5,"DESeq2",0.3,20,0.788912858776409,0.00855051026374329
"P","bimodal",5,0.1,1,0.5,"edgeR",0,20,0.258746661356745,0.0386500616216217
"P","bimodal",5,0.1,1,0.5,"edgeR",0.01,20,0.410052876658834,0.0306313086321279
"P","bimodal",5,0.1,1,0.5,"edgeR",0.02,20,0.481023325959706,0.0218004443970544
"P","bimodal",5,0.1,1,0.5,"edgeR",0.03,20,0.520481018600224,0.0185873362359796
"P","bimodal",5,0.1,1,0.5,"edgeR",0.04,20,0.54283122970094,0.0173761757065371
"P","bimodal",5,0.1,1,0.5,"edgeR",0.05,20,0.564905735785024,0.0167004132367526
"P","bimodal",5,0.1,1,0.5,"edgeR",0.06,20,0.578259621157182,0.0161247782403398
"P","bimodal",5,0.1,1,0.5,"edgeR",0.07,20,0.590192162784302,0.0156627316829827
"P","bimodal",5,0.1,1,0.5,"edgeR",0.08,20,0.601366412596762,0.0151882468298741
"P","bimodal",5,0.1,1,0.5,"edgeR",0.09,20,0.612052187983854,0.0151735632193136
"P","bimodal",5,0.1,1,0.5,"edgeR",0.1,20,0.619526180799483,0.0151423857629262
"P","bimodal",5,0.1,1,0.5,"edgeR",0.11,20,0.628029329148728,0.0150807143031906
"P","bimodal",5,0.1,1,0.5,"edgeR",0.12,20,0.635932640733703,0.0148521660929054
"P","bimodal",5,0.1,1,0.5,"edgeR",0.13,20,0.641568103115686,0.0146948951250016
"P","bimodal",5,0.1,1,0.5,"edgeR",0.14,20,0.648052835083443,0.014251388611056
"P","bimodal",5,0.1,1,0.5,"edgeR",0.15,20,0.654026232029162,0.014061139091347
"P","bimodal",5,0.1,1,0.5,"edgeR",0.16,20,0.660220197529601,0.0136895105758438
"P","bimodal",5,0.1,1,0.5,"edgeR",0.17,20,0.666819558506656,0.0136452333095687
"P","bimodal",5,0.1,1,0.5,"edgeR",0.18,20,0.672353591439383,0.0133217099766914
"P","bimodal",5,0.1,1,0.5,"edgeR",0.19,20,0.67694052725862,0.0133130969234053
"P","bimodal",5,0.1,1,0.5,"edgeR",0.2,20,0.681192551253194,0.0132271695566771
"P","bimodal",5,0.1,1,0.5,"edgeR",0.21,20,0.685994660785967,0.0131907862144201
"P","bimodal",5,0.1,1,0.5,"edgeR",0.22,20,0.691631917012575,0.0131764918059731
"P","bimodal",5,0.1,1,0.5,"edgeR",0.23,20,0.696426086741279,0.0131522732179218
"P","bimodal",5,0.1,1,0.5,"edgeR",0.24,20,0.69971632098061,0.0129426086096406
"P","bimodal",5,0.1,1,0.5,"edgeR",0.25,20,0.703677079679532,0.0130046061657555
"P","bimodal",5,0.1,1,0.5,"edgeR",0.26,20,0.709124106728475,0.012743634658677
"P","bimodal",5,0.1,1,0.5,"edgeR",0.27,20,0.712972170381338,0.0126816314744169
"P","bimodal",5,0.1,1,0.5,"edgeR",0.28,20,0.717028460486019,0.0127456229976128
"P","bimodal",5,0.1,1,0.5,"edgeR",0.29,20,0.720101749562143,0.0127157322263805
"P","bimodal",5,0.1,1,0.5,"edgeR",0.3,20,0.722754438464037,0.0128198345025605
"P","bimodal",5,0.1,1,0.5,"limma",0,20,0.296966952011006,0.0222648720500788
"P","bimodal",5,0.1,1,0.5,"limma",0.01,20,0.308887669954842,0.023243103996906
"P","bimodal",5,0.1,1,0.5,"limma",0.02,20,0.318427605834256,0.0238991006822938
"P","bimodal",5,0.1,1,0.5,"limma",0.03,20,0.321839643053657,0.0239499550326051
"P","bimodal",5,0.1,1,0.5,"limma",0.04,20,0.325687216799689,0.024173770662764
"P","bimodal",5,0.1,1,0.5,"limma",0.05,20,0.328043585069637,0.0243065772662921
"P","bimodal",5,0.1,1,0.5,"limma",0.06,20,0.332702808748893,0.0246786232655137
"P","bimodal",5,0.1,1,0.5,"limma",0.07,20,0.34303122986252,0.0223920109980506
"P","bimodal",5,0.1,1,0.5,"limma",0.08,20,0.350705837393828,0.022938410035639
"P","bimodal",5,0.1,1,0.5,"limma",0.09,20,0.358501467498349,0.0214789040454048
"P","bimodal",5,0.1,1,0.5,"limma",0.1,20,0.364045771309471,0.0219793557895994
"P","bimodal",5,0.1,1,0.5,"limma",0.11,20,0.373306054714481,0.0222105786980046
"P","bimodal",5,0.1,1,0.5,"limma",0.12,20,0.378970909479765,0.0224690949903521
"P","bimodal",5,0.1,1,0.5,"limma",0.13,20,0.383335293358783,0.0225717683300146
"P","bimodal",5,0.1,1,0.5,"limma",0.14,20,0.387304646755994,0.0225733440372324
"P","bimodal",5,0.1,1,0.5,"limma",0.15,20,0.393513237701403,0.0221547131317502
"P","bimodal",5,0.1,1,0.5,"limma",0.16,20,0.396393461475459,0.0223215225491303
"P","bimodal",5,0.1,1,0.5,"limma",0.17,20,0.39936506936462,0.0219798410326505
"P","bimodal",5,0.1,1,0.5,"limma",0.18,20,0.403547829123305,0.0217825438972952
"P","bimodal",5,0.1,1,0.5,"limma",0.19,20,0.404825533627817,0.0215344500645796
"P","bimodal",5,0.1,1,0.5,"limma",0.2,20,0.408172045113343,0.0216022200859776
"P","bimodal",5,0.1,1,0.5,"limma",0.21,20,0.40934977199236,0.0216910333964196
"P","bimodal",5,0.1,1,0.5,"limma",0.22,20,0.410310468339794,0.0216837010965104
"P","bimodal",5,0.1,1,0.5,"limma",0.23,20,0.411905213499978,0.0214235597157348
"P","bimodal",5,0.1,1,0.5,"limma",0.24,20,0.413388323790974,0.0211259822685544
"P","bimodal",5,0.1,1,0.5,"limma",0.25,20,0.414240504537958,0.0210911050750815
"P","bimodal",5,0.1,1,0.5,"limma",0.26,20,0.415419803012711,0.0211070050412304
"P","bimodal",5,0.1,1,0.5,"limma",0.27,20,0.416911556290592,0.0212404757805419
"P","bimodal",5,0.1,1,0.5,"limma",0.28,20,0.41787216901609,0.0211756871178756
"P","bimodal",5,0.1,1,0.5,"limma",0.29,20,0.419254934635832,0.0212987757224176
"P","bimodal",5,0.1,1,0.5,"limma",0.3,20,0.42223595094627,0.020732161688501
"P","bimodal",5,0.1,1,0.5,"TOX-log",0,20,0.0981326206869848,0.00806049129601929
"P","bimodal",5,0.1,1,0.5,"TOX-log",0.01,20,0.0981326206869848,0.00806049129601929
"P","bimodal",5,0.1,1,0.5,"TOX-log",0.02,20,0.100822326145362,0.00900900320109272
"P","bimodal",5,0.1,1,0.5,"TOX-log",0.03,20,0.108292628745889,0.00883242245409765
"P","bimodal",5,0.1,1,0.5,"TOX-log",0.04,20,0.110973919157641,0.00921317431250607
"P","bimodal",5,0.1,1,0.5,"TOX-log",0.05,20,0.112897585340592,0.00942723652176148
"P","bimodal",5,0.1,1,0.5,"TOX-log",0.06,20,0.115134407768979,0.00939065336438155
"P","bimodal",5,0.1,1,0.5,"TOX-log",0.07,20,0.116199275874604,0.00945282991388326
"P","bimodal",5,0.1,1,0.5,"TOX-log",0.08,20,0.118540866126662,0.00928077859074754
"P","bimodal",5,0.1,1,0.5,"TOX-log",0.09,20,0.120566579038232,0.00922593350860272
"P","bimodal",5,0.1,1,0.5,"TOX-log",0.1,20,0.121635431018238,0.00930192672787421
"P","bimodal",5,0.1,1,0.5,"TOX-log",0.11,20,0.122909126983341,0.00940554599681177
"P","bimodal",5,0.1,1,0.5,"TOX-log",0.12,20,0.124290216888228,0.00932873065161333
"P","bimodal",5,0.1,1,0.5,"TOX-log",0.13,20,0.126541561127453,0.00959200048107064
"P","bimodal",5,0.1,1,0.5,"TOX-log",0.14,20,0.128880688734742,0.00976065526175524
"P","bimodal",5,0.1,1,0.5,"TOX-log",0.15,20,0.129629502329982,0.00977169652593757
"P","bimodal",5,0.1,1,0.5,"TOX-log",0.16,20,0.131352306302448,0.00992063632677645
"P","bimodal",5,0.1,1,0.5,"TOX-log",0.17,20,0.133916985707412,0.0102761522014146
"P","bimodal",5,0.1,1,0.5,"TOX-log",0.18,20,0.136175350326191,0.0106390373949181
"P","bimodal",5,0.1,1,0.5,"TOX-log",0.19,20,0.137352165963903,0.0107516533474252
"P","bimodal",5,0.1,1,0.5,"TOX-log",0.2,20,0.138313497149042,0.0106687344254108
"P","bimodal",5,0.1,1,0.5,"TOX-log",0.21,20,0.139283824008436,0.0107778663240076
"P","bimodal",5,0.1,1,0.5,"TOX-log",0.22,20,0.14088232027557,0.0105607338397434
"P","bimodal",5,0.1,1,0.5,"TOX-log",0.23,20,0.142372413904761,0.0105763828948684
"P","bimodal",5,0.1,1,0.5,"TOX-log",0.24,20,0.148363337009786,0.013782532096385
"P","bimodal",5,0.1,1,0.5,"TOX-log",0.25,20,0.151784934932703,0.0144850613822199
"P","bimodal",5,0.1,1,0.5,"TOX-log",0.26,20,0.161079406269699,0.0160230741884212
"P","bimodal",5,0.1,1,0.5,"TOX-log",0.27,20,0.179967968148052,0.0188325738294633
"P","bimodal",5,0.1,1,0.5,"TOX-log",0.28,20,0.19948729078234,0.0220512580339368
"P","bimodal",5,0.1,1,0.5,"TOX-log",0.29,20,0.203016748406267,0.02242648945171
"P","bimodal",5,0.1,1,0.5,"TOX-log",0.3,20,0.205254358617022,0.0225958582834172
"P","bimodal",5,0.1,1,0.5,"TOX-log-blocked",0,20,0.0253370833638773,0.00554209812215286
"P","bimodal",5,0.1,1,0.5,"TOX-log-blocked",0.01,20,0.0253370833638773,0.00554209812215286
"P","bimodal",5,0.1,1,0.5,"TOX-log-blocked",0.02,20,0.0298146953041758,0.00836514449185934
"P","bimodal",5,0.1,1,0.5,"TOX-log-blocked",0.03,20,0.0385748808580702,0.00979820788975806
"P","bimodal",5,0.1,1,0.5,"TOX-log-blocked",0.04,20,0.0572199956497555,0.0127521484225095
"P","bimodal",5,0.1,1,0.5,"TOX-log-blocked",0.05,20,0.0731712644834954,0.0140991355333624
"P","bimodal",5,0.1,1,0.5,"TOX-log-blocked",0.06,20,0.0789504885475292,0.0146136364591909
"P","bimodal",5,0.1,1,0.5,"TOX-log-blocked",0.07,20,0.0892184952722952,0.0135308522203124
"P","bimodal",5,0.1,1,0.5,"TOX-log-blocked",0.08,20,0.0927082867821563,0.0133647237822691
"P","bimodal",5,0.1,1,0.5,"TOX-log-blocked",0.09,20,0.0953874482939929,0.0138332040646714
"P","bimodal",5,0.1,1,0.5,"TOX-log-blocked",0.1,20,0.0975268996144225,0.014082514552267
"P","bimodal",5,0.1,1,0.5,"TOX-log-blocked",0.11,20,0.0986965622438792,0.0141387754089086
"P","bimodal",5,0.1,1,0.5,"TOX-log-blocked",0.12,20,0.108406330264561,0.012803532836855
"P","bimodal",5,0.1,1,0.5,"TOX-log-blocked",0.13,20,0.1173821652456,0.0103720455789347
"P","bimodal",5,0.1,1,0.5,"TOX-log-blocked",0.14,20,0.120041790115175,0.0101906264736432
"P","bimodal",5,0.1,1,0.5,"TOX-log-blocked",0.15,20,0.123251925076123,0.0102023080221479
"P","bimodal",5,0.1,1,0.5,"TOX-log-blocked",0.16,20,0.125064435701692,0.0100628680195127
"P","bimodal",5,0.1,1,0.5,"TOX-log-blocked",0.17,20,0.127957021940115,0.0101897620247337
"P","bimodal",5,0.1,1,0.5,"TOX-log-blocked",0.18,20,0.130306203651586,0.0102632910511764
"P","bimodal",5,0.1,1,0.5,"TOX-log-blocked",0.19,20,0.132564936508195,0.010756501606361
"P","bimodal",5,0.1,1,0.5,"TOX-log-blocked",0.2,20,0.135535439656668,0.0105606332151733
"P","bimodal",5,0.1,1,0.5,"TOX-log-blocked",0.21,20,0.137037822824151,0.010480186130779
"P","bimodal",5,0.1,1,0.5,"TOX-log-blocked",0.22,20,0.139497633249193,0.0104635225949991
"P","bimodal",5,0.1,1,0.5,"TOX-log-blocked",0.23,20,0.157451372197519,0.019320717328541
"P","bimodal",5,0.1,1,0.5,"TOX-log-blocked",0.24,20,0.191401157843091,0.0234882726817491
"P","bimodal",5,0.1,1,0.5,"TOX-log-blocked",0.25,20,0.212162035572339,0.0268348026206205
"P","bimodal",5,0.1,1,0.5,"TOX-log-blocked",0.26,20,0.232409546389597,0.0277496290685314
"P","bimodal",5,0.1,1,0.5,"TOX-log-blocked",0.27,20,0.238614870937245,0.0285826373244467
"P","bimodal",5,0.1,1,0.5,"TOX-log-blocked",0.28,20,0.243206442707561,0.0290016160172874
"P","bimodal",5,0.1,1,0.5,"TOX-log-blocked",0.29,20,0.276748784515617,0.0267542048236656
"P","bimodal",5,0.1,1,0.5,"TOX-log-blocked",0.3,20,0.305502851432432,0.0210110560305199
"P","bimodal",5,0.1,1,0.5,"TOX-log-boot",0,20,0.0143884539040853,0.0051868471948636
"P","bimodal",5,0.1,1,0.5,"TOX-log-boot",0.01,20,0.0143884539040853,0.0051868471948636
"P","bimodal",5,0.1,1,0.5,"TOX-log-boot",0.02,20,0.0143884539040853,0.0051868471948636
"P","bimodal",5,0.1,1,0.5,"TOX-log-boot",0.03,20,0.0160942108337228,0.00619127950406727
"P","bimodal",5,0.1,1,0.5,"TOX-log-boot",0.04,20,0.0238413293682983,0.00758620986434602
"P","bimodal",5,0.1,1,0.5,"TOX-log-boot",0.05,20,0.0252574513726556,0.00767625657497312
"P","bimodal",5,0.1,1,0.5,"TOX-log-boot",0.06,20,0.0321653461094977,0.00939563991405096
"P","bimodal",5,0.1,1,0.5,"TOX-log-boot",0.07,20,0.0346723448955274,0.00996698074454785
"P","bimodal",5,0.1,1,0.5,"TOX-log-boot",0.08,20,0.0432127221837944,0.0111363054573611
"P","bimodal",5,0.1,1,0.5,"TOX-log-boot",0.09,20,0.0453556220576938,0.011573820176952
"P","bimodal",5,0.1,1,0.5,"TOX-log-boot",0.1,20,0.0507420918647253,0.011161239645707
"P","bimodal",5,0.1,1,0.5,"TOX-log-boot",0.11,20,0.0525835068485937,0.0117965365112819
"P","bimodal",5,0.1,1,0.5,"TOX-log-boot",0.12,20,0.0577099483736871,0.0116063799533858
"P","bimodal",5,0.1,1,0.5,"TOX-log-boot",0.13,20,0.0618361154440983,0.0117340792657295
"P","bimodal",5,0.1,1,0.5,"TOX-log-boot",0.14,20,0.0741649230214305,0.0107951408877218
"P","bimodal",5,0.1,1,0.5,"TOX-log-boot",0.15,20,0.0793573242328516,0.0120391550410279
"P","bimodal",5,0.1,1,0.5,"TOX-log-boot",0.16,20,0.0826647078116151,0.0123760864359281
"P","bimodal",5,0.1,1,0.5,"TOX-log-boot",0.17,20,0.0844858260062105,0.0127510702448581
"P","bimodal",5,0.1,1,0.5,"TOX-log-boot",0.18,20,0.0914400990061487,0.0126462802927215
"P","bimodal",5,0.1,1,0.5,"TOX-log-boot",0.19,20,0.0997614584311911,0.0121967271010303
"P","bimodal",5,0.1,1,0.5,"TOX-log-boot",0.2,20,0.108886753072257,0.0113852300500603
"P","bimodal",5,0.1,1,0.5,"TOX-log-boot",0.21,20,0.112545527736275,0.012099919352688
"P","bimodal",5,0.1,1,0.5,"TOX-log-boot",0.22,20,0.117483829658523,0.0127757200031101
"P","bimodal",5,0.1,1,0.5,"TOX-log-boot",0.23,20,0.119832271336121,0.0130979929545745
"P","bimodal",5,0.1,1,0.5,"TOX-log-boot",0.24,20,0.126316174146837,0.0149900139089106
"P","bimodal",5,0.1,1,0.5,"TOX-log-boot",0.25,20,0.132094855544318,0.0161447578391963
"P","bimodal",5,0.1,1,0.5,"TOX-log-boot",0.26,20,0.135397995698842,0.0162740161514608
"P","bimodal",5,0.1,1,0.5,"TOX-log-boot",0.27,20,0.142122453218989,0.0163897378724538
"P","bimodal",5,0.1,1,0.5,"TOX-log-boot",0.28,20,0.167296804914615,0.0201318260763449
"P","bimodal",5,0.1,1,0.5,"TOX-log-boot",0.29,20,0.187853777170313,0.0221775258028399
"P","bimodal",5,0.1,1,0.5,"TOX-log-boot",0.3,20,0.193946701206496,0.0226338798514296
"P","bimodal",5,0.1,1,0.5,"TOX-raw",0,20,0.381840434953844,0.0256486709370682
"P","bimodal",5,0.1,1,0.5,"TOX-raw",0.01,20,0.423143805182312,0.0147110263765397
"P","bimodal",5,0.1,1,0.5,"TOX-raw",0.02,20,0.437323056173268,0.0153736317256455
"P","bimodal",5,0.1,1,0.5,"TOX-raw",0.03,20,0.453157480381813,0.0156397125063156
"P","bimodal",5,0.1,1,0.5,"TOX-raw",0.04,20,0.468745263937209,0.0140778048594234
"P","bimodal",5,0.1,1,0.5,"TOX-raw",0.05,20,0.481543284741811,0.0139816799908121
"P","bimodal",5,0.1,1,0.5,"TOX-raw",0.06,20,0.488463746997477,0.0136757965924687
"P","bimodal",5,0.1,1,0.5,"TOX-raw",0.07,20,0.496562672125734,0.0137248444321314
"P","bimodal",5,0.1,1,0.5,"TOX-raw",0.08,20,0.506334606017397,0.0152882061774659
"P","bimodal",5,0.1,1,0.5,"TOX-raw",0.09,20,0.516782363782723,0.0156041095210551
"P","bimodal",5,0.1,1,0.5,"TOX-raw",0.1,20,0.526173061276689,0.0155628002648314
"P","bimodal",5,0.1,1,0.5,"TOX-raw",0.11,20,0.540951361413486,0.017211546869175
"P","bimodal",5,0.1,1,0.5,"TOX-raw",0.12,20,0.561892615658028,0.01721838209174
"P","bimodal",5,0.1,1,0.5,"TOX-raw",0.13,20,0.583739669565023,0.0172471620016784
"P","bimodal",5,0.1,1,0.5,"TOX-raw",0.14,20,0.598356199068371,0.0165458072725985
"P","bimodal",5,0.1,1,0.5,"TOX-raw",0.15,20,0.613794165411232,0.0157305533786835
"P","bimodal",5,0.1,1,0.5,"TOX-raw",0.16,20,0.628222572503632,0.0141062721863046
"P","bimodal",5,0.1,1,0.5,"TOX-raw",0.17,20,0.634719799603719,0.0139433346150346
"P","bimodal",5,0.1,1,0.5,"TOX-raw",0.18,20,0.640665001908005,0.0133418335920287
"P","bimodal",5,0.1,1,0.5,"TOX-raw",0.19,20,0.646090935645678,0.0128047566454562
"P","bimodal",5,0.1,1,0.5,"TOX-raw",0.2,20,0.652286180015135,0.0125555131090165
"P","bimodal",5,0.1,1,0.5,"TOX-raw",0.21,20,0.654958093390936,0.0125614197328135
"P","bimodal",5,0.1,1,0.5,"TOX-raw",0.22,20,0.657945344485317,0.0125069361719893
"P","bimodal",5,0.1,1,0.5,"TOX-raw",0.23,20,0.662968194523419,0.0127439637960484
"P","bimodal",5,0.1,1,0.5,"TOX-raw",0.24,20,0.66521983151516,0.0125907235079621
"P","bimodal",5,0.1,1,0.5,"TOX-raw",0.25,20,0.668617720155136,0.0125280402979534
"P","bimodal",5,0.1,1,0.5,"TOX-raw",0.26,20,0.671940152578098,0.0123345732568961
"P","bimodal",5,0.1,1,0.5,"TOX-raw",0.27,20,0.675361863359947,0.0126061171895716
"P","bimodal",5,0.1,1,0.5,"TOX-raw",0.28,20,0.678136856835906,0.0124812255037629
"P","bimodal",5,0.1,1,0.5,"TOX-raw",0.29,20,0.681329209286629,0.0124524583118524
"P","bimodal",5,0.1,1,0.5,"TOX-raw",0.3,20,0.683994180491322,0.0124521424486275
"P","bimodal",5,0.1,1,0.5,"TOX-raw-blocked",0,20,0.176051617417086,0.0162161640206098
"P","bimodal",5,0.1,1,0.5,"TOX-raw-blocked",0.01,20,0.197975736471036,0.0177024126395341
"P","bimodal",5,0.1,1,0.5,"TOX-raw-blocked",0.02,20,0.265220269732132,0.0141662292260254
"P","bimodal",5,0.1,1,0.5,"TOX-raw-blocked",0.03,20,0.308683953575878,0.0151356508611287
"P","bimodal",5,0.1,1,0.5,"TOX-raw-blocked",0.04,20,0.34676539629944,0.0182011621025647
"P","bimodal",5,0.1,1,0.5,"TOX-raw-blocked",0.05,20,0.388770646515921,0.0194655240720115
"P","bimodal",5,0.1,1,0.5,"TOX-raw-blocked",0.06,20,0.426628361450558,0.0184638410982711
"P","bimodal",5,0.1,1,0.5,"TOX-raw-blocked",0.07,20,0.451214763989396,0.0173660940343797
"P","bimodal",5,0.1,1,0.5,"TOX-raw-blocked",0.08,20,0.472060981975403,0.0178712065985945
"P","bimodal",5,0.1,1,0.5,"TOX-raw-blocked",0.09,20,0.495769259080743,0.0188295861312351
"P","bimodal",5,0.1,1,0.5,"TOX-raw-blocked",0.1,20,0.52255316705624,0.0182167529841571
"P","bimodal",5,0.1,1,0.5,"TOX-raw-blocked",0.11,20,0.545995700016017,0.0185470706172142
"P","bimodal",5,0.1,1,0.5,"TOX-raw-blocked",0.12,20,0.561681747725398,0.0187460576277322
"P","bimodal",5,0.1,1,0.5,"TOX-raw-blocked",0.13,20,0.579114265203084,0.0176311045856247
"P","bimodal",5,0.1,1,0.5,"TOX-raw-blocked",0.14,20,0.597783960286163,0.0153630374728879
"P","bimodal",5,0.1,1,0.5,"TOX-raw-blocked",0.15,20,0.613969229117192,0.0144375394242722
"P","bimodal",5,0.1,1,0.5,"TOX-raw-blocked",0.16,20,0.625814740203072,0.0144369733031552
"P","bimodal",5,0.1,1,0.5,"TOX-raw-blocked",0.17,20,0.634303758187576,0.013989813754593
"P","bimodal",5,0.1,1,0.5,"TOX-raw-blocked",0.18,20,0.642067263791163,0.013799510876997
"P","bimodal",5,0.1,1,0.5,"TOX-raw-blocked",0.19,20,0.648067330061243,0.0130542407551062
"P","bimodal",5,0.1,1,0.5,"TOX-raw-blocked",0.2,20,0.654500332815226,0.0128725427953139
"P","bimodal",5,0.1,1,0.5,"TOX-raw-blocked",0.21,20,0.65930543986479,0.0130190609709248
"P","bimodal",5,0.1,1,0.5,"TOX-raw-blocked",0.22,20,0.664961729729202,0.012826882454176
"P","bimodal",5,0.1,1,0.5,"TOX-raw-blocked",0.23,20,0.669771893240176,0.0126355379970493
"P","bimodal",5,0.1,1,0.5,"TOX-raw-blocked",0.24,20,0.674688267470451,0.0123934592807235
"P","bimodal",5,0.1,1,0.5,"TOX-raw-blocked",0.25,20,0.678740817360179,0.0123697530112119
"P","bimodal",5,0.1,1,0.5,"TOX-raw-blocked",0.26,20,0.683443686840414,0.0125663760276161
"P","bimodal",5,0.1,1,0.5,"TOX-raw-blocked",0.27,20,0.686434393305027,0.0125269850502357
"P","bimodal",5,0.1,1,0.5,"TOX-raw-blocked",0.28,20,0.690055974386349,0.0125042192486647
"P","bimodal",5,0.1,1,0.5,"TOX-raw-blocked",0.29,20,0.693253627138394,0.0123755251803075
"P","bimodal",5,0.1,1,0.5,"TOX-raw-blocked",0.3,20,0.697105054109026,0.0125767715880673
"P","bimodal",10,0.1,1,0.5,"DESeq2",0,20,0.560470654251876,0.0139364043854596
"P","bimodal",10,0.1,1,0.5,"DESeq2",0.01,20,0.635119091319534,0.0100028515428376
"P","bimodal",10,0.1,1,0.5,"DESeq2",0.02,20,0.66197376781641,0.00932479825280405
"P","bimodal",10,0.1,1,0.5,"DESeq2",0.03,20,0.686471617590116,0.00923304471130679
"P","bimodal",10,0.1,1,0.5,"DESeq2",0.04,20,0.700599048608125,0.00986038854010445
"P","bimodal",10,0.1,1,0.5,"DESeq2",0.05,20,0.714469590133635,0.00986080042519705
"P","bimodal",10,0.1,1,0.5,"DESeq2",0.06,20,0.724148313918404,0.00958437346150304
"P","bimodal",10,0.1,1,0.5,"DESeq2",0.07,20,0.731841399978554,0.0096235540445921
"P","bimodal",10,0.1,1,0.5,"DESeq2",0.08,20,0.737828690613853,0.00989324246036735
"P","bimodal",10,0.1,1,0.5,"DESeq2",0.09,20,0.74306062919106,0.00980109342550042
"P","bimodal",10,0.1,1,0.5,"DESeq2",0.1,20,0.750747878078537,0.00941102868132215
"P","bimodal",10,0.1,1,0.5,"DESeq2",0.11,20,0.75693476883982,0.00953616551749668
"P","bimodal",10,0.1,1,0.5,"DESeq2",0.12,20,0.761206100527841,0.00937435592568526
"P","bimodal",10,0.1,1,0.5,"DESeq2",0.13,20,0.764728629862285,0.00938132954298091
"P","bimodal",10,0.1,1,0.5,"DESeq2",0.14,20,0.768362668949235,0.00913117243084073
"P","bimodal",10,0.1,1,0.5,"DESeq2",0.15,20,0.771351875371028,0.00912583835766094
"P","bimodal",10,0.1,1,0.5,"DESeq2",0.16,20,0.776374055405921,0.00865054873350782
"P","bimodal",10,0.1,1,0.5,"DESeq2",0.17,20,0.77978712637219,0.00874889333925264
"P","bimodal",10,0.1,1,0.5,"DESeq2",0.18,20,0.783209613451596,0.0085177178749742
"P","bimodal",10,0.1,1,0.5,"DESeq2",0.19,20,0.786745785431286,0.00860275969921985
"P","bimodal",10,0.1,1,0.5,"DESeq2",0.2,20,0.790371529684408,0.00830107915994708
"P","bimodal",10,0.1,1,0.5,"DESeq2",0.21,20,0.793354932445256,0.0080629055144808
"P","bimodal",10,0.1,1,0.5,"DESeq2",0.22,20,0.795496050510373,0.00806730565192001
"P","bimodal",10,0.1,1,0.5,"DESeq2",0.23,20,0.797948481663646,0.0080962734969975
"P","bimodal",10,0.1,1,0.5,"DESeq2",0.24,20,0.800294487064777,0.00799376104839813
"P","bimodal",10,0.1,1,0.5,"DESeq2",0.25,20,0.802735448197596,0.0077612947175986
"P","bimodal",10,0.1,1,0.5,"DESeq2",0.26,20,0.80455472303012,0.00786857314875195
"P","bimodal",10,0.1,1,0.5,"DESeq2",0.27,20,0.806797670279444,0.00783263305599686
"P","bimodal",10,0.1,1,0.5,"DESeq2",0.28,20,0.809244228430647,0.00772803869351054
"P","bimodal",10,0.1,1,0.5,"DESeq2",0.29,20,0.811603022283327,0.00784144742183494
"P","bimodal",10,0.1,1,0.5,"DESeq2",0.3,20,0.813732991925282,0.00761324332585934
"P","bimodal",10,0.1,1,0.5,"edgeR",0,20,0.504251793779952,0.0470456463017134
"P","bimodal",10,0.1,1,0.5,"edgeR",0.01,20,0.678442372041341,0.00867935601467188
"P","bimodal",10,0.1,1,0.5,"edgeR",0.02,20,0.70193631751759,0.00836555148769609
"P","bimodal",10,0.1,1,0.5,"edgeR",0.03,20,0.71814295728609,0.00911356760537463
"P","bimodal",10,0.1,1,0.5,"edgeR",0.04,20,0.729701966103846,0.00898116557947704
"P","bimodal",10,0.1,1,0.5,"edgeR",0.05,20,0.737710884618955,0.009056191267852
"P","bimodal",10,0.1,1,0.5,"edgeR",0.06,20,0.74454713438289,0.00939972134069084
"P","bimodal",10,0.1,1,0.5,"edgeR",0.07,20,0.750316786759312,0.0090768836446633
"P","bimodal",10,0.1,1,0.5,"edgeR",0.08,20,0.754903302891815,0.00932218564947913
"P","bimodal",10,0.1,1,0.5,"edgeR",0.09,20,0.759066416840637,0.00913527325748847
"P","bimodal",10,0.1,1,0.5,"edgeR",0.1,20,0.763119669188831,0.00882783533166851
"P","bimodal",10,0.1,1,0.5,"edgeR",0.11,20,0.766545300477013,0.00900195598549156
"P","bimodal",10,0.1,1,0.5,"edgeR",0.12,20,0.770083367266565,0.0089003845519389
"P","bimodal",10,0.1,1,0.5,"edgeR",0.13,20,0.774251659797806,0.008817932851796
"P","bimodal",10,0.1,1,0.5,"edgeR",0.14,20,0.77714614744373,0.00895521643883863
"P","bimodal",10,0.1,1,0.5,"edgeR",0.15,20,0.77992420246938,0.00878033670502194
"P","bimodal",10,0.1,1,0.5,"edgeR",0.16,20,0.783338511647646,0.00868085786205581
"P","bimodal",10,0.1,1,0.5,"edgeR",0.17,20,0.786007783461753,0.00881976540021709
"P","bimodal",10,0.1,1,0.5,"edgeR",0.18,20,0.790276595762464,0.00873406166099853
"P","bimodal",10,0.1,1,0.5,"edgeR",0.19,20,0.793256875974195,0.00867027473120945
"P","bimodal",10,0.1,1,0.5,"edgeR",0.2,20,0.795625378279812,0.00875161423556085
"P","bimodal",10,0.1,1,0.5,"edgeR",0.21,20,0.797758653357714,0.00869703136354021
"P","bimodal",10,0.1,1,0.5,"edgeR",0.22,20,0.800012427927063,0.0087661365627489
"P","bimodal",10,0.1,1,0.5,"edgeR",0.23,20,0.801717168713305,0.00867161373140014
"P","bimodal",10,0.1,1,0.5,"edgeR",0.24,20,0.804499888180636,0.00858311300936017
"P","bimodal",10,0.1,1,0.5,"edgeR",0.25,20,0.807163382691991,0.0083232200099448
"P","bimodal",10,0.1,1,0.5,"edgeR",0.26,20,0.809395555306499,0.00822890627328949
"P","bimodal",10,0.1,1,0.5,"edgeR",0.27,20,0.810878007170721,0.00800127442552697
"P","bimodal",10,0.1,1,0.5,"edgeR",0.28,20,0.811947405337563,0.00808124587192641
"P","bimodal",10,0.1,1,0.5,"edgeR",0.29,20,0.813670245387558,0.00805551041012976
"P","bimodal",10,0.1,1,0.5,"edgeR",0.3,20,0.815053855229735,0.00791406468399215
"P","bimodal",10,0.1,1,0.5,"limma",0,20,0.23792922674226,0.0125903019907725
"P","bimodal",10,0.1,1,0.5,"limma",0.01,20,0.266118089138122,0.0120551154731848
"P","bimodal",10,0.1,1,0.5,"limma",0.02,20,0.27797994313135,0.0113005206880021
"P","bimodal",10,0.1,1,0.5,"limma",0.03,20,0.283337257404836,0.0113248455560453
"P","bimodal",10,0.1,1,0.5,"limma",0.04,20,0.290952445135931,0.0108661768763415
"P","bimodal",10,0.1,1,0.5,"limma",0.05,20,0.294587576756905,0.0106907653734845
"P","bimodal",10,0.1,1,0.5,"limma",0.06,20,0.297458495654893,0.0106290111825185
"P","bimodal",10,0.1,1,0.5,"limma",0.07,20,0.300653477684473,0.0107387208769232
"P","bimodal",10,0.1,1,0.5,"limma",0.08,20,0.303974508687278,0.0107472294983436
"P","bimodal",10,0.1,1,0.5,"limma",0.09,20,0.307404242856212,0.0111001750749124
"P","bimodal",10,0.1,1,0.5,"limma",0.1,20,0.310176563746017,0.0108561891431746
"P","bimodal",10,0.1,1,0.5,"limma",0.11,20,0.312862126308115,0.0108874128444592
"P","bimodal",10,0.1,1,0.5,"limma",0.12,20,0.317022068561042,0.0104867823831668
"P","bimodal",10,0.1,1,0.5,"limma",0.13,20,0.319484123924798,0.0104443376163326
"P","bimodal",10,0.1,1,0.5,"limma",0.14,20,0.322158800408194,0.010524763123635
"P","bimodal",10,0.1,1,0.5,"limma",0.15,20,0.323539407689981,0.010476406990718
"P","bimodal",10,0.1,1,0.5,"limma",0.16,20,0.327376851388069,0.0107267514894766
"P","bimodal",10,0.1,1,0.5,"limma",0.17,20,0.330705815952646,0.0108298188475918
"P","bimodal",10,0.1,1,0.5,"limma",0.18,20,0.334348753022998,0.0116011670326408
"P","bimodal",10,0.1,1,0.5,"limma",0.19,20,0.33797828068929,0.0116216224025097
"P","bimodal",10,0.1,1,0.5,"limma",0.2,20,0.341067565629256,0.0116643450187371
"P","bimodal",10,0.1,1,0.5,"limma",0.21,20,0.343853468332089,0.0117029875467084
"P","bimodal",10,0.1,1,0.5,"limma",0.22,20,0.345979734258604,0.0115881447521445
"P","bimodal",10,0.1,1,0.5,"limma",0.23,20,0.347588635384215,0.011417355302906
"P","bimodal",10,0.1,1,0.5,"limma",0.24,20,0.348656476265005,0.0114258233185351
"P","bimodal",10,0.1,1,0.5,"limma",0.25,20,0.351020431872011,0.0115698405182002
"P","bimodal",10,0.1,1,0.5,"limma",0.26,20,0.353051019157534,0.0112094287923749
"P","bimodal",10,0.1,1,0.5,"limma",0.27,20,0.355078831251859,0.0106452248023639
"P","bimodal",10,0.1,1,0.5,"limma",0.28,20,0.356261341425439,0.0106599423244174
"P","bimodal",10,0.1,1,0.5,"limma",0.29,20,0.356798265308546,0.0107108980670133
"P","bimodal",10,0.1,1,0.5,"limma",0.3,20,0.35808388355402,0.0106762762839056
"P","bimodal",10,0.1,1,0.5,"TOX-log",0,20,0,0
"P","bimodal",10,0.1,1,0.5,"TOX-log",0.01,20,0.0301818352235448,0.0211524502306038
"P","bimodal",10,0.1,1,0.5,"TOX-log",0.02,20,0.109215926103719,0.0321842360845069
"P","bimodal",10,0.1,1,0.5,"TOX-log",0.03,20,0.141831324839485,0.0339796749853503
"P","bimodal",10,0.1,1,0.5,"TOX-log",0.04,20,0.157783563626057,0.0340912744272177
"P","bimodal",10,0.1,1,0.5,"TOX-log",0.05,20,0.191450024339959,0.0334089887089889
"P","bimodal",10,0.1,1,0.5,"TOX-log",0.06,20,0.217059913009929,0.0305157649968374
"P","bimodal",10,0.1,1,0.5,"TOX-log",0.07,20,0.241178340839797,0.0259230095307687
"P","bimodal",10,0.1,1,0.5,"TOX-log",0.08,20,0.271634467995678,0.0144098503727291
"P","bimodal",10,0.1,1,0.5,"TOX-log",0.09,20,0.278358677679624,0.0130262989846825
"P","bimodal",10,0.1,1,0.5,"TOX-log",0.1,20,0.281032350016385,0.0129177564170813
"P","bimodal",10,0.1,1,0.5,"TOX-log",0.11,20,0.283484775006281,0.0128074997945131
"P","bimodal",10,0.1,1,0.5,"TOX-log",0.12,20,0.286272513228927,0.0129501286360778
"P","bimodal",10,0.1,1,0.5,"TOX-log",0.13,20,0.287557584233375,0.0130113980206217
"P","bimodal",10,0.1,1,0.5,"TOX-log",0.14,20,0.291781744477329,0.0141523345791119
"P","bimodal",10,0.1,1,0.5,"TOX-log",0.15,20,0.293170702660762,0.0141520375123328
"P","bimodal",10,0.1,1,0.5,"TOX-log",0.16,20,0.298955846884841,0.01618335769991
"P","bimodal",10,0.1,1,0.5,"TOX-log",0.17,20,0.308918161329743,0.0172820079896635
"P","bimodal",10,0.1,1,0.5,"TOX-log",0.18,20,0.315307758798274,0.0184374554204876
"P","bimodal",10,0.1,1,0.5,"TOX-log",0.19,20,0.317650938525018,0.0187225040407541
"P","bimodal",10,0.1,1,0.5,"TOX-log",0.2,20,0.324056879143002,0.0195860137908059
"P","bimodal",10,0.1,1,0.5,"TOX-log",0.21,20,0.339200593078996,0.0190907814460724
"P","bimodal",10,0.1,1,0.5,"TOX-log",0.22,20,0.351334599178399,0.018751159510321
"P","bimodal",10,0.1,1,0.5,"TOX-log",0.23,20,0.358937259420613,0.0184939582545523
"P","bimodal",10,0.1,1,0.5,"TOX-log",0.24,20,0.362264924876059,0.0187518061901476
"P","bimodal",10,0.1,1,0.5,"TOX-log",0.25,20,0.368817338758888,0.0187978012294603
"P","bimodal",10,0.1,1,0.5,"TOX-log",0.26,20,0.384792414392938,0.0157457671866875
"P","bimodal",10,0.1,1,0.5,"TOX-log",0.27,20,0.388954498028556,0.0154264602374773
"P","bimodal",10,0.1,1,0.5,"TOX-log",0.28,20,0.392269266089173,0.0155921160671766
"P","bimodal",10,0.1,1,0.5,"TOX-log",0.29,20,0.397871289584416,0.0139285143502068
"P","bimodal",10,0.1,1,0.5,"TOX-log",0.3,20,0.399583910436089,0.0138924819800758
"P","bimodal",10,0.1,1,0.5,"TOX-log-blocked",0,20,0.13585509816255,0.0170549517742599
"P","bimodal",10,0.1,1,0.5,"TOX-log-blocked",0.01,20,0.139241788880044,0.0184450319941971
"P","bimodal",10,0.1,1,0.5,"TOX-log-blocked",0.02,20,0.177563480800895,0.0196943555976748
"P","bimodal",10,0.1,1,0.5,"TOX-log-blocked",0.03,20,0.208613196788745,0.0201461648323957
"P","bimodal",10,0.1,1,0.5,"TOX-log-blocked",0.04,20,0.226400310928048,0.0196562728803347
"P","bimodal",10,0.1,1,0.5,"TOX-log-blocked",0.05,20,0.239886324815825,0.0203595084352668
"P","bimodal",10,0.1,1,0.5,"TOX-log-blocked",0.06,20,0.255364457751721,0.0195804711755937
"P","bimodal",10,0.1,1,0.5,"TOX-log-blocked",0.07,20,0.271080082000118,0.017398439694156
"P","bimodal",10,0.1,1,0.5,"TOX-log-blocked",0.08,20,0.281298473043065,0.0166860314073538
"P","bimodal",10,0.1,1,0.5,"TOX-log-blocked",0.09,20,0.290303101385179,0.0161220060218121
"P","bimodal",10,0.1,1,0.5,"TOX-log-blocked",0.1,20,0.296352160915293,0.014592868557868
"P","bimodal",10,0.1,1,0.5,"TOX-log-blocked",0.11,20,0.300833081803645,0.014093023831589
"P","bimodal",10,0.1,1,0.5,"TOX-log-blocked",0.12,20,0.306789136574974,0.0135941473845687
"P","bimodal",10,0.1,1,0.5,"TOX-log-blocked",0.13,20,0.30989585725725,0.0137305554716956
"P","bimodal",10,0.1,1,0.5,"TOX-log-blocked",0.14,20,0.313355168924147,0.0142436644400142
"P","bimodal",10,0.1,1,0.5,"TOX-log-blocked",0.15,20,0.320606343883486,0.0159939222418337
"P","bimodal",10,0.1,1,0.5,"TOX-log-blocked",0.16,20,0.325727546134255,0.0163221138942095
"P","bimodal",10,0.1,1,0.5,"TOX-log-blocked",0.17,20,0.337940267275904,0.0179363011549713
"P","bimodal",10,0.1,1,0.5,"TOX-log-blocked",0.18,20,0.342650157611793,0.0185533941621159
"P","bimodal",10,0.1,1,0.5,"TOX-log-blocked",0.19,20,0.347030380472458,0.0187415238308872
"P","bimodal",10,0.1,1,0.5,"TOX-log-blocked",0.2,20,0.360806584317262,0.0180760820001791
"P","bimodal",10,0.1,1,0.5,"TOX-log-blocked",0.21,20,0.373669696029535,0.0178848999491318
"P","bimodal",10,0.1,1,0.5,"TOX-log-blocked",0.22,20,0.381880985076316,0.0173999169092376
"P","bimodal",10,0.1,1,0.5,"TOX-log-blocked",0.23,20,0.386699151272167,0.017462431786384
"P","bimodal",10,0.1,1,0.5,"TOX-log-blocked",0.24,20,0.39486891552584,0.0176362454561912
"P","bimodal",10,0.1,1,0.5,"TOX-log-blocked",0.25,20,0.405689587680319,0.0163506563407975
"P","bimodal",10,0.1,1,0.5,"TOX-log-blocked",0.26,20,0.412127976994379,0.0157092711361004
"P","bimodal",10,0.1,1,0.5,"TOX-log-blocked",0.27,20,0.416739186881351,0.0156737038641274
"P","bimodal",10,0.1,1,0.5,"TOX-log-blocked",0.28,20,0.418763071991107,0.0155845279897981
"P","bimodal",10,0.1,1,0.5,"TOX-log-blocked",0.29,20,0.425120071158171,0.0139597080263845
"P","bimodal",10,0.1,1,0.5,"TOX-log-blocked",0.3,20,0.430160158101717,0.0143947309459346
"P","bimodal",10,0.1,1,0.5,"TOX-log-boot",0,20,0.0715932803796648,0.0185911930965629
"P","bimodal",10,0.1,1,0.5,"TOX-log-boot",0.01,20,0.0800172911890063,0.0220399485458787
"P","bimodal",10,0.1,1,0.5,"TOX-log-boot",0.02,20,0.121710801473829,0.0248431822197382
"P","bimodal",10,0.1,1,0.5,"TOX-log-boot",0.03,20,0.138346007488362,0.0273340278010282
"P","bimodal",10,0.1,1,0.5,"TOX-log-boot",0.04,20,0.17127466660249,0.0258925520403532
"P","bimodal",10,0.1,1,0.5,"TOX-log-boot",0.05,20,0.211193912516247,0.0201117152241201
"P","bimodal",10,0.1,1,0.5,"TOX-log-boot",0.06,20,0.224094804440848,0.0197216040435252
"P","bimodal",10,0.1,1,0.5,"TOX-log-boot",0.07,20,0.235661759451033,0.0191063462476858
"P","bimodal",10,0.1,1,0.5,"TOX-log-boot",0.08,20,0.254161774505607,0.0170774363374153
"P","bimodal",10,0.1,1,0.5,"TOX-log-boot",0.09,20,0.261949049828019,0.016378935772721
"P","bimodal",10,0.1,1,0.5,"TOX-log-boot",0.1,20,0.270521024458994,0.0156668987068279
"P","bimodal",10,0.1,1,0.5,"TOX-log-boot",0.11,20,0.279051445519071,0.0149320414547964
"P","bimodal",10,0.1,1,0.5,"TOX-log-boot",0.12,20,0.2867243271071,0.0144826887546308
"P","bimodal",10,0.1,1,0.5,"TOX-log-boot",0.13,20,0.290259160883244,0.0145577822453249
"P","bimodal",10,0.1,1,0.5,"TOX-log-boot",0.14,20,0.294885655741458,0.0151104290162944
"P","bimodal",10,0.1,1,0.5,"TOX-log-boot",0.15,20,0.299207102128935,0.0159489432615136
"P","bimodal",10,0.1,1,0.5,"TOX-log-boot",0.16,20,0.304555563454962,0.0168055570673101
"P","bimodal",10,0.1,1,0.5,"TOX-log-boot",0.17,20,0.314786002391935,0.0179023416482526
"P","bimodal",10,0.1,1,0.5,"TOX-log-boot",0.18,20,0.322038215579984,0.0181727082070811
"P","bimodal",10,0.1,1,0.5,"TOX-log-boot",0.19,20,0.326624390563733,0.0184310248257807
"P","bimodal",10,0.1,1,0.5,"TOX-log-boot",0.2,20,0.336230895419614,0.0193938877685126
"P","bimodal",10,0.1,1,0.5,"TOX-log-boot",0.21,20,0.344314021296752,0.0185429799964929
"P","bimodal",10,0.1,1,0.5,"TOX-log-boot",0.22,20,0.355698850760862,0.0174887302955402
"P","bimodal",10,0.1,1,0.5,"TOX-log-boot",0.23,20,0.362466612589708,0.0171367089451969
"P","bimodal",10,0.1,1,0.5,"TOX-log-boot",0.24,20,0.369330413291175,0.0169125081922811
"P","bimodal",10,0.1,1,0.5,"TOX-log-boot",0.25,20,0.37597787478569,0.0166003832295538
"P","bimodal",10,0.1,1,0.5,"TOX-log-boot",0.26,20,0.384546918897125,0.0158037963566411
"P","bimodal",10,0.1,1,0.5,"TOX-log-boot",0.27,20,0.390111227362952,0.0150963929556285
"P","bimodal",10,0.1,1,0.5,"TOX-log-boot",0.28,20,0.393857130707692,0.015028613820425
"P","bimodal",10,0.1,1,0.5,"TOX-log-boot",0.29,20,0.396310257133971,0.0149903221375945
"P","bimodal",10,0.1,1,0.5,"TOX-log-boot",0.3,20,0.400953295855161,0.0135754253362211
"P","bimodal",10,0.1,1,0.5,"TOX-raw",0,20,0.28730547623152,0.0735454751956789
"P","bimodal",10,0.1,1,0.5,"TOX-raw",0.01,20,0.648824967557899,0.0104672056800992
"P","bimodal",10,0.1,1,0.5,"TOX-raw",0.02,20,0.668175411058428,0.00890823230949929
"P","bimodal",10,0.1,1,0.5,"TOX-raw",0.03,20,0.676958257457676,0.0087022265288851
"P","bimodal",10,0.1,1,0.5,"TOX-raw",0.04,20,0.685282528891535,0.00845501103713763
"P","bimodal",10,0.1,1,0.5,"TOX-raw",0.05,20,0.692888838003225,0.00816352197258491
"P","bimodal",10,0.1,1,0.5,"TOX-raw",0.06,20,0.697380303465791,0.00834818710755554
"P","bimodal",10,0.1,1,0.5,"TOX-raw",0.07,20,0.701977044375878,0.00863346927983054
"P","bimodal",10,0.1,1,0.5,"TOX-raw",0.08,20,0.705308474397035,0.00899737821260469
"P","bimodal",10,0.1,1,0.5,"TOX-raw",0.09,20,0.709999923848111,0.00882461250408565
"P","bimodal",10,0.1,1,0.5,"TOX-raw",0.1,20,0.714359529031191,0.00898462055973195
"P","bimodal",10,0.1,1,0.5,"TOX-raw",0.11,20,0.72072732466676,0.00921437966192674
"P","bimodal",10,0.1,1,0.5,"TOX-raw",0.12,20,0.726703663411573,0.00924251117015239
"P","bimodal",10,0.1,1,0.5,"TOX-raw",0.13,20,0.731313578440943,0.00939042372640947
"P","bimodal",10,0.1,1,0.5,"TOX-raw",0.14,20,0.73665738335805,0.00907425236342005
"P","bimodal",10,0.1,1,0.5,"TOX-raw",0.15,20,0.742126580463444,0.00909333749832112
"P","bimodal",10,0.1,1,0.5,"TOX-raw",0.16,20,0.746739466779408,0.00912555837660167
"P","bimodal",10,0.1,1,0.5,"TOX-raw",0.17,20,0.748874563147039,0.00914752717608196
"P","bimodal",10,0.1,1,0.5,"TOX-raw",0.18,20,0.751647220618795,0.00911598774919621
"P","bimodal",10,0.1,1,0.5,"TOX-raw",0.19,20,0.753884548228627,0.00899056074816594
"P","bimodal",10,0.1,1,0.5,"TOX-raw",0.2,20,0.756563540162581,0.00907343374622166
"P","bimodal",10,0.1,1,0.5,"TOX-raw",0.21,20,0.759660730044278,0.00926299919220618
"P","bimodal",10,0.1,1,0.5,"TOX-raw",0.22,20,0.762434901295338,0.00934092614085753
"P","bimodal",10,0.1,1,0.5,"TOX-raw",0.23,20,0.765636804652984,0.0091319795064111
"P","bimodal",10,0.1,1,0.5,"TOX-raw",0.24,20,0.767555219249522,0.00920165750315266
"P","bimodal",10,0.1,1,0.5,"TOX-raw",0.25,20,0.769045625942693,0.00905999266185452
"P","bimodal",10,0.1,1,0.5,"TOX-raw",0.26,20,0.77098524466032,0.00914570136383077
"P","bimodal",10,0.1,1,0.5,"TOX-raw",0.27,20,0.773443008626852,0.00897578943778142
"P","bimodal",10,0.1,1,0.5,"TOX-raw",0.28,20,0.77526521236474,0.00918156214302466
"P","bimodal",10,0.1,1,0.5,"TOX-raw",0.29,20,0.778051216610429,0.00926899955240781
"P","bimodal",10,0.1,1,0.5,"TOX-raw",0.3,20,0.779967502901501,0.00917133312781052
"P","bimodal",10,0.1,1,0.5,"TOX-raw-blocked",0,20,0.501837647600701,0.0261899170376361
"P","bimodal",10,0.1,1,0.5,"TOX-raw-blocked",0.01,20,0.584470254803937,0.0143362735046077
"P","bimodal",10,0.1,1,0.5,"TOX-raw-blocked",0.02,20,0.636280749650057,0.0104463763981208
"P","bimodal",10,0.1,1,0.5,"TOX-raw-blocked",0.03,20,0.656475173441764,0.00999745169692497
"P","bimodal",10,0.1,1,0.5,"TOX-raw-blocked",0.04,20,0.670885149995393,0.00962059049285105
"P","bimodal",10,0.1,1,0.5,"TOX-raw-blocked",0.05,20,0.678794116532373,0.00993063336583109
"P","bimodal",10,0.1,1,0.5,"TOX-raw-blocked",0.06,20,0.690119879490278,0.00901303944458673
"P","bimodal",10,0.1,1,0.5,"TOX-raw-blocked",0.07,20,0.699608851836746,0.00828584525251681
"P","bimodal",10,0.1,1,0.5,"TOX-raw-blocked",0.08,20,0.706342536460252,0.0084279895934265
"P","bimodal",10,0.1,1,0.5,"TOX-raw-blocked",0.09,20,0.71230784729806,0.00843082450990002
"P","bimodal",10,0.1,1,0.5,"TOX-raw-blocked",0.1,20,0.718604510600809,0.00851127390449605
"P","bimodal",10,0.1,1,0.5,"TOX-raw-blocked",0.11,20,0.724911057579862,0.00892376288767553
"P","bimodal",10,0.1,1,0.5,"TOX-raw-blocked",0.12,20,0.728969485371256,0.00887766187164094
"P","bimodal",10,0.1,1,0.5,"TOX-raw-blocked",0.13,20,0.732291755541043,0.00908806149634805
"P","bimodal",10,0.1,1,0.5,"TOX-raw-blocked",0.14,20,0.7364591799175,0.00939374765168411
"P","bimodal",10,0.1,1,0.5,"TOX-raw-blocked",0.15,20,0.740301008133772,0.00953691973102575
"P","bimodal",10,0.1,1,0.5,"TOX-raw-blocked",0.16,20,0.744918287269688,0.00963102953103784
"P","bimodal",10,0.1,1,0.5,"TOX-raw-blocked",0.17,20,0.747691439590157,0.0094464837262839
"P","bimodal",10,0.1,1,0.5,"TOX-raw-blocked",0.18,20,0.750156081694479,0.00944245876432454
"P","bimodal",10,0.1,1,0.5,"TOX-raw-blocked",0.19,20,0.753887077978191,0.0093360118613703
"P","bimodal",10,0.1,1,0.5,"TOX-raw-blocked",0.2,20,0.756351450588044,0.00934808894258451
"P","bimodal",10,0.1,1,0.5,"TOX-raw-blocked",0.21,20,0.760502175541826,0.00899515479838351
"P","bimodal",10,0.1,1,0.5,"TOX-raw-blocked",0.22,20,0.763163705617018,0.00883056976272097
"P","bimodal",10,0.1,1,0.5,"TOX-raw-blocked",0.23,20,0.765938804568478,0.00893132797669595
"P","bimodal",10,0.1,1,0.5,"TOX-raw-blocked",0.24,20,0.768087748973286,0.00893693859982822
"P","bimodal",10,0.1,1,0.5,"TOX-raw-blocked",0.25,20,0.771415709649247,0.00917431611581191
"P","bimodal",10,0.1,1,0.5,"TOX-raw-blocked",0.26,20,0.773024564154693,0.00924992914210954
"P","bimodal",10,0.1,1,0.5,"TOX-raw-blocked",0.27,20,0.775587865705768,0.00926878904013389
"P","bimodal",10,0.1,1,0.5,"TOX-raw-blocked",0.28,20,0.777844254949431,0.00916009726170413
"P","bimodal",10,0.1,1,0.5,"TOX-raw-blocked",0.29,20,0.779979630662972,0.00906827297825781
"P","bimodal",10,0.1,1,0.5,"TOX-raw-blocked",0.3,20,0.782009697808386,0.00898553600389226
"P","lnpois",3,0.1,1,0.5,"DESeq2",0,20,0.277912231456527,0.0160217030557922
"P","lnpois",3,0.1,1,0.5,"DESeq2",0.01,20,0.322372372147615,0.0143668242812994
"P","lnpois",3,0.1,1,0.5,"DESeq2",0.02,20,0.346670817057816,0.0137057130675116
"P","lnpois",3,0.1,1,0.5,"DESeq2",0.03,20,0.365436081557237,0.0131365936506072
"P","lnpois",3,0.1,1,0.5,"DESeq2",0.04,20,0.389348903606814,0.0135799836453397
"P","lnpois",3,0.1,1,0.5,"DESeq2",0.05,20,0.398398274681869,0.013730712671675
"P","lnpois",3,0.1,1,0.5,"DESeq2",0.06,20,0.40978287739332,0.0140003185296468
"P","lnpois",3,0.1,1,0.5,"DESeq2",0.07,20,0.423590468179766,0.0140918066108378
"P","lnpois",3,0.1,1,0.5,"DESeq2",0.08,20,0.430831663966094,0.0139618778278415
"P","lnpois",3,0.1,1,0.5,"DESeq2",0.09,20,0.440942566833992,0.0144317231814744
"P","lnpois",3,0.1,1,0.5,"DESeq2",0.1,20,0.446443300859511,0.0145275501442499
"P","lnpois",3,0.1,1,0.5,"DESeq2",0.11,20,0.452077712806011,0.0144886776088529
"P","lnpois",3,0.1,1,0.5,"DESeq2",0.12,20,0.457617594163303,0.0148074673995845
"P","lnpois",3,0.1,1,0.5,"DESeq2",0.13,20,0.461344634138963,0.0150688742238126
"P","lnpois",3,0.1,1,0.5,"DESeq2",0.14,20,0.466754826608291,0.0148962325332709
"P","lnpois",3,0.1,1,0.5,"DESeq2",0.15,20,0.46983251482261,0.0147062866722044
"P","lnpois",3,0.1,1,0.5,"DESeq2",0.16,20,0.474702756570698,0.0148148474808427
"P","lnpois",3,0.1,1,0.5,"DESeq2",0.17,20,0.480035816214414,0.0148051811589498
"P","lnpois",3,0.1,1,0.5,"DESeq2",0.18,20,0.486302974935521,0.01463599793186
"P","lnpois",3,0.1,1,0.5,"DESeq2",0.19,20,0.490438708890648,0.0145134808801228
"P","lnpois",3,0.1,1,0.5,"DESeq2",0.2,20,0.495647521013508,0.0144439070433188
"P","lnpois",3,0.1,1,0.5,"DESeq2",0.21,20,0.498823493841414,0.0142939383570103
"P","lnpois",3,0.1,1,0.5,"DESeq2",0.22,20,0.502739852552619,0.0141902901759427
"P","lnpois",3,0.1,1,0.5,"DESeq2",0.23,20,0.506992411613129,0.0140627388987911
"P","lnpois",3,0.1,1,0.5,"DESeq2",0.24,20,0.511970886896468,0.0139202637906604
"P","lnpois",3,0.1,1,0.5,"DESeq2",0.25,20,0.517085223015125,0.0137724509794063
"P","lnpois",3,0.1,1,0.5,"DESeq2",0.26,20,0.52133620000635,0.0139237139120787
"P","lnpois",3,0.1,1,0.5,"DESeq2",0.27,20,0.523559148300077,0.0137397059638227
"P","lnpois",3,0.1,1,0.5,"DESeq2",0.28,20,0.525902061935668,0.0136987196199555
"P","lnpois",3,0.1,1,0.5,"DESeq2",0.29,20,0.530902973735229,0.0138205979981424
"P","lnpois",3,0.1,1,0.5,"DESeq2",0.3,20,0.53409864811041,0.0137706969660296
"P","lnpois",3,0.1,1,0.5,"edgeR",0,20,0.294477198511548,0.0158340324247478
"P","lnpois",3,0.1,1,0.5,"edgeR",0.01,20,0.34207551762277,0.013025910615136
"P","lnpois",3,0.1,1,0.5,"edgeR",0.02,20,0.369859635947099,0.0131183763717073
"P","lnpois",3,0.1,1,0.5,"edgeR",0.03,20,0.386391064294351,0.0133805877226745
"P","lnpois",3,0.1,1,0.5,"edgeR",0.04,20,0.400863316415983,0.0144838901212695
"P","lnpois",3,0.1,1,0.5,"edgeR",0.05,20,0.418856195398315,0.0140895952056745
"P","lnpois",3,0.1,1,0.5,"edgeR",0.06,20,0.430989466865176,0.0140829729717607
"P","lnpois",3,0.1,1,0.5,"edgeR",0.07,20,0.440604661678839,0.0146997357867393
"P","lnpois",3,0.1,1,0.5,"edgeR",0.08,20,0.446781660230216,0.0146969541835825
"P","lnpois",3,0.1,1,0.5,"edgeR",0.09,20,0.451653834540338,0.0143352976157413
"P","lnpois",3,0.1,1,0.5,"edgeR",0.1,20,0.458777970431851,0.0144058154915176
"P","lnpois",3,0.1,1,0.5,"edgeR",0.11,20,0.464212506348526,0.0145156521722067
"P","lnpois",3,0.1,1,0.5,"edgeR",0.12,20,0.471004712232732,0.0144723855749445
"P","lnpois",3,0.1,1,0.5,"edgeR",0.13,20,0.475351963739653,0.0147582298720484
"P","lnpois",3,0.1,1,0.5,"edgeR",0.14,20,0.482676593194687,0.0147942522992157
"P","lnpois",3,0.1,1,0.5,"edgeR",0.15,20,0.487890195979378,0.0143962553940517
"P","lnpois",3,0.1,1,0.5,"edgeR",0.16,20,0.490543437536255,0.0142396067356075
"P","lnpois",3,0.1,1,0.5,"edgeR",0.17,20,0.494495420026485,0.0147794508587567
"P","lnpois",3,0.1,1,0.5,"edgeR",0.18,20,0.49748067769103,0.0147767693776524
"P","lnpois",3,0.1,1,0.5,"edgeR",0.19,20,0.501823149444174,0.0144944072582375
"P","lnpois",3,0.1,1,0.5,"edgeR",0.2,20,0.50532499435645,0.0144941881943059
"P","lnpois",3,0.1,1,0.5,"edgeR",0.21,20,0.508812377392839,0.0142887561409171
"P","lnpois",3,0.1,1,0.5,"edgeR",0.22,20,0.512630676683584,0.0144796964880461
"P","lnpois",3,0.1,1,0.5,"edgeR",0.23,20,0.51709750406197,0.0145580023337246
"P","lnpois",3,0.1,1,0.5,"edgeR",0.24,20,0.520065504718651,0.014313145426364
"P","lnpois",3,0.1,1,0.5,"edgeR",0.25,20,0.522404143449069,0.0142720522524867
"P","lnpois",3,0.1,1,0.5,"edgeR",0.26,20,0.526543523409811,0.0141388921506129
"P","lnpois",3,0.1,1,0.5,"edgeR",0.27,20,0.529951102159225,0.013859791545826
"P","lnpois",3,0.1,1,0.5,"edgeR",0.28,20,0.533363245845621,0.013746193895527
"P","lnpois",3,0.1,1,0.5,"edgeR",0.29,20,0.536858800103943,0.0138323893730783
"P","lnpois",3,0.1,1,0.5,"edgeR",0.3,20,0.540461389644187,0.0137240181633555
"P","lnpois",3,0.1,1,0.5,"limma",0,20,0.316570598846117,0.015928885628687
"P","lnpois",3,0.1,1,0.5,"limma",0.01,20,0.34701763138881,0.0162689487003935
"P","lnpois",3,0.1,1,0.5,"limma",0.02,20,0.382319766291713,0.0165451953268825
"P","lnpois",3,0.1,1,0.5,"limma",0.03,20,0.402571003496857,0.0147315705362168
"P","lnpois",3,0.1,1,0.5,"limma",0.04,20,0.414281402535461,0.0147306931044439
"P","lnpois",3,0.1,1,0.5,"limma",0.05,20,0.429972631866314,0.0135305420946142
"P","lnpois",3,0.1,1,0.5,"limma",0.06,20,0.439492810221982,0.013231549783267
"P","lnpois",3,0.1,1,0.5,"limma",0.07,20,0.448657105324935,0.0139503606899849
"P","lnpois",3,0.1,1,0.5,"limma",0.08,20,0.456438824980363,0.0142615335444657
"P","lnpois",3,0.1,1,0.5,"limma",0.09,20,0.463457969404079,0.0142206903454628
"P","lnpois",3,0.1,1,0.5,"limma",0.1,20,0.466844878649948,0.0140104064821667
"P","lnpois",3,0.1,1,0.5,"limma",0.11,20,0.472476173523601,0.0142058739344631
"P","lnpois",3,0.1,1,0.5,"limma",0.12,20,0.477249964950638,0.0144776959129299
"P","lnpois",3,0.1,1,0.5,"limma",0.13,20,0.483082410586147,0.0144732690338909
"P","lnpois",3,0.1,1,0.5,"limma",0.14,20,0.487842389087608,0.0146081575339838
"P","lnpois",3,0.1,1,0.5,"limma",0.15,20,0.493151909765656,0.0141096603017857
"P","lnpois",3,0.1,1,0.5,"limma",0.16,20,0.497307196144375,0.0140544894945898
"P","lnpois",3,0.1,1,0.5,"limma",0.17,20,0.500708056124386,0.0140268508694506
"P","lnpois",3,0.1,1,0.5,"limma",0.18,20,0.505050562924341,0.0137992543031544
"P","lnpois",3,0.1,1,0.5,"limma",0.19,20,0.510990492459729,0.0135604601290668
"P","lnpois",3,0.1,1,0.5,"limma",0.2,20,0.516713461552123,0.0133498935828385
"P","lnpois",3,0.1,1,0.5,"limma",0.21,20,0.519783988981858,0.0133425227064362
"P","lnpois",3,0.1,1,0.5,"limma",0.22,20,0.523617583590965,0.0135736113614742
"P","lnpois",3,0.1,1,0.5,"limma",0.23,20,0.526701476550352,0.0134541717312726
"P","lnpois",3,0.1,1,0.5,"limma",0.24,20,0.530217603423135,0.0132602382353071
"P","lnpois",3,0.1,1,0.5,"limma",0.25,20,0.532460598791403,0.0133340874015629
"P","lnpois",3,0.1,1,0.5,"limma",0.26,20,0.537552799625997,0.0131153606461474
"P","lnpois",3,0.1,1,0.5,"limma",0.27,20,0.541148791764829,0.0131864915883993
"P","lnpois",3,0.1,1,0.5,"limma",0.28,20,0.544859617017733,0.013141453359413
"P","lnpois",3,0.1,1,0.5,"limma",0.29,20,0.548672732336577,0.0133044585875815
"P","lnpois",3,0.1,1,0.5,"limma",0.3,20,0.553150340010985,0.0135188178405183
"P","lnpois",3,0.1,1,0.5,"TOX-log",0,20,0.13713910846894,0.0396165327312687
"P","lnpois",3,0.1,1,0.5,"TOX-log",0.01,20,0.286286906977531,0.0354875975527536
"P","lnpois",3,0.1,1,0.5,"TOX-log",0.02,20,0.365944292037237,0.0156802469321419
"P","lnpois",3,0.1,1,0.5,"TOX-log",0.03,20,0.392192310986495,0.0153637593878549
"P","lnpois",3,0.1,1,0.5,"TOX-log",0.04,20,0.41336122257985,0.0160183323153462
"P","lnpois",3,0.1,1,0.5,"TOX-log",0.05,20,0.425664230259541,0.0148928549076729
"P","lnpois",3,0.1,1,0.5,"TOX-log",0.06,20,0.435660705655281,0.0154067904078876
"P","lnpois",3,0.1,1,0.5,"TOX-log",0.07,20,0.448076675737015,0.0154144421106112
"P","lnpois",3,0.1,1,0.5,"TOX-log",0.08,20,0.456060566284873,0.0153060329181409
"P","lnpois",3,0.1,1,0.5,"TOX-log",0.09,20,0.463809216618684,0.0149696833436803
"P","lnpois",3,0.1,1,0.5,"TOX-log",0.1,20,0.470056578082064,0.0152127057230377
"P","lnpois",3,0.1,1,0.5,"TOX-log",0.11,20,0.475248320489396,0.0150631706697159
"P","lnpois",3,0.1,1,0.5,"TOX-log",0.12,20,0.482170560914147,0.015409760442038
"P","lnpois",3,0.1,1,0.5,"TOX-log",0.13,20,0.489908036843689,0.0150365363610972
"P","lnpois",3,0.1,1,0.5,"TOX-log",0.14,20,0.494148790711848,0.0147723966752266
"P","lnpois",3,0.1,1,0.5,"TOX-log",0.15,20,0.49830519241516,0.0148096663110252
"P","lnpois",3,0.1,1,0.5,"TOX-log",0.16,20,0.503632059098411,0.0148408419278617
"P","lnpois",3,0.1,1,0.5,"TOX-log",0.17,20,0.506807644693912,0.0147712911688309
"P","lnpois",3,0.1,1,0.5,"TOX-log",0.18,20,0.510406529402068,0.0145472622267686
"P","lnpois",3,0.1,1,0.5,"TOX-log",0.19,20,0.515198542011171,0.0145928633549231
"P","lnpois",3,0.1,1,0.5,"TOX-log",0.2,20,0.519968909855685,0.0142807882631665
"P","lnpois",3,0.1,1,0.5,"TOX-log",0.21,20,0.523169345770102,0.0144838316138746
"P","lnpois",3,0.1,1,0.5,"TOX-log",0.22,20,0.526976042690579,0.0143237574915371
"P","lnpois",3,0.1,1,0.5,"TOX-log",0.23,20,0.530472628384239,0.014314141911041
"P","lnpois",3,0.1,1,0.5,"TOX-log",0.24,20,0.535043972517479,0.0143954938511949
"P","lnpois",3,0.1,1,0.5,"TOX-log",0.25,20,0.538454812343799,0.0142357663932778
"P","lnpois",3,0.1,1,0.5,"TOX-log",0.26,20,0.543229950119769,0.0141792950218421
"P","lnpois",3,0.1,1,0.5,"TOX-log",0.27,20,0.548097761522058,0.0144334527083369
"P","lnpois",3,0.1,1,0.5,"TOX-log",0.28,20,0.551600898758237,0.014263571090379
"P","lnpois",3,0.1,1,0.5,"TOX-log",0.29,20,0.55468135901438,0.0143374507903638
"P","lnpois",3,0.1,1,0.5,"TOX-log",0.3,20,0.558724202155969,0.0144522587293845
"P","lnpois",3,0.1,1,0.5,"TOX-log-blocked",0,20,0.30900571442442,0.0162425772335778
"P","lnpois",3,0.1,1,0.5,"TOX-log-blocked",0.01,20,0.341035732960256,0.014716989499185
"P","lnpois",3,0.1,1,0.5,"TOX-log-blocked",0.02,20,0.377073639508497,0.0160756393503313
"P","lnpois",3,0.1,1,0.5,"TOX-log-blocked",0.03,20,0.401220755429904,0.0155900027454116
"P","lnpois",3,0.1,1,0.5,"TOX-log-blocked",0.04,20,0.419312402934811,0.0150575276962324
"P","lnpois",3,0.1,1,0.5,"TOX-log-blocked",0.05,20,0.428234295903264,0.0151625117859686
"P","lnpois",3,0.1,1,0.5,"TOX-log-blocked",0.06,20,0.439362746238668,0.0147104937152119
"P","lnpois",3,0.1,1,0.5,"TOX-log-blocked",0.07,20,0.452211706288394,0.0145253402131228
"P","lnpois",3,0.1,1,0.5,"TOX-log-blocked",0.08,20,0.460507605327898,0.0146787444029925
"P","lnpois",3,0.1,1,0.5,"TOX-log-blocked",0.09,20,0.466016680788945,0.015076134497236
"P","lnpois",3,0.1,1,0.5,"TOX-log-blocked",0.1,20,0.473128071921498,0.0151253233654423
"P","lnpois",3,0.1,1,0.5,"TOX-log-blocked",0.11,20,0.47802608441101,0.0152061016251018
"P","lnpois",3,0.1,1,0.5,"TOX-log-blocked",0.12,20,0.483017626639146,0.0155387506054451
"P","lnpois",3,0.1,1,0.5,"TOX-log-blocked",0.13,20,0.489693632584753,0.0153829031419084
"P","lnpois",3,0.1,1,0.5,"TOX-log-blocked",0.14,20,0.495612736391287,0.0151177375906868
"P","lnpois",3,0.1,1,0.5,"TOX-log-blocked",0.15,20,0.499236259642399,0.015032602872406
"P","lnpois",3,0.1,1,0.5,"TOX-log-blocked",0.16,20,0.504860331918187,0.0144231480929966
"P","lnpois",3,0.1,1,0.5,"TOX-log-blocked",0.17,20,0.507435638001281,0.0147330416142223
"P","lnpois",3,0.1,1,0.5,"TOX-log-blocked",0.18,20,0.511700508764447,0.0144870369647282
"P","lnpois",3,0.1,1,0.5,"TOX-log-blocked",0.19,20,0.516592054712,0.0145301058168672
"P","lnpois",3,0.1,1,0.5,"TOX-log-blocked",0.2,20,0.520292028023196,0.0144191994004418
"P","lnpois",3,0.1,1,0.5,"TOX-log-blocked",0.21,20,0.525284392821723,0.0145959221345418
"P","lnpois",3,0.1,1,0.5,"TOX-log-blocked",0.22,20,0.528896885364274,0.0145393078519883
"P","lnpois",3,0.1,1,0.5,"TOX-log-blocked",0.23,20,0.531752059403913,0.0143974155378261
"P","lnpois",3,0.1,1,0.5,"TOX-log-blocked",0.24,20,0.535354757718721,0.0143022264462749
"P","lnpois",3,0.1,1,0.5,"TOX-log-blocked",0.25,20,0.537797545322192,0.0142713732018602
"P","lnpois",3,0.1,1,0.5,"TOX-log-blocked",0.26,20,0.542693122798493,0.0142645646892887
"P","lnpois",3,0.1,1,0.5,"TOX-log-blocked",0.27,20,0.547787356588135,0.0144638186343507
"P","lnpois",3,0.1,1,0.5,"TOX-log-blocked",0.28,20,0.551504170307627,0.0142101236902724
"P","lnpois",3,0.1,1,0.5,"TOX-log-blocked",0.29,20,0.555111900647981,0.0143283041606935
"P","lnpois",3,0.1,1,0.5,"TOX-log-blocked",0.3,20,0.5580842323557,0.0142844111016402
"P","lnpois",3,0.1,1,0.5,"TOX-log-boot",0,20,0.121264475449906,0.0384135879972657
"P","lnpois",3,0.1,1,0.5,"TOX-log-boot",0.01,20,0.277090723282529,0.0345903250381102
"P","lnpois",3,0.1,1,0.5,"TOX-log-boot",0.02,20,0.370970174625467,0.0170172793362249
"P","lnpois",3,0.1,1,0.5,"TOX-log-boot",0.03,20,0.396286541149848,0.0142642093513693
"P","lnpois",3,0.1,1,0.5,"TOX-log-boot",0.04,20,0.416843094232706,0.0145280681461036
"P","lnpois",3,0.1,1,0.5,"TOX-log-boot",0.05,20,0.427378558366888,0.0149560284285914
"P","lnpois",3,0.1,1,0.5,"TOX-log-boot",0.06,20,0.439669428683676,0.0145137407140005
"P","lnpois",3,0.1,1,0.5,"TOX-log-boot",0.07,20,0.450417967906563,0.014507367640933
"P","lnpois",3,0.1,1,0.5,"TOX-log-boot",0.08,20,0.459667369026242,0.0150530791004311
"P","lnpois",3,0.1,1,0.5,"TOX-log-boot",0.09,20,0.467614587057982,0.0152080067082996
"P","lnpois",3,0.1,1,0.5,"TOX-log-boot",0.1,20,0.474200042244579,0.0152329134649661
"P","lnpois",3,0.1,1,0.5,"TOX-log-boot",0.11,20,0.479281349526566,0.0152358356263744
"P","lnpois",3,0.1,1,0.5,"TOX-log-boot",0.12,20,0.484157843270389,0.0152726804249596
"P","lnpois",3,0.1,1,0.5,"TOX-log-boot",0.13,20,0.490311394326884,0.0150575381436662
"P","lnpois",3,0.1,1,0.5,"TOX-log-boot",0.14,20,0.49403313960374,0.0149308616189428
"P","lnpois",3,0.1,1,0.5,"TOX-log-boot",0.15,20,0.497649686548164,0.0149621715917927
"P","lnpois",3,0.1,1,0.5,"TOX-log-boot",0.16,20,0.502111246859594,0.0148353914068089
"P","lnpois",3,0.1,1,0.5,"TOX-log-boot",0.17,20,0.506679173587057,0.0145773846504247
"P","lnpois",3,0.1,1,0.5,"TOX-log-boot",0.18,20,0.513276050289952,0.0142780779289806
"P","lnpois",3,0.1,1,0.5,"TOX-log-boot",0.19,20,0.516039845940586,0.0143221825932155
"P","lnpois",3,0.1,1,0.5,"TOX-log-boot",0.2,20,0.519654507762997,0.0144269548932698
"P","lnpois",3,0.1,1,0.5,"TOX-log-boot",0.21,20,0.523258819966331,0.0147141776672196
"P","lnpois",3,0.1,1,0.5,"TOX-log-boot",0.22,20,0.527932447936467,0.0147903537135968
"P","lnpois",3,0.1,1,0.5,"TOX-log-boot",0.23,20,0.532092985061347,0.0147334680797142
"P","lnpois",3,0.1,1,0.5,"TOX-log-boot",0.24,20,0.534949660226556,0.0144841426813687
"P","lnpois",3,0.1,1,0.5,"TOX-log-boot",0.25,20,0.538762607262426,0.0140213323398492
"P","lnpois",3,0.1,1,0.5,"TOX-log-boot",0.26,20,0.543966655424521,0.014079987090728
"P","lnpois",3,0.1,1,0.5,"TOX-log-boot",0.27,20,0.546838998318163,0.0142721532288838
"P","lnpois",3,0.1,1,0.5,"TOX-log-boot",0.28,20,0.550549160940106,0.0143927326606971
"P","lnpois",3,0.1,1,0.5,"TOX-log-boot",0.29,20,0.553928758441612,0.0143831162044432
"P","lnpois",3,0.1,1,0.5,"TOX-log-boot",0.3,20,0.557451069414824,0.0146390779242371
"P","lnpois",3,0.1,1,0.5,"TOX-raw",0,20,0.145989067579039,0.0319995317183726
"P","lnpois",3,0.1,1,0.5,"TOX-raw",0.01,20,0.206254594711935,0.0296290575716696
"P","lnpois",3,0.1,1,0.5,"TOX-raw",0.02,20,0.287162468339613,0.0152473544294804
"P","lnpois",3,0.1,1,0.5,"TOX-raw",0.03,20,0.318128038106179,0.0158491778340822
"P","lnpois",3,0.1,1,0.5,"TOX-raw",0.04,20,0.340106935583202,0.0172358542363238
"P","lnpois",3,0.1,1,0.5,"TOX-raw",0.05,20,0.351727809244064,0.0180382311075311
"P","lnpois",3,0.1,1,0.5,"TOX-raw",0.06,20,0.369682266873191,0.0176106695753591
"P","lnpois",3,0.1,1,0.5,"TOX-raw",0.07,20,0.391296099981677,0.0175683734077045
"P","lnpois",3,0.1,1,0.5,"TOX-raw",0.08,20,0.405000230675893,0.0185041104350237
"P","lnpois",3,0.1,1,0.5,"TOX-raw",0.09,20,0.415921827611282,0.0180210784950999
"P","lnpois",3,0.1,1,0.5,"TOX-raw",0.1,20,0.430753642086793,0.0177398298060276
"P","lnpois",3,0.1,1,0.5,"TOX-raw",0.11,20,0.439879776851338,0.0170252195461668
"P","lnpois",3,0.1,1,0.5,"TOX-raw",0.12,20,0.448387987925287,0.0165126000382511
"P","lnpois",3,0.1,1,0.5,"TOX-raw",0.13,20,0.457468497796891,0.0159528615875712
"P","lnpois",3,0.1,1,0.5,"TOX-raw",0.14,20,0.462353724284933,0.0160452709409898
"P","lnpois",3,0.1,1,0.5,"TOX-raw",0.15,20,0.468969063221897,0.015766216613922
"P","lnpois",3,0.1,1,0.5,"TOX-raw",0.16,20,0.476713349222031,0.0156363484934499
"P","lnpois",3,0.1,1,0.5,"TOX-raw",0.17,20,0.484964041351442,0.0151392688023219
"P","lnpois",3,0.1,1,0.5,"TOX-raw",0.18,20,0.491093684900241,0.0148844141633698
"P","lnpois",3,0.1,1,0.5,"TOX-raw",0.19,20,0.496186945092169,0.0152495664811049
"P","lnpois",3,0.1,1,0.5,"TOX-raw",0.2,20,0.50064869506727,0.015117877151757
"P","lnpois",3,0.1,1,0.5,"TOX-raw",0.21,20,0.505329653996159,0.0150339919784518
"P","lnpois",3,0.1,1,0.5,"TOX-raw",0.22,20,0.509665360407978,0.0148331124153231
"P","lnpois",3,0.1,1,0.5,"TOX-raw",0.23,20,0.514132533341616,0.0147845684780625
"P","lnpois",3,0.1,1,0.5,"TOX-raw",0.24,20,0.519104682450733,0.0148445590760207
"P","lnpois",3,0.1,1,0.5,"TOX-raw",0.25,20,0.523049136653726,0.0145570827366142
"P","lnpois",3,0.1,1,0.5,"TOX-raw",0.26,20,0.527709151420464,0.0144360797245845
"P","lnpois",3,0.1,1,0.5,"TOX-raw",0.27,20,0.533132265378017,0.0144205548477251
"P","lnpois",3,0.1,1,0.5,"TOX-raw",0.28,20,0.536108699121784,0.0144034498366041
"P","lnpois",3,0.1,1,0.5,"TOX-raw",0.29,20,0.54142691102557,0.0141930531726156
"P","lnpois",3,0.1,1,0.5,"TOX-raw",0.3,20,0.545577015138307,0.014319368027109
"P","lnpois",3,0.1,1,0.5,"TOX-raw-blocked",0,20,0.156749583789301,0.0213410327447502
"P","lnpois",3,0.1,1,0.5,"TOX-raw-blocked",0.01,20,0.223911954161676,0.0294314692633814
"P","lnpois",3,0.1,1,0.5,"TOX-raw-blocked",0.02,20,0.31709837836384,0.0189294060888956
"P","lnpois",3,0.1,1,0.5,"TOX-raw-blocked",0.03,20,0.344485736319088,0.0164990289752412
"P","lnpois",3,0.1,1,0.5,"TOX-raw-blocked",0.04,20,0.366084067925114,0.0157009581521841
"P","lnpois",3,0.1,1,0.5,"TOX-raw-blocked",0.05,20,0.380407731384087,0.0154701571908378
"P","lnpois",3,0.1,1,0.5,"TOX-raw-blocked",0.06,20,0.392159487044719,0.0161519278069951
"P","lnpois",3,0.1,1,0.5,"TOX-raw-blocked",0.07,20,0.406544230540038,0.0157761265797301
"P","lnpois",3,0.1,1,0.5,"TOX-raw-blocked",0.08,20,0.418672449455263,0.0157132959233364
"P","lnpois",3,0.1,1,0.5,"TOX-raw-blocked",0.09,20,0.431850644808304,0.0165986919635615
"P","lnpois",3,0.1,1,0.5,"TOX-raw-blocked",0.1,20,0.443305351126478,0.0154799773917126
"P","lnpois",3,0.1,1,0.5,"TOX-raw-blocked",0.11,20,0.450109131442996,0.0154396457949452
"P","lnpois",3,0.1,1,0.5,"TOX-raw-blocked",0.12,20,0.456783688221648,0.0154064576365954
"P","lnpois",3,0.1,1,0.5,"TOX-raw-blocked",0.13,20,0.46409740107792,0.0155302543596956
"P","lnpois",3,0.1,1,0.5,"TOX-raw-blocked",0.14,20,0.470797915581224,0.0156260275937778
"P","lnpois",3,0.1,1,0.5,"TOX-raw-blocked",0.15,20,0.476818820809773,0.0157450745250757
"P","lnpois",3,0.1,1,0.5,"TOX-raw-blocked",0.16,20,0.483004358854922,0.0157945019255351
"P","lnpois",3,0.1,1,0.5,"TOX-raw-blocked",0.17,20,0.487335914725534,0.0156438292685888
"P","lnpois",3,0.1,1,0.5,"TOX-raw-blocked",0.18,20,0.49267085630195,0.0154368387579975
"P","lnpois",3,0.1,1,0.5,"TOX-raw-blocked",0.19,20,0.497327621318551,0.0150461678743156
"P","lnpois",3,0.1,1,0.5,"TOX-raw-blocked",0.2,20,0.502631702156653,0.0146414647525545
"P","lnpois",3,0.1,1,0.5,"TOX-raw-blocked",0.21,20,0.508162876979288,0.014527486517066
"P","lnpois",3,0.1,1,0.5,"TOX-raw-blocked",0.22,20,0.511255863373967,0.0145075019101977
"P","lnpois",3,0.1,1,0.5,"TOX-raw-blocked",0.23,20,0.516248610238252,0.0147681948102989
"P","lnpois",3,0.1,1,0.5,"TOX-raw-blocked",0.24,20,0.519853438891618,0.0146858436519567
"P","lnpois",3,0.1,1,0.5,"TOX-raw-blocked",0.25,20,0.524651580553992,0.014519096153377
"P","lnpois",3,0.1,1,0.5,"TOX-raw-blocked",0.26,20,0.527304830607531,0.014506663273082
"P","lnpois",3,0.1,1,0.5,"TOX-raw-blocked",0.27,20,0.532192790861006,0.0144610716924093
"P","lnpois",3,0.1,1,0.5,"TOX-raw-blocked",0.28,20,0.536649372189671,0.014513777860785
"P","lnpois",3,0.1,1,0.5,"TOX-raw-blocked",0.29,20,0.541631745778819,0.0142195392377335
"P","lnpois",3,0.1,1,0.5,"TOX-raw-blocked",0.3,20,0.546202762079391,0.0142289903189677
"P","lnpois",5,0.1,1,0.5,"DESeq2",0,20,0.382378208555432,0.0211204994069785
"P","lnpois",5,0.1,1,0.5,"DESeq2",0.01,20,0.430862715754844,0.0166912276328822
"P","lnpois",5,0.1,1,0.5,"DESeq2",0.02,20,0.464337542497565,0.0151910347537284
"P","lnpois",5,0.1,1,0.5,"DESeq2",0.03,20,0.485715563597727,0.0154872480764289
"P","lnpois",5,0.1,1,0.5,"DESeq2",0.04,20,0.500723814480814,0.0158356789699459
"P","lnpois",5,0.1,1,0.5,"DESeq2",0.05,20,0.510620079147435,0.0157801575825893
"P","lnpois",5,0.1,1,0.5,"DESeq2",0.06,20,0.522336172909799,0.0151135336701871
"P","lnpois",5,0.1,1,0.5,"DESeq2",0.07,20,0.53164826038058,0.0156327455676916
"P","lnpois",5,0.1,1,0.5,"DESeq2",0.08,20,0.539402002292687,0.0153182155698258
"P","lnpois",5,0.1,1,0.5,"DESeq2",0.09,20,0.545805810080002,0.0150898667592613
"P","lnpois",5,0.1,1,0.5,"DESeq2",0.1,20,0.551674652914551,0.0152532131257619
"P","lnpois",5,0.1,1,0.5,"DESeq2",0.11,20,0.558378930841653,0.0152575555278031
"P","lnpois",5,0.1,1,0.5,"DESeq2",0.12,20,0.564349348687544,0.0151681180676036
"P","lnpois",5,0.1,1,0.5,"DESeq2",0.13,20,0.568924485306834,0.0145527551595949
"P","lnpois",5,0.1,1,0.5,"DESeq2",0.14,20,0.572964602075016,0.0142399109644412
"P","lnpois",5,0.1,1,0.5,"DESeq2",0.15,20,0.578089757511405,0.014258984498344
"P","lnpois",5,0.1,1,0.5,"DESeq2",0.16,20,0.582352222837036,0.0141900158358822
"P","lnpois",5,0.1,1,0.5,"DESeq2",0.17,20,0.586394995913972,0.0140815264829778
"P","lnpois",5,0.1,1,0.5,"DESeq2",0.18,20,0.59228324734209,0.0143364027622705
"P","lnpois",5,0.1,1,0.5,"DESeq2",0.19,20,0.59634148666933,0.0145200892564476
"P","lnpois",5,0.1,1,0.5,"DESeq2",0.2,20,0.600617669893829,0.0147293295905757
"P","lnpois",5,0.1,1,0.5,"DESeq2",0.21,20,0.604138828156211,0.0145893575694688
"P","lnpois",5,0.1,1,0.5,"DESeq2",0.22,20,0.607536333181899,0.0146715244632013
"P","lnpois",5,0.1,1,0.5,"DESeq2",0.23,20,0.610193435482196,0.0144949163624474
"P","lnpois",5,0.1,1,0.5,"DESeq2",0.24,20,0.61530801625052,0.0140606041319945
"P","lnpois",5,0.1,1,0.5,"DESeq2",0.25,20,0.617755440552411,0.0141963166643486
"P","lnpois",5,0.1,1,0.5,"DESeq2",0.26,20,0.62148110901761,0.0141403034919253
"P","lnpois",5,0.1,1,0.5,"DESeq2",0.27,20,0.624778308465025,0.0140077343243284
"P","lnpois",5,0.1,1,0.5,"DESeq2",0.28,20,0.629121219180194,0.0138029903255799
"P","lnpois",5,0.1,1,0.5,"DESeq2",0.29,20,0.631150113621426,0.0138121123415122
"P","lnpois",5,0.1,1,0.5,"DESeq2",0.3,20,0.635925632451313,0.0133922389936071
"P","lnpois",5,0.1,1,0.5,"edgeR",0,20,0.41838855624772,0.0177387619775813
"P","lnpois",5,0.1,1,0.5,"edgeR",0.01,20,0.4678130214285,0.016636097113171
"P","lnpois",5,0.1,1,0.5,"edgeR",0.02,20,0.496147741575815,0.0158073841056166
"P","lnpois",5,0.1,1,0.5,"edgeR",0.03,20,0.51494321075719,0.0153879608630419
"P","lnpois",5,0.1,1,0.5,"edgeR",0.04,20,0.528326882761113,0.0148964419131376
"P","lnpois",5,0.1,1,0.5,"edgeR",0.05,20,0.534161736021051,0.0148466095379219
"P","lnpois",5,0.1,1,0.5,"edgeR",0.06,20,0.542804088487184,0.0149636172109096
"P","lnpois",5,0.1,1,0.5,"edgeR",0.07,20,0.550805305179244,0.0147105729993283
"P","lnpois",5,0.1,1,0.5,"edgeR",0.08,20,0.558473457123497,0.0145929923006025
"P","lnpois",5,0.1,1,0.5,"edgeR",0.09,20,0.564144591441052,0.0142326343586254
"P","lnpois",5,0.1,1,0.5,"edgeR",0.1,20,0.569910910551512,0.0143670781236343
"P","lnpois",5,0.1,1,0.5,"edgeR",0.11,20,0.576939693967574,0.0138222406790731
"P","lnpois",5,0.1,1,0.5,"edgeR",0.12,20,0.580574354092103,0.0138936720334378
"P","lnpois",5,0.1,1,0.5,"edgeR",0.13,20,0.584609236505104,0.0136596841064323
"P","lnpois",5,0.1,1,0.5,"edgeR",0.14,20,0.591211177499809,0.0134244336231867
"P","lnpois",5,0.1,1,0.5,"edgeR",0.15,20,0.596007427669461,0.0135078067523659
"P","lnpois",5,0.1,1,0.5,"edgeR",0.16,20,0.600706857250778,0.0132456000907567
"P","lnpois",5,0.1,1,0.5,"edgeR",0.17,20,0.603904374277591,0.0133124761088858
"P","lnpois",5,0.1,1,0.5,"edgeR",0.18,20,0.608891635199385,0.0137136753576074
"P","lnpois",5,0.1,1,0.5,"edgeR",0.19,20,0.61261685855467,0.0137747792300879
"P","lnpois",5,0.1,1,0.5,"edgeR",0.2,20,0.616245356670536,0.0140305233490783
"P","lnpois",5,0.1,1,0.5,"edgeR",0.21,20,0.618910637289007,0.0139475295204756
"P","lnpois",5,0.1,1,0.5,"edgeR",0.22,20,0.621579638990727,0.0140388731204846
"P","lnpois",5,0.1,1,0.5,"edgeR",0.23,20,0.626165998011407,0.0142495442139801
"P","lnpois",5,0.1,1,0.5,"edgeR",0.24,20,0.629554240093298,0.0141831083824522
"P","lnpois",5,0.1,1,0.5,"edgeR",0.25,20,0.633607872970577,0.0142016295892392
"P","lnpois",5,0.1,1,0.5,"edgeR",0.26,20,0.63648114917565,0.0142720297967955
"P","lnpois",5,0.1,1,0.5,"edgeR",0.27,20,0.640009265955049,0.0138272677542307
"P","lnpois",5,0.1,1,0.5,"edgeR",0.28,20,0.642777911044196,0.0138745145981003
"P","lnpois",5,0.1,1,0.5,"edgeR",0.29,20,0.645991191806475,0.0138649119289086
"P","lnpois",5,0.1,1,0.5,"edgeR",0.3,20,0.648124352189512,0.0140251391241662
"P","lnpois",5,0.1,1,0.5,"limma",0,20,0.420849118815988,0.0174725386069021
"P","lnpois",5,0.1,1,0.5,"limma",0.01,20,0.481120512990681,0.0164784938922587
"P","lnpois",5,0.1,1,0.5,"limma",0.02,20,0.512157101146021,0.0148428826844087
"P","lnpois",5,0.1,1,0.5,"limma",0.03,20,0.526317350362903,0.0142298086607374
"P","lnpois",5,0.1,1,0.5,"limma",0.04,20,0.536236461859465,0.0142873450470464
"P","lnpois",5,0.1,1,0.5,"limma",0.05,20,0.547648049927087,0.0142731032754958
"P","lnpois",5,0.1,1,0.5,"limma",0.06,20,0.558087197935431,0.0140962778062364
"P","lnpois",5,0.1,1,0.5,"limma",0.07,20,0.566283150630411,0.0141272535555315
"P","lnpois",5,0.1,1,0.5,"limma",0.08,20,0.571821509750583,0.0140986592177166
"P","lnpois",5,0.1,1,0.5,"limma",0.09,20,0.578330939532789,0.0140439012909838
"P","lnpois",5,0.1,1,0.5,"limma",0.1,20,0.584845373437858,0.0137482366813106
"P","lnpois",5,0.1,1,0.5,"limma",0.11,20,0.589709352262571,0.0135036742935162
"P","lnpois",5,0.1,1,0.5,"limma",0.12,20,0.595442388699519,0.0130829862262989
"P","lnpois",5,0.1,1,0.5,"limma",0.13,20,0.599682178863998,0.0132297804261942
"P","lnpois",5,0.1,1,0.5,"limma",0.14,20,0.604919650585112,0.0132788255503717
"P","lnpois",5,0.1,1,0.5,"limma",0.15,20,0.610584684223397,0.0136532363925857
"P","lnpois",5,0.1,1,0.5,"limma",0.16,20,0.613676192956656,0.0134713590539891
"P","lnpois",5,0.1,1,0.5,"limma",0.17,20,0.616230680952821,0.0133670251637471
"P","lnpois",5,0.1,1,0.5,"limma",0.18,20,0.620811974755017,0.0132904644181089
"P","lnpois",5,0.1,1,0.5,"limma",0.19,20,0.625606401839087,0.0134741188394914
"P","lnpois",5,0.1,1,0.5,"limma",0.2,20,0.629973189328584,0.0136877069392182
"P","lnpois",5,0.1,1,0.5,"limma",0.21,20,0.632732870938226,0.0136249826341131
"P","lnpois",5,0.1,1,0.5,"limma",0.22,20,0.635925100555295,0.0137138800309456
"P","lnpois",5,0.1,1,0.5,"limma",0.23,20,0.638271876770596,0.0136303201641077
"P","lnpois",5,0.1,1,0.5,"limma",0.24,20,0.641263749038313,0.0136824379735496
"P","lnpois",5,0.1,1,0.5,"limma",0.25,20,0.644363470294382,0.0134465226616838
"P","lnpois",5,0.1,1,0.5,"limma",0.26,20,0.646271647482364,0.0134871708799445
"P","lnpois",5,0.1,1,0.5,"limma",0.27,20,0.649152272807212,0.0136010612270078
"P","lnpois",5,0.1,1,0.5,"limma",0.28,20,0.652140019683625,0.0137746322378057
"P","lnpois",5,0.1,1,0.5,"limma",0.29,20,0.654701647792472,0.0135981344802448
"P","lnpois",5,0.1,1,0.5,"limma",0.3,20,0.655985933413903,0.0137360146277231
"P","lnpois",5,0.1,1,0.5,"TOX-log",0,20,0.284255770681294,0.0491352772990172
"P","lnpois",5,0.1,1,0.5,"TOX-log",0.01,20,0.473580200922066,0.0158350097619164
"P","lnpois",5,0.1,1,0.5,"TOX-log",0.02,20,0.513311105552742,0.0157613689102429
"P","lnpois",5,0.1,1,0.5,"TOX-log",0.03,20,0.52684103562089,0.0151168227443302
"P","lnpois",5,0.1,1,0.5,"TOX-log",0.04,20,0.542095603570673,0.0153068626012623
"P","lnpois",5,0.1,1,0.5,"TOX-log",0.05,20,0.552567065232985,0.0156826167971006
"P","lnpois",5,0.1,1,0.5,"TOX-log",0.06,20,0.561486622440823,0.0150978142921704
"P","lnpois",5,0.1,1,0.5,"TOX-log",0.07,20,0.571717820272641,0.0145068720752662
"P","lnpois",5,0.1,1,0.5,"TOX-log",0.08,20,0.578628249005412,0.0145199898274691
"P","lnpois",5,0.1,1,0.5,"TOX-log",0.09,20,0.587069042706192,0.0149485521381512
"P","lnpois",5,0.1,1,0.5,"TOX-log",0.1,20,0.59347590140853,0.0148818107499603
"P","lnpois",5,0.1,1,0.5,"TOX-log",0.11,20,0.599752999298689,0.0147534521444853
"P","lnpois",5,0.1,1,0.5,"TOX-log",0.12,20,0.60392244538872,0.0146276246801634
"P","lnpois",5,0.1,1,0.5,"TOX-log",0.13,20,0.608390986122599,0.0145294261401452
"P","lnpois",5,0.1,1,0.5,"TOX-log",0.14,20,0.612632929217567,0.0144730999846
"P","lnpois",5,0.1,1,0.5,"TOX-log",0.15,20,0.616799405451585,0.0145374186889326
"P","lnpois",5,0.1,1,0.5,"TOX-log",0.16,20,0.61956476771568,0.0144438449206591
"P","lnpois",5,0.1,1,0.5,"TOX-log",0.17,20,0.624331862153436,0.0142959754171304
"P","lnpois",5,0.1,1,0.5,"TOX-log",0.18,20,0.62740919019286,0.0140646706587855
"P","lnpois",5,0.1,1,0.5,"TOX-log",0.19,20,0.631595324197749,0.0143788884660416
"P","lnpois",5,0.1,1,0.5,"TOX-log",0.2,20,0.634046705840212,0.0142327500720887
"P","lnpois",5,0.1,1,0.5,"TOX-log",0.21,20,0.637894086634179,0.014347777813855
"P","lnpois",5,0.1,1,0.5,"TOX-log",0.22,20,0.64203933893659,0.0142551239553528
"P","lnpois",5,0.1,1,0.5,"TOX-log",0.23,20,0.644392786472487,0.0142727191798269
"P","lnpois",5,0.1,1,0.5,"TOX-log",0.24,20,0.647917022002696,0.0145123481595821
"P","lnpois",5,0.1,1,0.5,"TOX-log",0.25,20,0.650805996842002,0.0147118066757419
"P","lnpois",5,0.1,1,0.5,"TOX-log",0.26,20,0.653663161439406,0.0145612992371565
"P","lnpois",5,0.1,1,0.5,"TOX-log",0.27,20,0.656213877977872,0.0144198997329333
"P","lnpois",5,0.1,1,0.5,"TOX-log",0.28,20,0.659388763523094,0.0143061226077333
"P","lnpois",5,0.1,1,0.5,"TOX-log",0.29,20,0.661515169622797,0.0142295252428997
"P","lnpois",5,0.1,1,0.5,"TOX-log",0.3,20,0.665146452753221,0.0143911689618076
"P","lnpois",5,0.1,1,0.5,"TOX-log-blocked",0,20,0.431710670353171,0.0190821877901225
"P","lnpois",5,0.1,1,0.5,"TOX-log-blocked",0.01,20,0.487031375529782,0.0163160736472295
"P","lnpois",5,0.1,1,0.5,"TOX-log-blocked",0.02,20,0.511797963857144,0.0159423306703183
"P","lnpois",5,0.1,1,0.5,"TOX-log-blocked",0.03,20,0.530828399338622,0.0152716704750792
"P","lnpois",5,0.1,1,0.5,"TOX-log-blocked",0.04,20,0.543367043638755,0.0149835380772878
"P","lnpois",5,0.1,1,0.5,"TOX-log-blocked",0.05,20,0.553627289799299,0.015282819989364
"P","lnpois",5,0.1,1,0.5,"TOX-log-blocked",0.06,20,0.56148225129483,0.0149383697863359
"P","lnpois",5,0.1,1,0.5,"TOX-log-blocked",0.07,20,0.570856019633441,0.01468957548841
"P","lnpois",5,0.1,1,0.5,"TOX-log-blocked",0.08,20,0.579482338012444,0.0145236453761427
"P","lnpois",5,0.1,1,0.5,"TOX-log-blocked",0.09,20,0.585998758260429,0.0145236539467563
"P","lnpois",5,0.1,1,0.5,"TOX-log-blocked",0.1,20,0.59250621676133,0.0147917101285409
"P","lnpois",5,0.1,1,0.5,"TOX-log-blocked",0.11,20,0.600305728679019,0.0147421588348933
"P","lnpois",5,0.1,1,0.5,"TOX-log-blocked",0.12,20,0.605529328928626,0.0145068106474826
"P","lnpois",5,0.1,1,0.5,"TOX-log-blocked",0.13,20,0.608395613997282,0.0146752118752828
"P","lnpois",5,0.1,1,0.5,"TOX-log-blocked",0.14,20,0.612212209652088,0.0144095549798525
"P","lnpois",5,0.1,1,0.5,"TOX-log-blocked",0.15,20,0.616036284313799,0.0147146023464751
"P","lnpois",5,0.1,1,0.5,"TOX-log-blocked",0.16,20,0.620704354917622,0.0142885256459451
"P","lnpois",5,0.1,1,0.5,"TOX-log-blocked",0.17,20,0.624536499459209,0.0142297219548275
"P","lnpois",5,0.1,1,0.5,"TOX-log-blocked",0.18,20,0.628487666651904,0.0144133462341876
"P","lnpois",5,0.1,1,0.5,"TOX-log-blocked",0.19,20,0.632325062928585,0.0142174002345622
"P","lnpois",5,0.1,1,0.5,"TOX-log-blocked",0.2,20,0.634989753583822,0.0142412748549154
"P","lnpois",5,0.1,1,0.5,"TOX-log-blocked",0.21,20,0.637764310879596,0.0141980982288946
"P","lnpois",5,0.1,1,0.5,"TOX-log-blocked",0.22,20,0.641494456685315,0.0140263008710639
"P","lnpois",5,0.1,1,0.5,"TOX-log-blocked",0.23,20,0.645233493064098,0.0141547412729231
"P","lnpois",5,0.1,1,0.5,"TOX-log-blocked",0.24,20,0.647798872642853,0.0142880538402732
"P","lnpois",5,0.1,1,0.5,"TOX-log-blocked",0.25,20,0.650249621639721,0.0144113262134804
"P","lnpois",5,0.1,1,0.5,"TOX-log-blocked",0.26,20,0.653346927443933,0.0145871893511554
"P","lnpois",5,0.1,1,0.5,"TOX-log-blocked",0.27,20,0.656311731519116,0.0143753049401227
"P","lnpois",5,0.1,1,0.5,"TOX-log-blocked",0.28,20,0.659073848870892,0.0141956476041296
"P","lnpois",5,0.1,1,0.5,"TOX-log-blocked",0.29,20,0.662162569846628,0.0144282523252887
"P","lnpois",5,0.1,1,0.5,"TOX-log-blocked",0.3,20,0.665040396117162,0.0144943520109986
"P","lnpois",5,0.1,1,0.5,"TOX-log-boot",0,20,0.256564449192086,0.0545256797487019
"P","lnpois",5,0.1,1,0.5,"TOX-log-boot",0.01,20,0.472869962847287,0.0170620484344301
"P","lnpois",5,0.1,1,0.5,"TOX-log-boot",0.02,20,0.511731145087532,0.0169047714180484
"P","lnpois",5,0.1,1,0.5,"TOX-log-boot",0.03,20,0.527218542183623,0.015886685751221
"P","lnpois",5,0.1,1,0.5,"TOX-log-boot",0.04,20,0.543356786371137,0.0149206139046446
"P","lnpois",5,0.1,1,0.5,"TOX-log-boot",0.05,20,0.553932256019504,0.0152761291345974
"P","lnpois",5,0.1,1,0.5,"TOX-log-boot",0.06,20,0.562746864820172,0.0146902628187057
"P","lnpois",5,0.1,1,0.5,"TOX-log-boot",0.07,20,0.570320292228842,0.0142662537883942
"P","lnpois",5,0.1,1,0.5,"TOX-log-boot",0.08,20,0.579512363332061,0.0143428876339463
"P","lnpois",5,0.1,1,0.5,"TOX-log-boot",0.09,20,0.587720703522244,0.014573396161241
"P","lnpois",5,0.1,1,0.5,"TOX-log-boot",0.1,20,0.59326710778965,0.0144056997772539
"P","lnpois",5,0.1,1,0.5,"TOX-log-boot",0.11,20,0.597964833451687,0.0146850211185233
"P","lnpois",5,0.1,1,0.5,"TOX-log-boot",0.12,20,0.603810233024063,0.0146383964955803
"P","lnpois",5,0.1,1,0.5,"TOX-log-boot",0.13,20,0.607842236743801,0.0145057881019684
"P","lnpois",5,0.1,1,0.5,"TOX-log-boot",0.14,20,0.612103025750983,0.0147034904075049
"P","lnpois",5,0.1,1,0.5,"TOX-log-boot",0.15,20,0.61528245495404,0.0146166489622796
"P","lnpois",5,0.1,1,0.5,"TOX-log-boot",0.16,20,0.619544727691792,0.0145027116983932
"P","lnpois",5,0.1,1,0.5,"TOX-log-boot",0.17,20,0.624763750233535,0.0145022986085143
"P","lnpois",5,0.1,1,0.5,"TOX-log-boot",0.18,20,0.628270620192382,0.0143823851718177
"P","lnpois",5,0.1,1,0.5,"TOX-log-boot",0.19,20,0.631363093266868,0.0142787313528524
"P","lnpois",5,0.1,1,0.5,"TOX-log-boot",0.2,20,0.635200163585694,0.0141677278955598
"P","lnpois",5,0.1,1,0.5,"TOX-log-boot",0.21,20,0.638193262547143,0.0143590783722801
"P","lnpois",5,0.1,1,0.5,"TOX-log-boot",0.22,20,0.64149009391016,0.0142577979821118
"P","lnpois",5,0.1,1,0.5,"TOX-log-boot",0.23,20,0.644260404405565,0.0145291290266606
"P","lnpois",5,0.1,1,0.5,"TOX-log-boot",0.24,20,0.647573439363235,0.0145733281993513
"P","lnpois",5,0.1,1,0.5,"TOX-log-boot",0.25,20,0.650777716418278,0.0146603331667895
"P","lnpois",5,0.1,1,0.5,"TOX-log-boot",0.26,20,0.653321703066324,0.0146569314715304
"P","lnpois",5,0.1,1,0.5,"TOX-log-boot",0.27,20,0.656514004245342,0.0144877350811031
"P","lnpois",5,0.1,1,0.5,"TOX-log-boot",0.28,20,0.659285561147758,0.0142797897471169
"P","lnpois",5,0.1,1,0.5,"TOX-log-boot",0.29,20,0.66259205418834,0.0142694357849731
"P","lnpois",5,0.1,1,0.5,"TOX-log-boot",0.3,20,0.665998474517111,0.0145248089839539
"P","lnpois",5,0.1,1,0.5,"TOX-raw",0,20,0.259640774765686,0.0274783688135532
"P","lnpois",5,0.1,1,0.5,"TOX-raw",0.01,20,0.349329377351105,0.0188874716059902
"P","lnpois",5,0.1,1,0.5,"TOX-raw",0.02,20,0.4169850857312,0.0195824713399855
"P","lnpois",5,0.1,1,0.5,"TOX-raw",0.03,20,0.465807826144514,0.0173469713610638
"P","lnpois",5,0.1,1,0.5,"TOX-raw",0.04,20,0.489934271701927,0.015765971041916
"P","lnpois",5,0.1,1,0.5,"TOX-raw",0.05,20,0.509953899959474,0.0153042205615784
"P","lnpois",5,0.1,1,0.5,"TOX-raw",0.06,20,0.523934306942994,0.014664659987494
"P","lnpois",5,0.1,1,0.5,"TOX-raw",0.07,20,0.538142679272153,0.0148566681608445
"P","lnpois",5,0.1,1,0.5,"TOX-raw",0.08,20,0.548065514812263,0.0148187130120527
"P","lnpois",5,0.1,1,0.5,"TOX-raw",0.09,20,0.557795132504101,0.0144460774659819
"P","lnpois",5,0.1,1,0.5,"TOX-raw",0.1,20,0.563667838519892,0.0145028269137788
"P","lnpois",5,0.1,1,0.5,"TOX-raw",0.11,20,0.569022645899899,0.0146894812414931
"P","lnpois",5,0.1,1,0.5,"TOX-raw",0.12,20,0.577026188932118,0.014339485811117
"P","lnpois",5,0.1,1,0.5,"TOX-raw",0.13,20,0.584224793124096,0.0149424734324299
"P","lnpois",5,0.1,1,0.5,"TOX-raw",0.14,20,0.590310909090461,0.0150772728614543
"P","lnpois",5,0.1,1,0.5,"TOX-raw",0.15,20,0.597145776243102,0.0153561027272558
"P","lnpois",5,0.1,1,0.5,"TOX-raw",0.16,20,0.601290622573478,0.0156017553678076
"P","lnpois",5,0.1,1,0.5,"TOX-raw",0.17,20,0.605330281303373,0.0156201388834113
"P","lnpois",5,0.1,1,0.5,"TOX-raw",0.18,20,0.609481879611314,0.0154133631733655
"P","lnpois",5,0.1,1,0.5,"TOX-raw",0.19,20,0.61417025862855,0.0157164292338843
"P","lnpois",5,0.1,1,0.5,"TOX-raw",0.2,20,0.618420215108083,0.0154964128597465
"P","lnpois",5,0.1,1,0.5,"TOX-raw",0.21,20,0.620651465651987,0.0156559355806392
"P","lnpois",5,0.1,1,0.5,"TOX-raw",0.22,20,0.624815089325972,0.0157327361332984
"P","lnpois",5,0.1,1,0.5,"TOX-raw",0.23,20,0.628654256603037,0.0155588168634408
"P","lnpois",5,0.1,1,0.5,"TOX-raw",0.24,20,0.633233371711906,0.0152472230419633
"P","lnpois",5,0.1,1,0.5,"TOX-raw",0.25,20,0.637057045603561,0.0150375640631174
"P","lnpois",5,0.1,1,0.5,"TOX-raw",0.26,20,0.639299556147134,0.0150964632269954
"P","lnpois",5,0.1,1,0.5,"TOX-raw",0.27,20,0.643437151469757,0.0148156361751853
"P","lnpois",5,0.1,1,0.5,"TOX-raw",0.28,20,0.646215235812969,0.0150472361357621
"P","lnpois",5,0.1,1,0.5,"TOX-raw",0.29,20,0.648975646776769,0.0151482402326196
"P","lnpois",5,0.1,1,0.5,"TOX-raw",0.3,20,0.651637347917036,0.0152726237115219
"P","lnpois",5,0.1,1,0.5,"TOX-raw-blocked",0,20,0.336701098986641,0.0266807359265171
"P","lnpois",5,0.1,1,0.5,"TOX-raw-blocked",0.01,20,0.433609125079194,0.0192965941855469
"P","lnpois",5,0.1,1,0.5,"TOX-raw-blocked",0.02,20,0.488609165673344,0.0160665738234489
"P","lnpois",5,0.1,1,0.5,"TOX-raw-blocked",0.03,20,0.513633490893912,0.0150250372403049
"P","lnpois",5,0.1,1,0.5,"TOX-raw-blocked",0.04,20,0.524838019767325,0.0148424362916664
"P","lnpois",5,0.1,1,0.5,"TOX-raw-blocked",0.05,20,0.535580517160586,0.0152279137997243
"P","lnpois",5,0.1,1,0.5,"TOX-raw-blocked",0.06,20,0.543497745957453,0.0148671841202806
"P","lnpois",5,0.1,1,0.5,"TOX-raw-blocked",0.07,20,0.549704601264088,0.0151868304618918
"P","lnpois",5,0.1,1,0.5,"TOX-raw-blocked",0.08,20,0.558058018782135,0.0151518110792257
"P","lnpois",5,0.1,1,0.5,"TOX-raw-blocked",0.09,20,0.565727517732716,0.0151310998136563
"P","lnpois",5,0.1,1,0.5,"TOX-raw-blocked",0.1,20,0.574487891792187,0.0149186679369331
"P","lnpois",5,0.1,1,0.5,"TOX-raw-blocked",0.11,20,0.579087351097519,0.0150190162331976
"P","lnpois",5,0.1,1,0.5,"TOX-raw-blocked",0.12,20,0.585778287369084,0.0146261643035055
"P","lnpois",5,0.1,1,0.5,"TOX-raw-blocked",0.13,20,0.589738542118957,0.0147822108627447
"P","lnpois",5,0.1,1,0.5,"TOX-raw-blocked",0.14,20,0.593579976385246,0.0149496532585702
"P","lnpois",5,0.1,1,0.5,"TOX-raw-blocked",0.15,20,0.59816092867974,0.0149480556508592
"P","lnpois",5,0.1,1,0.5,"TOX-raw-blocked",0.16,20,0.603722810921191,0.0154229359051803
"P","lnpois",5,0.1,1,0.5,"TOX-raw-blocked",0.17,20,0.607463673747825,0.0154597701417552
"P","lnpois",5,0.1,1,0.5,"TOX-raw-blocked",0.18,20,0.612673019456077,0.0155415439223969
"P","lnpois",5,0.1,1,0.5,"TOX-raw-blocked",0.19,20,0.615861774058466,0.0154461152291754
"P","lnpois",5,0.1,1,0.5,"TOX-raw-blocked",0.2,20,0.619272926538896,0.0153535069834725
"P","lnpois",5,0.1,1,0.5,"TOX-raw-blocked",0.21,20,0.623430372782055,0.0153211121175669
"P","lnpois",5,0.1,1,0.5,"TOX-raw-blocked",0.22,20,0.627591197285842,0.0153674892981346
"P","lnpois",5,0.1,1,0.5,"TOX-raw-blocked",0.23,20,0.631546063464985,0.0154705065398583
"P","lnpois",5,0.1,1,0.5,"TOX-raw-blocked",0.24,20,0.635028078867966,0.0150836525689312
"P","lnpois",5,0.1,1,0.5,"TOX-raw-blocked",0.25,20,0.637693493728462,0.0150284262511456
"P","lnpois",5,0.1,1,0.5,"TOX-raw-blocked",0.26,20,0.641532164589857,0.015058586347122
"P","lnpois",5,0.1,1,0.5,"TOX-raw-blocked",0.27,20,0.644391588693691,0.0152045097330915
"P","lnpois",5,0.1,1,0.5,"TOX-raw-blocked",0.28,20,0.646630173140463,0.015366599993069
"P","lnpois",5,0.1,1,0.5,"TOX-raw-blocked",0.29,20,0.649385629032955,0.0152847043389999
"P","lnpois",5,0.1,1,0.5,"TOX-raw-blocked",0.3,20,0.651946799323299,0.0150885563951873
"P","lnpois",10,0.1,1,0.5,"DESeq2",0,20,0.539984277708928,0.0159011943979553
"P","lnpois",10,0.1,1,0.5,"DESeq2",0.01,20,0.590327326218771,0.0158822925901381
"P","lnpois",10,0.1,1,0.5,"DESeq2",0.02,20,0.615912431525911,0.0145009077544557
"P","lnpois",10,0.1,1,0.5,"DESeq2",0.03,20,0.633269399863709,0.0139302349518953
"P","lnpois",10,0.1,1,0.5,"DESeq2",0.04,20,0.644816620166127,0.014099426870546
"P","lnpois",10,0.1,1,0.5,"DESeq2",0.05,20,0.653752657121665,0.0133560967496119
"P","lnpois",10,0.1,1,0.5,"DESeq2",0.06,20,0.661415110566538,0.0130174623718933
"P","lnpois",10,0.1,1,0.5,"DESeq2",0.07,20,0.669621609120473,0.0126831747457255
"P","lnpois",10,0.1,1,0.5,"DESeq2",0.08,20,0.674207786761889,0.0130166504359213
"P","lnpois",10,0.1,1,0.5,"DESeq2",0.09,20,0.679007706694297,0.0128265032178508
"P","lnpois",10,0.1,1,0.5,"DESeq2",0.1,20,0.68348443977514,0.0128772577079802
"P","lnpois",10,0.1,1,0.5,"DESeq2",0.11,20,0.689369851882753,0.0132624022445693
"P","lnpois",10,0.1,1,0.5,"DESeq2",0.12,20,0.693628638545544,0.0132532396701526
"P","lnpois",10,0.1,1,0.5,"DESeq2",0.13,20,0.696197666069659,0.0132275359758145
"P","lnpois",10,0.1,1,0.5,"DESeq2",0.14,20,0.701194107234057,0.013142851761069
"P","lnpois",10,0.1,1,0.5,"DESeq2",0.15,20,0.703336674812139,0.0132148683442303
"P","lnpois",10,0.1,1,0.5,"DESeq2",0.16,20,0.707173269364776,0.013025732344324
"P","lnpois",10,0.1,1,0.5,"DESeq2",0.17,20,0.710798127821837,0.0128443331231427
"P","lnpois",10,0.1,1,0.5,"DESeq2",0.18,20,0.713895261402208,0.0127584000962815
"P","lnpois",10,0.1,1,0.5,"DESeq2",0.19,20,0.716660932016472,0.0128214144329887
"P","lnpois",10,0.1,1,0.5,"DESeq2",0.2,20,0.719441848329358,0.0128180984278716
"P","lnpois",10,0.1,1,0.5,"DESeq2",0.21,20,0.721254379282039,0.0128404533643798
"P","lnpois",10,0.1,1,0.5,"DESeq2",0.22,20,0.724355993981265,0.0128472941875701
"P","lnpois",10,0.1,1,0.5,"DESeq2",0.23,20,0.725846893476967,0.0127868424654797
"P","lnpois",10,0.1,1,0.5,"DESeq2",0.24,20,0.729148134525978,0.0126701483989463
"P","lnpois",10,0.1,1,0.5,"DESeq2",0.25,20,0.73181799832237,0.0126745044681584
"P","lnpois",10,0.1,1,0.5,"DESeq2",0.26,20,0.733101791401543,0.0126526822605512
"P","lnpois",10,0.1,1,0.5,"DESeq2",0.27,20,0.735021224249771,0.0126572970681016
"P","lnpois",10,0.1,1,0.5,"DESeq2",0.28,20,0.737142465093588,0.0123433882045008
"P","lnpois",10,0.1,1,0.5,"DESeq2",0.29,20,0.739074688539403,0.0122764637013879
"P","lnpois",10,0.1,1,0.5,"DESeq2",0.3,20,0.741415505065762,0.012196478828826
"P","lnpois",10,0.1,1,0.5,"edgeR",0,20,0.573848154468793,0.0144704436027826
"P","lnpois",10,0.1,1,0.5,"edgeR",0.01,20,0.622806419972957,0.0136283790001578
"P","lnpois",10,0.1,1,0.5,"edgeR",0.02,20,0.641139978363722,0.014269026381531
"P","lnpois",10,0.1,1,0.5,"edgeR",0.03,20,0.655451971296384,0.013864039751837
"P","lnpois",10,0.1,1,0.5,"edgeR",0.04,20,0.663571080227904,0.0138403774769075
"P","lnpois",10,0.1,1,0.5,"edgeR",0.05,20,0.668464228178213,0.0133933829959136
"P","lnpois",10,0.1,1,0.5,"edgeR",0.06,20,0.676029227144341,0.0133152520844491
"P","lnpois",10,0.1,1,0.5,"edgeR",0.07,20,0.680935905555135,0.0132351486653725
"P","lnpois",10,0.1,1,0.5,"edgeR",0.08,20,0.687229749512583,0.0133068256809962
"P","lnpois",10,0.1,1,0.5,"edgeR",0.09,20,0.69074727978554,0.013330706069636
"P","lnpois",10,0.1,1,0.5,"edgeR",0.1,20,0.694052150724873,0.0134190538002854
"P","lnpois",10,0.1,1,0.5,"edgeR",0.11,20,0.697352758730215,0.0131517441026997
"P","lnpois",10,0.1,1,0.5,"edgeR",0.12,20,0.701403012886899,0.0131259512620767
"P","lnpois",10,0.1,1,0.5,"edgeR",0.13,20,0.705337998218979,0.0128691788042131
"P","lnpois",10,0.1,1,0.5,"edgeR",0.14,20,0.708336836543351,0.0128791685322942
"P","lnpois",10,0.1,1,0.5,"edgeR",0.15,20,0.712084018334453,0.0127380386563754
"P","lnpois",10,0.1,1,0.5,"edgeR",0.16,20,0.715811613040094,0.0126482478315479
"P","lnpois",10,0.1,1,0.5,"edgeR",0.17,20,0.717618383053568,0.0125352566781229
"P","lnpois",10,0.1,1,0.5,"edgeR",0.18,20,0.720290972121264,0.0125054781879058
"P","lnpois",10,0.1,1,0.5,"edgeR",0.19,20,0.724135760943301,0.0126693220871571
"P","lnpois",10,0.1,1,0.5,"edgeR",0.2,20,0.726484785732799,0.0128932092815725
"P","lnpois",10,0.1,1,0.5,"edgeR",0.21,20,0.729146196217128,0.0128643112614324
"P","lnpois",10,0.1,1,0.5,"edgeR",0.22,20,0.732236096773079,0.0128698223517629
"P","lnpois",10,0.1,1,0.5,"edgeR",0.23,20,0.735014375181613,0.0127698136953445
"P","lnpois",10,0.1,1,0.5,"edgeR",0.24,20,0.738639373479378,0.0129026251591688
"P","lnpois",10,0.1,1,0.5,"edgeR",0.25,20,0.740984397147579,0.0129282108566553
"P","lnpois",10,0.1,1,0.5,"edgeR",0.26,20,0.742368746627922,0.0128857614485844
"P","lnpois",10,0.1,1,0.5,"edgeR",0.27,20,0.74461129375788,0.0128949231102604
"P","lnpois",10,0.1,1,0.5,"edgeR",0.28,20,0.74696518896124,0.0130284132991875
"P","lnpois",10,0.1,1,0.5,"edgeR",0.29,20,0.749431801206011,0.0127769993061416
"P","lnpois",10,0.1,1,0.5,"edgeR",0.3,20,0.751997253290275,0.0128171924788646
"P","lnpois",10,0.1,1,0.5,"limma",0,20,0.587232684171412,0.0121360519547624
"P","lnpois",10,0.1,1,0.5,"limma",0.01,20,0.633775087134072,0.0131516520530916
"P","lnpois",10,0.1,1,0.5,"limma",0.02,20,0.65266637448988,0.0134338546233979
"P","lnpois",10,0.1,1,0.5,"limma",0.03,20,0.662482712112304,0.0133237551142712
"P","lnpois",10,0.1,1,0.5,"limma",0.04,20,0.672320857323765,0.0139271810052096
"P","lnpois",10,0.1,1,0.5,"limma",0.05,20,0.678608371571743,0.0138954028181942
"P","lnpois",10,0.1,1,0.5,"limma",0.06,20,0.685976655565998,0.0136086396561783
"P","lnpois",10,0.1,1,0.5,"limma",0.07,20,0.69226858306339,0.013699328589159
"P","lnpois",10,0.1,1,0.5,"limma",0.08,20,0.697471619232654,0.0132016230030155
"P","lnpois",10,0.1,1,0.5,"limma",0.09,20,0.700884396909929,0.0132486698727073
"P","lnpois",10,0.1,1,0.5,"limma",0.1,20,0.706427913325744,0.013295555828639
"P","lnpois",10,0.1,1,0.5,"limma",0.11,20,0.710049418549237,0.0129841438118035
"P","lnpois",10,0.1,1,0.5,"limma",0.12,20,0.713459740425274,0.0128409087490519
"P","lnpois",10,0.1,1,0.5,"limma",0.13,20,0.717199185856179,0.0128366643372586
"P","lnpois",10,0.1,1,0.5,"limma",0.14,20,0.720415991981509,0.0127449587222908
"P","lnpois",10,0.1,1,0.5,"limma",0.15,20,0.723175969431457,0.0127336534186641
"P","lnpois",10,0.1,1,0.5,"limma",0.16,20,0.725620770743103,0.0126898236610215
"P","lnpois",10,0.1,1,0.5,"limma",0.17,20,0.728604624187377,0.0127120295979397
"P","lnpois",10,0.1,1,0.5,"limma",0.18,20,0.732664209048379,0.0130137606927769
"P","lnpois",10,0.1,1,0.5,"limma",0.19,20,0.73479736193083,0.0128877159299241
"P","lnpois",10,0.1,1,0.5,"limma",0.2,20,0.737374207812443,0.0131279031403434
"P","lnpois",10,0.1,1,0.5,"limma",0.21,20,0.740996085874028,0.0131964713730562
"P","lnpois",10,0.1,1,0.5,"limma",0.22,20,0.743669196462172,0.0130100324439404
"P","lnpois",10,0.1,1,0.5,"limma",0.23,20,0.745374767483849,0.0129250922215256
"P","lnpois",10,0.1,1,0.5,"limma",0.24,20,0.746975935133182,0.0129360721649673
"P","lnpois",10,0.1,1,0.5,"limma",0.25,20,0.749848160309111,0.0126557721941716
"P","lnpois",10,0.1,1,0.5,"limma",0.26,20,0.751872606930691,0.0126371786567782
"P","lnpois",10,0.1,1,0.5,"limma",0.27,20,0.754534850350597,0.0125067546406381
"P","lnpois",10,0.1,1,0.5,"limma",0.28,20,0.756345403888526,0.0125279944028226
"P","lnpois",10,0.1,1,0.5,"limma",0.29,20,0.758800793887703,0.012339360326893
"P","lnpois",10,0.1,1,0.5,"limma",0.3,20,0.760932151402414,0.0124010867145579
"P","lnpois",10,0.1,1,0.5,"TOX-log",0,20,0.558690509270611,0.0313670231842124
"P","lnpois",10,0.1,1,0.5,"TOX-log",0.01,20,0.641751729819699,0.0157186519939363
"P","lnpois",10,0.1,1,0.5,"TOX-log",0.02,20,0.658307935662685,0.0153590660233394
"P","lnpois",10,0.1,1,0.5,"TOX-log",0.03,20,0.671226046045613,0.0152438157970967
"P","lnpois",10,0.1,1,0.5,"TOX-log",0.04,20,0.680571484035778,0.0146079022332084
"P","lnpois",10,0.1,1,0.5,"TOX-log",0.05,20,0.688344443544124,0.0142692285787448
"P","lnpois",10,0.1,1,0.5,"TOX-log",0.06,20,0.693990938029308,0.0144064710479755
"P","lnpois",10,0.1,1,0.5,"TOX-log",0.07,20,0.698140427637449,0.0142061700777721
"P","lnpois",10,0.1,1,0.5,"TOX-log",0.08,20,0.703159474186117,0.013700937096446
"P","lnpois",10,0.1,1,0.5,"TOX-log",0.09,20,0.706995067972034,0.0138594111830987
"P","lnpois",10,0.1,1,0.5,"TOX-log",0.1,20,0.711047378300363,0.0137993539201566
"P","lnpois",10,0.1,1,0.5,"TOX-log",0.11,20,0.716073724621269,0.013866862774884
"P","lnpois",10,0.1,1,0.5,"TOX-log",0.12,20,0.72044072233323,0.0138954853578998
"P","lnpois",10,0.1,1,0.5,"TOX-log",0.13,20,0.72470672030573,0.0138725534295891
"P","lnpois",10,0.1,1,0.5,"TOX-log",0.14,20,0.728769774437837,0.0142827393292736
"P","lnpois",10,0.1,1,0.5,"TOX-log",0.15,20,0.733339219396341,0.0141463479323221
"P","lnpois",10,0.1,1,0.5,"TOX-log",0.16,20,0.736003861928077,0.0142005504170136
"P","lnpois",10,0.1,1,0.5,"TOX-log",0.17,20,0.738455232792633,0.0140639245902506
"P","lnpois",10,0.1,1,0.5,"TOX-log",0.18,20,0.741234064828913,0.0140929456703952
"P","lnpois",10,0.1,1,0.5,"TOX-log",0.19,20,0.743792363406616,0.0138365627047557
"P","lnpois",10,0.1,1,0.5,"TOX-log",0.2,20,0.746143079683829,0.0140395827162612
"P","lnpois",10,0.1,1,0.5,"TOX-log",0.21,20,0.748803324083747,0.0139724043117048
"P","lnpois",10,0.1,1,0.5,"TOX-log",0.22,20,0.750085269767877,0.0139073407333964
"P","lnpois",10,0.1,1,0.5,"TOX-log",0.23,20,0.751681638745758,0.0139532331102747
"P","lnpois",10,0.1,1,0.5,"TOX-log",0.24,20,0.753923619891783,0.0139687945877752
"P","lnpois",10,0.1,1,0.5,"TOX-log",0.25,20,0.756924858177288,0.0138539062606443
"P","lnpois",10,0.1,1,0.5,"TOX-log",0.26,20,0.759060280226192,0.0136878430148459
"P","lnpois",10,0.1,1,0.5,"TOX-log",0.27,20,0.760554370716106,0.0136558999605833
"P","lnpois",10,0.1,1,0.5,"TOX-log",0.28,20,0.762686747045649,0.0137766133189534
"P","lnpois",10,0.1,1,0.5,"TOX-log",0.29,20,0.764290854302319,0.0137858570773205
"P","lnpois",10,0.1,1,0.5,"TOX-log",0.3,20,0.767285403385018,0.0138830383066946
"P","lnpois",10,0.1,1,0.5,"TOX-log-blocked",0,20,0.5881336660453,0.0126400990990223
"P","lnpois",10,0.1,1,0.5,"TOX-log-blocked",0.01,20,0.638343442017716,0.016026096612308
"P","lnpois",10,0.1,1,0.5,"TOX-log-blocked",0.02,20,0.654900499065131,0.0158144282509803
"P","lnpois",10,0.1,1,0.5,"TOX-log-blocked",0.03,20,0.670781750108829,0.015469758096205
"P","lnpois",10,0.1,1,0.5,"TOX-log-blocked",0.04,20,0.680774639307509,0.0145189854017809
"P","lnpois",10,0.1,1,0.5,"TOX-log-blocked",0.05,20,0.687178801843205,0.0143142898327962
"P","lnpois",10,0.1,1,0.5,"TOX-log-blocked",0.06,20,0.693356698092482,0.0141600618044326
"P","lnpois",10,0.1,1,0.5,"TOX-log-blocked",0.07,20,0.698043960888533,0.014122258459537
"P","lnpois",10,0.1,1,0.5,"TOX-log-blocked",0.08,20,0.703054812086456,0.0142038019545153
"P","lnpois",10,0.1,1,0.5,"TOX-log-blocked",0.09,20,0.706787787876162,0.0139894938798633
"P","lnpois",10,0.1,1,0.5,"TOX-log-blocked",0.1,20,0.712122244887708,0.01398077964646
"P","lnpois",10,0.1,1,0.5,"TOX-log-blocked",0.11,20,0.716175598851013,0.013885826366103
"P","lnpois",10,0.1,1,0.5,"TOX-log-blocked",0.12,20,0.721293893916566,0.0141189924259464
"P","lnpois",10,0.1,1,0.5,"TOX-log-blocked",0.13,20,0.725136042176638,0.0140375840037427
"P","lnpois",10,0.1,1,0.5,"TOX-log-blocked",0.14,20,0.729074176720811,0.0141725178911061
"P","lnpois",10,0.1,1,0.5,"TOX-log-blocked",0.15,20,0.733019982324021,0.0142413676086474
"P","lnpois",10,0.1,1,0.5,"TOX-log-blocked",0.16,20,0.735896347499514,0.0140755830484553
"P","lnpois",10,0.1,1,0.5,"TOX-log-blocked",0.17,20,0.738240050026511,0.0141094539773899
"P","lnpois",10,0.1,1,0.5,"TOX-log-blocked",0.18,20,0.741652122618128,0.0141055242092809
"P","lnpois",10,0.1,1,0.5,"TOX-log-blocked",0.19,20,0.74410227062895,0.0140198366857124
"P","lnpois",10,0.1,1,0.5,"TOX-log-blocked",0.2,20,0.746245967881766,0.0141824326798869
"P","lnpois",10,0.1,1,0.5,"TOX-log-blocked",0.21,20,0.748171599846359,0.0141087431001853
"P","lnpois",10,0.1,1,0.5,"TOX-log-blocked",0.22,20,0.750304428616429,0.0139470348000422
"P","lnpois",10,0.1,1,0.5,"TOX-log-blocked",0.23,20,0.752221748671792,0.013984075436366
"P","lnpois",10,0.1,1,0.5,"TOX-log-blocked",0.24,20,0.75381653215777,0.0139428492731987
"P","lnpois",10,0.1,1,0.5,"TOX-log-blocked",0.25,20,0.756388261706079,0.0138714514836072
"P","lnpois",10,0.1,1,0.5,"TOX-log-blocked",0.26,20,0.758425234497643,0.0137930449420761
"P","lnpois",10,0.1,1,0.5,"TOX-log-blocked",0.27,20,0.760768007466803,0.0137237039707397
"P","lnpois",10,0.1,1,0.5,"TOX-log-blocked",0.28,20,0.762374804160617,0.0139801901996206
"P","lnpois",10,0.1,1,0.5,"TOX-log-blocked",0.29,20,0.764730657238852,0.0139085795174793
"P","lnpois",10,0.1,1,0.5,"TOX-log-blocked",0.3,20,0.766439046544755,0.0140043327840984
"P","lnpois",10,0.1,1,0.5,"TOX-log-boot",0,20,0.450029930072858,0.0606516304839026
"P","lnpois",10,0.1,1,0.5,"TOX-log-boot",0.01,20,0.63611000790005,0.0161351279176719
"P","lnpois",10,0.1,1,0.5,"TOX-log-boot",0.02,20,0.656908699087908,0.014912610357366
"P","lnpois",10,0.1,1,0.5,"TOX-log-boot",0.03,20,0.671225785138416,0.0153338642009475
"P","lnpois",10,0.1,1,0.5,"TOX-log-boot",0.04,20,0.682599046768339,0.014593906306862
"P","lnpois",10,0.1,1,0.5,"TOX-log-boot",0.05,20,0.687074752407424,0.0144107824517628
"P","lnpois",10,0.1,1,0.5,"TOX-log-boot",0.06,20,0.692732784540093,0.0144290440187642
"P","lnpois",10,0.1,1,0.5,"TOX-log-boot",0.07,20,0.6992277973314,0.0140140953739723
"P","lnpois",10,0.1,1,0.5,"TOX-log-boot",0.08,20,0.704553988654211,0.0143299692289318
"P","lnpois",10,0.1,1,0.5,"TOX-log-boot",0.09,20,0.70764062009861,0.0141093370578646
"P","lnpois",10,0.1,1,0.5,"TOX-log-boot",0.1,20,0.711169900488862,0.0140654331420758
"P","lnpois",10,0.1,1,0.5,"TOX-log-boot",0.11,20,0.714264447321504,0.013944100534555
"P","lnpois",10,0.1,1,0.5,"TOX-log-boot",0.12,20,0.719256941660181,0.0136353460621502
"P","lnpois",10,0.1,1,0.5,"TOX-log-boot",0.13,20,0.72471064485288,0.0140404419574717
"P","lnpois",10,0.1,1,0.5,"TOX-log-boot",0.14,20,0.729931511060163,0.0141783345503135
"P","lnpois",10,0.1,1,0.5,"TOX-log-boot",0.15,20,0.733232461037375,0.014205755451034
"P","lnpois",10,0.1,1,0.5,"TOX-log-boot",0.16,20,0.735795358755342,0.0142801271752071
"P","lnpois",10,0.1,1,0.5,"TOX-log-boot",0.17,20,0.738565483626488,0.0140370569233822
"P","lnpois",10,0.1,1,0.5,"TOX-log-boot",0.18,20,0.741120792214523,0.0139640990690145
"P","lnpois",10,0.1,1,0.5,"TOX-log-boot",0.19,20,0.744002919907962,0.0137909731660945
"P","lnpois",10,0.1,1,0.5,"TOX-log-boot",0.2,20,0.745716833492817,0.0139269878999664
"P","lnpois",10,0.1,1,0.5,"TOX-log-boot",0.21,20,0.747536828916763,0.0141620078609981
"P","lnpois",10,0.1,1,0.5,"TOX-log-boot",0.22,20,0.749868871176544,0.0139222059469823
"P","lnpois",10,0.1,1,0.5,"TOX-log-boot",0.23,20,0.751576398431078,0.0139808246230177
"P","lnpois",10,0.1,1,0.5,"TOX-log-boot",0.24,20,0.75329074295827,0.0141198347216819
"P","lnpois",10,0.1,1,0.5,"TOX-log-boot",0.25,20,0.755212281018927,0.0139359962902765
"P","lnpois",10,0.1,1,0.5,"TOX-log-boot",0.26,20,0.758528208448009,0.0140104590061277
"P","lnpois",10,0.1,1,0.5,"TOX-log-boot",0.27,20,0.760983192431622,0.013737068063495
"P","lnpois",10,0.1,1,0.5,"TOX-log-boot",0.28,20,0.762691622847639,0.0136425597678067
"P","lnpois",10,0.1,1,0.5,"TOX-log-boot",0.29,20,0.764082015083906,0.013673239173503
"P","lnpois",10,0.1,1,0.5,"TOX-log-boot",0.3,20,0.767084411420237,0.0138400983624663
"P","lnpois",10,0.1,1,0.5,"TOX-raw",0,20,0.487180843875662,0.030511534975622
"P","lnpois",10,0.1,1,0.5,"TOX-raw",0.01,20,0.600827785134607,0.0171926552802573
"P","lnpois",10,0.1,1,0.5,"TOX-raw",0.02,20,0.634376701359515,0.0160093851434887
"P","lnpois",10,0.1,1,0.5,"TOX-raw",0.03,20,0.651126937612052,0.0155335306083481
"P","lnpois",10,0.1,1,0.5,"TOX-raw",0.04,20,0.661918929203054,0.0155716018618589
"P","lnpois",10,0.1,1,0.5,"TOX-raw",0.05,20,0.669169053014443,0.0151026272336088
"P","lnpois",10,0.1,1,0.5,"TOX-raw",0.06,20,0.674798237385772,0.0144275662837984
"P","lnpois",10,0.1,1,0.5,"TOX-raw",0.07,20,0.680871558883598,0.0144376595637509
"P","lnpois",10,0.1,1,0.5,"TOX-raw",0.08,20,0.686414166310956,0.0143517007946483
"P","lnpois",10,0.1,1,0.5,"TOX-raw",0.09,20,0.690879985499263,0.0138632323515341
"P","lnpois",10,0.1,1,0.5,"TOX-raw",0.1,20,0.695545620635056,0.0134295520964017
"P","lnpois",10,0.1,1,0.5,"TOX-raw",0.11,20,0.700022336153182,0.0134773422568591
"P","lnpois",10,0.1,1,0.5,"TOX-raw",0.12,20,0.704083491549343,0.0133445981470133
"P","lnpois",10,0.1,1,0.5,"TOX-raw",0.13,20,0.707922490716213,0.0134855960316117
"P","lnpois",10,0.1,1,0.5,"TOX-raw",0.14,20,0.712844691365387,0.0135199474953318
"P","lnpois",10,0.1,1,0.5,"TOX-raw",0.15,20,0.717549944703444,0.0137009096865492
"P","lnpois",10,0.1,1,0.5,"TOX-raw",0.16,20,0.720434250798033,0.0138197392633069
"P","lnpois",10,0.1,1,0.5,"TOX-raw",0.17,20,0.723313173942017,0.013513327015414
"P","lnpois",10,0.1,1,0.5,"TOX-raw",0.18,20,0.726100437753505,0.0134564988179423
"P","lnpois",10,0.1,1,0.5,"TOX-raw",0.19,20,0.731429144990851,0.0137708338950297
"P","lnpois",10,0.1,1,0.5,"TOX-raw",0.2,20,0.734411880311396,0.0135749133076388
"P","lnpois",10,0.1,1,0.5,"TOX-raw",0.21,20,0.736763616028877,0.0138314946066223
"P","lnpois",10,0.1,1,0.5,"TOX-raw",0.22,20,0.740186563515207,0.0139146272017685
"P","lnpois",10,0.1,1,0.5,"TOX-raw",0.23,20,0.742748611990066,0.0140594125831452
"P","lnpois",10,0.1,1,0.5,"TOX-raw",0.24,20,0.744780118909349,0.0139549498460759
"P","lnpois",10,0.1,1,0.5,"TOX-raw",0.25,20,0.747450140772258,0.0138537729377499
"P","lnpois",10,0.1,1,0.5,"TOX-raw",0.26,20,0.749691338575053,0.0137710596358775
"P","lnpois",10,0.1,1,0.5,"TOX-raw",0.27,20,0.751819875567598,0.0139865280691099
"P","lnpois",10,0.1,1,0.5,"TOX-raw",0.28,20,0.753634970288241,0.0138873358130451
"P","lnpois",10,0.1,1,0.5,"TOX-raw",0.29,20,0.755236879447112,0.0138481078147076
"P","lnpois",10,0.1,1,0.5,"TOX-raw",0.3,20,0.756303119580209,0.0137583139094658
"P","lnpois",10,0.1,1,0.5,"TOX-raw-blocked",0,20,0.531345050064294,0.0359211849361026
"P","lnpois",10,0.1,1,0.5,"TOX-raw-blocked",0.01,20,0.620661264874635,0.0170124335649985
"P","lnpois",10,0.1,1,0.5,"TOX-raw-blocked",0.02,20,0.643877955552618,0.0157963960388253
"P","lnpois",10,0.1,1,0.5,"TOX-raw-blocked",0.03,20,0.657007219835464,0.0155744130796259
"P","lnpois",10,0.1,1,0.5,"TOX-raw-blocked",0.04,20,0.666147390820221,0.0149704926305513
"P","lnpois",10,0.1,1,0.5,"TOX-raw-blocked",0.05,20,0.673275307897232,0.0144651121177026
"P","lnpois",10,0.1,1,0.5,"TOX-raw-blocked",0.06,20,0.678619867560627,0.0145764695468499
"P","lnpois",10,0.1,1,0.5,"TOX-raw-blocked",0.07,20,0.683857515976743,0.0146294266679679
"P","lnpois",10,0.1,1,0.5,"TOX-raw-blocked",0.08,20,0.688741847695055,0.0142368137728864
"P","lnpois",10,0.1,1,0.5,"TOX-raw-blocked",0.09,20,0.695135392045918,0.0135576410297195
"P","lnpois",10,0.1,1,0.5,"TOX-raw-blocked",0.1,20,0.69833874765972,0.013257297345547
"P","lnpois",10,0.1,1,0.5,"TOX-raw-blocked",0.11,20,0.702063679246868,0.0132893912997708
"P","lnpois",10,0.1,1,0.5,"TOX-raw-blocked",0.12,20,0.706346909780658,0.0133940479749672
"P","lnpois",10,0.1,1,0.5,"TOX-raw-blocked",0.13,20,0.708904633302134,0.0136113062702591
"P","lnpois",10,0.1,1,0.5,"TOX-raw-blocked",0.14,20,0.712424612947525,0.0138821308564473
"P","lnpois",10,0.1,1,0.5,"TOX-raw-blocked",0.15,20,0.716580811267048,0.0139234453611671
"P","lnpois",10,0.1,1,0.5,"TOX-raw-blocked",0.16,20,0.720751382565635,0.0139194579376569
"P","lnpois",10,0.1,1,0.5,"TOX-raw-blocked",0.17,20,0.724599801912791,0.0137132952503989
"P","lnpois",10,0.1,1,0.5,"TOX-raw-blocked",0.18,20,0.728000807470744,0.013638344254758
"P","lnpois",10,0.1,1,0.5,"TOX-raw-blocked",0.19,20,0.731417114142181,0.013649691824059
"P","lnpois",10,0.1,1,0.5,"TOX-raw-blocked",0.2,20,0.735374375111309,0.0137003493330462
"P","lnpois",10,0.1,1,0.5,"TOX-raw-blocked",0.21,20,0.737826218102101,0.0136813370414046
"P","lnpois",10,0.1,1,0.5,"TOX-raw-blocked",0.22,20,0.741899507176143,0.0141632970626255
"P","lnpois",10,0.1,1,0.5,"TOX-raw-blocked",0.23,20,0.744033948525598,0.0141447128673744
"P","lnpois",10,0.1,1,0.5,"TOX-raw-blocked",0.24,20,0.745853645703041,0.0140726642841069
"P","lnpois",10,0.1,1,0.5,"TOX-raw-blocked",0.25,20,0.747884062747002,0.014033283949248
"P","lnpois",10,0.1,1,0.5,"TOX-raw-blocked",0.26,20,0.749917605260483,0.0141799590365745
"P","lnpois",10,0.1,1,0.5,"TOX-raw-blocked",0.27,20,0.750878822262905,0.0141586950302184
"P","lnpois",10,0.1,1,0.5,"TOX-raw-blocked",0.28,20,0.753011096060347,0.0139740963641657
"P","lnpois",10,0.1,1,0.5,"TOX-raw-blocked",0.29,20,0.754702995617885,0.0138433750742234
"P","lnpois",10,0.1,1,0.5,"TOX-raw-blocked",0.3,20,0.75693787578967,0.013659951570906
"P","nb",3,0.1,1,0.5,"DESeq2",0,20,0.250240204341322,0.011781019358781
"P","nb",3,0.1,1,0.5,"DESeq2",0.01,20,0.284275771820279,0.01069464855948
"P","nb",3,0.1,1,0.5,"DESeq2",0.02,20,0.316069471541737,0.0145511619022634
"P","nb",3,0.1,1,0.5,"DESeq2",0.03,20,0.334391014005982,0.014562146229174
"P","nb",3,0.1,1,0.5,"DESeq2",0.04,20,0.35204332625534,0.0144509397146524
"P","nb",3,0.1,1,0.5,"DESeq2",0.05,20,0.367267680211371,0.0141302601100744
"P","nb",3,0.1,1,0.5,"DESeq2",0.06,20,0.378656028460613,0.0142888443641798
"P","nb",3,0.1,1,0.5,"DESeq2",0.07,20,0.386076726117893,0.0144426429146712
"P","nb",3,0.1,1,0.5,"DESeq2",0.08,20,0.394796755250122,0.0149107402242101
"P","nb",3,0.1,1,0.5,"DESeq2",0.09,20,0.403541904342515,0.0153125228019359
"P","nb",3,0.1,1,0.5,"DESeq2",0.1,20,0.41006683706196,0.0149993392950675
"P","nb",3,0.1,1,0.5,"DESeq2",0.11,20,0.419670532321918,0.0156303160236567
"P","nb",3,0.1,1,0.5,"DESeq2",0.12,20,0.430220179117985,0.0140421409373837
"P","nb",3,0.1,1,0.5,"DESeq2",0.13,20,0.435867608394987,0.0140490937567484
"P","nb",3,0.1,1,0.5,"DESeq2",0.14,20,0.441914785262999,0.0140592449508247
"P","nb",3,0.1,1,0.5,"DESeq2",0.15,20,0.446803426298506,0.0140165285832393
"P","nb",3,0.1,1,0.5,"DESeq2",0.16,20,0.452126995715362,0.0144100167073314
"P","nb",3,0.1,1,0.5,"DESeq2",0.17,20,0.457442760362577,0.0145921905384908
"P","nb",3,0.1,1,0.5,"DESeq2",0.18,20,0.462855979715756,0.0142701343365788
"P","nb",3,0.1,1,0.5,"DESeq2",0.19,20,0.467320967397035,0.0145269148116842
"P","nb",3,0.1,1,0.5,"DESeq2",0.2,20,0.47189067571026,0.0145240294279195
"P","nb",3,0.1,1,0.5,"DESeq2",0.21,20,0.476488694041887,0.0143473506722497
"P","nb",3,0.1,1,0.5,"DESeq2",0.22,20,0.480416054746113,0.014418454424004
"P","nb",3,0.1,1,0.5,"DESeq2",0.23,20,0.484456888352549,0.014635478695228
"P","nb",3,0.1,1,0.5,"DESeq2",0.24,20,0.487427808078762,0.0146995459383038
"P","nb",3,0.1,1,0.5,"DESeq2",0.25,20,0.491683277963582,0.0144044128639661
"P","nb",3,0.1,1,0.5,"DESeq2",0.26,20,0.495935283986378,0.0141950263608472
"P","nb",3,0.1,1,0.5,"DESeq2",0.27,20,0.50115463272874,0.0142014897408093
"P","nb",3,0.1,1,0.5,"DESeq2",0.28,20,0.505622937685719,0.0142418751945868
"P","nb",3,0.1,1,0.5,"DESeq2",0.29,20,0.509672764226607,0.0145082853155194
"P","nb",3,0.1,1,0.5,"DESeq2",0.3,20,0.514251672269532,0.0146449661791983
"P","nb",3,0.1,1,0.5,"edgeR",0,20,0.281691772171775,0.0127377058496851
"P","nb",3,0.1,1,0.5,"edgeR",0.01,20,0.32895444531525,0.0144896027187549
"P","nb",3,0.1,1,0.5,"edgeR",0.02,20,0.348215867353453,0.0148131912036788
"P","nb",3,0.1,1,0.5,"edgeR",0.03,20,0.369873377279,0.0145848389014145
"P","nb",3,0.1,1,0.5,"edgeR",0.04,20,0.384654215180805,0.0144309022406346
"P","nb",3,0.1,1,0.5,"edgeR",0.05,20,0.4009465724283,0.0150899375443992
"P","nb",3,0.1,1,0.5,"edgeR",0.06,20,0.410194508138578,0.0151797000663787
"P","nb",3,0.1,1,0.5,"edgeR",0.07,20,0.419359480451502,0.0148685697803314
"P","nb",3,0.1,1,0.5,"edgeR",0.08,20,0.426156445536598,0.0147350590870282
"P","nb",3,0.1,1,0.5,"edgeR",0.09,20,0.433900683959238,0.0141510955820282
"P","nb",3,0.1,1,0.5,"edgeR",0.1,20,0.439231561025959,0.0142409165047647
"P","nb",3,0.1,1,0.5,"edgeR",0.11,20,0.445190262765156,0.0145421825231888
"P","nb",3,0.1,1,0.5,"edgeR",0.12,20,0.450729719069153,0.0145675811005648
"P","nb",3,0.1,1,0.5,"edgeR",0.13,20,0.456669414370065,0.0142542013074486
"P","nb",3,0.1,1,0.5,"edgeR",0.14,20,0.461664786997994,0.0143307373696866
"P","nb",3,0.1,1,0.5,"edgeR",0.15,20,0.467076211545138,0.0140312723225631
"P","nb",3,0.1,1,0.5,"edgeR",0.16,20,0.472607992426816,0.0143889479989945
"P","nb",3,0.1,1,0.5,"edgeR",0.17,20,0.477286771961217,0.014305168839062
"P","nb",3,0.1,1,0.5,"edgeR",0.18,20,0.480698102374977,0.0146021983440466
"P","nb",3,0.1,1,0.5,"edgeR",0.19,20,0.486662825856217,0.0144445595076081
"P","nb",3,0.1,1,0.5,"edgeR",0.2,20,0.490594976733255,0.0144003122680256
"P","nb",3,0.1,1,0.5,"edgeR",0.21,20,0.493795058238084,0.0144785754740452
"P","nb",3,0.1,1,0.5,"edgeR",0.22,20,0.499224739057887,0.0147877378134129
"P","nb",3,0.1,1,0.5,"edgeR",0.23,20,0.504240936058528,0.0150049491364291
"P","nb",3,0.1,1,0.5,"edgeR",0.24,20,0.507324750153721,0.0148946744045368
"P","nb",3,0.1,1,0.5,"edgeR",0.25,20,0.513069501441214,0.0152632753736316
"P","nb",3,0.1,1,0.5,"edgeR",0.26,20,0.516468680954009,0.0153322036201803
"P","nb",3,0.1,1,0.5,"edgeR",0.27,20,0.521270470609119,0.0152929744384169
"P","nb",3,0.1,1,0.5,"edgeR",0.28,20,0.525961490209111,0.0152649847124938
"P","nb",3,0.1,1,0.5,"edgeR",0.29,20,0.529153778758916,0.0153817043870276
"P","nb",3,0.1,1,0.5,"edgeR",0.3,20,0.531918037463034,0.0153539786246513
"P","nb",3,0.1,1,0.5,"limma",0,20,0.268026194827144,0.0128274400194405
"P","nb",3,0.1,1,0.5,"limma",0.01,20,0.305097491974057,0.0123833037612723
"P","nb",3,0.1,1,0.5,"limma",0.02,20,0.33356090059215,0.0135916146525295
"P","nb",3,0.1,1,0.5,"limma",0.03,20,0.352933110561571,0.0139281626853831
"P","nb",3,0.1,1,0.5,"limma",0.04,20,0.366824634334796,0.0136730498461328
"P","nb",3,0.1,1,0.5,"limma",0.05,20,0.382502767351388,0.0148830923336484
"P","nb",3,0.1,1,0.5,"limma",0.06,20,0.391425984186783,0.0147134437757292
"P","nb",3,0.1,1,0.5,"limma",0.07,20,0.403945265731882,0.014475245748286
"P","nb",3,0.1,1,0.5,"limma",0.08,20,0.411822190467601,0.0143931980405742
"P","nb",3,0.1,1,0.5,"limma",0.09,20,0.420585653270137,0.0147858660441558
"P","nb",3,0.1,1,0.5,"limma",0.1,20,0.427082689594423,0.014668739998645
"P","nb",3,0.1,1,0.5,"limma",0.11,20,0.432390567223228,0.0146795997544583
"P","nb",3,0.1,1,0.5,"limma",0.12,20,0.437718156888282,0.0143835618149884
"P","nb",3,0.1,1,0.5,"limma",0.13,20,0.443248936608265,0.0144805018301765
"P","nb",3,0.1,1,0.5,"limma",0.14,20,0.448480955657786,0.0144903526659067
"P","nb",3,0.1,1,0.5,"limma",0.15,20,0.453468532098155,0.0144220472035011
"P","nb",3,0.1,1,0.5,"limma",0.16,20,0.459214702752482,0.014819340448185
"P","nb",3,0.1,1,0.5,"limma",0.17,20,0.465817048719077,0.0149851476913662
"P","nb",3,0.1,1,0.5,"limma",0.18,20,0.470298584525864,0.0154717956720228
"P","nb",3,0.1,1,0.5,"limma",0.19,20,0.474888071924434,0.0156001415075523
"P","nb",3,0.1,1,0.5,"limma",0.2,20,0.479574853160011,0.015712289483333
"P","nb",3,0.1,1,0.5,"limma",0.21,20,0.483829794544756,0.0156538411390757
"P","nb",3,0.1,1,0.5,"limma",0.22,20,0.489789597647659,0.0157026514624897
"P","nb",3,0.1,1,0.5,"limma",0.23,20,0.494898708339231,0.0155589024975176
"P","nb",3,0.1,1,0.5,"limma",0.24,20,0.498403468458878,0.0151037586656958
"P","nb",3,0.1,1,0.5,"limma",0.25,20,0.503310729613641,0.0156325939975547
"P","nb",3,0.1,1,0.5,"limma",0.26,20,0.507343909705656,0.0154365608990334
"P","nb",3,0.1,1,0.5,"limma",0.27,20,0.510009715142516,0.0153952260032621
"P","nb",3,0.1,1,0.5,"limma",0.28,20,0.512571856031724,0.0153384410879372
"P","nb",3,0.1,1,0.5,"limma",0.29,20,0.515969148377811,0.0153196422236693
"P","nb",3,0.1,1,0.5,"limma",0.3,20,0.51863008561742,0.0154606584325028
"P","nb",3,0.1,1,0.5,"TOX-log",0,20,0.0949959743175099,0.0307070897562294
"P","nb",3,0.1,1,0.5,"TOX-log",0.01,20,0.251479553333707,0.032221839224836
"P","nb",3,0.1,1,0.5,"TOX-log",0.02,20,0.306237729189172,0.0279941408156143
"P","nb",3,0.1,1,0.5,"TOX-log",0.03,20,0.348073249047434,0.0151747645278825
"P","nb",3,0.1,1,0.5,"TOX-log",0.04,20,0.36702092595728,0.0154807053905281
"P","nb",3,0.1,1,0.5,"TOX-log",0.05,20,0.383306955802996,0.0150913157153417
"P","nb",3,0.1,1,0.5,"TOX-log",0.06,20,0.397608340889238,0.0147701777570238
"P","nb",3,0.1,1,0.5,"TOX-log",0.07,20,0.409157641024425,0.0146919647681283
"P","nb",3,0.1,1,0.5,"TOX-log",0.08,20,0.417682797201953,0.0151045390605031
"P","nb",3,0.1,1,0.5,"TOX-log",0.09,20,0.424691557335584,0.0153204201178299
"P","nb",3,0.1,1,0.5,"TOX-log",0.1,20,0.431096175305444,0.0155657722342443
"P","nb",3,0.1,1,0.5,"TOX-log",0.11,20,0.437586601179734,0.0155063741420619
"P","nb",3,0.1,1,0.5,"TOX-log",0.12,20,0.444930807785268,0.0153690389464851
"P","nb",3,0.1,1,0.5,"TOX-log",0.13,20,0.450774921964861,0.0155051962782695
"P","nb",3,0.1,1,0.5,"TOX-log",0.14,20,0.457076152521825,0.0157862952374013
"P","nb",3,0.1,1,0.5,"TOX-log",0.15,20,0.464308305730243,0.0160990002889098
"P","nb",3,0.1,1,0.5,"TOX-log",0.16,20,0.469313201430212,0.0161111162314895
"P","nb",3,0.1,1,0.5,"TOX-log",0.17,20,0.474832611032476,0.0156412755994769
"P","nb",3,0.1,1,0.5,"TOX-log",0.18,20,0.478967610940304,0.0156307700387703
"P","nb",3,0.1,1,0.5,"TOX-log",0.19,20,0.48162622668239,0.015525568696787
"P","nb",3,0.1,1,0.5,"TOX-log",0.2,20,0.485448024613177,0.0153256378466686
"P","nb",3,0.1,1,0.5,"TOX-log",0.21,20,0.49001082147587,0.0152383783567945
"P","nb",3,0.1,1,0.5,"TOX-log",0.22,20,0.494472246510808,0.0152214037568213
"P","nb",3,0.1,1,0.5,"TOX-log",0.23,20,0.497773425334889,0.0155459994815728
"P","nb",3,0.1,1,0.5,"TOX-log",0.24,20,0.500234879506282,0.0156723395176647
"P","nb",3,0.1,1,0.5,"TOX-log",0.25,20,0.505231349544989,0.015815758434312
"P","nb",3,0.1,1,0.5,"TOX-log",0.26,20,0.510452951744789,0.0156250910341646
"P","nb",3,0.1,1,0.5,"TOX-log",0.27,20,0.513007756829977,0.0157343399817685
"P","nb",3,0.1,1,0.5,"TOX-log",0.28,20,0.517472742939188,0.0158534011756576
"P","nb",3,0.1,1,0.5,"TOX-log",0.29,20,0.520337871074288,0.0157788612181446
"P","nb",3,0.1,1,0.5,"TOX-log",0.3,20,0.524698534798082,0.0159997832054264
"P","nb",3,0.1,1,0.5,"TOX-log-blocked",0,20,0.25014125370206,0.0138197570538074
"P","nb",3,0.1,1,0.5,"TOX-log-blocked",0.01,20,0.309445523763915,0.0143911061595992
"P","nb",3,0.1,1,0.5,"TOX-log-blocked",0.02,20,0.33545371579313,0.0162597040210717
"P","nb",3,0.1,1,0.5,"TOX-log-blocked",0.03,20,0.353996216779713,0.0155681380157029
"P","nb",3,0.1,1,0.5,"TOX-log-blocked",0.04,20,0.372037888352519,0.0153405139382602
"P","nb",3,0.1,1,0.5,"TOX-log-blocked",0.05,20,0.384921690527244,0.0153672398361976
"P","nb",3,0.1,1,0.5,"TOX-log-blocked",0.06,20,0.400235274899364,0.0157165489379329
"P","nb",3,0.1,1,0.5,"TOX-log-blocked",0.07,20,0.411290309332483,0.0151218591632877
"P","nb",3,0.1,1,0.5,"TOX-log-blocked",0.08,20,0.420563262689704,0.0152780010019378
"P","nb",3,0.1,1,0.5,"TOX-log-blocked",0.09,20,0.427689560683439,0.0150822368665004
"P","nb",3,0.1,1,0.5,"TOX-log-blocked",0.1,20,0.435333350449081,0.0148070168752726
"P","nb",3,0.1,1,0.5,"TOX-log-blocked",0.11,20,0.439810183475504,0.0148788095804826
"P","nb",3,0.1,1,0.5,"TOX-log-blocked",0.12,20,0.445359315285164,0.0150224162953968
"P","nb",3,0.1,1,0.5,"TOX-log-blocked",0.13,20,0.451006467162647,0.0152648840217795
"P","nb",3,0.1,1,0.5,"TOX-log-blocked",0.14,20,0.45750397066261,0.0158917315874425
"P","nb",3,0.1,1,0.5,"TOX-log-blocked",0.15,20,0.462185400352514,0.0160236441312404
"P","nb",3,0.1,1,0.5,"TOX-log-blocked",0.16,20,0.468246202119848,0.0161141635894113
"P","nb",3,0.1,1,0.5,"TOX-log-blocked",0.17,20,0.473027308352575,0.0161421172474208
"P","nb",3,0.1,1,0.5,"TOX-log-blocked",0.18,20,0.477591998029182,0.0158380646882578
"P","nb",3,0.1,1,0.5,"TOX-log-blocked",0.19,20,0.481732383429887,0.0157217334046442
"P","nb",3,0.1,1,0.5,"TOX-log-blocked",0.2,20,0.486718896953324,0.0159182068697134
"P","nb",3,0.1,1,0.5,"TOX-log-blocked",0.21,20,0.490438392052567,0.0158746935119465
"P","nb",3,0.1,1,0.5,"TOX-log-blocked",0.22,20,0.493950035097687,0.0156792083831534
"P","nb",3,0.1,1,0.5,"TOX-log-blocked",0.23,20,0.49884042272698,0.0155053534681219
"P","nb",3,0.1,1,0.5,"TOX-log-blocked",0.24,20,0.502141238998846,0.0157486424740295
"P","nb",3,0.1,1,0.5,"TOX-log-blocked",0.25,20,0.5066269077112,0.0159427158533046
"P","nb",3,0.1,1,0.5,"TOX-log-blocked",0.26,20,0.509818620688791,0.0160413753064185
"P","nb",3,0.1,1,0.5,"TOX-log-blocked",0.27,20,0.514065308616994,0.0157653887832464
"P","nb",3,0.1,1,0.5,"TOX-log-blocked",0.28,20,0.516608222290276,0.0158321379880911
"P","nb",3,0.1,1,0.5,"TOX-log-blocked",0.29,20,0.521294187071512,0.0158978943113404
"P","nb",3,0.1,1,0.5,"TOX-log-blocked",0.3,20,0.525129071631289,0.0159445433831363
"P","nb",3,0.1,1,0.5,"TOX-log-boot",0,20,0.0860269128884897,0.027730547397924
"P","nb",3,0.1,1,0.5,"TOX-log-boot",0.01,20,0.245042339432659,0.031835807017053
"P","nb",3,0.1,1,0.5,"TOX-log-boot",0.02,20,0.322564081106962,0.0224639389035738
"P","nb",3,0.1,1,0.5,"TOX-log-boot",0.03,20,0.354797153189934,0.0150857652450661
"P","nb",3,0.1,1,0.5,"TOX-log-boot",0.04,20,0.366735682807724,0.0153569341373052
"P","nb",3,0.1,1,0.5,"TOX-log-boot",0.05,20,0.383766862260056,0.0149286003178309
"P","nb",3,0.1,1,0.5,"TOX-log-boot",0.06,20,0.397100111322999,0.0153189287480127
"P","nb",3,0.1,1,0.5,"TOX-log-boot",0.07,20,0.409799059430748,0.0157867647550173
"P","nb",3,0.1,1,0.5,"TOX-log-boot",0.08,20,0.419184854266404,0.0155797581018607
"P","nb",3,0.1,1,0.5,"TOX-log-boot",0.09,20,0.427462690621204,0.0156404644866477
"P","nb",3,0.1,1,0.5,"TOX-log-boot",0.1,20,0.434801587487694,0.0153595375834636
"P","nb",3,0.1,1,0.5,"TOX-log-boot",0.11,20,0.439913443641847,0.0152324191404153
"P","nb",3,0.1,1,0.5,"TOX-log-boot",0.12,20,0.444830001459427,0.0151734832710577
"P","nb",3,0.1,1,0.5,"TOX-log-boot",0.13,20,0.450387862185009,0.0155002653170882
"P","nb",3,0.1,1,0.5,"TOX-log-boot",0.14,20,0.455913784722104,0.0155636912922357
"P","nb",3,0.1,1,0.5,"TOX-log-boot",0.15,20,0.462081629507647,0.0160427455881031
"P","nb",3,0.1,1,0.5,"TOX-log-boot",0.16,20,0.468125377142089,0.0161698964600233
"P","nb",3,0.1,1,0.5,"TOX-log-boot",0.17,20,0.472386438070487,0.0162288055754506
"P","nb",3,0.1,1,0.5,"TOX-log-boot",0.18,20,0.477169800075285,0.0160110737597809
"P","nb",3,0.1,1,0.5,"TOX-log-boot",0.19,20,0.481520129793834,0.0158987963494493
"P","nb",3,0.1,1,0.5,"TOX-log-boot",0.2,20,0.48608135035881,0.015750059568168
"P","nb",3,0.1,1,0.5,"TOX-log-boot",0.21,20,0.489385541521567,0.0157657890738657
"P","nb",3,0.1,1,0.5,"TOX-log-boot",0.22,20,0.494166791946101,0.0157146522386753
"P","nb",3,0.1,1,0.5,"TOX-log-boot",0.23,20,0.498648559848498,0.0157420772784806
"P","nb",3,0.1,1,0.5,"TOX-log-boot",0.24,20,0.503004343060603,0.0159566617799195
"P","nb",3,0.1,1,0.5,"TOX-log-boot",0.25,20,0.506079091214097,0.015935838718301
"P","nb",3,0.1,1,0.5,"TOX-log-boot",0.26,20,0.508308872533205,0.0158090636107401
"P","nb",3,0.1,1,0.5,"TOX-log-boot",0.27,20,0.513214547377646,0.0157911991992691
"P","nb",3,0.1,1,0.5,"TOX-log-boot",0.28,20,0.516717744916164,0.0156594860922488
"P","nb",3,0.1,1,0.5,"TOX-log-boot",0.29,20,0.521392000625713,0.0155277402981926
"P","nb",3,0.1,1,0.5,"TOX-log-boot",0.3,20,0.525024834982094,0.0160164725895841
"P","nb",3,0.1,1,0.5,"TOX-raw",0,20,0.055059035200429,0.0226225984611236
"P","nb",3,0.1,1,0.5,"TOX-raw",0.01,20,0.161949099986237,0.0290104184632893
"P","nb",3,0.1,1,0.5,"TOX-raw",0.02,20,0.236012727983506,0.0226224167502135
"P","nb",3,0.1,1,0.5,"TOX-raw",0.03,20,0.281569034164305,0.0155451181885242
"P","nb",3,0.1,1,0.5,"TOX-raw",0.04,20,0.306387764834968,0.0164262118702254
"P","nb",3,0.1,1,0.5,"TOX-raw",0.05,20,0.330943555206013,0.0191112911227068
"P","nb",3,0.1,1,0.5,"TOX-raw",0.06,20,0.35539817778742,0.0182331915437113
"P","nb",3,0.1,1,0.5,"TOX-raw",0.07,20,0.377804077534005,0.0166630270589671
"P","nb",3,0.1,1,0.5,"TOX-raw",0.08,20,0.388926329247637,0.0169997585201732
"P","nb",3,0.1,1,0.5,"TOX-raw",0.09,20,0.399233344548619,0.0175277877068326
"P","nb",3,0.1,1,0.5,"TOX-raw",0.1,20,0.407844560304891,0.0174511719419867
"P","nb",3,0.1,1,0.5,"TOX-raw",0.11,20,0.420419439239567,0.0175169499015026
"P","nb",3,0.1,1,0.5,"TOX-raw",0.12,20,0.430852697290742,0.0171257740219718
"P","nb",3,0.1,1,0.5,"TOX-raw",0.13,20,0.438934767364351,0.0168170255404995
"P","nb",3,0.1,1,0.5,"TOX-raw",0.14,20,0.444465171357531,0.0166807357987746
"P","nb",3,0.1,1,0.5,"TOX-raw",0.15,20,0.45465416049289,0.0160853811179241
"P","nb",3,0.1,1,0.5,"TOX-raw",0.16,20,0.461120864594426,0.0157595376959769
"P","nb",3,0.1,1,0.5,"TOX-raw",0.17,20,0.466231331988527,0.0159595025362423
"P","nb",3,0.1,1,0.5,"TOX-raw",0.18,20,0.473655854675493,0.0161163808416588
"P","nb",3,0.1,1,0.5,"TOX-raw",0.19,20,0.478970926971732,0.0160648827750656
"P","nb",3,0.1,1,0.5,"TOX-raw",0.2,20,0.484923918341123,0.0159246512509352
"P","nb",3,0.1,1,0.5,"TOX-raw",0.21,20,0.489495937145327,0.0157455513255961
"P","nb",3,0.1,1,0.5,"TOX-raw",0.22,20,0.493110207438026,0.0156208724499641
"P","nb",3,0.1,1,0.5,"TOX-raw",0.23,20,0.498112258036173,0.0157786563741814
"P","nb",3,0.1,1,0.5,"TOX-raw",0.24,20,0.502789087465785,0.0158555592369849
"P","nb",3,0.1,1,0.5,"TOX-raw",0.25,20,0.507985509044963,0.015727935628183
"P","nb",3,0.1,1,0.5,"TOX-raw",0.26,20,0.513825207743486,0.0156037315555139
"P","nb",3,0.1,1,0.5,"TOX-raw",0.27,20,0.519365558991517,0.0154612559508943
"P","nb",3,0.1,1,0.5,"TOX-raw",0.28,20,0.523718585830634,0.0155314141098606
"P","nb",3,0.1,1,0.5,"TOX-raw",0.29,20,0.527546731323407,0.0153284520433584
"P","nb",3,0.1,1,0.5,"TOX-raw",0.3,20,0.531386661453573,0.0153757265864701
"P","nb",3,0.1,1,0.5,"TOX-raw-blocked",0,20,0.120039929915739,0.0242987185155909
"P","nb",3,0.1,1,0.5,"TOX-raw-blocked",0.01,20,0.171797549592832,0.0331449817619305
"P","nb",3,0.1,1,0.5,"TOX-raw-blocked",0.02,20,0.275687186243942,0.0245905365979024
"P","nb",3,0.1,1,0.5,"TOX-raw-blocked",0.03,20,0.319585898802162,0.0245881778228416
"P","nb",3,0.1,1,0.5,"TOX-raw-blocked",0.04,20,0.336303802818438,0.0249999411770053
"P","nb",3,0.1,1,0.5,"TOX-raw-blocked",0.05,20,0.359052763151204,0.0192184568805732
"P","nb",3,0.1,1,0.5,"TOX-raw-blocked",0.06,20,0.375559748005055,0.0178322581050503
"P","nb",3,0.1,1,0.5,"TOX-raw-blocked",0.07,20,0.389973872885767,0.0170815527195584
"P","nb",3,0.1,1,0.5,"TOX-raw-blocked",0.08,20,0.406141891478396,0.0164663785790686
"P","nb",3,0.1,1,0.5,"TOX-raw-blocked",0.09,20,0.414747269904209,0.0163191739987155
"P","nb",3,0.1,1,0.5,"TOX-raw-blocked",0.1,20,0.424985156236892,0.016169721389536
"P","nb",3,0.1,1,0.5,"TOX-raw-blocked",0.11,20,0.430608607654223,0.0160211564219834
"P","nb",3,0.1,1,0.5,"TOX-raw-blocked",0.12,20,0.436670038736821,0.0160481227311441
"P","nb",3,0.1,1,0.5,"TOX-raw-blocked",0.13,20,0.444325918478252,0.0156445704562043
"P","nb",3,0.1,1,0.5,"TOX-raw-blocked",0.14,20,0.451011417134089,0.0155191450865525
"P","nb",3,0.1,1,0.5,"TOX-raw-blocked",0.15,20,0.458654415434704,0.0152741457007503
"P","nb",3,0.1,1,0.5,"TOX-raw-blocked",0.16,20,0.464616480142175,0.0157453054898471
"P","nb",3,0.1,1,0.5,"TOX-raw-blocked",0.17,20,0.469185280601137,0.015800508715437
"P","nb",3,0.1,1,0.5,"TOX-raw-blocked",0.18,20,0.47461539674268,0.0157689218326409
"P","nb",3,0.1,1,0.5,"TOX-raw-blocked",0.19,20,0.480549311430628,0.015430049933328
"P","nb",3,0.1,1,0.5,"TOX-raw-blocked",0.2,20,0.485753348958629,0.0152404304541471
"P","nb",3,0.1,1,0.5,"TOX-raw-blocked",0.21,20,0.491287433583352,0.0153991258322608
"P","nb",3,0.1,1,0.5,"TOX-raw-blocked",0.22,20,0.495973544942931,0.0154536276658005
"P","nb",3,0.1,1,0.5,"TOX-raw-blocked",0.23,20,0.500440160477795,0.0155015936410722
"P","nb",3,0.1,1,0.5,"TOX-raw-blocked",0.24,20,0.505967259193508,0.0157048948137244
"P","nb",3,0.1,1,0.5,"TOX-raw-blocked",0.25,20,0.510969059090679,0.0158654649789648
"P","nb",3,0.1,1,0.5,"TOX-raw-blocked",0.26,20,0.513849175432293,0.0158818179954783
"P","nb",3,0.1,1,0.5,"TOX-raw-blocked",0.27,20,0.517357653719559,0.0156711308371956
"P","nb",3,0.1,1,0.5,"TOX-raw-blocked",0.28,20,0.522772707395579,0.0155601775405068
"P","nb",3,0.1,1,0.5,"TOX-raw-blocked",0.29,20,0.526277508878907,0.0155137746959255
"P","nb",3,0.1,1,0.5,"TOX-raw-blocked",0.3,20,0.532011642621887,0.0153561828113001
"P","nb",5,0.1,1,0.5,"DESeq2",0,20,0.350399691585422,0.0112964473612907
"P","nb",5,0.1,1,0.5,"DESeq2",0.01,20,0.401072827359125,0.0128598009430857
"P","nb",5,0.1,1,0.5,"DESeq2",0.02,20,0.435859814741014,0.0120346265349069
"P","nb",5,0.1,1,0.5,"DESeq2",0.03,20,0.459244859787085,0.0112738947114064
"P","nb",5,0.1,1,0.5,"DESeq2",0.04,20,0.474471803070882,0.0111900735908621
"P","nb",5,0.1,1,0.5,"DESeq2",0.05,20,0.486530193180733,0.0106693542618386
"P","nb",5,0.1,1,0.5,"DESeq2",0.06,20,0.496649531520508,0.0108386592312595
"P","nb",5,0.1,1,0.5,"DESeq2",0.07,20,0.506652941016822,0.0104253306711567
"P","nb",5,0.1,1,0.5,"DESeq2",0.08,20,0.515067276047854,0.0106393967448111
"P","nb",5,0.1,1,0.5,"DESeq2",0.09,20,0.52326141082119,0.0104258514370007
"P","nb",5,0.1,1,0.5,"DESeq2",0.1,20,0.531181707951081,0.0106495249602984
"P","nb",5,0.1,1,0.5,"DESeq2",0.11,20,0.537482852698822,0.0105522371351007
"P","nb",5,0.1,1,0.5,"DESeq2",0.12,20,0.546227464356522,0.0104669799042391
"P","nb",5,0.1,1,0.5,"DESeq2",0.13,20,0.554657324358206,0.0104253963577486
"P","nb",5,0.1,1,0.5,"DESeq2",0.14,20,0.55870754637783,0.0104306925591159
"P","nb",5,0.1,1,0.5,"DESeq2",0.15,20,0.563600885782326,0.0106600422656606
"P","nb",5,0.1,1,0.5,"DESeq2",0.16,20,0.567670815163266,0.0107444304405365
"P","nb",5,0.1,1,0.5,"DESeq2",0.17,20,0.573323996703329,0.010437693081798
"P","nb",5,0.1,1,0.5,"DESeq2",0.18,20,0.577365245350109,0.0105529158872159
"P","nb",5,0.1,1,0.5,"DESeq2",0.19,20,0.581735292379478,0.0106167106933636
"P","nb",5,0.1,1,0.5,"DESeq2",0.2,20,0.585574727436279,0.010443721974521
"P","nb",5,0.1,1,0.5,"DESeq2",0.21,20,0.58866889413593,0.010784263356837
"P","nb",5,0.1,1,0.5,"DESeq2",0.22,20,0.591859554532428,0.0106816199584405
"P","nb",5,0.1,1,0.5,"DESeq2",0.23,20,0.595483446705659,0.0110899479576713
"P","nb",5,0.1,1,0.5,"DESeq2",0.24,20,0.59911477427916,0.0108956717656294
"P","nb",5,0.1,1,0.5,"DESeq2",0.25,20,0.603284193922346,0.0109412243223278
"P","nb",5,0.1,1,0.5,"DESeq2",0.26,20,0.606913115140885,0.01090865353767
"P","nb",5,0.1,1,0.5,"DESeq2",0.27,20,0.610228356290188,0.0109745168487051
"P","nb",5,0.1,1,0.5,"DESeq2",0.28,20,0.6137428620921,0.0108004830085036
"P","nb",5,0.1,1,0.5,"DESeq2",0.29,20,0.617041189003135,0.0102869278012097
"P","nb",5,0.1,1,0.5,"DESeq2",0.3,20,0.62163109535141,0.0102636892214279
"P","nb",5,0.1,1,0.5,"edgeR",0,20,0.404058643415125,0.0104165944742109
"P","nb",5,0.1,1,0.5,"edgeR",0.01,20,0.442166525623418,0.0121705381936902
"P","nb",5,0.1,1,0.5,"edgeR",0.02,20,0.478142523187555,0.0100629727621679
"P","nb",5,0.1,1,0.5,"edgeR",0.03,20,0.499440380186973,0.0100985977248754
"P","nb",5,0.1,1,0.5,"edgeR",0.04,20,0.511065953348561,0.0100595966862014
"P","nb",5,0.1,1,0.5,"edgeR",0.05,20,0.517034941069957,0.0097319112648499
"P","nb",5,0.1,1,0.5,"edgeR",0.06,20,0.527933065430633,0.0101953695417113
"P","nb",5,0.1,1,0.5,"edgeR",0.07,20,0.537308948573264,0.0104168785699107
"P","nb",5,0.1,1,0.5,"edgeR",0.08,20,0.544345683762928,0.0106272888834997
"P","nb",5,0.1,1,0.5,"edgeR",0.09,20,0.550648485327915,0.0109280160767181
"P","nb",5,0.1,1,0.5,"edgeR",0.1,20,0.556744202994529,0.011073810143104
"P","nb",5,0.1,1,0.5,"edgeR",0.11,20,0.562601002309494,0.0106995288119645
"P","nb",5,0.1,1,0.5,"edgeR",0.12,20,0.567937503366509,0.0108429791430259
"P","nb",5,0.1,1,0.5,"edgeR",0.13,20,0.572513470013438,0.0107434340197709
"P","nb",5,0.1,1,0.5,"edgeR",0.14,20,0.576349917587841,0.010740520289305
"P","nb",5,0.1,1,0.5,"edgeR",0.15,20,0.581033476292847,0.010717533300749
"P","nb",5,0.1,1,0.5,"edgeR",0.16,20,0.584876029261679,0.0108674717287006
"P","nb",5,0.1,1,0.5,"edgeR",0.17,20,0.589028330965142,0.0107559588816062
"P","nb",5,0.1,1,0.5,"edgeR",0.18,20,0.592965692184605,0.0106520057989657
"P","nb",5,0.1,1,0.5,"edgeR",0.19,20,0.598081607506104,0.0106658627253569
"P","nb",5,0.1,1,0.5,"edgeR",0.2,20,0.60107368106072,0.0106927735832459
"P","nb",5,0.1,1,0.5,"edgeR",0.21,20,0.60395054967181,0.0105866396926366
"P","nb",5,0.1,1,0.5,"edgeR",0.22,20,0.606930303222522,0.0101719002514046
"P","nb",5,0.1,1,0.5,"edgeR",0.23,20,0.610776292776619,0.010341247829161
"P","nb",5,0.1,1,0.5,"edgeR",0.24,20,0.614412263931604,0.00996473449592642
"P","nb",5,0.1,1,0.5,"edgeR",0.25,20,0.618032828316206,0.00995914150672674
"P","nb",5,0.1,1,0.5,"edgeR",0.26,20,0.621872788825389,0.00994367343791229
"P","nb",5,0.1,1,0.5,"edgeR",0.27,20,0.624544013904773,0.0100027764428612
"P","nb",5,0.1,1,0.5,"edgeR",0.28,20,0.629678355203634,0.00977741949775806
"P","nb",5,0.1,1,0.5,"edgeR",0.29,20,0.633195062151222,0.00964631986396012
"P","nb",5,0.1,1,0.5,"edgeR",0.3,20,0.635848453644666,0.00952814444773487
"P","nb",5,0.1,1,0.5,"limma",0,20,0.38718065375864,0.0099976369062185
"P","nb",5,0.1,1,0.5,"limma",0.01,20,0.42973217019902,0.0125548360662424
"P","nb",5,0.1,1,0.5,"limma",0.02,20,0.45601231689058,0.0125660151481855
"P","nb",5,0.1,1,0.5,"limma",0.03,20,0.474998110328254,0.012058299025303
"P","nb",5,0.1,1,0.5,"limma",0.04,20,0.490139351449532,0.0114922525414331
"P","nb",5,0.1,1,0.5,"limma",0.05,20,0.499943693966488,0.0102845366718162
"P","nb",5,0.1,1,0.5,"limma",0.06,20,0.511596192901455,0.0102947589397587
"P","nb",5,0.1,1,0.5,"limma",0.07,20,0.520115094762555,0.00989349267048109
"P","nb",5,0.1,1,0.5,"limma",0.08,20,0.528419643949573,0.0101871095802655
"P","nb",5,0.1,1,0.5,"limma",0.09,20,0.535569950791723,0.0103318896714022
"P","nb",5,0.1,1,0.5,"limma",0.1,20,0.541761183316675,0.010668238590579
"P","nb",5,0.1,1,0.5,"limma",0.11,20,0.547517559672892,0.0104868515413152
"P","nb",5,0.1,1,0.5,"limma",0.12,20,0.552847700264692,0.0100128036979127
"P","nb",5,0.1,1,0.5,"limma",0.13,20,0.558202909732443,0.010398897738891
"P","nb",5,0.1,1,0.5,"limma",0.14,20,0.561818004866658,0.0100978120619983
"P","nb",5,0.1,1,0.5,"limma",0.15,20,0.566313000562617,0.0100836092764987
"P","nb",5,0.1,1,0.5,"limma",0.16,20,0.569822784494442,0.0100954894156768
"P","nb",5,0.1,1,0.5,"limma",0.17,20,0.573655636383911,0.00994156611562853
"P","nb",5,0.1,1,0.5,"limma",0.18,20,0.57674483797725,0.0103330030705972
"P","nb",5,0.1,1,0.5,"limma",0.19,20,0.581227192560274,0.010516065654619
"P","nb",5,0.1,1,0.5,"limma",0.2,20,0.586350291693357,0.0101772642057051
"P","nb",5,0.1,1,0.5,"limma",0.21,20,0.590305838008845,0.0102823187700557
"P","nb",5,0.1,1,0.5,"limma",0.22,20,0.593629946388616,0.0104394247952251
"P","nb",5,0.1,1,0.5,"limma",0.23,20,0.597029045294745,0.0102577758904832
"P","nb",5,0.1,1,0.5,"limma",0.24,20,0.600754407023418,0.0105167209607498
"P","nb",5,0.1,1,0.5,"limma",0.25,20,0.604710904118137,0.0105049364050437
"P","nb",5,0.1,1,0.5,"limma",0.26,20,0.608227256212326,0.0107659631628517
"P","nb",5,0.1,1,0.5,"limma",0.27,20,0.611326485262707,0.0104584795320298
"P","nb",5,0.1,1,0.5,"limma",0.28,20,0.615586456451453,0.010443259351653
"P","nb",5,0.1,1,0.5,"limma",0.29,20,0.619205812540675,0.0103945867639152
"P","nb",5,0.1,1,0.5,"limma",0.3,20,0.623036309508531,0.0101901172161883
"P","nb",5,0.1,1,0.5,"TOX-log",0,20,0.235561796921503,0.0449769110826402
"P","nb",5,0.1,1,0.5,"TOX-log",0.01,20,0.409166089539902,0.0251854933796924
"P","nb",5,0.1,1,0.5,"TOX-log",0.02,20,0.456894952199918,0.0111493908893936
"P","nb",5,0.1,1,0.5,"TOX-log",0.03,20,0.479617034162664,0.0111373229642348
"P","nb",5,0.1,1,0.5,"TOX-log",0.04,20,0.493062855406273,0.0118476354656402
"P","nb",5,0.1,1,0.5,"TOX-log",0.05,20,0.503220976765951,0.0116978069534904
"P","nb",5,0.1,1,0.5,"TOX-log",0.06,20,0.513678465683535,0.0112933140876416
"P","nb",5,0.1,1,0.5,"TOX-log",0.07,20,0.526152773681976,0.0110848896749953
"P","nb",5,0.1,1,0.5,"TOX-log",0.08,20,0.533931478025089,0.0105982576391653
"P","nb",5,0.1,1,0.5,"TOX-log",0.09,20,0.539711269164844,0.0109713233200254
"P","nb",5,0.1,1,0.5,"TOX-log",0.1,20,0.546557095438361,0.0108204777923381
"P","nb",5,0.1,1,0.5,"TOX-log",0.11,20,0.551479171659026,0.0110929906119295
"P","nb",5,0.1,1,0.5,"TOX-log",0.12,20,0.559369214581397,0.0110774388658272
"P","nb",5,0.1,1,0.5,"TOX-log",0.13,20,0.56353528152128,0.0112287272658833
"P","nb",5,0.1,1,0.5,"TOX-log",0.14,20,0.569088561281345,0.0108736031820834
"P","nb",5,0.1,1,0.5,"TOX-log",0.15,20,0.574523538967356,0.0110399795490471
"P","nb",5,0.1,1,0.5,"TOX-log",0.16,20,0.577517318808811,0.0112817143303656
"P","nb",5,0.1,1,0.5,"TOX-log",0.17,20,0.583484356914405,0.0115969221609506
"P","nb",5,0.1,1,0.5,"TOX-log",0.18,20,0.587859020868252,0.0116267233929061
"P","nb",5,0.1,1,0.5,"TOX-log",0.19,20,0.59211786087694,0.011879329702864
"P","nb",5,0.1,1,0.5,"TOX-log",0.2,20,0.595863165905826,0.0115873301116665
"P","nb",5,0.1,1,0.5,"TOX-log",0.21,20,0.599383846523489,0.0115576051611337
"P","nb",5,0.1,1,0.5,"TOX-log",0.22,20,0.602374145645384,0.0113135831001047
"P","nb",5,0.1,1,0.5,"TOX-log",0.23,20,0.605692622688562,0.0111766748252754
"P","nb",5,0.1,1,0.5,"TOX-log",0.24,20,0.609853037953398,0.0112751119979858
"P","nb",5,0.1,1,0.5,"TOX-log",0.25,20,0.614439781172715,0.0114076434442295
"P","nb",5,0.1,1,0.5,"TOX-log",0.26,20,0.617857611082022,0.0114024227882222
"P","nb",5,0.1,1,0.5,"TOX-log",0.27,20,0.621057814898647,0.0114930789735741
"P","nb",5,0.1,1,0.5,"TOX-log",0.28,20,0.62403847564067,0.0114682416226463
"P","nb",5,0.1,1,0.5,"TOX-log",0.29,20,0.627244623357978,0.0110900469444219
"P","nb",5,0.1,1,0.5,"TOX-log",0.3,20,0.630136072750854,0.0109926468744394
"P","nb",5,0.1,1,0.5,"TOX-log-blocked",0,20,0.387619390968608,0.0100638766516854
"P","nb",5,0.1,1,0.5,"TOX-log-blocked",0.01,20,0.435266487729944,0.0136711600685357
"P","nb",5,0.1,1,0.5,"TOX-log-blocked",0.02,20,0.461064261398925,0.0122812056586771
"P","nb",5,0.1,1,0.5,"TOX-log-blocked",0.03,20,0.481118486106431,0.0123177968137849
"P","nb",5,0.1,1,0.5,"TOX-log-blocked",0.04,20,0.496187427021959,0.0108147534055299
"P","nb",5,0.1,1,0.5,"TOX-log-blocked",0.05,20,0.506851233696386,0.0115509445825947
"P","nb",5,0.1,1,0.5,"TOX-log-blocked",0.06,20,0.517728472921623,0.0110778419487787
"P","nb",5,0.1,1,0.5,"TOX-log-blocked",0.07,20,0.527316021705459,0.0109254539898949
"P","nb",5,0.1,1,0.5,"TOX-log-blocked",0.08,20,0.535974138208758,0.0106748708232131
"P","nb",5,0.1,1,0.5,"TOX-log-blocked",0.09,20,0.543648911674765,0.0107184488556835
"P","nb",5,0.1,1,0.5,"TOX-log-blocked",0.1,20,0.547291203321849,0.0104678301294968
"P","nb",5,0.1,1,0.5,"TOX-log-blocked",0.11,20,0.552529381540539,0.0106662132825585
"P","nb",5,0.1,1,0.5,"TOX-log-blocked",0.12,20,0.558179462208548,0.0112882802092773
"P","nb",5,0.1,1,0.5,"TOX-log-blocked",0.13,20,0.563428646312492,0.0111603482719981
"P","nb",5,0.1,1,0.5,"TOX-log-blocked",0.14,20,0.568765321780978,0.0110464248052578
"P","nb",5,0.1,1,0.5,"TOX-log-blocked",0.15,20,0.57462619052028,0.0107201252653045
"P","nb",5,0.1,1,0.5,"TOX-log-blocked",0.16,20,0.580276224710394,0.0107244684926688
"P","nb",5,0.1,1,0.5,"TOX-log-blocked",0.17,20,0.584332550831316,0.0111708160116132
"P","nb",5,0.1,1,0.5,"TOX-log-blocked",0.18,20,0.588504599516478,0.0115339429451454
"P","nb",5,0.1,1,0.5,"TOX-log-blocked",0.19,20,0.592244788417555,0.0117518717925767
"P","nb",5,0.1,1,0.5,"TOX-log-blocked",0.2,20,0.596189081443993,0.0118474829816085
"P","nb",5,0.1,1,0.5,"TOX-log-blocked",0.21,20,0.599484423391525,0.0115278328283844
"P","nb",5,0.1,1,0.5,"TOX-log-blocked",0.22,20,0.603121326741589,0.0113476235241306
"P","nb",5,0.1,1,0.5,"TOX-log-blocked",0.23,20,0.607288536982088,0.0113761300018773
"P","nb",5,0.1,1,0.5,"TOX-log-blocked",0.24,20,0.610274641500062,0.0113272435495556
"P","nb",5,0.1,1,0.5,"TOX-log-blocked",0.25,20,0.61358817224721,0.011345278003639
"P","nb",5,0.1,1,0.5,"TOX-log-blocked",0.26,20,0.617110985660767,0.0113579345060583
"P","nb",5,0.1,1,0.5,"TOX-log-blocked",0.27,20,0.621263590422818,0.0112245269946459
"P","nb",5,0.1,1,0.5,"TOX-log-blocked",0.28,20,0.624473763920577,0.0112982563915843
"P","nb",5,0.1,1,0.5,"TOX-log-blocked",0.29,20,0.626181131379711,0.0112399915362885
"P","nb",5,0.1,1,0.5,"TOX-log-blocked",0.3,20,0.63045614897862,0.0109950176626232
"P","nb",5,0.1,1,0.5,"TOX-log-boot",0,20,0.24083655515973,0.0458269255527977
"P","nb",5,0.1,1,0.5,"TOX-log-boot",0.01,20,0.41076743281292,0.0250998242089747
"P","nb",5,0.1,1,0.5,"TOX-log-boot",0.02,20,0.45984314431825,0.0121038209023134
"P","nb",5,0.1,1,0.5,"TOX-log-boot",0.03,20,0.480379946653796,0.0123941624615355
"P","nb",5,0.1,1,0.5,"TOX-log-boot",0.04,20,0.492544168967789,0.011215029793731
"P","nb",5,0.1,1,0.5,"TOX-log-boot",0.05,20,0.507169431857412,0.0111930530313678
"P","nb",5,0.1,1,0.5,"TOX-log-boot",0.06,20,0.517750884805245,0.0107170726537769
"P","nb",5,0.1,1,0.5,"TOX-log-boot",0.07,20,0.526370538630178,0.010732621236236
"P","nb",5,0.1,1,0.5,"TOX-log-boot",0.08,20,0.53576648551868,0.0111731505370778
"P","nb",5,0.1,1,0.5,"TOX-log-boot",0.09,20,0.540542731566986,0.0109217753313934
"P","nb",5,0.1,1,0.5,"TOX-log-boot",0.1,20,0.547070163981834,0.0107029222216209
"P","nb",5,0.1,1,0.5,"TOX-log-boot",0.11,20,0.552954653247151,0.0110955344536912
"P","nb",5,0.1,1,0.5,"TOX-log-boot",0.12,20,0.558835222571887,0.0109422078114187
"P","nb",5,0.1,1,0.5,"TOX-log-boot",0.13,20,0.563546199282987,0.011062455292211
"P","nb",5,0.1,1,0.5,"TOX-log-boot",0.14,20,0.567908648459834,0.0108144246869649
"P","nb",5,0.1,1,0.5,"TOX-log-boot",0.15,20,0.573562778233432,0.0106691011630281
"P","nb",5,0.1,1,0.5,"TOX-log-boot",0.16,20,0.578784880682957,0.0107350195820408
"P","nb",5,0.1,1,0.5,"TOX-log-boot",0.17,20,0.584558710916926,0.0114230035667143
"P","nb",5,0.1,1,0.5,"TOX-log-boot",0.18,20,0.58818637990405,0.0117576402652591
"P","nb",5,0.1,1,0.5,"TOX-log-boot",0.19,20,0.590951655567999,0.0115118842890704
"P","nb",5,0.1,1,0.5,"TOX-log-boot",0.2,20,0.595429276100257,0.0114403553594064
"P","nb",5,0.1,1,0.5,"TOX-log-boot",0.21,20,0.598208626983091,0.011706363380944
"P","nb",5,0.1,1,0.5,"TOX-log-boot",0.22,20,0.602490876619755,0.0115848635226778
"P","nb",5,0.1,1,0.5,"TOX-log-boot",0.23,20,0.605903042229687,0.0114849459834013
"P","nb",5,0.1,1,0.5,"TOX-log-boot",0.24,20,0.609317072792197,0.0113790190892868
"P","nb",5,0.1,1,0.5,"TOX-log-boot",0.25,20,0.613376529359282,0.0112071785686125
"P","nb",5,0.1,1,0.5,"TOX-log-boot",0.26,20,0.617968285836367,0.0112671935016122
"P","nb",5,0.1,1,0.5,"TOX-log-boot",0.27,20,0.62105922144053,0.0112809166706269
"P","nb",5,0.1,1,0.5,"TOX-log-boot",0.28,20,0.623926263177733,0.011235774678053
"P","nb",5,0.1,1,0.5,"TOX-log-boot",0.29,20,0.627135037003336,0.0111882713990748
"P","nb",5,0.1,1,0.5,"TOX-log-boot",0.3,20,0.630551234184609,0.0108537543360707
"P","nb",5,0.1,1,0.5,"TOX-raw",0,20,0.268029846467603,0.0273358340163809
"P","nb",5,0.1,1,0.5,"TOX-raw",0.01,20,0.363722814031903,0.0130702955390328
"P","nb",5,0.1,1,0.5,"TOX-raw",0.02,20,0.4079907308604,0.0135686045282837
"P","nb",5,0.1,1,0.5,"TOX-raw",0.03,20,0.438462821000452,0.0126833275446848
"P","nb",5,0.1,1,0.5,"TOX-raw",0.04,20,0.471865459297311,0.0120883755822116
"P","nb",5,0.1,1,0.5,"TOX-raw",0.05,20,0.492692310337017,0.0115021769335634
"P","nb",5,0.1,1,0.5,"TOX-raw",0.06,20,0.512495918506485,0.0119178659665364
"P","nb",5,0.1,1,0.5,"TOX-raw",0.07,20,0.521704393608851,0.0120264444889604
"P","nb",5,0.1,1,0.5,"TOX-raw",0.08,20,0.53109643775456,0.0123075628997916
"P","nb",5,0.1,1,0.5,"TOX-raw",0.09,20,0.539211702315324,0.0126986877349788
"P","nb",5,0.1,1,0.5,"TOX-raw",0.1,20,0.54816005052534,0.0123645861526018
"P","nb",5,0.1,1,0.5,"TOX-raw",0.11,20,0.554336866533027,0.0124964201629448
"P","nb",5,0.1,1,0.5,"TOX-raw",0.12,20,0.559446578688162,0.0125180703013319
"P","nb",5,0.1,1,0.5,"TOX-raw",0.13,20,0.565318358589796,0.0121433510246186
"P","nb",5,0.1,1,0.5,"TOX-raw",0.14,20,0.572371609932428,0.0116838711150097
"P","nb",5,0.1,1,0.5,"TOX-raw",0.15,20,0.578248198387644,0.0115927804591889
"P","nb",5,0.1,1,0.5,"TOX-raw",0.16,20,0.581337984191367,0.0116535594801354
"P","nb",5,0.1,1,0.5,"TOX-raw",0.17,20,0.587316415176678,0.0116212453491957
"P","nb",5,0.1,1,0.5,"TOX-raw",0.18,20,0.591158796607588,0.0115805628432077
"P","nb",5,0.1,1,0.5,"TOX-raw",0.19,20,0.59798874977616,0.0116829457927883
"P","nb",5,0.1,1,0.5,"TOX-raw",0.2,20,0.603750921301977,0.0114003689862687
"P","nb",5,0.1,1,0.5,"TOX-raw",0.21,20,0.607589498181058,0.0111206321250601
"P","nb",5,0.1,1,0.5,"TOX-raw",0.22,20,0.611538810624222,0.0110375219914147
"P","nb",5,0.1,1,0.5,"TOX-raw",0.23,20,0.614852421878616,0.0109660821782576
"P","nb",5,0.1,1,0.5,"TOX-raw",0.24,20,0.619545324063444,0.0105610753234899
"P","nb",5,0.1,1,0.5,"TOX-raw",0.25,20,0.623385191009886,0.0105824925600593
"P","nb",5,0.1,1,0.5,"TOX-raw",0.26,20,0.627336258657146,0.0106022559546298
"P","nb",5,0.1,1,0.5,"TOX-raw",0.27,20,0.631182362954938,0.0104276525828434
"P","nb",5,0.1,1,0.5,"TOX-raw",0.28,20,0.63490695588195,0.0103216459150697
"P","nb",5,0.1,1,0.5,"TOX-raw",0.29,20,0.637787733815931,0.0102572535506947
"P","nb",5,0.1,1,0.5,"TOX-raw",0.3,20,0.641297291170375,0.0102836621600897
"P","nb",5,0.1,1,0.5,"TOX-raw-blocked",0,20,0.308119129684903,0.0283116550500901
"P","nb",5,0.1,1,0.5,"TOX-raw-blocked",0.01,20,0.400204905223021,0.0153678320247184
"P","nb",5,0.1,1,0.5,"TOX-raw-blocked",0.02,20,0.457375876422168,0.0130621392449709
"P","nb",5,0.1,1,0.5,"TOX-raw-blocked",0.03,20,0.479668038253235,0.012371195082766
"P","nb",5,0.1,1,0.5,"TOX-raw-blocked",0.04,20,0.50098984581501,0.011614066322208
"P","nb",5,0.1,1,0.5,"TOX-raw-blocked",0.05,20,0.511550717987271,0.0110964445832978
"P","nb",5,0.1,1,0.5,"TOX-raw-blocked",0.06,20,0.523078593823888,0.0112745738514621
"P","nb",5,0.1,1,0.5,"TOX-raw-blocked",0.07,20,0.531939593771319,0.0116933325752189
"P","nb",5,0.1,1,0.5,"TOX-raw-blocked",0.08,20,0.540232955824833,0.0112319560095015
"P","nb",5,0.1,1,0.5,"TOX-raw-blocked",0.09,20,0.548558739297674,0.0112017853050526
"P","nb",5,0.1,1,0.5,"TOX-raw-blocked",0.1,20,0.556366561667435,0.0113038529415234
"P","nb",5,0.1,1,0.5,"TOX-raw-blocked",0.11,20,0.562668745062895,0.0114606505496963
"P","nb",5,0.1,1,0.5,"TOX-raw-blocked",0.12,20,0.567266299535331,0.011809364669652
"P","nb",5,0.1,1,0.5,"TOX-raw-blocked",0.13,20,0.573005240262352,0.0114950947325174
"P","nb",5,0.1,1,0.5,"TOX-raw-blocked",0.14,20,0.577923880724854,0.0114994850033525
"P","nb",5,0.1,1,0.5,"TOX-raw-blocked",0.15,20,0.581551031637696,0.0111668245670852
"P","nb",5,0.1,1,0.5,"TOX-raw-blocked",0.16,20,0.586572844499836,0.0113989615971928
"P","nb",5,0.1,1,0.5,"TOX-raw-blocked",0.17,20,0.590733188227222,0.0113305767960158
"P","nb",5,0.1,1,0.5,"TOX-raw-blocked",0.18,20,0.594476396844341,0.0113999661614843
"P","nb",5,0.1,1,0.5,"TOX-raw-blocked",0.19,20,0.599169037646239,0.0114287264466912
"P","nb",5,0.1,1,0.5,"TOX-raw-blocked",0.2,20,0.603755238818082,0.0114719247175205
"P","nb",5,0.1,1,0.5,"TOX-raw-blocked",0.21,20,0.608026435316211,0.0116299117714087
"P","nb",5,0.1,1,0.5,"TOX-raw-blocked",0.22,20,0.612392755243102,0.0113689061677071
"P","nb",5,0.1,1,0.5,"TOX-raw-blocked",0.23,20,0.614642905739431,0.0110687110373794
"P","nb",5,0.1,1,0.5,"TOX-raw-blocked",0.24,20,0.617941122087777,0.0109969130145944
"P","nb",5,0.1,1,0.5,"TOX-raw-blocked",0.25,20,0.622095427600662,0.0108104566308965
"P","nb",5,0.1,1,0.5,"TOX-raw-blocked",0.26,20,0.624977495979322,0.0108505055407484
"P","nb",5,0.1,1,0.5,"TOX-raw-blocked",0.27,20,0.62903173818402,0.0106642012346704
"P","nb",5,0.1,1,0.5,"TOX-raw-blocked",0.28,20,0.633632675901273,0.0101894910342382
"P","nb",5,0.1,1,0.5,"TOX-raw-blocked",0.29,20,0.63863459080577,0.0104164374802789
"P","nb",5,0.1,1,0.5,"TOX-raw-blocked",0.3,20,0.641406466536503,0.0105586294001117
"P","nb",10,0.1,1,0.5,"DESeq2",0,20,0.501298121842506,0.0142880350276445
"P","nb",10,0.1,1,0.5,"DESeq2",0.01,20,0.549362013665871,0.010749384180877
"P","nb",10,0.1,1,0.5,"DESeq2",0.02,20,0.574041530614225,0.00987309180350426
"P","nb",10,0.1,1,0.5,"DESeq2",0.03,20,0.593004603102341,0.00867577787717884
"P","nb",10,0.1,1,0.5,"DESeq2",0.04,20,0.60491856741292,0.00820043939563318
"P","nb",10,0.1,1,0.5,"DESeq2",0.05,20,0.615907860210022,0.00855854875389251
"P","nb",10,0.1,1,0.5,"DESeq2",0.06,20,0.624052604632086,0.00892583585587526
"P","nb",10,0.1,1,0.5,"DESeq2",0.07,20,0.632371392312361,0.00881709640148812
"P","nb",10,0.1,1,0.5,"DESeq2",0.08,20,0.641137256371734,0.00863315352967816
"P","nb",10,0.1,1,0.5,"DESeq2",0.09,20,0.6478419601875,0.00843821234725816
"P","nb",10,0.1,1,0.5,"DESeq2",0.1,20,0.652882782984284,0.00834767641683209
"P","nb",10,0.1,1,0.5,"DESeq2",0.11,20,0.658125503588865,0.00819984847224639
"P","nb",10,0.1,1,0.5,"DESeq2",0.12,20,0.663356841874484,0.0082533321182322
"P","nb",10,0.1,1,0.5,"DESeq2",0.13,20,0.667630917838683,0.00827377511968147
"P","nb",10,0.1,1,0.5,"DESeq2",0.14,20,0.671687804910602,0.00830620112175086
"P","nb",10,0.1,1,0.5,"DESeq2",0.15,20,0.676172371725713,0.00802201307158374
"P","nb",10,0.1,1,0.5,"DESeq2",0.16,20,0.680463405923248,0.00807843990283321
"P","nb",10,0.1,1,0.5,"DESeq2",0.17,20,0.682180090331697,0.00797646121212683
"P","nb",10,0.1,1,0.5,"DESeq2",0.18,20,0.686137266769934,0.0079999928114559
"P","nb",10,0.1,1,0.5,"DESeq2",0.19,20,0.689773838610689,0.0081763967382778
"P","nb",10,0.1,1,0.5,"DESeq2",0.2,20,0.693617474234339,0.00804125853046944
"P","nb",10,0.1,1,0.5,"DESeq2",0.21,20,0.696185154279388,0.00780103119918893
"P","nb",10,0.1,1,0.5,"DESeq2",0.22,20,0.699170970633965,0.00754382635919445
"P","nb",10,0.1,1,0.5,"DESeq2",0.23,20,0.702495755011354,0.00778489458731449
"P","nb",10,0.1,1,0.5,"DESeq2",0.24,20,0.705168710114075,0.00795158868708978
"P","nb",10,0.1,1,0.5,"DESeq2",0.25,20,0.707728761409422,0.00789812432420813
"P","nb",10,0.1,1,0.5,"DESeq2",0.26,20,0.710923105487842,0.0077393533631519
"P","nb",10,0.1,1,0.5,"DESeq2",0.27,20,0.712314228385313,0.00769302514182505
"P","nb",10,0.1,1,0.5,"DESeq2",0.28,20,0.713805963186537,0.00750232952319288
"P","nb",10,0.1,1,0.5,"DESeq2",0.29,20,0.716266033017952,0.00739221473525887
"P","nb",10,0.1,1,0.5,"DESeq2",0.3,20,0.719258853854719,0.00733301520260569
"P","nb",10,0.1,1,0.5,"edgeR",0,20,0.540164505730326,0.0135683861065706
"P","nb",10,0.1,1,0.5,"edgeR",0.01,20,0.58395528052391,0.0104477025567884
"P","nb",10,0.1,1,0.5,"edgeR",0.02,20,0.606608053936619,0.00893922450976906
"P","nb",10,0.1,1,0.5,"edgeR",0.03,20,0.623338526164872,0.00909866153380103
"P","nb",10,0.1,1,0.5,"edgeR",0.04,20,0.634611193327305,0.00840504803719982
"P","nb",10,0.1,1,0.5,"edgeR",0.05,20,0.640496706742119,0.00815550634088649
"P","nb",10,0.1,1,0.5,"edgeR",0.06,20,0.646913381095949,0.00803091596913075
"P","nb",10,0.1,1,0.5,"edgeR",0.07,20,0.65555337185939,0.00787116048995515
"P","nb",10,0.1,1,0.5,"edgeR",0.08,20,0.658867848274128,0.00801504130881578
"P","nb",10,0.1,1,0.5,"edgeR",0.09,20,0.663890824354014,0.00759999489560279
"P","nb",10,0.1,1,0.5,"edgeR",0.1,20,0.66839029639775,0.00753683224075739
"P","nb",10,0.1,1,0.5,"edgeR",0.11,20,0.672025364713336,0.0074044431270682
"P","nb",10,0.1,1,0.5,"edgeR",0.12,20,0.676630663597322,0.00748742259669669
"P","nb",10,0.1,1,0.5,"edgeR",0.13,20,0.680683496582831,0.00747600320071844
"P","nb",10,0.1,1,0.5,"edgeR",0.14,20,0.68517267416889,0.00754054322145043
"P","nb",10,0.1,1,0.5,"edgeR",0.15,20,0.687827512201177,0.0074230855566717
"P","nb",10,0.1,1,0.5,"edgeR",0.16,20,0.690290904468864,0.00743383552118381
"P","nb",10,0.1,1,0.5,"edgeR",0.17,20,0.694246753660621,0.00741556110483058
"P","nb",10,0.1,1,0.5,"edgeR",0.18,20,0.695964034019414,0.00738806014632544
"P","nb",10,0.1,1,0.5,"edgeR",0.19,20,0.699065286305761,0.00722474526626565
"P","nb",10,0.1,1,0.5,"edgeR",0.2,20,0.702253974619217,0.00706938081355247
"P","nb",10,0.1,1,0.5,"edgeR",0.21,20,0.704285250908324,0.00717109069822762
"P","nb",10,0.1,1,0.5,"edgeR",0.22,20,0.706843892921479,0.00707578668025602
"P","nb",10,0.1,1,0.5,"edgeR",0.23,20,0.708980055572543,0.00694638767330468
"P","nb",10,0.1,1,0.5,"edgeR",0.24,20,0.71112172850668,0.00693916765456378
"P","nb",10,0.1,1,0.5,"edgeR",0.25,20,0.713683831368129,0.00709811889200701
"P","nb",10,0.1,1,0.5,"edgeR",0.26,20,0.717213230409085,0.00691374892430001
"P","nb",10,0.1,1,0.5,"edgeR",0.27,20,0.722024806574984,0.00687930777629301
"P","nb",10,0.1,1,0.5,"edgeR",0.28,20,0.724911728937262,0.00666448460624629
"P","nb",10,0.1,1,0.5,"edgeR",0.29,20,0.728028656919434,0.00682427220113588
"P","nb",10,0.1,1,0.5,"edgeR",0.3,20,0.73079664090669,0.00692288656579241
"P","nb",10,0.1,1,0.5,"limma",0,20,0.527920443590381,0.0140558020668648
"P","nb",10,0.1,1,0.5,"limma",0.01,20,0.573735239303087,0.0125355532603437
"P","nb",10,0.1,1,0.5,"limma",0.02,20,0.593591583434672,0.0106680625065522
"P","nb",10,0.1,1,0.5,"limma",0.03,20,0.605883231061741,0.00995170534895869
"P","nb",10,0.1,1,0.5,"limma",0.04,20,0.617328003226909,0.00998817865863577
"P","nb",10,0.1,1,0.5,"limma",0.05,20,0.62622530396641,0.00983109961525617
"P","nb",10,0.1,1,0.5,"limma",0.06,20,0.634453520314443,0.00869904791979646
"P","nb",10,0.1,1,0.5,"limma",0.07,20,0.64053677431893,0.00858901720970171
"P","nb",10,0.1,1,0.5,"limma",0.08,20,0.646176186703066,0.00798474606878914
"P","nb",10,0.1,1,0.5,"limma",0.09,20,0.650666175213732,0.00809777038886541
"P","nb",10,0.1,1,0.5,"limma",0.1,20,0.656785364451495,0.00796150367970157
"P","nb",10,0.1,1,0.5,"limma",0.11,20,0.661035136199735,0.00789314402147412
"P","nb",10,0.1,1,0.5,"limma",0.12,20,0.665329453546626,0.00817683660962781
"P","nb",10,0.1,1,0.5,"limma",0.13,20,0.668957721946027,0.00818848334991185
"P","nb",10,0.1,1,0.5,"limma",0.14,20,0.672062103079854,0.00797448801478425
"P","nb",10,0.1,1,0.5,"limma",0.15,20,0.675907938753419,0.0079556643948707
"P","nb",10,0.1,1,0.5,"limma",0.16,20,0.680396867320786,0.00723707604278837
"P","nb",10,0.1,1,0.5,"limma",0.17,20,0.683057886294262,0.00744820782122831
"P","nb",10,0.1,1,0.5,"limma",0.18,20,0.686479296650096,0.00772972364674303
"P","nb",10,0.1,1,0.5,"limma",0.19,20,0.689683433404579,0.00772985694543106
"P","nb",10,0.1,1,0.5,"limma",0.2,20,0.6929964170416,0.00768480417491931
"P","nb",10,0.1,1,0.5,"limma",0.21,20,0.695777039924306,0.00750812968964397
"P","nb",10,0.1,1,0.5,"limma",0.22,20,0.698011089758941,0.00720755581523139
"P","nb",10,0.1,1,0.5,"limma",0.23,20,0.701524612459974,0.00727260654722489
"P","nb",10,0.1,1,0.5,"limma",0.24,20,0.704409007173695,0.00705511805609157
"P","nb",10,0.1,1,0.5,"limma",0.25,20,0.707509502574099,0.00686968436688814
"P","nb",10,0.1,1,0.5,"limma",0.26,20,0.709852319884246,0.00665791200618116
"P","nb",10,0.1,1,0.5,"limma",0.27,20,0.712094568701625,0.00679187338218934
"P","nb",10,0.1,1,0.5,"limma",0.28,20,0.71403002638142,0.00685386185415475
"P","nb",10,0.1,1,0.5,"limma",0.29,20,0.716483042996894,0.00669349299413309
"P","nb",10,0.1,1,0.5,"limma",0.3,20,0.719270739688692,0.00651568902277799
"P","nb",10,0.1,1,0.5,"TOX-log",0,20,0.456772880264218,0.0452118768444021
"P","nb",10,0.1,1,0.5,"TOX-log",0.01,20,0.580208672608811,0.0120659234113288
"P","nb",10,0.1,1,0.5,"TOX-log",0.02,20,0.604158301483283,0.0115311215275566
"P","nb",10,0.1,1,0.5,"TOX-log",0.03,20,0.616107866003199,0.0115246978168889
"P","nb",10,0.1,1,0.5,"TOX-log",0.04,20,0.6262968183627,0.0106856429072457
"P","nb",10,0.1,1,0.5,"TOX-log",0.05,20,0.635377537385584,0.00917096427317784
"P","nb",10,0.1,1,0.5,"TOX-log",0.06,20,0.641581981476117,0.00886967851331371
"P","nb",10,0.1,1,0.5,"TOX-log",0.07,20,0.649169242254431,0.00878066310822111
"P","nb",10,0.1,1,0.5,"TOX-log",0.08,20,0.656216427747994,0.00898355557293821
"P","nb",10,0.1,1,0.5,"TOX-log",0.09,20,0.663478374198258,0.00875761489837126
"P","nb",10,0.1,1,0.5,"TOX-log",0.1,20,0.668730340348746,0.00863075353630913
"P","nb",10,0.1,1,0.5,"TOX-log",0.11,20,0.673544451945395,0.00851139835178533
"P","nb",10,0.1,1,0.5,"TOX-log",0.12,20,0.676432580168158,0.0085693473132785
"P","nb",10,0.1,1,0.5,"TOX-log",0.13,20,0.679743625653614,0.00879630069839538
"P","nb",10,0.1,1,0.5,"TOX-log",0.14,20,0.683158278895445,0.00860448715174623
"P","nb",10,0.1,1,0.5,"TOX-log",0.15,20,0.686586909904959,0.00844717894327722
"P","nb",10,0.1,1,0.5,"TOX-log",0.16,20,0.689595930588739,0.008411523962799
"P","nb",10,0.1,1,0.5,"TOX-log",0.17,20,0.692037341758726,0.00838333283061171
"P","nb",10,0.1,1,0.5,"TOX-log",0.18,20,0.695236293840439,0.00835164034247819
"P","nb",10,0.1,1,0.5,"TOX-log",0.19,20,0.697898536145151,0.00833584591661381
"P","nb",10,0.1,1,0.5,"TOX-log",0.2,20,0.701527293654926,0.00795977164482621
"P","nb",10,0.1,1,0.5,"TOX-log",0.21,20,0.703777777256295,0.00807864255106587
"P","nb",10,0.1,1,0.5,"TOX-log",0.22,20,0.706455337232953,0.00818685454596722
"P","nb",10,0.1,1,0.5,"TOX-log",0.23,20,0.708492531502861,0.00814159381210937
"P","nb",10,0.1,1,0.5,"TOX-log",0.24,20,0.711576689452563,0.00812741076108907
"P","nb",10,0.1,1,0.5,"TOX-log",0.25,20,0.715436475718191,0.00799589313124894
"P","nb",10,0.1,1,0.5,"TOX-log",0.26,20,0.717573092236237,0.00809834044460354
"P","nb",10,0.1,1,0.5,"TOX-log",0.27,20,0.720479646512918,0.0081957288230305
"P","nb",10,0.1,1,0.5,"TOX-log",0.28,20,0.722824634208748,0.00792689447433666
"P","nb",10,0.1,1,0.5,"TOX-log",0.29,20,0.725066824683942,0.00781503528579567
"P","nb",10,0.1,1,0.5,"TOX-log",0.3,20,0.728260885155929,0.00756327951166924
"P","nb",10,0.1,1,0.5,"TOX-log-blocked",0,20,0.454153250067384,0.0452330745873955
"P","nb",10,0.1,1,0.5,"TOX-log-blocked",0.01,20,0.578627416888023,0.0156749284268328
"P","nb",10,0.1,1,0.5,"TOX-log-blocked",0.02,20,0.600230564725065,0.0114746864379333
"P","nb",10,0.1,1,0.5,"TOX-log-blocked",0.03,20,0.615609353733203,0.0112336326356192
"P","nb",10,0.1,1,0.5,"TOX-log-blocked",0.04,20,0.626075336774491,0.01010166301153
"P","nb",10,0.1,1,0.5,"TOX-log-blocked",0.05,20,0.635468942906997,0.0089032352180754
"P","nb",10,0.1,1,0.5,"TOX-log-blocked",0.06,20,0.642016309709514,0.00877214362055588
"P","nb",10,0.1,1,0.5,"TOX-log-blocked",0.07,20,0.648527322863774,0.008745561828642
"P","nb",10,0.1,1,0.5,"TOX-log-blocked",0.08,20,0.656333336898836,0.00872396525679851
"P","nb",10,0.1,1,0.5,"TOX-log-blocked",0.09,20,0.663489655462535,0.00860859699450064
"P","nb",10,0.1,1,0.5,"TOX-log-blocked",0.1,20,0.668513927236624,0.00859813594892937
"P","nb",10,0.1,1,0.5,"TOX-log-blocked",0.11,20,0.67171517509666,0.00854282718703695
"P","nb",10,0.1,1,0.5,"TOX-log-blocked",0.12,20,0.67567400610935,0.00853567514891221
"P","nb",10,0.1,1,0.5,"TOX-log-blocked",0.13,20,0.678982830543822,0.00843889000303406
"P","nb",10,0.1,1,0.5,"TOX-log-blocked",0.14,20,0.683702563771086,0.00855145547401929
"P","nb",10,0.1,1,0.5,"TOX-log-blocked",0.15,20,0.686581663512037,0.00862639141497498
"P","nb",10,0.1,1,0.5,"TOX-log-blocked",0.16,20,0.689481959332035,0.00860316329264568
"P","nb",10,0.1,1,0.5,"TOX-log-blocked",0.17,20,0.69225637616996,0.00842527265459328
"P","nb",10,0.1,1,0.5,"TOX-log-blocked",0.18,20,0.69418258926713,0.00838390177449324
"P","nb",10,0.1,1,0.5,"TOX-log-blocked",0.19,20,0.697068147641453,0.00832736309070741
"P","nb",10,0.1,1,0.5,"TOX-log-blocked",0.2,20,0.700806725656191,0.0083452737631766
"P","nb",10,0.1,1,0.5,"TOX-log-blocked",0.21,20,0.703918014207132,0.00802860457657451
"P","nb",10,0.1,1,0.5,"TOX-log-blocked",0.22,20,0.707004833165901,0.00809722109119485
"P","nb",10,0.1,1,0.5,"TOX-log-blocked",0.23,20,0.709131749619709,0.0080631760345857
"P","nb",10,0.1,1,0.5,"TOX-log-blocked",0.24,20,0.711909967905323,0.00803810295489432
"P","nb",10,0.1,1,0.5,"TOX-log-blocked",0.25,20,0.716183668844311,0.00804634465771213
"P","nb",10,0.1,1,0.5,"TOX-log-blocked",0.26,20,0.718210310863674,0.00800774841906056
"P","nb",10,0.1,1,0.5,"TOX-log-blocked",0.27,20,0.720144507623835,0.0080462481265843
"P","nb",10,0.1,1,0.5,"TOX-log-blocked",0.28,20,0.723023500951506,0.00799131366938954
"P","nb",10,0.1,1,0.5,"TOX-log-blocked",0.29,20,0.725696221704293,0.00795934958286528
"P","nb",10,0.1,1,0.5,"TOX-log-blocked",0.3,20,0.727836764068892,0.00768451645098753
"P","nb",10,0.1,1,0.5,"TOX-log-boot",0,20,0.277071081769588,0.0639548471567474
"P","nb",10,0.1,1,0.5,"TOX-log-boot",0.01,20,0.552985743889482,0.0310016494099795
"P","nb",10,0.1,1,0.5,"TOX-log-boot",0.02,20,0.600516886169218,0.0125809575210353
"P","nb",10,0.1,1,0.5,"TOX-log-boot",0.03,20,0.617211253321667,0.0113617538928896
"P","nb",10,0.1,1,0.5,"TOX-log-boot",0.04,20,0.627794801098664,0.00943195713264942
"P","nb",10,0.1,1,0.5,"TOX-log-boot",0.05,20,0.63569152390249,0.00889507121722565
"P","nb",10,0.1,1,0.5,"TOX-log-boot",0.06,20,0.643738382717867,0.00915348245118615
"P","nb",10,0.1,1,0.5,"TOX-log-boot",0.07,20,0.651315358767505,0.00888481363003992
"P","nb",10,0.1,1,0.5,"TOX-log-boot",0.08,20,0.65729336118536,0.00866430638225969
"P","nb",10,0.1,1,0.5,"TOX-log-boot",0.09,20,0.662199452604731,0.00851453663826681
"P","nb",10,0.1,1,0.5,"TOX-log-boot",0.1,20,0.666785437544831,0.00861855856577033
"P","nb",10,0.1,1,0.5,"TOX-log-boot",0.11,20,0.671261294678482,0.0086321285343171
"P","nb",10,0.1,1,0.5,"TOX-log-boot",0.12,20,0.675675300762157,0.00860843984125522
"P","nb",10,0.1,1,0.5,"TOX-log-boot",0.13,20,0.678666428192151,0.00873594119441966
"P","nb",10,0.1,1,0.5,"TOX-log-boot",0.14,20,0.681454198590635,0.00873498920351235
"P","nb",10,0.1,1,0.5,"TOX-log-boot",0.15,20,0.685752806056576,0.00876825218874533
"P","nb",10,0.1,1,0.5,"TOX-log-boot",0.16,20,0.688849710797437,0.00853102205265356
"P","nb",10,0.1,1,0.5,"TOX-log-boot",0.17,20,0.69161694787885,0.00844703569169885
"P","nb",10,0.1,1,0.5,"TOX-log-boot",0.18,20,0.694397636948988,0.00840370538040864
"P","nb",10,0.1,1,0.5,"TOX-log-boot",0.19,20,0.697059237496446,0.00832059646622971
"P","nb",10,0.1,1,0.5,"TOX-log-boot",0.2,20,0.700150043492177,0.0081465902309305
"P","nb",10,0.1,1,0.5,"TOX-log-boot",0.21,20,0.702615225394979,0.00806964975357621
"P","nb",10,0.1,1,0.5,"TOX-log-boot",0.22,20,0.705399906006675,0.00792593673258995
"P","nb",10,0.1,1,0.5,"TOX-log-boot",0.23,20,0.708501018301815,0.00800647575667372
"P","nb",10,0.1,1,0.5,"TOX-log-boot",0.24,20,0.712239342176612,0.00815378520535935
"P","nb",10,0.1,1,0.5,"TOX-log-boot",0.25,20,0.71597364898884,0.0082915556167666
"P","nb",10,0.1,1,0.5,"TOX-log-boot",0.26,20,0.717794478199769,0.00808417333335334
"P","nb",10,0.1,1,0.5,"TOX-log-boot",0.27,20,0.719928131096196,0.00802944091201526
"P","nb",10,0.1,1,0.5,"TOX-log-boot",0.28,20,0.722827511394074,0.00825390240751604
"P","nb",10,0.1,1,0.5,"TOX-log-boot",0.29,20,0.725282810198734,0.00782499205037964
"P","nb",10,0.1,1,0.5,"TOX-log-boot",0.3,20,0.727720802392979,0.0075166615672098
"P","nb",10,0.1,1,0.5,"TOX-raw",0,20,0.460308357383092,0.0288417451941814
"P","nb",10,0.1,1,0.5,"TOX-raw",0.01,20,0.550722493774532,0.0135398440276616
"P","nb",10,0.1,1,0.5,"TOX-raw",0.02,20,0.592067933864359,0.0113671047447756
"P","nb",10,0.1,1,0.5,"TOX-raw",0.03,20,0.612702537335897,0.0105339830135244
"P","nb",10,0.1,1,0.5,"TOX-raw",0.04,20,0.627052902401709,0.0098963710790332
"P","nb",10,0.1,1,0.5,"TOX-raw",0.05,20,0.64113152885511,0.00914699293437302
"P","nb",10,0.1,1,0.5,"TOX-raw",0.06,20,0.649879288000315,0.00861173165511744
"P","nb",10,0.1,1,0.5,"TOX-raw",0.07,20,0.655215574417384,0.00854230474101787
"P","nb",10,0.1,1,0.5,"TOX-raw",0.08,20,0.661201256729066,0.00832281078390511
"P","nb",10,0.1,1,0.5,"TOX-raw",0.09,20,0.667386587557326,0.00799637487278273
"P","nb",10,0.1,1,0.5,"TOX-raw",0.1,20,0.671881321587343,0.00808397105607063
"P","nb",10,0.1,1,0.5,"TOX-raw",0.11,20,0.675939253116181,0.0081890027178455
"P","nb",10,0.1,1,0.5,"TOX-raw",0.12,20,0.678829488466896,0.00829794533095503
"P","nb",10,0.1,1,0.5,"TOX-raw",0.13,20,0.68374149270367,0.00816728923642481
"P","nb",10,0.1,1,0.5,"TOX-raw",0.14,20,0.687587264548544,0.00793546764499762
"P","nb",10,0.1,1,0.5,"TOX-raw",0.15,20,0.691337903770465,0.00811472948363581
"P","nb",10,0.1,1,0.5,"TOX-raw",0.16,20,0.694550565748684,0.00839443084897571
"P","nb",10,0.1,1,0.5,"TOX-raw",0.17,20,0.697329125396819,0.00820141389141411
"P","nb",10,0.1,1,0.5,"TOX-raw",0.18,20,0.699899542640688,0.00849594774205896
"P","nb",10,0.1,1,0.5,"TOX-raw",0.19,20,0.703642868898763,0.00832928177716588
"P","nb",10,0.1,1,0.5,"TOX-raw",0.2,20,0.707705933709935,0.00839224103067951
"P","nb",10,0.1,1,0.5,"TOX-raw",0.21,20,0.710597128560031,0.00857216742369783
"P","nb",10,0.1,1,0.5,"TOX-raw",0.22,20,0.714145127009457,0.00860004647365093
"P","nb",10,0.1,1,0.5,"TOX-raw",0.23,20,0.717020931823495,0.00850847714123197
"P","nb",10,0.1,1,0.5,"TOX-raw",0.24,20,0.719265524795029,0.00844470551576074
"P","nb",10,0.1,1,0.5,"TOX-raw",0.25,20,0.721953606078469,0.00821560945997229
"P","nb",10,0.1,1,0.5,"TOX-raw",0.26,20,0.724634679350421,0.00832944549383542
"P","nb",10,0.1,1,0.5,"TOX-raw",0.27,20,0.728366051109893,0.00814717693105164
"P","nb",10,0.1,1,0.5,"TOX-raw",0.28,20,0.73134354726816,0.007983547792208
"P","nb",10,0.1,1,0.5,"TOX-raw",0.29,20,0.733910950341715,0.00791513891717148
"P","nb",10,0.1,1,0.5,"TOX-raw",0.3,20,0.737017778055527,0.00779244148381401
"P","nb",10,0.1,1,0.5,"TOX-raw-blocked",0,20,0.481571735053318,0.0315364139477006
"P","nb",10,0.1,1,0.5,"TOX-raw-blocked",0.01,20,0.571580109530854,0.016503685361999
"P","nb",10,0.1,1,0.5,"TOX-raw-blocked",0.02,20,0.607233609292606,0.0107833822005745
"P","nb",10,0.1,1,0.5,"TOX-raw-blocked",0.03,20,0.624169501563022,0.00938537637164842
"P","nb",10,0.1,1,0.5,"TOX-raw-blocked",0.04,20,0.632050099258904,0.00882282330658024
"P","nb",10,0.1,1,0.5,"TOX-raw-blocked",0.05,20,0.643476938734786,0.00943307219677791
"P","nb",10,0.1,1,0.5,"TOX-raw-blocked",0.06,20,0.64963986688609,0.00850399796345742
"P","nb",10,0.1,1,0.5,"TOX-raw-blocked",0.07,20,0.657565034478629,0.00811135560129936
"P","nb",10,0.1,1,0.5,"TOX-raw-blocked",0.08,20,0.66336065917169,0.00819262728827345
"P","nb",10,0.1,1,0.5,"TOX-raw-blocked",0.09,20,0.668576631120768,0.008292616795743
"P","nb",10,0.1,1,0.5,"TOX-raw-blocked",0.1,20,0.672728688112734,0.00825757628366202
"P","nb",10,0.1,1,0.5,"TOX-raw-blocked",0.11,20,0.676575265344214,0.00843359751660739
"P","nb",10,0.1,1,0.5,"TOX-raw-blocked",0.12,20,0.68031234676024,0.00809075666774908
"P","nb",10,0.1,1,0.5,"TOX-raw-blocked",0.13,20,0.683852206494994,0.00804563974211282
"P","nb",10,0.1,1,0.5,"TOX-raw-blocked",0.14,20,0.689198733377766,0.00818449842455742
"P","nb",10,0.1,1,0.5,"TOX-raw-blocked",0.15,20,0.692939833861075,0.0082731702454099
"P","nb",10,0.1,1,0.5,"TOX-raw-blocked",0.16,20,0.695515162276905,0.00831557230796761
"P","nb",10,0.1,1,0.5,"TOX-raw-blocked",0.17,20,0.699153794351763,0.00847347035872844
"P","nb",10,0.1,1,0.5,"TOX-raw-blocked",0.18,20,0.701497396364445,0.00850641115692405
"P","nb",10,0.1,1,0.5,"TOX-raw-blocked",0.19,20,0.704166742709035,0.00831361388539756
"P","nb",10,0.1,1,0.5,"TOX-raw-blocked",0.2,20,0.708355765673122,0.00849055416478104
"P","nb",10,0.1,1,0.5,"TOX-raw-blocked",0.21,20,0.710602569669368,0.00864080497117763
"P","nb",10,0.1,1,0.5,"TOX-raw-blocked",0.22,20,0.713489355793958,0.0086991259647915
"P","nb",10,0.1,1,0.5,"TOX-raw-blocked",0.23,20,0.716377547211036,0.00850349520105807
"P","nb",10,0.1,1,0.5,"TOX-raw-blocked",0.24,20,0.719254391582221,0.00841732700548334
"P","nb",10,0.1,1,0.5,"TOX-raw-blocked",0.25,20,0.721185468597946,0.00852026116342875
"P","nb",10,0.1,1,0.5,"TOX-raw-blocked",0.26,20,0.723859648884878,0.00831184166441849
"P","nb",10,0.1,1,0.5,"TOX-raw-blocked",0.27,20,0.72739930140936,0.00808389026842653
"P","nb",10,0.1,1,0.5,"TOX-raw-blocked",0.28,20,0.73070508952729,0.00791936981521971
"P","nb",10,0.1,1,0.5,"TOX-raw-blocked",0.29,20,0.733604623381245,0.00779999194235012
"P","nb",10,0.1,1,0.5,"TOX-raw-blocked",0.3,20,0.736795770770918,0.00765535433759298
"P","tpois",3,0.1,1,0.5,"DESeq2",0,20,0.315439285485961,0.0124996113956087
"P","tpois",3,0.1,1,0.5,"DESeq2",0.01,20,0.36385798142658,0.0133838843131281
"P","tpois",3,0.1,1,0.5,"DESeq2",0.02,20,0.400942684920582,0.0108704600075576
"P","tpois",3,0.1,1,0.5,"DESeq2",0.03,20,0.414928503034033,0.0108325309694388
"P","tpois",3,0.1,1,0.5,"DESeq2",0.04,20,0.432450936125205,0.011016175429001
"P","tpois",3,0.1,1,0.5,"DESeq2",0.05,20,0.44562974734035,0.0108296922841649
"P","tpois",3,0.1,1,0.5,"DESeq2",0.06,20,0.458781506986208,0.0103367466368244
"P","tpois",3,0.1,1,0.5,"DESeq2",0.07,20,0.468852748722465,0.00999511359233097
"P","tpois",3,0.1,1,0.5,"DESeq2",0.08,20,0.475550944157819,0.00993839792102275
"P","tpois",3,0.1,1,0.5,"DESeq2",0.09,20,0.482430368884566,0.00953088470867545
"P","tpois",3,0.1,1,0.5,"DESeq2",0.1,20,0.489828126074499,0.00892819317088219
"P","tpois",3,0.1,1,0.5,"DESeq2",0.11,20,0.493541890598704,0.00902335275952422
"P","tpois",3,0.1,1,0.5,"DESeq2",0.12,20,0.498871640551714,0.00942782944573532
"P","tpois",3,0.1,1,0.5,"DESeq2",0.13,20,0.505024703716156,0.00923345799791388
"P","tpois",3,0.1,1,0.5,"DESeq2",0.14,20,0.512049966688553,0.00902347314474944
"P","tpois",3,0.1,1,0.5,"DESeq2",0.15,20,0.517548629600893,0.00890509237109112
"P","tpois",3,0.1,1,0.5,"DESeq2",0.16,20,0.520943689198549,0.00932598962252223
"P","tpois",3,0.1,1,0.5,"DESeq2",0.17,20,0.526164008185382,0.00950863135856931
"P","tpois",3,0.1,1,0.5,"DESeq2",0.18,20,0.5300908105123,0.00932352211084226
"P","tpois",3,0.1,1,0.5,"DESeq2",0.19,20,0.536990349121639,0.00910886291109404
"P","tpois",3,0.1,1,0.5,"DESeq2",0.2,20,0.542842718324148,0.00904484953549452
"P","tpois",3,0.1,1,0.5,"DESeq2",0.21,20,0.547513443967192,0.00881663192107737
"P","tpois",3,0.1,1,0.5,"DESeq2",0.22,20,0.553364471559102,0.00871958895521494
"P","tpois",3,0.1,1,0.5,"DESeq2",0.23,20,0.558126360554185,0.00849806808160356
"P","tpois",3,0.1,1,0.5,"DESeq2",0.24,20,0.561007382783376,0.00857884193348028
"P","tpois",3,0.1,1,0.5,"DESeq2",0.25,20,0.564408378943924,0.00858075170033096
"P","tpois",3,0.1,1,0.5,"DESeq2",0.26,20,0.567495759997882,0.00855039990515217
"P","tpois",3,0.1,1,0.5,"DESeq2",0.27,20,0.570783454870495,0.00853680817774923
"P","tpois",3,0.1,1,0.5,"DESeq2",0.28,20,0.575045161191639,0.00847025713575946
"P","tpois",3,0.1,1,0.5,"DESeq2",0.29,20,0.579045059719819,0.00786846658393842
"P","tpois",3,0.1,1,0.5,"DESeq2",0.3,20,0.582228898013597,0.00763655060864089
"P","tpois",3,0.1,1,0.5,"edgeR",0,20,0.347869596172423,0.0140444797789138
"P","tpois",3,0.1,1,0.5,"edgeR",0.01,20,0.401166905599186,0.0130513986735177
"P","tpois",3,0.1,1,0.5,"edgeR",0.02,20,0.428013146070142,0.0104409922733788
"P","tpois",3,0.1,1,0.5,"edgeR",0.03,20,0.454882079566211,0.0100246643342667
"P","tpois",3,0.1,1,0.5,"edgeR",0.04,20,0.468655970278694,0.00975732709936516
"P","tpois",3,0.1,1,0.5,"edgeR",0.05,20,0.477466346768493,0.00916441152609129
"P","tpois",3,0.1,1,0.5,"edgeR",0.06,20,0.485421638642529,0.00910865915223735
"P","tpois",3,0.1,1,0.5,"edgeR",0.07,20,0.49400556689456,0.0090471409379192
"P","tpois",3,0.1,1,0.5,"edgeR",0.08,20,0.501110336905971,0.00877450717019474
"P","tpois",3,0.1,1,0.5,"edgeR",0.09,20,0.508962131427775,0.00927207146039877
"P","tpois",3,0.1,1,0.5,"edgeR",0.1,20,0.513843416939429,0.0090707860721148
"P","tpois",3,0.1,1,0.5,"edgeR",0.11,20,0.518418444204898,0.00930877698597653
"P","tpois",3,0.1,1,0.5,"edgeR",0.12,20,0.521816863566632,0.00919567720789322
"P","tpois",3,0.1,1,0.5,"edgeR",0.13,20,0.528940727937036,0.00931256126133947
"P","tpois",3,0.1,1,0.5,"edgeR",0.14,20,0.5355419456839,0.00936947659454252
"P","tpois",3,0.1,1,0.5,"edgeR",0.15,20,0.538423441346146,0.00934787997487971
"P","tpois",3,0.1,1,0.5,"edgeR",0.16,20,0.542438477962034,0.00904156244210292
"P","tpois",3,0.1,1,0.5,"edgeR",0.17,20,0.546344978723857,0.00851023074888975
"P","tpois",3,0.1,1,0.5,"edgeR",0.18,20,0.548671234492371,0.00859761632348337
"P","tpois",3,0.1,1,0.5,"edgeR",0.19,20,0.552097879375642,0.00872338458648779
"P","tpois",3,0.1,1,0.5,"edgeR",0.2,20,0.555706789492947,0.00858745145894037
"P","tpois",3,0.1,1,0.5,"edgeR",0.21,20,0.558681529431224,0.00887818496690946
"P","tpois",3,0.1,1,0.5,"edgeR",0.22,20,0.56251094093791,0.00893799226471776
"P","tpois",3,0.1,1,0.5,"edgeR",0.23,20,0.566000097502222,0.00870078013330716
"P","tpois",3,0.1,1,0.5,"edgeR",0.24,20,0.569610431195198,0.00835153954663561
"P","tpois",3,0.1,1,0.5,"edgeR",0.25,20,0.572783632221028,0.00808150320813934
"P","tpois",3,0.1,1,0.5,"edgeR",0.26,20,0.575962465257349,0.00787677746601143
"P","tpois",3,0.1,1,0.5,"edgeR",0.27,20,0.57894754107695,0.00793610701357109
"P","tpois",3,0.1,1,0.5,"edgeR",0.28,20,0.581813958757313,0.00786437772341648
"P","tpois",3,0.1,1,0.5,"edgeR",0.29,20,0.585011145475662,0.00789648451827084
"P","tpois",3,0.1,1,0.5,"edgeR",0.3,20,0.588843459990063,0.00829769060296667
"P","tpois",3,0.1,1,0.5,"limma",0,20,0.352667810532057,0.012596279611324
"P","tpois",3,0.1,1,0.5,"limma",0.01,20,0.402512436116535,0.0123617313720961
"P","tpois",3,0.1,1,0.5,"limma",0.02,20,0.44677706275557,0.00878759248696719
"P","tpois",3,0.1,1,0.5,"limma",0.03,20,0.464893558586528,0.0094666004767449
"P","tpois",3,0.1,1,0.5,"limma",0.04,20,0.478183656413897,0.00958902283892157
"P","tpois",3,0.1,1,0.5,"limma",0.05,20,0.490298875696266,0.0096295905416569
"P","tpois",3,0.1,1,0.5,"limma",0.06,20,0.499213029113165,0.00892152094525268
"P","tpois",3,0.1,1,0.5,"limma",0.07,20,0.505716198158881,0.00907041434187054
"P","tpois",3,0.1,1,0.5,"limma",0.08,20,0.513041844569172,0.00883562296689776
"P","tpois",3,0.1,1,0.5,"limma",0.09,20,0.519422015468225,0.00890674688300865
"P","tpois",3,0.1,1,0.5,"limma",0.1,20,0.526434870755854,0.00889911728112184
"P","tpois",3,0.1,1,0.5,"limma",0.11,20,0.533526057484,0.00869873353775866
"P","tpois",3,0.1,1,0.5,"limma",0.12,20,0.538711998970613,0.00859471007018856
"P","tpois",3,0.1,1,0.5,"limma",0.13,20,0.542753533503632,0.00853170298432329
"P","tpois",3,0.1,1,0.5,"limma",0.14,20,0.547955377950018,0.00891042286269381
"P","tpois",3,0.1,1,0.5,"limma",0.15,20,0.553458219893276,0.00860128312169817
"P","tpois",3,0.1,1,0.5,"limma",0.16,20,0.55675075111781,0.00859647489970108
"P","tpois",3,0.1,1,0.5,"limma",0.17,20,0.562389621510583,0.00815315994679896
"P","tpois",3,0.1,1,0.5,"limma",0.18,20,0.565776211410462,0.00802462406563443
"P","tpois",3,0.1,1,0.5,"limma",0.19,20,0.568533245577386,0.00809355367441242
"P","tpois",3,0.1,1,0.5,"limma",0.2,20,0.572347679975027,0.00814016849335336
"P","tpois",3,0.1,1,0.5,"limma",0.21,20,0.575844346752023,0.0081573042307041
"P","tpois",3,0.1,1,0.5,"limma",0.22,20,0.579560834349657,0.00806806870547007
"P","tpois",3,0.1,1,0.5,"limma",0.23,20,0.582418354720441,0.00825462315175052
"P","tpois",3,0.1,1,0.5,"limma",0.24,20,0.585588486854309,0.0080565941575413
"P","tpois",3,0.1,1,0.5,"limma",0.25,20,0.588671515682177,0.00831424680140998
"P","tpois",3,0.1,1,0.5,"limma",0.26,20,0.592837805301832,0.00851899414623653
"P","tpois",3,0.1,1,0.5,"limma",0.27,20,0.594844039134625,0.00845999152437923
"P","tpois",3,0.1,1,0.5,"limma",0.28,20,0.59685249109351,0.0085142682100229
"P","tpois",3,0.1,1,0.5,"limma",0.29,20,0.600666453292943,0.00810364470463601
"P","tpois",3,0.1,1,0.5,"limma",0.3,20,0.604469124060821,0.00778532666690346
"P","tpois",3,0.1,1,0.5,"TOX-log",0,20,0.147884162275556,0.0287742710233084
"P","tpois",3,0.1,1,0.5,"TOX-log",0.01,20,0.211058940433897,0.0265370703121201
"P","tpois",3,0.1,1,0.5,"TOX-log",0.02,20,0.270198864004659,0.0236330806798014
"P","tpois",3,0.1,1,0.5,"TOX-log",0.03,20,0.331122064765789,0.0119351121237399
"P","tpois",3,0.1,1,0.5,"TOX-log",0.04,20,0.350887937506759,0.00972932093034418
"P","tpois",3,0.1,1,0.5,"TOX-log",0.05,20,0.368283712788318,0.00913138891909029
"P","tpois",3,0.1,1,0.5,"TOX-log",0.06,20,0.381260153872074,0.00846090091161376
"P","tpois",3,0.1,1,0.5,"TOX-log",0.07,20,0.393791760654545,0.00912605793586134
"P","tpois",3,0.1,1,0.5,"TOX-log",0.08,20,0.403960763625072,0.00941317904010096
"P","tpois",3,0.1,1,0.5,"TOX-log",0.09,20,0.41153375706341,0.00962042618224857
"P","tpois",3,0.1,1,0.5,"TOX-log",0.1,20,0.417803541653355,0.00953779389787266
"P","tpois",3,0.1,1,0.5,"TOX-log",0.11,20,0.426722948565348,0.0101291027904518
"P","tpois",3,0.1,1,0.5,"TOX-log",0.12,20,0.435295023741249,0.0101427640831871
"P","tpois",3,0.1,1,0.5,"TOX-log",0.13,20,0.444545620905921,0.0104036185299856
"P","tpois",3,0.1,1,0.5,"TOX-log",0.14,20,0.450800125833668,0.0106468155105909
"P","tpois",3,0.1,1,0.5,"TOX-log",0.15,20,0.457918787578839,0.0103159770334327
"P","tpois",3,0.1,1,0.5,"TOX-log",0.16,20,0.463889335161972,0.0102843669786566
"P","tpois",3,0.1,1,0.5,"TOX-log",0.17,20,0.472287521261514,0.0104000448103229
"P","tpois",3,0.1,1,0.5,"TOX-log",0.18,20,0.480918666563931,0.0112786826473121
"P","tpois",3,0.1,1,0.5,"TOX-log",0.19,20,0.487999038217796,0.0113702477753125
"P","tpois",3,0.1,1,0.5,"TOX-log",0.2,20,0.494381154068297,0.0109855057213551
"P","tpois",3,0.1,1,0.5,"TOX-log",0.21,20,0.502509620772803,0.0104101140338135
"P","tpois",3,0.1,1,0.5,"TOX-log",0.22,20,0.507306584665951,0.0105681563826493
"P","tpois",3,0.1,1,0.5,"TOX-log",0.23,20,0.51420465072815,0.0107020188302469
"P","tpois",3,0.1,1,0.5,"TOX-log",0.24,20,0.518775811550387,0.0110853543166448
"P","tpois",3,0.1,1,0.5,"TOX-log",0.25,20,0.525327037667454,0.0106114652648874
"P","tpois",3,0.1,1,0.5,"TOX-log",0.26,20,0.530634616651522,0.0108104091537522
"P","tpois",3,0.1,1,0.5,"TOX-log",0.27,20,0.535101757619156,0.0109045131173103
"P","tpois",3,0.1,1,0.5,"TOX-log",0.28,20,0.539455785401866,0.0110277777470469
"P","tpois",3,0.1,1,0.5,"TOX-log",0.29,20,0.544435277425844,0.0106578331940229
"P","tpois",3,0.1,1,0.5,"TOX-log",0.3,20,0.547835668225892,0.0108148859868594
"P","tpois",3,0.1,1,0.5,"TOX-log-blocked",0,20,0.23806322992627,0.0116969243785455
"P","tpois",3,0.1,1,0.5,"TOX-log-blocked",0.01,20,0.268933899582222,0.0108207505156939
"P","tpois",3,0.1,1,0.5,"TOX-log-blocked",0.02,20,0.297874304775346,0.0120895721964319
"P","tpois",3,0.1,1,0.5,"TOX-log-blocked",0.03,20,0.329081199989057,0.011391643186254
"P","tpois",3,0.1,1,0.5,"TOX-log-blocked",0.04,20,0.353838600381941,0.0103055784963128
"P","tpois",3,0.1,1,0.5,"TOX-log-blocked",0.05,20,0.367804417849511,0.00997853903806296
"P","tpois",3,0.1,1,0.5,"TOX-log-blocked",0.06,20,0.380669245197805,0.00992325821173253
"P","tpois",3,0.1,1,0.5,"TOX-log-blocked",0.07,20,0.39102502727399,0.0100568261206953
"P","tpois",3,0.1,1,0.5,"TOX-log-blocked",0.08,20,0.403864884135781,0.00994535465558787
"P","tpois",3,0.1,1,0.5,"TOX-log-blocked",0.09,20,0.413419305611308,0.0100985363161526
"P","tpois",3,0.1,1,0.5,"TOX-log-blocked",0.1,20,0.426499709345325,0.0100516551220934
"P","tpois",3,0.1,1,0.5,"TOX-log-blocked",0.11,20,0.434094522250157,0.00965095069061562
"P","tpois",3,0.1,1,0.5,"TOX-log-blocked",0.12,20,0.442481445200416,0.0103582308494596
"P","tpois",3,0.1,1,0.5,"TOX-log-blocked",0.13,20,0.447708794147076,0.0104600537752867
"P","tpois",3,0.1,1,0.5,"TOX-log-blocked",0.14,20,0.454310411347831,0.0108033979906835
"P","tpois",3,0.1,1,0.5,"TOX-log-blocked",0.15,20,0.463212022714185,0.0102108960418932
"P","tpois",3,0.1,1,0.5,"TOX-log-blocked",0.16,20,0.472052779336076,0.0102594588087491
"P","tpois",3,0.1,1,0.5,"TOX-log-blocked",0.17,20,0.479044782435539,0.0102291808151242
"P","tpois",3,0.1,1,0.5,"TOX-log-blocked",0.18,20,0.482842800429693,0.0102362687133182
"P","tpois",3,0.1,1,0.5,"TOX-log-blocked",0.19,20,0.490260227792639,0.00998930351349549
"P","tpois",3,0.1,1,0.5,"TOX-log-blocked",0.2,20,0.497587470035943,0.00991349510289143
"P","tpois",3,0.1,1,0.5,"TOX-log-blocked",0.21,20,0.506968396574158,0.0102482302604784
"P","tpois",3,0.1,1,0.5,"TOX-log-blocked",0.22,20,0.511752332777543,0.0103051067436685
"P","tpois",3,0.1,1,0.5,"TOX-log-blocked",0.23,20,0.517386169028069,0.0104325563017866
"P","tpois",3,0.1,1,0.5,"TOX-log-blocked",0.24,20,0.521096487832326,0.0100819309334291
"P","tpois",3,0.1,1,0.5,"TOX-log-blocked",0.25,20,0.525655164397075,0.0103137440708189
"P","tpois",3,0.1,1,0.5,"TOX-log-blocked",0.26,20,0.532025950365738,0.0103951420122779
"P","tpois",3,0.1,1,0.5,"TOX-log-blocked",0.27,20,0.535847829636787,0.0103508918008677
"P","tpois",3,0.1,1,0.5,"TOX-log-blocked",0.28,20,0.540939963025386,0.0106727569317281
"P","tpois",3,0.1,1,0.5,"TOX-log-blocked",0.29,20,0.545073071684518,0.0108746686527256
"P","tpois",3,0.1,1,0.5,"TOX-log-blocked",0.3,20,0.549654182103261,0.010786574084339
"P","tpois",3,0.1,1,0.5,"TOX-log-boot",0,20,0.0445339138781143,0.0244978845664586
"P","tpois",3,0.1,1,0.5,"TOX-log-boot",0.01,20,0.101602989889515,0.0319948002203706
"P","tpois",3,0.1,1,0.5,"TOX-log-boot",0.02,20,0.146439431173974,0.037529216036455
"P","tpois",3,0.1,1,0.5,"TOX-log-boot",0.03,20,0.233262396417573,0.0357148901803266
"P","tpois",3,0.1,1,0.5,"TOX-log-boot",0.04,20,0.334301994689217,0.0121495245910845
"P","tpois",3,0.1,1,0.5,"TOX-log-boot",0.05,20,0.356086100103201,0.0100388526264774
"P","tpois",3,0.1,1,0.5,"TOX-log-boot",0.06,20,0.378398256830688,0.0091880692879815
"P","tpois",3,0.1,1,0.5,"TOX-log-boot",0.07,20,0.393062097800519,0.00926093006636513
"P","tpois",3,0.1,1,0.5,"TOX-log-boot",0.08,20,0.398898836321489,0.00930927600291176
"P","tpois",3,0.1,1,0.5,"TOX-log-boot",0.09,20,0.408960108396753,0.0102459291234722
"P","tpois",3,0.1,1,0.5,"TOX-log-boot",0.1,20,0.419980833789683,0.00991151285281479
"P","tpois",3,0.1,1,0.5,"TOX-log-boot",0.11,20,0.431866008553671,0.0104481600509394
"P","tpois",3,0.1,1,0.5,"TOX-log-boot",0.12,20,0.439915182602495,0.0104461460381195
"P","tpois",3,0.1,1,0.5,"TOX-log-boot",0.13,20,0.44704470074757,0.0103309588187276
"P","tpois",3,0.1,1,0.5,"TOX-log-boot",0.14,20,0.454283643483554,0.0109252530873562
"P","tpois",3,0.1,1,0.5,"TOX-log-boot",0.15,20,0.461310488401774,0.010754408164588
"P","tpois",3,0.1,1,0.5,"TOX-log-boot",0.16,20,0.46802093006945,0.0110259993185096
"P","tpois",3,0.1,1,0.5,"TOX-log-boot",0.17,20,0.475348613378368,0.0106337746510844
"P","tpois",3,0.1,1,0.5,"TOX-log-boot",0.18,20,0.484638601152665,0.0106273342867541
"P","tpois",3,0.1,1,0.5,"TOX-log-boot",0.19,20,0.489715414009511,0.0103247313998946
"P","tpois",3,0.1,1,0.5,"TOX-log-boot",0.2,20,0.496735497595013,0.0105324828242007
"P","tpois",3,0.1,1,0.5,"TOX-log-boot",0.21,20,0.505439806359463,0.0104396462786986
"P","tpois",3,0.1,1,0.5,"TOX-log-boot",0.22,20,0.511813573262077,0.0105062663130076
"P","tpois",3,0.1,1,0.5,"TOX-log-boot",0.23,20,0.517454949929182,0.01034554161927
"P","tpois",3,0.1,1,0.5,"TOX-log-boot",0.24,20,0.521266092179423,0.0105709269953045
"P","tpois",3,0.1,1,0.5,"TOX-log-boot",0.25,20,0.526604056329114,0.010658166803746
"P","tpois",3,0.1,1,0.5,"TOX-log-boot",0.26,20,0.530533202699678,0.010741369010398
"P","tpois",3,0.1,1,0.5,"TOX-log-boot",0.27,20,0.534700214798336,0.0107547644567429
"P","tpois",3,0.1,1,0.5,"TOX-log-boot",0.28,20,0.539967242351991,0.0101260864478449
"P","tpois",3,0.1,1,0.5,"TOX-log-boot",0.29,20,0.545389339883575,0.0104282265891788
"P","tpois",3,0.1,1,0.5,"TOX-log-boot",0.3,20,0.551230601160112,0.0102735352887171
"P","tpois",3,0.1,1,0.5,"TOX-raw",0,20,0.118712212032092,0.0217904908288676
"P","tpois",3,0.1,1,0.5,"TOX-raw",0.01,20,0.148872906902453,0.0241180749009631
"P","tpois",3,0.1,1,0.5,"TOX-raw",0.02,20,0.207532634096075,0.0155670906247115
"P","tpois",3,0.1,1,0.5,"TOX-raw",0.03,20,0.232763702158823,0.0115922171635785
"P","tpois",3,0.1,1,0.5,"TOX-raw",0.04,20,0.251781492680641,0.00973494278494562
"P","tpois",3,0.1,1,0.5,"TOX-raw",0.05,20,0.269035567121122,0.00954621451503185
"P","tpois",3,0.1,1,0.5,"TOX-raw",0.06,20,0.285153507968008,0.0091727605199484
"P","tpois",3,0.1,1,0.5,"TOX-raw",0.07,20,0.297065503585053,0.00895968319594786
"P","tpois",3,0.1,1,0.5,"TOX-raw",0.08,20,0.306580236815319,0.0086812074469592
"P","tpois",3,0.1,1,0.5,"TOX-raw",0.09,20,0.313780433672925,0.00865005613466655
"P","tpois",3,0.1,1,0.5,"TOX-raw",0.1,20,0.322318234448205,0.00846535293363811
"P","tpois",3,0.1,1,0.5,"TOX-raw",0.11,20,0.329638594737598,0.008705835278932
"P","tpois",3,0.1,1,0.5,"TOX-raw",0.12,20,0.33462745769692,0.00885548837726344
"P","tpois",3,0.1,1,0.5,"TOX-raw",0.13,20,0.348901884146578,0.00942565621290294
"P","tpois",3,0.1,1,0.5,"TOX-raw",0.14,20,0.358800703841944,0.00899663256424172
"P","tpois",3,0.1,1,0.5,"TOX-raw",0.15,20,0.36487279524792,0.00897956556278133
"P","tpois",3,0.1,1,0.5,"TOX-raw",0.16,20,0.372447434813303,0.00826591600647874
"P","tpois",3,0.1,1,0.5,"TOX-raw",0.17,20,0.376589584973033,0.0085831773221876
"P","tpois",3,0.1,1,0.5,"TOX-raw",0.18,20,0.385385583110619,0.00879600229405748
"P","tpois",3,0.1,1,0.5,"TOX-raw",0.19,20,0.395679288045305,0.00975141419673062
"P","tpois",3,0.1,1,0.5,"TOX-raw",0.2,20,0.40983191147713,0.010514143822903
"P","tpois",3,0.1,1,0.5,"TOX-raw",0.21,20,0.417272034084285,0.0109754859861524
"P","tpois",3,0.1,1,0.5,"TOX-raw",0.22,20,0.430332995153487,0.0113337066589353
"P","tpois",3,0.1,1,0.5,"TOX-raw",0.23,20,0.437506687905763,0.0117394487536653
"P","tpois",3,0.1,1,0.5,"TOX-raw",0.24,20,0.4466777518179,0.011171123685592
"P","tpois",3,0.1,1,0.5,"TOX-raw",0.25,20,0.454762399700794,0.0112461624558429
"P","tpois",3,0.1,1,0.5,"TOX-raw",0.26,20,0.461245587463958,0.0107197289095975
"P","tpois",3,0.1,1,0.5,"TOX-raw",0.27,20,0.469018165697109,0.0115375771454831
"P","tpois",3,0.1,1,0.5,"TOX-raw",0.28,20,0.478055176303269,0.0119027861090227
"P","tpois",3,0.1,1,0.5,"TOX-raw",0.29,20,0.485489334274132,0.0118743611225098
"P","tpois",3,0.1,1,0.5,"TOX-raw",0.3,20,0.493364374439112,0.0121839024482414
"P","tpois",3,0.1,1,0.5,"TOX-raw-blocked",0,20,0.157275317502286,0.0170429488373071
"P","tpois",3,0.1,1,0.5,"TOX-raw-blocked",0.01,20,0.188474574775654,0.0194495250782468
"P","tpois",3,0.1,1,0.5,"TOX-raw-blocked",0.02,20,0.23750070685259,0.0128955335322921
"P","tpois",3,0.1,1,0.5,"TOX-raw-blocked",0.03,20,0.268955485156999,0.0111498334278467
"P","tpois",3,0.1,1,0.5,"TOX-raw-blocked",0.04,20,0.28550213210625,0.00977455418434956
"P","tpois",3,0.1,1,0.5,"TOX-raw-blocked",0.05,20,0.304382729243458,0.0091956425009336
"P","tpois",3,0.1,1,0.5,"TOX-raw-blocked",0.06,20,0.314316077868694,0.00916357740819445
"P","tpois",3,0.1,1,0.5,"TOX-raw-blocked",0.07,20,0.326230533926249,0.00999524099188384
"P","tpois",3,0.1,1,0.5,"TOX-raw-blocked",0.08,20,0.332279869812188,0.00966533677874608
"P","tpois",3,0.1,1,0.5,"TOX-raw-blocked",0.09,20,0.343078846374648,0.00956835575695452
"P","tpois",3,0.1,1,0.5,"TOX-raw-blocked",0.1,20,0.351372035033206,0.00947316674979853
"P","tpois",3,0.1,1,0.5,"TOX-raw-blocked",0.11,20,0.357228101382034,0.00963444935147099
"P","tpois",3,0.1,1,0.5,"TOX-raw-blocked",0.12,20,0.367534468371522,0.00957600072312974
"P","tpois",3,0.1,1,0.5,"TOX-raw-blocked",0.13,20,0.374549748977387,0.00928382065757081
"P","tpois",3,0.1,1,0.5,"TOX-raw-blocked",0.14,20,0.378989690314627,0.00925395792332079
"P","tpois",3,0.1,1,0.5,"TOX-raw-blocked",0.15,20,0.385555935045823,0.00926258916687627
"P","tpois",3,0.1,1,0.5,"TOX-raw-blocked",0.16,20,0.394439246443138,0.00907110887979321
"P","tpois",3,0.1,1,0.5,"TOX-raw-blocked",0.17,20,0.401334784770309,0.0090894318635749
"P","tpois",3,0.1,1,0.5,"TOX-raw-blocked",0.18,20,0.407989168071432,0.00919046018877995
"P","tpois",3,0.1,1,0.5,"TOX-raw-blocked",0.19,20,0.416834561732738,0.00929585490430627
"P","tpois",3,0.1,1,0.5,"TOX-raw-blocked",0.2,20,0.42519090224408,0.00946823240709658
"P","tpois",3,0.1,1,0.5,"TOX-raw-blocked",0.21,20,0.435162069180122,0.0101136639265395
"P","tpois",3,0.1,1,0.5,"TOX-raw-blocked",0.22,20,0.44093409231554,0.0105702781307072
"P","tpois",3,0.1,1,0.5,"TOX-raw-blocked",0.23,20,0.450005791855611,0.0105261668071637
"P","tpois",3,0.1,1,0.5,"TOX-raw-blocked",0.24,20,0.456583357175473,0.0107713925668256
"P","tpois",3,0.1,1,0.5,"TOX-raw-blocked",0.25,20,0.464978286368568,0.0112883603581096
"P","tpois",3,0.1,1,0.5,"TOX-raw-blocked",0.26,20,0.472962368565577,0.0115850540878053
"P","tpois",3,0.1,1,0.5,"TOX-raw-blocked",0.27,20,0.479758937359756,0.0115138221875714
"P","tpois",3,0.1,1,0.5,"TOX-raw-blocked",0.28,20,0.486458705792653,0.0116596609457441
"P","tpois",3,0.1,1,0.5,"TOX-raw-blocked",0.29,20,0.495073050398042,0.0112035679040494
"P","tpois",3,0.1,1,0.5,"TOX-raw-blocked",0.3,20,0.500393258961472,0.0114962227985227
"P","tpois",5,0.1,1,0.5,"DESeq2",0,20,0.478662792886951,0.0129523560797646
"P","tpois",5,0.1,1,0.5,"DESeq2",0.01,20,0.522344082202747,0.0166153109218056
"P","tpois",5,0.1,1,0.5,"DESeq2",0.02,20,0.544418900824032,0.0154694826435585
"P","tpois",5,0.1,1,0.5,"DESeq2",0.03,20,0.557891559581919,0.0147261769253622
"P","tpois",5,0.1,1,0.5,"DESeq2",0.04,20,0.568780990610869,0.0141131688543641
"P","tpois",5,0.1,1,0.5,"DESeq2",0.05,20,0.576047931188371,0.0138370977098003
"P","tpois",5,0.1,1,0.5,"DESeq2",0.06,20,0.585193748028182,0.0141036655653003
"P","tpois",5,0.1,1,0.5,"DESeq2",0.07,20,0.591942355714744,0.0137926374790061
"P","tpois",5,0.1,1,0.5,"DESeq2",0.08,20,0.599514468239579,0.0134776559337048
"P","tpois",5,0.1,1,0.5,"DESeq2",0.09,20,0.606039579769616,0.0133178972487969
"P","tpois",5,0.1,1,0.5,"DESeq2",0.1,20,0.61190386950487,0.0130086568742993
"P","tpois",5,0.1,1,0.5,"DESeq2",0.11,20,0.617123132652339,0.0132503439372922
"P","tpois",5,0.1,1,0.5,"DESeq2",0.12,20,0.621279526992987,0.0130580374696974
"P","tpois",5,0.1,1,0.5,"DESeq2",0.13,20,0.625345762090386,0.0129366425997231
"P","tpois",5,0.1,1,0.5,"DESeq2",0.14,20,0.62931060200245,0.0130261029427177
"P","tpois",5,0.1,1,0.5,"DESeq2",0.15,20,0.632839068336998,0.0130360028706609
"P","tpois",5,0.1,1,0.5,"DESeq2",0.16,20,0.63677391579147,0.0129217539516272
"P","tpois",5,0.1,1,0.5,"DESeq2",0.17,20,0.640714650899249,0.0128248395304103
"P","tpois",5,0.1,1,0.5,"DESeq2",0.18,20,0.642646665651779,0.0129546980061198
"P","tpois",5,0.1,1,0.5,"DESeq2",0.19,20,0.646374933777015,0.0128331051906695
"P","tpois",5,0.1,1,0.5,"DESeq2",0.2,20,0.649149585685197,0.0128390408212587
"P","tpois",5,0.1,1,0.5,"DESeq2",0.21,20,0.651604057581984,0.0128462504053774
"P","tpois",5,0.1,1,0.5,"DESeq2",0.22,20,0.654925991765491,0.0128501259320948
"P","tpois",5,0.1,1,0.5,"DESeq2",0.23,20,0.656633050593525,0.0128841086900134
"P","tpois",5,0.1,1,0.5,"DESeq2",0.24,20,0.659299202936204,0.0126694034862781
"P","tpois",5,0.1,1,0.5,"DESeq2",0.25,20,0.661008770740686,0.0126756380865118
"P","tpois",5,0.1,1,0.5,"DESeq2",0.26,20,0.663470346972211,0.0125749207961062
"P","tpois",5,0.1,1,0.5,"DESeq2",0.27,20,0.665289386544403,0.0124821153498028
"P","tpois",5,0.1,1,0.5,"DESeq2",0.28,20,0.668490219745147,0.0121511184285998
"P","tpois",5,0.1,1,0.5,"DESeq2",0.29,20,0.671489570652207,0.0123629474414611
"P","tpois",5,0.1,1,0.5,"DESeq2",0.3,20,0.675219366375327,0.0120917221999878
"P","tpois",5,0.1,1,0.5,"edgeR",0,20,0.488236279135755,0.013405433316174
"P","tpois",5,0.1,1,0.5,"edgeR",0.01,20,0.539076789520202,0.016679206370823
"P","tpois",5,0.1,1,0.5,"edgeR",0.02,20,0.553711620286124,0.0166049700218695
"P","tpois",5,0.1,1,0.5,"edgeR",0.03,20,0.571135745726724,0.014694974318942
"P","tpois",5,0.1,1,0.5,"edgeR",0.04,20,0.580099338461851,0.014158102302405
"P","tpois",5,0.1,1,0.5,"edgeR",0.05,20,0.587790205218561,0.0138755744442382
"P","tpois",5,0.1,1,0.5,"edgeR",0.06,20,0.594647773087515,0.013810937277089
"P","tpois",5,0.1,1,0.5,"edgeR",0.07,20,0.603471266298486,0.0136727032716719
"P","tpois",5,0.1,1,0.5,"edgeR",0.08,20,0.609661890916228,0.0140843802325557
"P","tpois",5,0.1,1,0.5,"edgeR",0.09,20,0.614583306805934,0.0136925483392276
"P","tpois",5,0.1,1,0.5,"edgeR",0.1,20,0.618738472166118,0.0133378356389889
"P","tpois",5,0.1,1,0.5,"edgeR",0.11,20,0.623319743693796,0.0130146411728703
"P","tpois",5,0.1,1,0.5,"edgeR",0.12,20,0.627473958466394,0.0132053240681396
"P","tpois",5,0.1,1,0.5,"edgeR",0.13,20,0.630252766901058,0.013053886982078
"P","tpois",5,0.1,1,0.5,"edgeR",0.14,20,0.634198676720603,0.0129940712744435
"P","tpois",5,0.1,1,0.5,"edgeR",0.15,20,0.637725150116511,0.0129370505859306
"P","tpois",5,0.1,1,0.5,"edgeR",0.16,20,0.640938107745664,0.0128128172931776
"P","tpois",5,0.1,1,0.5,"edgeR",0.17,20,0.643622394356908,0.0131845422977688
"P","tpois",5,0.1,1,0.5,"edgeR",0.18,20,0.646503117370033,0.0130614476668737
"P","tpois",5,0.1,1,0.5,"edgeR",0.19,20,0.648841195611986,0.0130428805713238
"P","tpois",5,0.1,1,0.5,"edgeR",0.2,20,0.652366834545449,0.0130700849315524
"P","tpois",5,0.1,1,0.5,"edgeR",0.21,20,0.654499275974571,0.0131518869705942
"P","tpois",5,0.1,1,0.5,"edgeR",0.22,20,0.657802121877147,0.0130297138091623
"P","tpois",5,0.1,1,0.5,"edgeR",0.23,20,0.660463903720012,0.0128887514597127
"P","tpois",5,0.1,1,0.5,"edgeR",0.24,20,0.66163850910438,0.0129699716973786
"P","tpois",5,0.1,1,0.5,"edgeR",0.25,20,0.665283008791141,0.0130407041026867
"P","tpois",5,0.1,1,0.5,"edgeR",0.26,20,0.667628209871435,0.0131000396850701
"P","tpois",5,0.1,1,0.5,"edgeR",0.27,20,0.669981581651942,0.0129152726477839
"P","tpois",5,0.1,1,0.5,"edgeR",0.28,20,0.671688636680117,0.0127985508967496
"P","tpois",5,0.1,1,0.5,"edgeR",0.29,20,0.673513917432304,0.0127493702971602
"P","tpois",5,0.1,1,0.5,"edgeR",0.3,20,0.676830677495447,0.0125278385073607
"P","tpois",5,0.1,1,0.5,"limma",0,20,0.494933434082149,0.0142710164659384
"P","tpois",5,0.1,1,0.5,"limma",0.01,20,0.53834132299397,0.0180358262989698
"P","tpois",5,0.1,1,0.5,"limma",0.02,20,0.56260415406621,0.0166181394111605
"P","tpois",5,0.1,1,0.5,"limma",0.03,20,0.57879080039929,0.0161541844992152
"P","tpois",5,0.1,1,0.5,"limma",0.04,20,0.589138649537517,0.0156839135230121
"P","tpois",5,0.1,1,0.5,"limma",0.05,20,0.600066022020775,0.0153942115796746
"P","tpois",5,0.1,1,0.5,"limma",0.06,20,0.60806885781582,0.0144642546250743
"P","tpois",5,0.1,1,0.5,"limma",0.07,20,0.61544585178745,0.0140798997760116
"P","tpois",5,0.1,1,0.5,"limma",0.08,20,0.623558757298546,0.0136187237807123
"P","tpois",5,0.1,1,0.5,"limma",0.09,20,0.629653478264117,0.0133260673728792
"P","tpois",5,0.1,1,0.5,"limma",0.1,20,0.634029908716006,0.0132854153712108
"P","tpois",5,0.1,1,0.5,"limma",0.11,20,0.638080795914974,0.0132525694716894
"P","tpois",5,0.1,1,0.5,"limma",0.12,20,0.643626793401419,0.0130745079349951
"P","tpois",5,0.1,1,0.5,"limma",0.13,20,0.648004941436349,0.0135468406156926
"P","tpois",5,0.1,1,0.5,"limma",0.14,20,0.651211645311374,0.0134741304171738
"P","tpois",5,0.1,1,0.5,"limma",0.15,20,0.654093994227354,0.0136103047999607
"P","tpois",5,0.1,1,0.5,"limma",0.16,20,0.657843291213227,0.0133806279033283
"P","tpois",5,0.1,1,0.5,"limma",0.17,20,0.660719571181409,0.0131957003483327
"P","tpois",5,0.1,1,0.5,"limma",0.18,20,0.66317179163291,0.0130516188414438
"P","tpois",5,0.1,1,0.5,"limma",0.19,20,0.666156608559633,0.0129341959769367
"P","tpois",5,0.1,1,0.5,"limma",0.2,20,0.669898565116919,0.0127977596605499
"P","tpois",5,0.1,1,0.5,"limma",0.21,20,0.671296246132721,0.0129098393989563
"P","tpois",5,0.1,1,0.5,"limma",0.22,20,0.673534143437462,0.0127591446625897
"P","tpois",5,0.1,1,0.5,"limma",0.23,20,0.675993575455446,0.0126918495704086
"P","tpois",5,0.1,1,0.5,"limma",0.24,20,0.679741375849753,0.0126992532695376
"P","tpois",5,0.1,1,0.5,"limma",0.25,20,0.683264100486056,0.0125496136673227
"P","tpois",5,0.1,1,0.5,"limma",0.26,20,0.685501140773508,0.0124401761782027
"P","tpois",5,0.1,1,0.5,"limma",0.27,20,0.689228854156069,0.0120689671407456
"P","tpois",5,0.1,1,0.5,"limma",0.28,20,0.692425363662984,0.0118723206599045
"P","tpois",5,0.1,1,0.5,"limma",0.29,20,0.694877381343106,0.0118480345439956
"P","tpois",5,0.1,1,0.5,"limma",0.3,20,0.696367270959962,0.0116783697634202
"P","tpois",5,0.1,1,0.5,"TOX-log",0,20,0.403513528525932,0.0172351382332438
"P","tpois",5,0.1,1,0.5,"TOX-log",0.01,20,0.4446876660483,0.0180173386833955
"P","tpois",5,0.1,1,0.5,"TOX-log",0.02,20,0.474450303197903,0.0179366673540353
"P","tpois",5,0.1,1,0.5,"TOX-log",0.03,20,0.503619015119529,0.0188564083464188
"P","tpois",5,0.1,1,0.5,"TOX-log",0.04,20,0.5244588419422,0.0175791613485853
"P","tpois",5,0.1,1,0.5,"TOX-log",0.05,20,0.537159973412898,0.016954451550286
"P","tpois",5,0.1,1,0.5,"TOX-log",0.06,20,0.547727089373379,0.0167209395142168
"P","tpois",5,0.1,1,0.5,"TOX-log",0.07,20,0.557240208373148,0.0168391836482392
"P","tpois",5,0.1,1,0.5,"TOX-log",0.08,20,0.565342738910454,0.016534102469964
"P","tpois",5,0.1,1,0.5,"TOX-log",0.09,20,0.570370012224513,0.016417099912015
"P","tpois",5,0.1,1,0.5,"TOX-log",0.1,20,0.578577546176065,0.0158570056810699
"P","tpois",5,0.1,1,0.5,"TOX-log",0.11,20,0.585635529120137,0.0158401584516039
"P","tpois",5,0.1,1,0.5,"TOX-log",0.12,20,0.591293717099423,0.015374763361003
"P","tpois",5,0.1,1,0.5,"TOX-log",0.13,20,0.595987406421035,0.0153077355189849
"P","tpois",5,0.1,1,0.5,"TOX-log",0.14,20,0.601961459486832,0.0151560437723996
"P","tpois",5,0.1,1,0.5,"TOX-log",0.15,20,0.6084796224796,0.0148108956463197
"P","tpois",5,0.1,1,0.5,"TOX-log",0.16,20,0.613812457807287,0.0148772439675025
"P","tpois",5,0.1,1,0.5,"TOX-log",0.17,20,0.618839961736123,0.0149428061239757
"P","tpois",5,0.1,1,0.5,"TOX-log",0.18,20,0.621938011113173,0.0150378041757058
"P","tpois",5,0.1,1,0.5,"TOX-log",0.19,20,0.62622326925658,0.0150968053060536
"P","tpois",5,0.1,1,0.5,"TOX-log",0.2,20,0.631978879804107,0.014963360611419
"P","tpois",5,0.1,1,0.5,"TOX-log",0.21,20,0.636353032878334,0.0150885847792002
"P","tpois",5,0.1,1,0.5,"TOX-log",0.22,20,0.639451450687697,0.0151111541948082
"P","tpois",5,0.1,1,0.5,"TOX-log",0.23,20,0.643826351546281,0.0150870787449846
"P","tpois",5,0.1,1,0.5,"TOX-log",0.24,20,0.648526250206089,0.0148430795655269
"P","tpois",5,0.1,1,0.5,"TOX-log",0.25,20,0.652691746385707,0.0146347347668971
"P","tpois",5,0.1,1,0.5,"TOX-log",0.26,20,0.655256514707255,0.014306777908467
"P","tpois",5,0.1,1,0.5,"TOX-log",0.27,20,0.659107796541854,0.0142195325474562
"P","tpois",5,0.1,1,0.5,"TOX-log",0.28,20,0.664337983138463,0.014355833567594
"P","tpois",5,0.1,1,0.5,"TOX-log",0.29,20,0.667637562232375,0.0140840759704554
"P","tpois",5,0.1,1,0.5,"TOX-log",0.3,20,0.671266661400996,0.0140069871694373
"P","tpois",5,0.1,1,0.5,"TOX-log-blocked",0,20,0.415900799572342,0.0183624614943094
"P","tpois",5,0.1,1,0.5,"TOX-log-blocked",0.01,20,0.452992140208637,0.0170535149781473
"P","tpois",5,0.1,1,0.5,"TOX-log-blocked",0.02,20,0.491024279202545,0.0183588397924175
"P","tpois",5,0.1,1,0.5,"TOX-log-blocked",0.03,20,0.513673046599411,0.019176892827119
"P","tpois",5,0.1,1,0.5,"TOX-log-blocked",0.04,20,0.530743395043961,0.0183330571000447
"P","tpois",5,0.1,1,0.5,"TOX-log-blocked",0.05,20,0.546676108048267,0.0173410844199321
"P","tpois",5,0.1,1,0.5,"TOX-log-blocked",0.06,20,0.554066294077888,0.0173726689998136
"P","tpois",5,0.1,1,0.5,"TOX-log-blocked",0.07,20,0.561644579436357,0.017059607140889
"P","tpois",5,0.1,1,0.5,"TOX-log-blocked",0.08,20,0.567928347135536,0.016941753805395
"P","tpois",5,0.1,1,0.5,"TOX-log-blocked",0.09,20,0.576144061653122,0.0160221284872444
"P","tpois",5,0.1,1,0.5,"TOX-log-blocked",0.1,20,0.581161395767352,0.0160539642357496
"P","tpois",5,0.1,1,0.5,"TOX-log-blocked",0.11,20,0.587678471214864,0.0160772401979534
"P","tpois",5,0.1,1,0.5,"TOX-log-blocked",0.12,20,0.594304522863908,0.0159158850549847
"P","tpois",5,0.1,1,0.5,"TOX-log-blocked",0.13,20,0.600804305824624,0.0156278133417293
"P","tpois",5,0.1,1,0.5,"TOX-log-blocked",0.14,20,0.607832158585628,0.0152560986048153
"P","tpois",5,0.1,1,0.5,"TOX-log-blocked",0.15,20,0.611580309257107,0.0152285374444102
"P","tpois",5,0.1,1,0.5,"TOX-log-blocked",0.16,20,0.61680913156239,0.015038775483822
"P","tpois",5,0.1,1,0.5,"TOX-log-blocked",0.17,20,0.620123417706774,0.014817225165627
"P","tpois",5,0.1,1,0.5,"TOX-log-blocked",0.18,20,0.624065549744577,0.0150118894273653
"P","tpois",5,0.1,1,0.5,"TOX-log-blocked",0.19,20,0.629829978933841,0.0152936274923504
"P","tpois",5,0.1,1,0.5,"TOX-log-blocked",0.2,20,0.633887893839274,0.0152406352293214
"P","tpois",5,0.1,1,0.5,"TOX-log-blocked",0.21,20,0.639867646559049,0.0149586444484993
"P","tpois",5,0.1,1,0.5,"TOX-log-blocked",0.22,20,0.643394051250553,0.0148313248380999
"P","tpois",5,0.1,1,0.5,"TOX-log-blocked",0.23,20,0.647241730744933,0.0147317143044315
"P","tpois",5,0.1,1,0.5,"TOX-log-blocked",0.24,20,0.649374021260069,0.014855765061903
"P","tpois",5,0.1,1,0.5,"TOX-log-blocked",0.25,20,0.654302025391438,0.0145367594662117
"P","tpois",5,0.1,1,0.5,"TOX-log-blocked",0.26,20,0.658881587943748,0.0146148783730108
"P","tpois",5,0.1,1,0.5,"TOX-log-blocked",0.27,20,0.662197959866187,0.0145375123571934
"P","tpois",5,0.1,1,0.5,"TOX-log-blocked",0.28,20,0.665511452689699,0.014330011840925
"P","tpois",5,0.1,1,0.5,"TOX-log-blocked",0.29,20,0.669348283078955,0.0139351271781813
"P","tpois",5,0.1,1,0.5,"TOX-log-blocked",0.3,20,0.672761869536082,0.0139888035544484
"P","tpois",5,0.1,1,0.5,"TOX-log-boot",0,20,0.232105989879818,0.0487830536989294
"P","tpois",5,0.1,1,0.5,"TOX-log-boot",0.01,20,0.403979973551057,0.0354732648599022
"P","tpois",5,0.1,1,0.5,"TOX-log-boot",0.02,20,0.483906763870937,0.0178436405755779
"P","tpois",5,0.1,1,0.5,"TOX-log-boot",0.03,20,0.512815929823007,0.0186477587796919
"P","tpois",5,0.1,1,0.5,"TOX-log-boot",0.04,20,0.530738437256457,0.017397332871032
"P","tpois",5,0.1,1,0.5,"TOX-log-boot",0.05,20,0.545592425516656,0.0170247211537247
"P","tpois",5,0.1,1,0.5,"TOX-log-boot",0.06,20,0.552876733393651,0.0173499018548164
"P","tpois",5,0.1,1,0.5,"TOX-log-boot",0.07,20,0.558119933380289,0.0171052711680726
"P","tpois",5,0.1,1,0.5,"TOX-log-boot",0.08,20,0.568676890520585,0.0167287951237456
"P","tpois",5,0.1,1,0.5,"TOX-log-boot",0.09,20,0.576024245126795,0.0167997814663736
"P","tpois",5,0.1,1,0.5,"TOX-log-boot",0.1,20,0.582128694700808,0.0160735879672467
"P","tpois",5,0.1,1,0.5,"TOX-log-boot",0.11,20,0.588000296576171,0.0157247931268981
"P","tpois",5,0.1,1,0.5,"TOX-log-boot",0.12,20,0.593867822240631,0.0159817555190248
"P","tpois",5,0.1,1,0.5,"TOX-log-boot",0.13,20,0.600477292042296,0.0159020575950299
"P","tpois",5,0.1,1,0.5,"TOX-log-boot",0.14,20,0.606990875465558,0.0154860623691382
"P","tpois",5,0.1,1,0.5,"TOX-log-boot",0.15,20,0.611894699355536,0.015135644765798
"P","tpois",5,0.1,1,0.5,"TOX-log-boot",0.16,20,0.616059012004019,0.015246440318458
"P","tpois",5,0.1,1,0.5,"TOX-log-boot",0.17,20,0.620548562933813,0.0150244944880283
"P","tpois",5,0.1,1,0.5,"TOX-log-boot",0.18,20,0.624493867441968,0.0151240351366931
"P","tpois",5,0.1,1,0.5,"TOX-log-boot",0.19,20,0.629078997964991,0.0149458954244466
"P","tpois",5,0.1,1,0.5,"TOX-log-boot",0.2,20,0.63453432591959,0.0149360360772586
"P","tpois",5,0.1,1,0.5,"TOX-log-boot",0.21,20,0.640182256889531,0.0145950893873897
"P","tpois",5,0.1,1,0.5,"TOX-log-boot",0.22,20,0.644767382049704,0.0145850211516707
"P","tpois",5,0.1,1,0.5,"TOX-log-boot",0.23,20,0.647878036137092,0.0145532236635967
"P","tpois",5,0.1,1,0.5,"TOX-log-boot",0.24,20,0.650658114122038,0.0145971582615783
"P","tpois",5,0.1,1,0.5,"TOX-log-boot",0.25,20,0.653111915263811,0.0145476588375458
"P","tpois",5,0.1,1,0.5,"TOX-log-boot",0.26,20,0.657186332464882,0.014572880295692
"P","tpois",5,0.1,1,0.5,"TOX-log-boot",0.27,20,0.66241241833309,0.0143559389276601
"P","tpois",5,0.1,1,0.5,"TOX-log-boot",0.28,20,0.666774200388053,0.0141529174619759
"P","tpois",5,0.1,1,0.5,"TOX-log-boot",0.29,20,0.66966618758527,0.0141487798568155
"P","tpois",5,0.1,1,0.5,"TOX-log-boot",0.3,20,0.671805733504698,0.0140216694551027
"P","tpois",5,0.1,1,0.5,"TOX-raw",0,20,0.172038115293762,0.00956641505328658
"P","tpois",5,0.1,1,0.5,"TOX-raw",0.01,20,0.186922127691352,0.0122881518623719
"P","tpois",5,0.1,1,0.5,"TOX-raw",0.02,20,0.22314941663731,0.016335743030486
"P","tpois",5,0.1,1,0.5,"TOX-raw",0.03,20,0.248852158683483,0.0168909130680045
"P","tpois",5,0.1,1,0.5,"TOX-raw",0.04,20,0.275588598199672,0.0164289524520292
"P","tpois",5,0.1,1,0.5,"TOX-raw",0.05,20,0.293631044901441,0.0168297324016964
"P","tpois",5,0.1,1,0.5,"TOX-raw",0.06,20,0.311327030475651,0.0158699723371938
"P","tpois",5,0.1,1,0.5,"TOX-raw",0.07,20,0.324218050357534,0.0172181602510057
"P","tpois",5,0.1,1,0.5,"TOX-raw",0.08,20,0.333854974346151,0.0174005131360773
"P","tpois",5,0.1,1,0.5,"TOX-raw",0.09,20,0.3492498345133,0.018102046233153
"P","tpois",5,0.1,1,0.5,"TOX-raw",0.1,20,0.366026249262069,0.0202952677036198
"P","tpois",5,0.1,1,0.5,"TOX-raw",0.11,20,0.379728745744773,0.0207279989100043
"P","tpois",5,0.1,1,0.5,"TOX-raw",0.12,20,0.395544342848472,0.0208250438175467
"P","tpois",5,0.1,1,0.5,"TOX-raw",0.13,20,0.404859094067553,0.0211691564983014
"P","tpois",5,0.1,1,0.5,"TOX-raw",0.14,20,0.413534148033504,0.0208730757738299
"P","tpois",5,0.1,1,0.5,"TOX-raw",0.15,20,0.432484618545494,0.0205758638257296
"P","tpois",5,0.1,1,0.5,"TOX-raw",0.16,20,0.44341163277862,0.0200777536646464
"P","tpois",5,0.1,1,0.5,"TOX-raw",0.17,20,0.452612205906785,0.0210110472087303
"P","tpois",5,0.1,1,0.5,"TOX-raw",0.18,20,0.465955226853991,0.0212035257808629
"P","tpois",5,0.1,1,0.5,"TOX-raw",0.19,20,0.472669534202147,0.0213366550614295
"P","tpois",5,0.1,1,0.5,"TOX-raw",0.2,20,0.483791200344049,0.021689086973918
"P","tpois",5,0.1,1,0.5,"TOX-raw",0.21,20,0.499463253132438,0.0218788505171015
"P","tpois",5,0.1,1,0.5,"TOX-raw",0.22,20,0.511179759806021,0.0213467741739928
"P","tpois",5,0.1,1,0.5,"TOX-raw",0.23,20,0.523325873153307,0.0199057275057978
"P","tpois",5,0.1,1,0.5,"TOX-raw",0.24,20,0.533464894380672,0.0191693414532089
"P","tpois",5,0.1,1,0.5,"TOX-raw",0.25,20,0.5426641478393,0.0188304011851531
"P","tpois",5,0.1,1,0.5,"TOX-raw",0.26,20,0.551642436042572,0.0183550574232903
"P","tpois",5,0.1,1,0.5,"TOX-raw",0.27,20,0.559974172888027,0.018052299494536
"P","tpois",5,0.1,1,0.5,"TOX-raw",0.28,20,0.567449762308683,0.0177512930309284
"P","tpois",5,0.1,1,0.5,"TOX-raw",0.29,20,0.575571446816027,0.0179104164021199
"P","tpois",5,0.1,1,0.5,"TOX-raw",0.3,20,0.582822393613353,0.0175901110821963
"P","tpois",5,0.1,1,0.5,"TOX-raw-blocked",0,20,0.262940856274729,0.0203495303851386
"P","tpois",5,0.1,1,0.5,"TOX-raw-blocked",0.01,20,0.329560392521928,0.017260273354363
"P","tpois",5,0.1,1,0.5,"TOX-raw-blocked",0.02,20,0.364579254417753,0.0199000121978573
"P","tpois",5,0.1,1,0.5,"TOX-raw-blocked",0.03,20,0.383488961606214,0.0201857510013323
"P","tpois",5,0.1,1,0.5,"TOX-raw-blocked",0.04,20,0.409294775628765,0.0194566888179401
"P","tpois",5,0.1,1,0.5,"TOX-raw-blocked",0.05,20,0.428156666578183,0.0180944017338587
"P","tpois",5,0.1,1,0.5,"TOX-raw-blocked",0.06,20,0.439142153035335,0.0185078919404977
"P","tpois",5,0.1,1,0.5,"TOX-raw-blocked",0.07,20,0.450252113035578,0.0178320889163554
"P","tpois",5,0.1,1,0.5,"TOX-raw-blocked",0.08,20,0.457609016325857,0.0179412036077313
"P","tpois",5,0.1,1,0.5,"TOX-raw-blocked",0.09,20,0.464971534553015,0.018173357791939
"P","tpois",5,0.1,1,0.5,"TOX-raw-blocked",0.1,20,0.473214112033892,0.0179255602651076
"P","tpois",5,0.1,1,0.5,"TOX-raw-blocked",0.11,20,0.480166053487052,0.0177114184596611
"P","tpois",5,0.1,1,0.5,"TOX-raw-blocked",0.12,20,0.484125845510284,0.0175946700436789
"P","tpois",5,0.1,1,0.5,"TOX-raw-blocked",0.13,20,0.490728913262281,0.0176757185136842
"P","tpois",5,0.1,1,0.5,"TOX-raw-blocked",0.14,20,0.495535940341051,0.0173316519836051
"P","tpois",5,0.1,1,0.5,"TOX-raw-blocked",0.15,20,0.502080248289067,0.0170351555742396
"P","tpois",5,0.1,1,0.5,"TOX-raw-blocked",0.16,20,0.508164162804535,0.0169765883220018
"P","tpois",5,0.1,1,0.5,"TOX-raw-blocked",0.17,20,0.514792162028914,0.0173244682287857
"P","tpois",5,0.1,1,0.5,"TOX-raw-blocked",0.18,20,0.519705593448785,0.017439093259437
"P","tpois",5,0.1,1,0.5,"TOX-raw-blocked",0.19,20,0.525923554096598,0.0178711045804226
"P","tpois",5,0.1,1,0.5,"TOX-raw-blocked",0.2,20,0.533930268781951,0.0176809666258474
"P","tpois",5,0.1,1,0.5,"TOX-raw-blocked",0.21,20,0.542684522125591,0.0174461068565808
"P","tpois",5,0.1,1,0.5,"TOX-raw-blocked",0.22,20,0.549321816839996,0.0172168250687311
"P","tpois",5,0.1,1,0.5,"TOX-raw-blocked",0.23,20,0.556789948066075,0.0167652084253363
"P","tpois",5,0.1,1,0.5,"TOX-raw-blocked",0.24,20,0.561922583318367,0.0169844458183675
"P","tpois",5,0.1,1,0.5,"TOX-raw-blocked",0.25,20,0.568752212664173,0.0167533244970291
"P","tpois",5,0.1,1,0.5,"TOX-raw-blocked",0.26,20,0.576114891675678,0.0164095143781564
"P","tpois",5,0.1,1,0.5,"TOX-raw-blocked",0.27,20,0.580815318827764,0.0162621846764101
"P","tpois",5,0.1,1,0.5,"TOX-raw-blocked",0.28,20,0.588504048606507,0.0164667682353224
"P","tpois",5,0.1,1,0.5,"TOX-raw-blocked",0.29,20,0.594698292337473,0.016344507135612
"P","tpois",5,0.1,1,0.5,"TOX-raw-blocked",0.3,20,0.600038304606662,0.0166006111089478
"P","tpois",10,0.1,1,0.5,"DESeq2",0,20,0.615513048245558,0.00838796687436786
"P","tpois",10,0.1,1,0.5,"DESeq2",0.01,20,0.648469457538443,0.00863079639054526
"P","tpois",10,0.1,1,0.5,"DESeq2",0.02,20,0.664450485511915,0.00746051836283335
"P","tpois",10,0.1,1,0.5,"DESeq2",0.03,20,0.677176477864708,0.00740622537930511
"P","tpois",10,0.1,1,0.5,"DESeq2",0.04,20,0.684626273507069,0.00736482712979038
"P","tpois",10,0.1,1,0.5,"DESeq2",0.05,20,0.691260197020582,0.00688813449715976
"P","tpois",10,0.1,1,0.5,"DESeq2",0.06,20,0.697031251891667,0.00695011876807445
"P","tpois",10,0.1,1,0.5,"DESeq2",0.07,20,0.701310242489506,0.00692790521822311
"P","tpois",10,0.1,1,0.5,"DESeq2",0.08,20,0.70494899012132,0.00690485543463182
"P","tpois",10,0.1,1,0.5,"DESeq2",0.09,20,0.709628687164747,0.00676835335065231
"P","tpois",10,0.1,1,0.5,"DESeq2",0.1,20,0.712923818297391,0.00664020672151371
"P","tpois",10,0.1,1,0.5,"DESeq2",0.11,20,0.715074336319014,0.00671259528996401
"P","tpois",10,0.1,1,0.5,"DESeq2",0.12,20,0.717645299254174,0.00685113070067726
"P","tpois",10,0.1,1,0.5,"DESeq2",0.13,20,0.720639808752992,0.00694898525367595
"P","tpois",10,0.1,1,0.5,"DESeq2",0.14,20,0.723732655919589,0.0069818564042086
"P","tpois",10,0.1,1,0.5,"DESeq2",0.15,20,0.726189714719512,0.00684062718145383
"P","tpois",10,0.1,1,0.5,"DESeq2",0.16,20,0.729277325689451,0.00687704080954166
"P","tpois",10,0.1,1,0.5,"DESeq2",0.17,20,0.733120589947518,0.00660162950978883
"P","tpois",10,0.1,1,0.5,"DESeq2",0.18,20,0.734729724198175,0.00681223196518435
"P","tpois",10,0.1,1,0.5,"DESeq2",0.19,20,0.736863215196226,0.00670215132063639
"P","tpois",10,0.1,1,0.5,"DESeq2",0.2,20,0.739542928658405,0.00684375198441043
"P","tpois",10,0.1,1,0.5,"DESeq2",0.21,20,0.741470436090331,0.00670058433773649
"P","tpois",10,0.1,1,0.5,"DESeq2",0.22,20,0.743390539030073,0.00653919726239914
"P","tpois",10,0.1,1,0.5,"DESeq2",0.23,20,0.745210135010147,0.00644466619514248
"P","tpois",10,0.1,1,0.5,"DESeq2",0.24,20,0.747351932956662,0.0064439699319087
"P","tpois",10,0.1,1,0.5,"DESeq2",0.25,20,0.750024276402029,0.00633854875723602
"P","tpois",10,0.1,1,0.5,"DESeq2",0.26,20,0.752056033023933,0.00637075906083377
"P","tpois",10,0.1,1,0.5,"DESeq2",0.27,20,0.75407881214195,0.00625046561758461
"P","tpois",10,0.1,1,0.5,"DESeq2",0.28,20,0.755789943227511,0.00623778902951653
"P","tpois",10,0.1,1,0.5,"DESeq2",0.29,20,0.757709232124068,0.00612167967091622
"P","tpois",10,0.1,1,0.5,"DESeq2",0.3,20,0.76080027880984,0.00607404329236239
"P","tpois",10,0.1,1,0.5,"edgeR",0,20,0.606023322217786,0.00858463918567087
"P","tpois",10,0.1,1,0.5,"edgeR",0.01,20,0.637182844670578,0.00922894299071265
"P","tpois",10,0.1,1,0.5,"edgeR",0.02,20,0.653142106960032,0.00901847837123425
"P","tpois",10,0.1,1,0.5,"edgeR",0.03,20,0.66189897595971,0.00876060815660482
"P","tpois",10,0.1,1,0.5,"edgeR",0.04,20,0.670124181433666,0.00820165267211348
"P","tpois",10,0.1,1,0.5,"edgeR",0.05,20,0.676113744657903,0.00792739009304534
"P","tpois",10,0.1,1,0.5,"edgeR",0.06,20,0.68049748085591,0.00777311005280681
"P","tpois",10,0.1,1,0.5,"edgeR",0.07,20,0.684975092646944,0.00756314774908725
"P","tpois",10,0.1,1,0.5,"edgeR",0.08,20,0.689041360168668,0.00792274177319193
"P","tpois",10,0.1,1,0.5,"edgeR",0.09,20,0.692671676595256,0.00771441888258689
"P","tpois",10,0.1,1,0.5,"edgeR",0.1,20,0.695878675298778,0.00771201640736888
"P","tpois",10,0.1,1,0.5,"edgeR",0.11,20,0.698551193803373,0.0077920659634948
"P","tpois",10,0.1,1,0.5,"edgeR",0.12,20,0.701433591965079,0.00767878629014996
"P","tpois",10,0.1,1,0.5,"edgeR",0.13,20,0.704309527255488,0.00742686552422952
"P","tpois",10,0.1,1,0.5,"edgeR",0.14,20,0.705910594245065,0.00746182937792342
"P","tpois",10,0.1,1,0.5,"edgeR",0.15,20,0.707730546160461,0.00745752809110223
"P","tpois",10,0.1,1,0.5,"edgeR",0.16,20,0.709856892455875,0.00733100684956439
"P","tpois",10,0.1,1,0.5,"edgeR",0.17,20,0.713168679762553,0.00743332977685182
"P","tpois",10,0.1,1,0.5,"edgeR",0.18,20,0.714986506662158,0.00733035080950716
"P","tpois",10,0.1,1,0.5,"edgeR",0.19,20,0.717659005942127,0.0075533994164169
"P","tpois",10,0.1,1,0.5,"edgeR",0.2,20,0.719473874400837,0.00736038807173093
"P","tpois",10,0.1,1,0.5,"edgeR",0.21,20,0.721939869600862,0.00742554693893621
"P","tpois",10,0.1,1,0.5,"edgeR",0.22,20,0.723116590069694,0.00739956733040488
"P","tpois",10,0.1,1,0.5,"edgeR",0.23,20,0.725466534328963,0.00746065384061081
"P","tpois",10,0.1,1,0.5,"edgeR",0.24,20,0.727277543155424,0.00732590807531961
"P","tpois",10,0.1,1,0.5,"edgeR",0.25,20,0.729521646023492,0.00723743333797463
"P","tpois",10,0.1,1,0.5,"edgeR",0.26,20,0.732084013018547,0.00701205133487082
"P","tpois",10,0.1,1,0.5,"edgeR",0.27,20,0.733158188035924,0.00711478126879524
"P","tpois",10,0.1,1,0.5,"edgeR",0.28,20,0.734652925097287,0.00699362835923317
"P","tpois",10,0.1,1,0.5,"edgeR",0.29,20,0.736686759762795,0.00690515128442472
"P","tpois",10,0.1,1,0.5,"edgeR",0.3,20,0.738716665377221,0.00695721986840694
"P","tpois",10,0.1,1,0.5,"limma",0,20,0.623555683273001,0.00829705923172248
"P","tpois",10,0.1,1,0.5,"limma",0.01,20,0.661187361691849,0.00850528472404934
"P","tpois",10,0.1,1,0.5,"limma",0.02,20,0.677637607928553,0.00839059682025453
"P","tpois",10,0.1,1,0.5,"limma",0.03,20,0.686608970065167,0.00824974249302178
"P","tpois",10,0.1,1,0.5,"limma",0.04,20,0.695687540366166,0.00819464624879988
"P","tpois",10,0.1,1,0.5,"limma",0.05,20,0.701231700631788,0.00804385329426539
"P","tpois",10,0.1,1,0.5,"limma",0.06,20,0.704858965430707,0.00793911859454968
"P","tpois",10,0.1,1,0.5,"limma",0.07,20,0.710309283954095,0.00756592473542029
"P","tpois",10,0.1,1,0.5,"limma",0.08,20,0.714461260946871,0.00715854088288847
"P","tpois",10,0.1,1,0.5,"limma",0.09,20,0.718312095187218,0.00749035000915725
"P","tpois",10,0.1,1,0.5,"limma",0.1,20,0.722372533040851,0.00752623058581038
"P","tpois",10,0.1,1,0.5,"limma",0.11,20,0.725036127909621,0.00719197452540074
"P","tpois",10,0.1,1,0.5,"limma",0.12,20,0.728558642135349,0.00756371391192714
"P","tpois",10,0.1,1,0.5,"limma",0.13,20,0.731548607868739,0.00755525256232695
"P","tpois",10,0.1,1,0.5,"limma",0.14,20,0.734326307969908,0.0076392142124159
"P","tpois",10,0.1,1,0.5,"limma",0.15,20,0.736990224296367,0.00756186577694563
"P","tpois",10,0.1,1,0.5,"limma",0.16,20,0.740505227519493,0.00745891786935757
"P","tpois",10,0.1,1,0.5,"limma",0.17,20,0.74252374462154,0.0071529280448275
"P","tpois",10,0.1,1,0.5,"limma",0.18,20,0.743803244653851,0.00708158115291725
"P","tpois",10,0.1,1,0.5,"limma",0.19,20,0.746244671026413,0.00699117988093585
"P","tpois",10,0.1,1,0.5,"limma",0.2,20,0.748265755408029,0.0069386074601178
"P","tpois",10,0.1,1,0.5,"limma",0.21,20,0.750935861988976,0.0067005084653178
"P","tpois",10,0.1,1,0.5,"limma",0.22,20,0.753282954683007,0.00675635074543002
"P","tpois",10,0.1,1,0.5,"limma",0.23,20,0.75627445936371,0.00660826536073771
"P","tpois",10,0.1,1,0.5,"limma",0.24,20,0.758621537902269,0.00637177998359721
"P","tpois",10,0.1,1,0.5,"limma",0.25,20,0.760647306489115,0.00656565452061331
"P","tpois",10,0.1,1,0.5,"limma",0.26,20,0.762251370163839,0.00674047978259367
"P","tpois",10,0.1,1,0.5,"limma",0.27,20,0.76354108190991,0.00664240171346235
"P","tpois",10,0.1,1,0.5,"limma",0.28,20,0.765890401737178,0.00650889484807171
"P","tpois",10,0.1,1,0.5,"limma",0.29,20,0.767172533852557,0.00668769905361058
"P","tpois",10,0.1,1,0.5,"limma",0.3,20,0.768785811431779,0.00672898210150789
"P","tpois",10,0.1,1,0.5,"TOX-log",0,20,0.559329007718568,0.0136142612221289
"P","tpois",10,0.1,1,0.5,"TOX-log",0.01,20,0.605386285735389,0.00949333894195386
"P","tpois",10,0.1,1,0.5,"TOX-log",0.02,20,0.634450913318002,0.00844373739926087
"P","tpois",10,0.1,1,0.5,"TOX-log",0.03,20,0.65045577801721,0.00812605118144642
"P","tpois",10,0.1,1,0.5,"TOX-log",0.04,20,0.661321537042896,0.00812777136140002
"P","tpois",10,0.1,1,0.5,"TOX-log",0.05,20,0.671449291057294,0.00813942578212716
"P","tpois",10,0.1,1,0.5,"TOX-log",0.06,20,0.678276302527713,0.0078577408277675
"P","tpois",10,0.1,1,0.5,"TOX-log",0.07,20,0.683086823608692,0.00774676587722608
"P","tpois",10,0.1,1,0.5,"TOX-log",0.08,20,0.68909664292315,0.00789158050896439
"P","tpois",10,0.1,1,0.5,"TOX-log",0.09,20,0.694218097932386,0.00802819520215799
"P","tpois",10,0.1,1,0.5,"TOX-log",0.1,20,0.699744265634799,0.00754224260906638
"P","tpois",10,0.1,1,0.5,"TOX-log",0.11,20,0.704002916255152,0.00738476398005179
"P","tpois",10,0.1,1,0.5,"TOX-log",0.12,20,0.707421231636821,0.00737242659963365
"P","tpois",10,0.1,1,0.5,"TOX-log",0.13,20,0.711902871813187,0.00787818496462955
"P","tpois",10,0.1,1,0.5,"TOX-log",0.14,20,0.717675277332971,0.00770215745270405
"P","tpois",10,0.1,1,0.5,"TOX-log",0.15,20,0.721950473432345,0.00764548811382662
"P","tpois",10,0.1,1,0.5,"TOX-log",0.16,20,0.725792389615754,0.00771824558274981
"P","tpois",10,0.1,1,0.5,"TOX-log",0.17,20,0.729303410194154,0.0074618622390503
"P","tpois",10,0.1,1,0.5,"TOX-log",0.18,20,0.731445386572785,0.00779724114229666
"P","tpois",10,0.1,1,0.5,"TOX-log",0.19,20,0.733154439004597,0.00777515639561216
"P","tpois",10,0.1,1,0.5,"TOX-log",0.2,20,0.736031697667863,0.00775392971665972
"P","tpois",10,0.1,1,0.5,"TOX-log",0.21,20,0.738687061865578,0.00763468059917501
"P","tpois",10,0.1,1,0.5,"TOX-log",0.22,20,0.741582920248453,0.00779381170128024
"P","tpois",10,0.1,1,0.5,"TOX-log",0.23,20,0.743194121875567,0.00779224636554053
"P","tpois",10,0.1,1,0.5,"TOX-log",0.24,20,0.745648175761816,0.0075858200750107
"P","tpois",10,0.1,1,0.5,"TOX-log",0.25,20,0.748950281264604,0.00749841078665165
"P","tpois",10,0.1,1,0.5,"TOX-log",0.26,20,0.751297652601985,0.0074735565536913
"P","tpois",10,0.1,1,0.5,"TOX-log",0.27,20,0.753969001868614,0.00742178489685698
"P","tpois",10,0.1,1,0.5,"TOX-log",0.28,20,0.756741471879701,0.0072182524751071
"P","tpois",10,0.1,1,0.5,"TOX-log",0.29,20,0.758981763310078,0.007303279708633
"P","tpois",10,0.1,1,0.5,"TOX-log",0.3,20,0.761215525375128,0.00743091632649202
"P","tpois",10,0.1,1,0.5,"TOX-log-blocked",0,20,0.554575122128929,0.0136099042884081
"P","tpois",10,0.1,1,0.5,"TOX-log-blocked",0.01,20,0.613286984224528,0.00891533374917205
"P","tpois",10,0.1,1,0.5,"TOX-log-blocked",0.02,20,0.636647773298871,0.0083690528259873
"P","tpois",10,0.1,1,0.5,"TOX-log-blocked",0.03,20,0.652676413468441,0.00789858567817563
"P","tpois",10,0.1,1,0.5,"TOX-log-blocked",0.04,20,0.665057952766239,0.00785805713733446
"P","tpois",10,0.1,1,0.5,"TOX-log-blocked",0.05,20,0.672506130232108,0.00758642576716812
"P","tpois",10,0.1,1,0.5,"TOX-log-blocked",0.06,20,0.679122101282538,0.00756689217651314
"P","tpois",10,0.1,1,0.5,"TOX-log-blocked",0.07,20,0.684894558529251,0.00747387671118898
"P","tpois",10,0.1,1,0.5,"TOX-log-blocked",0.08,20,0.691105642152192,0.00773860340469039
"P","tpois",10,0.1,1,0.5,"TOX-log-blocked",0.09,20,0.695693013749618,0.00745700204500354
"P","tpois",10,0.1,1,0.5,"TOX-log-blocked",0.1,20,0.700483687901686,0.00723034329655271
"P","tpois",10,0.1,1,0.5,"TOX-log-blocked",0.11,20,0.70625810882401,0.00736664680991682
"P","tpois",10,0.1,1,0.5,"TOX-log-blocked",0.12,20,0.710211201658236,0.00761498582484169
"P","tpois",10,0.1,1,0.5,"TOX-log-blocked",0.13,20,0.714269113695195,0.00747978679241713
"P","tpois",10,0.1,1,0.5,"TOX-log-blocked",0.14,20,0.719377368487614,0.00741393064383762
"P","tpois",10,0.1,1,0.5,"TOX-log-blocked",0.15,20,0.721735413850558,0.00754112058379302
"P","tpois",10,0.1,1,0.5,"TOX-log-blocked",0.16,20,0.726323104156544,0.00766385970887425
"P","tpois",10,0.1,1,0.5,"TOX-log-blocked",0.17,20,0.729522904513652,0.00761993919383087
"P","tpois",10,0.1,1,0.5,"TOX-log-blocked",0.18,20,0.732294583879613,0.00764801990285843
"P","tpois",10,0.1,1,0.5,"TOX-log-blocked",0.19,20,0.735377611909357,0.00743156952124213
"P","tpois",10,0.1,1,0.5,"TOX-log-blocked",0.2,20,0.737517966320947,0.00763007509402624
"P","tpois",10,0.1,1,0.5,"TOX-log-blocked",0.21,20,0.740192269830171,0.00776964437700855
"P","tpois",10,0.1,1,0.5,"TOX-log-blocked",0.22,20,0.741689346879892,0.00775392862407688
"P","tpois",10,0.1,1,0.5,"TOX-log-blocked",0.23,20,0.744358339572459,0.00783051665451858
"P","tpois",10,0.1,1,0.5,"TOX-log-blocked",0.24,20,0.746712125289114,0.007767197033469
"P","tpois",10,0.1,1,0.5,"TOX-log-blocked",0.25,20,0.74905957201306,0.00770554022001695
"P","tpois",10,0.1,1,0.5,"TOX-log-blocked",0.26,20,0.75119422150893,0.00773120602833683
"P","tpois",10,0.1,1,0.5,"TOX-log-blocked",0.27,20,0.753648584760753,0.0075752435624747
"P","tpois",10,0.1,1,0.5,"TOX-log-blocked",0.28,20,0.756635064647031,0.00751205705535171
"P","tpois",10,0.1,1,0.5,"TOX-log-blocked",0.29,20,0.759838298344083,0.00748506242303766
"P","tpois",10,0.1,1,0.5,"TOX-log-blocked",0.3,20,0.761227277666013,0.00737998662947931
"P","tpois",10,0.1,1,0.5,"TOX-log-boot",0,20,0.314256955557255,0.0659342128910958
"P","tpois",10,0.1,1,0.5,"TOX-log-boot",0.01,20,0.608039421263396,0.0105881483641892
"P","tpois",10,0.1,1,0.5,"TOX-log-boot",0.02,20,0.636048881359338,0.00862285017195957
"P","tpois",10,0.1,1,0.5,"TOX-log-boot",0.03,20,0.656607709936606,0.00724509869644109
"P","tpois",10,0.1,1,0.5,"TOX-log-boot",0.04,20,0.665888563576428,0.00773865401428775
"P","tpois",10,0.1,1,0.5,"TOX-log-boot",0.05,20,0.673454723692738,0.00788179952792787
"P","tpois",10,0.1,1,0.5,"TOX-log-boot",0.06,20,0.680731180883538,0.00741471814656521
"P","tpois",10,0.1,1,0.5,"TOX-log-boot",0.07,20,0.685548359002049,0.00760977721204169
"P","tpois",10,0.1,1,0.5,"TOX-log-boot",0.08,20,0.690247892702242,0.00765805527801376
"P","tpois",10,0.1,1,0.5,"TOX-log-boot",0.09,20,0.6952736227954,0.00784315903608218
"P","tpois",10,0.1,1,0.5,"TOX-log-boot",0.1,20,0.699964366350745,0.0075890696984016
"P","tpois",10,0.1,1,0.5,"TOX-log-boot",0.11,20,0.706998556478942,0.00755124513101696
"P","tpois",10,0.1,1,0.5,"TOX-log-boot",0.12,20,0.71084113177386,0.00746461264808388
"P","tpois",10,0.1,1,0.5,"TOX-log-boot",0.13,20,0.715120396592606,0.00761852323509627
"P","tpois",10,0.1,1,0.5,"TOX-log-boot",0.14,20,0.719390235310735,0.00776044790137149
"P","tpois",10,0.1,1,0.5,"TOX-log-boot",0.15,20,0.722372438436755,0.00765196828727018
"P","tpois",10,0.1,1,0.5,"TOX-log-boot",0.16,20,0.726531789232677,0.00753341520128617
"P","tpois",10,0.1,1,0.5,"TOX-log-boot",0.17,20,0.728782285329249,0.00771063320197065
"P","tpois",10,0.1,1,0.5,"TOX-log-boot",0.18,20,0.731326812082009,0.00749090045740111
"P","tpois",10,0.1,1,0.5,"TOX-log-boot",0.19,20,0.734317617458195,0.00774466145442591
"P","tpois",10,0.1,1,0.5,"TOX-log-boot",0.2,20,0.736983102964148,0.00766013668931358
"P","tpois",10,0.1,1,0.5,"TOX-log-boot",0.21,20,0.739650797455178,0.00756826223321802
"P","tpois",10,0.1,1,0.5,"TOX-log-boot",0.22,20,0.742111347873303,0.00759153759332975
"P","tpois",10,0.1,1,0.5,"TOX-log-boot",0.23,20,0.74425222348405,0.00769900043249314
"P","tpois",10,0.1,1,0.5,"TOX-log-boot",0.24,20,0.746387755412908,0.0075906582909025
"P","tpois",10,0.1,1,0.5,"TOX-log-boot",0.25,20,0.749585155492585,0.00784144536067931
"P","tpois",10,0.1,1,0.5,"TOX-log-boot",0.26,20,0.751820830970452,0.00769807580478485
"P","tpois",10,0.1,1,0.5,"TOX-log-boot",0.27,20,0.754383508204326,0.00756766456004501
"P","tpois",10,0.1,1,0.5,"TOX-log-boot",0.28,20,0.75770142921792,0.0075777255207608
"P","tpois",10,0.1,1,0.5,"TOX-log-boot",0.29,20,0.760154314661745,0.00741351325282376
"P","tpois",10,0.1,1,0.5,"TOX-log-boot",0.3,20,0.761961920009728,0.00727132723027104
"P","tpois",10,0.1,1,0.5,"TOX-raw",0,20,0.199246726034105,0.0191383838354197
"P","tpois",10,0.1,1,0.5,"TOX-raw",0.01,20,0.267302736828828,0.024026361505017
"P","tpois",10,0.1,1,0.5,"TOX-raw",0.02,20,0.326913466889252,0.018412700522012
"P","tpois",10,0.1,1,0.5,"TOX-raw",0.03,20,0.382452980965997,0.017181019575598
"P","tpois",10,0.1,1,0.5,"TOX-raw",0.04,20,0.399370800332884,0.0166298341838717
"P","tpois",10,0.1,1,0.5,"TOX-raw",0.05,20,0.426991577404185,0.0152463959824972
"P","tpois",10,0.1,1,0.5,"TOX-raw",0.06,20,0.447539801085624,0.0162812023718982
"P","tpois",10,0.1,1,0.5,"TOX-raw",0.07,20,0.467659690346647,0.0166113106661688
"P","tpois",10,0.1,1,0.5,"TOX-raw",0.08,20,0.482633352176312,0.0159337611495687
"P","tpois",10,0.1,1,0.5,"TOX-raw",0.09,20,0.496726342807751,0.014056486249195
"P","tpois",10,0.1,1,0.5,"TOX-raw",0.1,20,0.514889287799009,0.0130865929761953
"P","tpois",10,0.1,1,0.5,"TOX-raw",0.11,20,0.527911374571491,0.0127030718010287
"P","tpois",10,0.1,1,0.5,"TOX-raw",0.12,20,0.544457501368037,0.0123032846776691
"P","tpois",10,0.1,1,0.5,"TOX-raw",0.13,20,0.554178262338062,0.0121451697454373
"P","tpois",10,0.1,1,0.5,"TOX-raw",0.14,20,0.562617343010861,0.0116122858251286
"P","tpois",10,0.1,1,0.5,"TOX-raw",0.15,20,0.570617828679923,0.0112880170935011
"P","tpois",10,0.1,1,0.5,"TOX-raw",0.16,20,0.579463141172222,0.0108154122204025
"P","tpois",10,0.1,1,0.5,"TOX-raw",0.17,20,0.585991845893826,0.0109299323280585
"P","tpois",10,0.1,1,0.5,"TOX-raw",0.18,20,0.593677158225108,0.0106682505725481
"P","tpois",10,0.1,1,0.5,"TOX-raw",0.19,20,0.600399429482521,0.0104200958397736
"P","tpois",10,0.1,1,0.5,"TOX-raw",0.2,20,0.605831233836513,0.0102333902008989
"P","tpois",10,0.1,1,0.5,"TOX-raw",0.21,20,0.611705561010208,0.0102808530778569
"P","tpois",10,0.1,1,0.5,"TOX-raw",0.22,20,0.620245075417435,0.010582331121651
"P","tpois",10,0.1,1,0.5,"TOX-raw",0.23,20,0.626955254667134,0.0102020119639496
"P","tpois",10,0.1,1,0.5,"TOX-raw",0.24,20,0.633247989442372,0.0101711348838323
"P","tpois",10,0.1,1,0.5,"TOX-raw",0.25,20,0.640076482792914,0.00959659384893761
"P","tpois",10,0.1,1,0.5,"TOX-raw",0.26,20,0.644353661771008,0.00947538706386225
"P","tpois",10,0.1,1,0.5,"TOX-raw",0.27,20,0.649682786859982,0.00961830533827821
"P","tpois",10,0.1,1,0.5,"TOX-raw",0.28,20,0.657061149904932,0.00924995512485265
"P","tpois",10,0.1,1,0.5,"TOX-raw",0.29,20,0.662065354968261,0.00902686282743148
"P","tpois",10,0.1,1,0.5,"TOX-raw",0.3,20,0.667403048086141,0.00902043237723067
"P","tpois",10,0.1,1,0.5,"TOX-raw-blocked",0,20,0.336004825499035,0.022166028946096
"P","tpois",10,0.1,1,0.5,"TOX-raw-blocked",0.01,20,0.431500981111311,0.0174672703423629
"P","tpois",10,0.1,1,0.5,"TOX-raw-blocked",0.02,20,0.475942091705919,0.0155167892177908
"P","tpois",10,0.1,1,0.5,"TOX-raw-blocked",0.03,20,0.500507479282372,0.0151142442311565
"P","tpois",10,0.1,1,0.5,"TOX-raw-blocked",0.04,20,0.521254930423734,0.0130380274238638
"P","tpois",10,0.1,1,0.5,"TOX-raw-blocked",0.05,20,0.534951351580475,0.0133827500406712
"P","tpois",10,0.1,1,0.5,"TOX-raw-blocked",0.06,20,0.54764549860738,0.0124778838754675
"P","tpois",10,0.1,1,0.5,"TOX-raw-blocked",0.07,20,0.557865241277573,0.0120522254571338
"P","tpois",10,0.1,1,0.5,"TOX-raw-blocked",0.08,20,0.566514427369455,0.0115386443723677
"P","tpois",10,0.1,1,0.5,"TOX-raw-blocked",0.09,20,0.574611031518791,0.0113716417336293
"P","tpois",10,0.1,1,0.5,"TOX-raw-blocked",0.1,20,0.581012052485831,0.011067488239844
"P","tpois",10,0.1,1,0.5,"TOX-raw-blocked",0.11,20,0.586766274417429,0.0107087712898639
"P","tpois",10,0.1,1,0.5,"TOX-raw-blocked",0.12,20,0.594755495068861,0.0100129311934082
"P","tpois",10,0.1,1,0.5,"TOX-raw-blocked",0.13,20,0.598806666923706,0.00966610711037919
"P","tpois",10,0.1,1,0.5,"TOX-raw-blocked",0.14,20,0.603311833974833,0.00990539869074593
"P","tpois",10,0.1,1,0.5,"TOX-raw-blocked",0.15,20,0.609397314645605,0.0100647017672028
"P","tpois",10,0.1,1,0.5,"TOX-raw-blocked",0.16,20,0.615278584928258,0.0103314012579806
"P","tpois",10,0.1,1,0.5,"TOX-raw-blocked",0.17,20,0.621032517501017,0.0101150662319728
"P","tpois",10,0.1,1,0.5,"TOX-raw-blocked",0.18,20,0.625510879428782,0.00979717955508054
"P","tpois",10,0.1,1,0.5,"TOX-raw-blocked",0.19,20,0.628284096573438,0.00979892203035034
"P","tpois",10,0.1,1,0.5,"TOX-raw-blocked",0.2,20,0.633407259400992,0.00988970051088803
"P","tpois",10,0.1,1,0.5,"TOX-raw-blocked",0.21,20,0.635956793346549,0.0097549185032633
"P","tpois",10,0.1,1,0.5,"TOX-raw-blocked",0.22,20,0.641484728431098,0.00893215638305182
"P","tpois",10,0.1,1,0.5,"TOX-raw-blocked",0.23,20,0.646396778059327,0.00917023501306454
"P","tpois",10,0.1,1,0.5,"TOX-raw-blocked",0.24,20,0.650666003435024,0.00918697384831656
"P","tpois",10,0.1,1,0.5,"TOX-raw-blocked",0.25,20,0.654726538120304,0.00922839076786675
"P","tpois",10,0.1,1,0.5,"TOX-raw-blocked",0.26,20,0.657175801888125,0.00904335999568072
"P","tpois",10,0.1,1,0.5,"TOX-raw-blocked",0.27,20,0.660707767341289,0.00903448604897173
"P","tpois",10,0.1,1,0.5,"TOX-raw-blocked",0.28,20,0.66518900895379,0.00856120335645025
"P","tpois",10,0.1,1,0.5,"TOX-raw-blocked",0.29,20,0.669996361221563,0.00843172650269577
"P","tpois",10,0.1,1,0.5,"TOX-raw-blocked",0.3,20,0.674352786772434,0.00820470980321351
"Q","lnpois",5,0.01,0.5,0.5,"DESeq2",0,20,0.0506451543460431,0.00728706203704219
"Q","lnpois",5,0.01,0.5,0.5,"DESeq2",0.01,20,0.0506451543460431,0.00728706203704219
"Q","lnpois",5,0.01,0.5,0.5,"DESeq2",0.02,20,0.0506451543460431,0.00728706203704219
"Q","lnpois",5,0.01,0.5,0.5,"DESeq2",0.03,20,0.0506451543460431,0.00728706203704219
"Q","lnpois",5,0.01,0.5,0.5,"DESeq2",0.04,20,0.0506451543460431,0.00728706203704219
"Q","lnpois",5,0.01,0.5,0.5,"DESeq2",0.05,20,0.0506451543460431,0.00728706203704219
"Q","lnpois",5,0.01,0.5,0.5,"DESeq2",0.06,20,0.0506451543460431,0.00728706203704219
"Q","lnpois",5,0.01,0.5,0.5,"DESeq2",0.07,20,0.0506451543460431,0.00728706203704219
"Q","lnpois",5,0.01,0.5,0.5,"DESeq2",0.08,20,0.0506451543460431,0.00728706203704219
"Q","lnpois",5,0.01,0.5,0.5,"DESeq2",0.09,20,0.0506451543460431,0.00728706203704219
"Q","lnpois",5,0.01,0.5,0.5,"DESeq2",0.1,20,0.0506451543460431,0.00728706203704219
"Q","lnpois",5,0.01,0.5,0.5,"DESeq2",0.11,20,0.0506451543460431,0.00728706203704219
"Q","lnpois",5,0.01,0.5,0.5,"DESeq2",0.12,20,0.0506451543460431,0.00728706203704219
"Q","lnpois",5,0.01,0.5,0.5,"DESeq2",0.13,20,0.0506451543460431,0.00728706203704219
"Q","lnpois",5,0.01,0.5,0.5,"DESeq2",0.14,20,0.0506451543460431,0.00728706203704219
"Q","lnpois",5,0.01,0.5,0.5,"DESeq2",0.15,20,0.0506451543460431,0.00728706203704219
"Q","lnpois",5,0.01,0.5,0.5,"DESeq2",0.16,20,0.0506451543460431,0.00728706203704219
"Q","lnpois",5,0.01,0.5,0.5,"DESeq2",0.17,20,0.0581179804329996,0.00800983972428382
"Q","lnpois",5,0.01,0.5,0.5,"DESeq2",0.18,20,0.0581179804329996,0.00800983972428382
"Q","lnpois",5,0.01,0.5,0.5,"DESeq2",0.19,20,0.0581179804329996,0.00800983972428382
"Q","lnpois",5,0.01,0.5,0.5,"DESeq2",0.2,20,0.0581179804329996,0.00800983972428382
"Q","lnpois",5,0.01,0.5,0.5,"DESeq2",0.21,20,0.0581179804329996,0.00800983972428382
"Q","lnpois",5,0.01,0.5,0.5,"DESeq2",0.22,20,0.0581179804329996,0.00800983972428382
"Q","lnpois",5,0.01,0.5,0.5,"DESeq2",0.23,20,0.0611792049227955,0.00900587910716719
"Q","lnpois",5,0.01,0.5,0.5,"DESeq2",0.24,20,0.0611792049227955,0.00900587910716719
"Q","lnpois",5,0.01,0.5,0.5,"DESeq2",0.25,20,0.0717704131452149,0.0109179627831353
"Q","lnpois",5,0.01,0.5,0.5,"DESeq2",0.26,20,0.0717704131452149,0.0109179627831353
"Q","lnpois",5,0.01,0.5,0.5,"DESeq2",0.27,20,0.0717704131452149,0.0109179627831353
"Q","lnpois",5,0.01,0.5,0.5,"DESeq2",0.28,20,0.0727908213084802,0.0113083450730072
"Q","lnpois",5,0.01,0.5,0.5,"DESeq2",0.29,20,0.0727908213084802,0.0113083450730072
"Q","lnpois",5,0.01,0.5,0.5,"DESeq2",0.3,20,0.0748777778302194,0.0118958199565284
"Q","lnpois",5,0.01,0.5,0.5,"edgeR",0,20,0.106231455491119,0.0130599690067585
"Q","lnpois",5,0.01,0.5,0.5,"edgeR",0.01,20,0.106231455491119,0.0130599690067585
"Q","lnpois",5,0.01,0.5,0.5,"edgeR",0.02,20,0.106231455491119,0.0130599690067585
"Q","lnpois",5,0.01,0.5,0.5,"edgeR",0.03,20,0.106231455491119,0.0130599690067585
"Q","lnpois",5,0.01,0.5,0.5,"edgeR",0.04,20,0.106231455491119,0.0130599690067585
"Q","lnpois",5,0.01,0.5,0.5,"edgeR",0.05,20,0.106231455491119,0.0130599690067585
"Q","lnpois",5,0.01,0.5,0.5,"edgeR",0.06,20,0.106231455491119,0.0130599690067585
"Q","lnpois",5,0.01,0.5,0.5,"edgeR",0.07,20,0.106231455491119,0.0130599690067585
"Q","lnpois",5,0.01,0.5,0.5,"edgeR",0.08,20,0.106231455491119,0.0130599690067585
"Q","lnpois",5,0.01,0.5,0.5,"edgeR",0.09,20,0.107251863654384,0.0134949711518029
"Q","lnpois",5,0.01,0.5,0.5,"edgeR",0.1,20,0.114727462589611,0.0145150522511851
"Q","lnpois",5,0.01,0.5,0.5,"edgeR",0.11,20,0.114727462589611,0.0145150522511851
"Q","lnpois",5,0.01,0.5,0.5,"edgeR",0.12,20,0.114727462589611,0.0145150522511851
"Q","lnpois",5,0.01,0.5,0.5,"edgeR",0.13,20,0.130162836739271,0.0133304071645446
"Q","lnpois",5,0.01,0.5,0.5,"edgeR",0.14,20,0.130162836739271,0.0133304071645446
"Q","lnpois",5,0.01,0.5,0.5,"edgeR",0.15,20,0.134352571143671,0.0134524933018313
"Q","lnpois",5,0.01,0.5,0.5,"edgeR",0.16,20,0.134352571143671,0.0134524933018313
"Q","lnpois",5,0.01,0.5,0.5,"edgeR",0.17,20,0.136526484187149,0.0130336129553756
"Q","lnpois",5,0.01,0.5,0.5,"edgeR",0.18,20,0.136526484187149,0.0130336129553756
"Q","lnpois",5,0.01,0.5,0.5,"edgeR",0.19,20,0.143801306882184,0.0136522528876334
"Q","lnpois",5,0.01,0.5,0.5,"edgeR",0.2,20,0.151285027062713,0.0129457975262951
"Q","lnpois",5,0.01,0.5,0.5,"edgeR",0.21,20,0.151285027062713,0.0129457975262951
"Q","lnpois",5,0.01,0.5,0.5,"edgeR",0.22,20,0.151285027062713,0.0129457975262951
"Q","lnpois",5,0.01,0.5,0.5,"edgeR",0.23,20,0.151285027062713,0.0129457975262951
"Q","lnpois",5,0.01,0.5,0.5,"edgeR",0.24,20,0.154392391747718,0.0137343313486901
"Q","lnpois",5,0.01,0.5,0.5,"edgeR",0.25,20,0.157610867543833,0.0130090716563649
"Q","lnpois",5,0.01,0.5,0.5,"edgeR",0.26,20,0.157610867543833,0.0130090716563649
"Q","lnpois",5,0.01,0.5,0.5,"edgeR",0.27,20,0.159651683870364,0.0133790775837583
"Q","lnpois",5,0.01,0.5,0.5,"edgeR",0.28,20,0.161713758700296,0.0133302302103314
"Q","lnpois",5,0.01,0.5,0.5,"edgeR",0.29,20,0.16277758848753,0.0134967072028476
"Q","lnpois",5,0.01,0.5,0.5,"edgeR",0.3,20,0.164884953172534,0.0136819262149157
"Q","lnpois",5,0.01,0.5,0.5,"limma",0,20,0.130226375737972,0.0157085942818657
"Q","lnpois",5,0.01,0.5,0.5,"limma",0.01,20,0.130226375737972,0.0157085942818657
"Q","lnpois",5,0.01,0.5,0.5,"limma",0.02,20,0.130226375737972,0.0157085942818657
"Q","lnpois",5,0.01,0.5,0.5,"limma",0.03,20,0.130226375737972,0.0157085942818657
"Q","lnpois",5,0.01,0.5,0.5,"limma",0.04,20,0.130226375737972,0.0157085942818657
"Q","lnpois",5,0.01,0.5,0.5,"limma",0.05,20,0.130226375737972,0.0157085942818657
"Q","lnpois",5,0.01,0.5,0.5,"limma",0.06,20,0.132267192064503,0.0168620049016196
"Q","lnpois",5,0.01,0.5,0.5,"limma",0.07,20,0.132267192064503,0.0168620049016196
"Q","lnpois",5,0.01,0.5,0.5,"limma",0.08,20,0.132267192064503,0.0168620049016196
"Q","lnpois",5,0.01,0.5,0.5,"limma",0.09,20,0.132267192064503,0.0168620049016196
"Q","lnpois",5,0.01,0.5,0.5,"limma",0.1,20,0.136267192064503,0.0173023871797272
"Q","lnpois",5,0.01,0.5,0.5,"limma",0.11,20,0.137287600227768,0.0179122944518207
"Q","lnpois",5,0.01,0.5,0.5,"limma",0.12,20,0.138351430015002,0.0179801684495522
"Q","lnpois",5,0.01,0.5,0.5,"limma",0.13,20,0.14375289911328,0.0184220070957706
"Q","lnpois",5,0.01,0.5,0.5,"limma",0.14,20,0.14775289911328,0.0192518124510936
"Q","lnpois",5,0.01,0.5,0.5,"limma",0.15,20,0.151834531766341,0.0194579639385087
"Q","lnpois",5,0.01,0.5,0.5,"limma",0.16,20,0.153854939929606,0.0197794884881863
"Q","lnpois",5,0.01,0.5,0.5,"limma",0.17,20,0.154896606596273,0.0196107267075067
"Q","lnpois",5,0.01,0.5,0.5,"limma",0.18,20,0.155917014759538,0.02020993368045
"Q","lnpois",5,0.01,0.5,0.5,"limma",0.19,20,0.157003971281277,0.0202899466740511
"Q","lnpois",5,0.01,0.5,0.5,"limma",0.2,20,0.164612666933451,0.0207577289734762
"Q","lnpois",5,0.01,0.5,0.5,"limma",0.21,20,0.164612666933451,0.0207577289734762
"Q","lnpois",5,0.01,0.5,0.5,"limma",0.22,20,0.165803143123927,0.021294212508285
"Q","lnpois",5,0.01,0.5,0.5,"limma",0.23,20,0.165803143123927,0.021294212508285
"Q","lnpois",5,0.01,0.5,0.5,"limma",0.24,20,0.166993619314404,0.0218823702482132
"Q","lnpois",5,0.01,0.5,0.5,"limma",0.25,20,0.166993619314404,0.0218823702482132
"Q","lnpois",5,0.01,0.5,0.5,"limma",0.26,20,0.166993619314404,0.0218823702482132
"Q","lnpois",5,0.01,0.5,0.5,"limma",0.27,20,0.166993619314404,0.0218823702482132
"Q","lnpois",5,0.01,0.5,0.5,"limma",0.28,20,0.166993619314404,0.0218823702482132
"Q","lnpois",5,0.01,0.5,0.5,"limma",0.29,20,0.166993619314404,0.0218823702482132
"Q","lnpois",5,0.01,0.5,0.5,"limma",0.3,20,0.172295305206152,0.0224047299948559
"Q","lnpois",5,0.01,0.5,0.5,"TOX-log",0,20,0.102894112069743,0.018694374545064
"Q","lnpois",5,0.01,0.5,0.5,"TOX-log",0.01,20,0.102894112069743,0.018694374545064
"Q","lnpois",5,0.01,0.5,0.5,"TOX-log",0.02,20,0.102894112069743,0.018694374545064
"Q","lnpois",5,0.01,0.5,0.5,"TOX-log",0.03,20,0.102894112069743,0.018694374545064
"Q","lnpois",5,0.01,0.5,0.5,"TOX-log",0.04,20,0.102894112069743,0.018694374545064
"Q","lnpois",5,0.01,0.5,0.5,"TOX-log",0.05,20,0.102894112069743,0.018694374545064
"Q","lnpois",5,0.01,0.5,0.5,"TOX-log",0.06,20,0.102894112069743,0.018694374545064
"Q","lnpois",5,0.01,0.5,0.5,"TOX-log",0.07,20,0.102894112069743,0.018694374545064
"Q","lnpois",5,0.01,0.5,0.5,"TOX-log",0.08,20,0.105001476754748,0.019555717970689
"Q","lnpois",5,0.01,0.5,0.5,"TOX-log",0.09,20,0.108402837298965,0.0206618586061809
"Q","lnpois",5,0.01,0.5,0.5,"TOX-log",0.1,20,0.131038706864183,0.0200712999182486
"Q","lnpois",5,0.01,0.5,0.5,"TOX-log",0.11,20,0.131038706864183,0.0200712999182486
"Q","lnpois",5,0.01,0.5,0.5,"TOX-log",0.12,20,0.139201972170305,0.0188916803987128
"Q","lnpois",5,0.01,0.5,0.5,"TOX-log",0.13,20,0.142284455163502,0.0187718278017806
"Q","lnpois",5,0.01,0.5,0.5,"TOX-log",0.14,20,0.144325271490033,0.0193444056359421
"Q","lnpois",5,0.01,0.5,0.5,"TOX-log",0.15,20,0.150428162646496,0.0191833911614545
"Q","lnpois",5,0.01,0.5,0.5,"TOX-log",0.16,20,0.150428162646496,0.0191833911614545
"Q","lnpois",5,0.01,0.5,0.5,"TOX-log",0.17,20,0.153511495979829,0.0188932212489473
"Q","lnpois",5,0.01,0.5,0.5,"TOX-log",0.18,20,0.153511495979829,0.0188932212489473
"Q","lnpois",5,0.01,0.5,0.5,"TOX-log",0.19,20,0.156726112076036,0.0193307424204832
"Q","lnpois",5,0.01,0.5,0.5,"TOX-log",0.2,20,0.157746520239301,0.0193191394773677
"Q","lnpois",5,0.01,0.5,0.5,"TOX-log",0.21,20,0.157746520239301,0.0193191394773677
"Q","lnpois",5,0.01,0.5,0.5,"TOX-log",0.22,20,0.162848561055628,0.0213781570810203
"Q","lnpois",5,0.01,0.5,0.5,"TOX-log",0.23,20,0.166419989627057,0.0225171018444459
"Q","lnpois",5,0.01,0.5,0.5,"TOX-log",0.24,20,0.167483819414291,0.0226044006731097
"Q","lnpois",5,0.01,0.5,0.5,"TOX-log",0.25,20,0.173866798137695,0.0209563886561348
"Q","lnpois",5,0.01,0.5,0.5,"TOX-log",0.26,20,0.173866798137695,0.0209563886561348
"Q","lnpois",5,0.01,0.5,0.5,"TOX-log",0.27,20,0.174953754659434,0.0211028818080881
"Q","lnpois",5,0.01,0.5,0.5,"TOX-log",0.28,20,0.180168484029443,0.0215537764470226
"Q","lnpois",5,0.01,0.5,0.5,"TOX-log",0.29,20,0.18637596702264,0.0207353817156612
"Q","lnpois",5,0.01,0.5,0.5,"TOX-log",0.3,20,0.190610086664947,0.0205529372123277
"Q","lnpois",5,0.01,0.5,0.5,"TOX-log-blocked",0,20,0.12808176749942,0.0151424871119971
"Q","lnpois",5,0.01,0.5,0.5,"TOX-log-blocked",0.01,20,0.12808176749942,0.0151424871119971
"Q","lnpois",5,0.01,0.5,0.5,"TOX-log-blocked",0.02,20,0.12808176749942,0.0151424871119971
"Q","lnpois",5,0.01,0.5,0.5,"TOX-log-blocked",0.03,20,0.12808176749942,0.0151424871119971
"Q","lnpois",5,0.01,0.5,0.5,"TOX-log-blocked",0.04,20,0.12808176749942,0.0151424871119971
"Q","lnpois",5,0.01,0.5,0.5,"TOX-log-blocked",0.05,20,0.12808176749942,0.0151424871119971
"Q","lnpois",5,0.01,0.5,0.5,"TOX-log-blocked",0.06,20,0.12808176749942,0.0151424871119971
"Q","lnpois",5,0.01,0.5,0.5,"TOX-log-blocked",0.07,20,0.12808176749942,0.0151424871119971
"Q","lnpois",5,0.01,0.5,0.5,"TOX-log-blocked",0.08,20,0.135697857413646,0.018239552719111
"Q","lnpois",5,0.01,0.5,0.5,"TOX-log-blocked",0.09,20,0.142697857413646,0.0184564556965283
"Q","lnpois",5,0.01,0.5,0.5,"TOX-log-blocked",0.1,20,0.14376168720088,0.0185702360637322
"Q","lnpois",5,0.01,0.5,0.5,"TOX-log-blocked",0.11,20,0.14376168720088,0.0185702360637322
"Q","lnpois",5,0.01,0.5,0.5,"TOX-log-blocked",0.12,20,0.149015310389286,0.018367861905961
"Q","lnpois",5,0.01,0.5,0.5,"TOX-log-blocked",0.13,20,0.15328826957296,0.0187303212411209
"Q","lnpois",5,0.01,0.5,0.5,"TOX-log-blocked",0.14,20,0.154308677736225,0.0190185722469208
"Q","lnpois",5,0.01,0.5,0.5,"TOX-log-blocked",0.15,20,0.158391160729422,0.0187939412816236
"Q","lnpois",5,0.01,0.5,0.5,"TOX-log-blocked",0.16,20,0.163452385219218,0.0201231145159425
"Q","lnpois",5,0.01,0.5,0.5,"TOX-log-blocked",0.17,20,0.164516215006452,0.0199323386265327
"Q","lnpois",5,0.01,0.5,0.5,"TOX-log-blocked",0.18,20,0.164516215006452,0.0199323386265327
"Q","lnpois",5,0.01,0.5,0.5,"TOX-log-blocked",0.19,20,0.167598697999649,0.0209132619898308
"Q","lnpois",5,0.01,0.5,0.5,"TOX-log-blocked",0.2,20,0.170659922489445,0.0207363152921723
"Q","lnpois",5,0.01,0.5,0.5,"TOX-log-blocked",0.21,20,0.171680330652711,0.0212641113067583
"Q","lnpois",5,0.01,0.5,0.5,"TOX-log-blocked",0.22,20,0.171680330652711,0.0212641113067583
"Q","lnpois",5,0.01,0.5,0.5,"TOX-log-blocked",0.23,20,0.176932990227179,0.0205443258027016
"Q","lnpois",5,0.01,0.5,0.5,"TOX-log-blocked",0.24,20,0.183188535923718,0.0204553430194073
"Q","lnpois",5,0.01,0.5,0.5,"TOX-log-blocked",0.25,20,0.184208944086984,0.0204284681056255
"Q","lnpois",5,0.01,0.5,0.5,"TOX-log-blocked",0.26,20,0.184208944086984,0.0204284681056255
"Q","lnpois",5,0.01,0.5,0.5,"TOX-log-blocked",0.27,20,0.184208944086984,0.0204284681056255
"Q","lnpois",5,0.01,0.5,0.5,"TOX-log-blocked",0.28,20,0.184208944086984,0.0204284681056255
"Q","lnpois",5,0.01,0.5,0.5,"TOX-log-blocked",0.29,20,0.19045984870415,0.019575613002604
"Q","lnpois",5,0.01,0.5,0.5,"TOX-log-blocked",0.3,20,0.19045984870415,0.019575613002604
"Q","lnpois",5,0.01,0.5,0.5,"TOX-log-blocked-oracle",0,20,0.130145710560456,0.0164901985433437
"Q","lnpois",5,0.01,0.5,0.5,"TOX-log-blocked-oracle",0.01,20,0.130145710560456,0.0164901985433437
"Q","lnpois",5,0.01,0.5,0.5,"TOX-log-blocked-oracle",0.02,20,0.130145710560456,0.0164901985433437
"Q","lnpois",5,0.01,0.5,0.5,"TOX-log-blocked-oracle",0.03,20,0.130145710560456,0.0164901985433437
"Q","lnpois",5,0.01,0.5,0.5,"TOX-log-blocked-oracle",0.04,20,0.130145710560456,0.0164901985433437
"Q","lnpois",5,0.01,0.5,0.5,"TOX-log-blocked-oracle",0.05,20,0.130145710560456,0.0164901985433437
"Q","lnpois",5,0.01,0.5,0.5,"TOX-log-blocked-oracle",0.06,20,0.130145710560456,0.0164901985433437
"Q","lnpois",5,0.01,0.5,0.5,"TOX-log-blocked-oracle",0.07,20,0.132186526886986,0.0173419426630864
"Q","lnpois",5,0.01,0.5,0.5,"TOX-log-blocked-oracle",0.08,20,0.135654435789678,0.0188296377946221
"Q","lnpois",5,0.01,0.5,0.5,"TOX-log-blocked-oracle",0.09,20,0.142654435789678,0.0190406598583705
"Q","lnpois",5,0.01,0.5,0.5,"TOX-log-blocked-oracle",0.1,20,0.142654435789678,0.0190406598583705
"Q","lnpois",5,0.01,0.5,0.5,"TOX-log-blocked-oracle",0.11,20,0.142654435789678,0.0190406598583705
"Q","lnpois",5,0.01,0.5,0.5,"TOX-log-blocked-oracle",0.12,20,0.14988232694614,0.0186770224927272
"Q","lnpois",5,0.01,0.5,0.5,"TOX-log-blocked-oracle",0.13,20,0.150923993612807,0.0186329791851771
"Q","lnpois",5,0.01,0.5,0.5,"TOX-log-blocked-oracle",0.14,20,0.150923993612807,0.0186329791851771
"Q","lnpois",5,0.01,0.5,0.5,"TOX-log-blocked-oracle",0.15,20,0.154006476606004,0.0182264061908939
"Q","lnpois",5,0.01,0.5,0.5,"TOX-log-blocked-oracle",0.16,20,0.154006476606004,0.0182264061908939
"Q","lnpois",5,0.01,0.5,0.5,"TOX-log-blocked-oracle",0.17,20,0.159195360670268,0.0188283377369066
"Q","lnpois",5,0.01,0.5,0.5,"TOX-log-blocked-oracle",0.18,20,0.159195360670268,0.0188283377369066
"Q","lnpois",5,0.01,0.5,0.5,"TOX-log-blocked-oracle",0.19,20,0.160259190457502,0.0188910504669029
"Q","lnpois",5,0.01,0.5,0.5,"TOX-log-blocked-oracle",0.2,20,0.163366555142507,0.0195137568833082
"Q","lnpois",5,0.01,0.5,0.5,"TOX-log-blocked-oracle",0.21,20,0.163366555142507,0.0195137568833082
"Q","lnpois",5,0.01,0.5,0.5,"TOX-log-blocked-oracle",0.22,20,0.165366555142507,0.0197050370607516
"Q","lnpois",5,0.01,0.5,0.5,"TOX-log-blocked-oracle",0.23,20,0.174870915397247,0.0197311944423748
"Q","lnpois",5,0.01,0.5,0.5,"TOX-log-blocked-oracle",0.24,20,0.177932139887043,0.0213104967403193
"Q","lnpois",5,0.01,0.5,0.5,"TOX-log-blocked-oracle",0.25,20,0.184075847370036,0.0213980235690572
"Q","lnpois",5,0.01,0.5,0.5,"TOX-log-blocked-oracle",0.26,20,0.184075847370036,0.0213980235690572
"Q","lnpois",5,0.01,0.5,0.5,"TOX-log-blocked-oracle",0.27,20,0.184075847370036,0.0213980235690572
"Q","lnpois",5,0.01,0.5,0.5,"TOX-log-blocked-oracle",0.28,20,0.184075847370036,0.0213980235690572
"Q","lnpois",5,0.01,0.5,0.5,"TOX-log-blocked-oracle",0.29,20,0.190331393066575,0.0214588926943851
"Q","lnpois",5,0.01,0.5,0.5,"TOX-log-blocked-oracle",0.3,20,0.194498059733242,0.0205372536214668
"Q","lnpois",5,0.01,0.5,0.5,"TOX-log-boot",0,20,0.110461124869873,0.0211446156324367
"Q","lnpois",5,0.01,0.5,0.5,"TOX-log-boot",0.01,20,0.110461124869873,0.0211446156324367
"Q","lnpois",5,0.01,0.5,0.5,"TOX-log-boot",0.02,20,0.110461124869873,0.0211446156324367
"Q","lnpois",5,0.01,0.5,0.5,"TOX-log-boot",0.03,20,0.110461124869873,0.0211446156324367
"Q","lnpois",5,0.01,0.5,0.5,"TOX-log-boot",0.04,20,0.110461124869873,0.0211446156324367
"Q","lnpois",5,0.01,0.5,0.5,"TOX-log-boot",0.05,20,0.110461124869873,0.0211446156324367
"Q","lnpois",5,0.01,0.5,0.5,"TOX-log-boot",0.06,20,0.112501941196404,0.0221112657077492
"Q","lnpois",5,0.01,0.5,0.5,"TOX-log-boot",0.07,20,0.112501941196404,0.0221112657077492
"Q","lnpois",5,0.01,0.5,0.5,"TOX-log-boot",0.08,20,0.124501941196404,0.0221540144444122
"Q","lnpois",5,0.01,0.5,0.5,"TOX-log-boot",0.09,20,0.136204068855978,0.0217802271362541
"Q","lnpois",5,0.01,0.5,0.5,"TOX-log-boot",0.1,20,0.141244885182509,0.0229996510333584
"Q","lnpois",5,0.01,0.5,0.5,"TOX-log-boot",0.11,20,0.141244885182509,0.0229996510333584
"Q","lnpois",5,0.01,0.5,0.5,"TOX-log-boot",0.12,20,0.152639443005638,0.0216467616671825
"Q","lnpois",5,0.01,0.5,0.5,"TOX-log-boot",0.13,20,0.157061211713121,0.0230450861231641
"Q","lnpois",5,0.01,0.5,0.5,"TOX-log-boot",0.14,20,0.159102028039652,0.0240918054187918
"Q","lnpois",5,0.01,0.5,0.5,"TOX-log-boot",0.15,20,0.161230651228058,0.0242011446531765
"Q","lnpois",5,0.01,0.5,0.5,"TOX-log-boot",0.16,20,0.161230651228058,0.0242011446531765
"Q","lnpois",5,0.01,0.5,0.5,"TOX-log-boot",0.17,20,0.164313134221255,0.0241374677038363
"Q","lnpois",5,0.01,0.5,0.5,"TOX-log-boot",0.18,20,0.164313134221255,0.0241374677038363
"Q","lnpois",5,0.01,0.5,0.5,"TOX-log-boot",0.19,20,0.176558032180439,0.0223838565554964
"Q","lnpois",5,0.01,0.5,0.5,"TOX-log-boot",0.2,20,0.176558032180439,0.0223838565554964
"Q","lnpois",5,0.01,0.5,0.5,"TOX-log-boot",0.21,20,0.176558032180439,0.0223838565554964
"Q","lnpois",5,0.01,0.5,0.5,"TOX-log-boot",0.22,20,0.176558032180439,0.0223838565554964
"Q","lnpois",5,0.01,0.5,0.5,"TOX-log-boot",0.23,20,0.179753381242049,0.0227691084236812
"Q","lnpois",5,0.01,0.5,0.5,"TOX-log-boot",0.24,20,0.181773789405314,0.0229592885622743
"Q","lnpois",5,0.01,0.5,0.5,"TOX-log-boot",0.25,20,0.197899750659381,0.021961442614401
"Q","lnpois",5,0.01,0.5,0.5,"TOX-log-boot",0.26,20,0.197899750659381,0.021961442614401
"Q","lnpois",5,0.01,0.5,0.5,"TOX-log-boot",0.27,20,0.197899750659381,0.021961442614401
"Q","lnpois",5,0.01,0.5,0.5,"TOX-log-boot",0.28,20,0.200050536968354,0.0220503557998061
"Q","lnpois",5,0.01,0.5,0.5,"TOX-log-boot",0.29,20,0.201092203635021,0.0220437543302667
"Q","lnpois",5,0.01,0.5,0.5,"TOX-log-boot",0.3,20,0.20217916015676,0.022280830532176
"Q","lnpois",5,0.01,0.5,0.5,"TOX-log-oracle",0,20,0.10174060718953,0.0185104173203147
"Q","lnpois",5,0.01,0.5,0.5,"TOX-log-oracle",0.01,20,0.10174060718953,0.0185104173203147
"Q","lnpois",5,0.01,0.5,0.5,"TOX-log-oracle",0.02,20,0.10174060718953,0.0185104173203147
"Q","lnpois",5,0.01,0.5,0.5,"TOX-log-oracle",0.03,20,0.10174060718953,0.0185104173203147
"Q","lnpois",5,0.01,0.5,0.5,"TOX-log-oracle",0.04,20,0.10174060718953,0.0185104173203147
"Q","lnpois",5,0.01,0.5,0.5,"TOX-log-oracle",0.05,20,0.10174060718953,0.0185104173203147
"Q","lnpois",5,0.01,0.5,0.5,"TOX-log-oracle",0.06,20,0.10174060718953,0.0185104173203147
"Q","lnpois",5,0.01,0.5,0.5,"TOX-log-oracle",0.07,20,0.103781423516061,0.0194307472765677
"Q","lnpois",5,0.01,0.5,0.5,"TOX-log-oracle",0.08,20,0.105822239842591,0.020190338731003
"Q","lnpois",5,0.01,0.5,0.5,"TOX-log-oracle",0.09,20,0.109290148745283,0.0213114273098201
"Q","lnpois",5,0.01,0.5,0.5,"TOX-log-oracle",0.1,20,0.119290148745283,0.0209555403687093
"Q","lnpois",5,0.01,0.5,0.5,"TOX-log-oracle",0.11,20,0.119290148745283,0.0209555403687093
"Q","lnpois",5,0.01,0.5,0.5,"TOX-log-oracle",0.12,20,0.127453414051405,0.0200815490257823
"Q","lnpois",5,0.01,0.5,0.5,"TOX-log-oracle",0.13,20,0.138914520233008,0.0188647452664622
"Q","lnpois",5,0.01,0.5,0.5,"TOX-log-oracle",0.14,20,0.138914520233008,0.0188647452664622
"Q","lnpois",5,0.01,0.5,0.5,"TOX-log-oracle",0.15,20,0.145017411389471,0.0187923122457014
"Q","lnpois",5,0.01,0.5,0.5,"TOX-log-oracle",0.16,20,0.145017411389471,0.0187923122457014
"Q","lnpois",5,0.01,0.5,0.5,"TOX-log-oracle",0.17,20,0.150361614288022,0.0187555321495434
"Q","lnpois",5,0.01,0.5,0.5,"TOX-log-oracle",0.18,20,0.151382022451287,0.0191090964705735
"Q","lnpois",5,0.01,0.5,0.5,"TOX-log-oracle",0.19,20,0.151382022451287,0.0191090964705735
"Q","lnpois",5,0.01,0.5,0.5,"TOX-log-oracle",0.2,20,0.155593978973026,0.0188825176457024
"Q","lnpois",5,0.01,0.5,0.5,"TOX-log-oracle",0.21,20,0.155593978973026,0.0188825176457024
"Q","lnpois",5,0.01,0.5,0.5,"TOX-log-oracle",0.22,20,0.155593978973026,0.0188825176457024
"Q","lnpois",5,0.01,0.5,0.5,"TOX-log-oracle",0.23,20,0.163040787483664,0.0170305098193188
"Q","lnpois",5,0.01,0.5,0.5,"TOX-log-oracle",0.24,20,0.165127744005404,0.0174666461283202
"Q","lnpois",5,0.01,0.5,0.5,"TOX-log-oracle",0.25,20,0.170380403579872,0.01710884929534
"Q","lnpois",5,0.01,0.5,0.5,"TOX-log-oracle",0.26,20,0.170380403579872,0.01710884929534
"Q","lnpois",5,0.01,0.5,0.5,"TOX-log-oracle",0.27,20,0.179053872967627,0.0206380498165077
"Q","lnpois",5,0.01,0.5,0.5,"TOX-log-oracle",0.28,20,0.182115097457423,0.0203683110841988
"Q","lnpois",5,0.01,0.5,0.5,"TOX-log-oracle",0.29,20,0.186240151734453,0.0209697984774745
"Q","lnpois",5,0.01,0.5,0.5,"TOX-log-oracle",0.3,20,0.188323485067786,0.0206415637652983
"Q","lnpois",5,0.01,0.5,0.5,"TOX-raw",0,20,0.0714155735935503,0.0125566946034465
"Q","lnpois",5,0.01,0.5,0.5,"TOX-raw",0.01,20,0.0714155735935503,0.0125566946034465
"Q","lnpois",5,0.01,0.5,0.5,"TOX-raw",0.02,20,0.0714155735935503,0.0125566946034465
"Q","lnpois",5,0.01,0.5,0.5,"TOX-raw",0.03,20,0.0714155735935503,0.0125566946034465
"Q","lnpois",5,0.01,0.5,0.5,"TOX-raw",0.04,20,0.0714155735935503,0.0125566946034465
"Q","lnpois",5,0.01,0.5,0.5,"TOX-raw",0.05,20,0.0714155735935503,0.0125566946034465
"Q","lnpois",5,0.01,0.5,0.5,"TOX-raw",0.06,20,0.0714155735935503,0.0125566946034465
"Q","lnpois",5,0.01,0.5,0.5,"TOX-raw",0.07,20,0.0714155735935503,0.0125566946034465
"Q","lnpois",5,0.01,0.5,0.5,"TOX-raw",0.08,20,0.0714155735935503,0.0125566946034465
"Q","lnpois",5,0.01,0.5,0.5,"TOX-raw",0.09,20,0.0724359817568156,0.0131514887906452
"Q","lnpois",5,0.01,0.5,0.5,"TOX-raw",0.1,20,0.0724359817568156,0.0131514887906452
"Q","lnpois",5,0.01,0.5,0.5,"TOX-raw",0.11,20,0.0724359817568156,0.0131514887906452
"Q","lnpois",5,0.01,0.5,0.5,"TOX-raw",0.12,20,0.0724359817568156,0.0131514887906452
"Q","lnpois",5,0.01,0.5,0.5,"TOX-raw",0.13,20,0.0736264579472918,0.0135352723605903
"Q","lnpois",5,0.01,0.5,0.5,"TOX-raw",0.14,20,0.0736264579472918,0.0135352723605903
"Q","lnpois",5,0.01,0.5,0.5,"TOX-raw",0.15,20,0.0777080906003531,0.0138687708021408
"Q","lnpois",5,0.01,0.5,0.5,"TOX-raw",0.16,20,0.0777080906003531,0.0138687708021408
"Q","lnpois",5,0.01,0.5,0.5,"TOX-raw",0.17,20,0.0777080906003531,0.0138687708021408
"Q","lnpois",5,0.01,0.5,0.5,"TOX-raw",0.18,20,0.0777080906003531,0.0138687708021408
"Q","lnpois",5,0.01,0.5,0.5,"TOX-raw",0.19,20,0.0777080906003531,0.0138687708021408
"Q","lnpois",5,0.01,0.5,0.5,"TOX-raw",0.2,20,0.0831579978359746,0.0141234116840734
"Q","lnpois",5,0.01,0.5,0.5,"TOX-raw",0.21,20,0.0831579978359746,0.0141234116840734
"Q","lnpois",5,0.01,0.5,0.5,"TOX-raw",0.22,20,0.0831579978359746,0.0141234116840734
"Q","lnpois",5,0.01,0.5,0.5,"TOX-raw",0.23,20,0.0908483664735482,0.0151388967908188
"Q","lnpois",5,0.01,0.5,0.5,"TOX-raw",0.24,20,0.0959504072898747,0.0166304685119774
"Q","lnpois",5,0.01,0.5,0.5,"TOX-raw",0.25,20,0.101033740623208,0.0160058687726565
"Q","lnpois",5,0.01,0.5,0.5,"TOX-raw",0.26,20,0.101033740623208,0.0160058687726565
"Q","lnpois",5,0.01,0.5,0.5,"TOX-raw",0.27,20,0.101033740623208,0.0160058687726565
"Q","lnpois",5,0.01,0.5,0.5,"TOX-raw",0.28,20,0.102224216813684,0.0163042861290105
"Q","lnpois",5,0.01,0.5,0.5,"TOX-raw",0.29,20,0.104265883480351,0.0165505505117365
"Q","lnpois",5,0.01,0.5,0.5,"TOX-raw",0.3,20,0.114682550147018,0.0164433997940797
"Q","lnpois",5,0.01,0.5,0.5,"TOX-raw-blocked",0,20,0.0921376366079188,0.0123859526170121
"Q","lnpois",5,0.01,0.5,0.5,"TOX-raw-blocked",0.01,20,0.0921376366079188,0.0123859526170121
"Q","lnpois",5,0.01,0.5,0.5,"TOX-raw-blocked",0.02,20,0.0921376366079188,0.0123859526170121
"Q","lnpois",5,0.01,0.5,0.5,"TOX-raw-blocked",0.03,20,0.0921376366079188,0.0123859526170121
"Q","lnpois",5,0.01,0.5,0.5,"TOX-raw-blocked",0.04,20,0.0921376366079188,0.0123859526170121
"Q","lnpois",5,0.01,0.5,0.5,"TOX-raw-blocked",0.05,20,0.0921376366079188,0.0123859526170121
"Q","lnpois",5,0.01,0.5,0.5,"TOX-raw-blocked",0.06,20,0.0921376366079188,0.0123859526170121
"Q","lnpois",5,0.01,0.5,0.5,"TOX-raw-blocked",0.07,20,0.0921376366079188,0.0123859526170121
"Q","lnpois",5,0.01,0.5,0.5,"TOX-raw-blocked",0.08,20,0.0921376366079188,0.0123859526170121
"Q","lnpois",5,0.01,0.5,0.5,"TOX-raw-blocked",0.09,20,0.0921376366079188,0.0123859526170121
"Q","lnpois",5,0.01,0.5,0.5,"TOX-raw-blocked",0.1,20,0.0921376366079188,0.0123859526170121
"Q","lnpois",5,0.01,0.5,0.5,"TOX-raw-blocked",0.11,20,0.0921376366079188,0.0123859526170121
"Q","lnpois",5,0.01,0.5,0.5,"TOX-raw-blocked",0.12,20,0.0973459699412521,0.0128175603786884
"Q","lnpois",5,0.01,0.5,0.5,"TOX-raw-blocked",0.13,20,0.0973459699412521,0.0128175603786884
"Q","lnpois",5,0.01,0.5,0.5,"TOX-raw-blocked",0.14,20,0.0973459699412521,0.0128175603786884
"Q","lnpois",5,0.01,0.5,0.5,"TOX-raw-blocked",0.15,20,0.106550901914041,0.0148511403091559
"Q","lnpois",5,0.01,0.5,0.5,"TOX-raw-blocked",0.16,20,0.107571310077307,0.0152339591777654
"Q","lnpois",5,0.01,0.5,0.5,"TOX-raw-blocked",0.17,20,0.10870767371367,0.0152109087870062
"Q","lnpois",5,0.01,0.5,0.5,"TOX-raw-blocked",0.18,20,0.10870767371367,0.0152109087870062
"Q","lnpois",5,0.01,0.5,0.5,"TOX-raw-blocked",0.19,20,0.10870767371367,0.0152109087870062
"Q","lnpois",5,0.01,0.5,0.5,"TOX-raw-blocked",0.2,20,0.112790156706867,0.0152323261946448
"Q","lnpois",5,0.01,0.5,0.5,"TOX-raw-blocked",0.21,20,0.112790156706867,0.0152323261946448
"Q","lnpois",5,0.01,0.5,0.5,"TOX-raw-blocked",0.22,20,0.11517110908782,0.0162212878231937
"Q","lnpois",5,0.01,0.5,0.5,"TOX-raw-blocked",0.23,20,0.116212775754486,0.0162878168381776
"Q","lnpois",5,0.01,0.5,0.5,"TOX-raw-blocked",0.24,20,0.123754923048187,0.0173754036319792
"Q","lnpois",5,0.01,0.5,0.5,"TOX-raw-blocked",0.25,20,0.13440299078592,0.0162322964737204
"Q","lnpois",5,0.01,0.5,0.5,"TOX-raw-blocked",0.26,20,0.13440299078592,0.0162322964737204
"Q","lnpois",5,0.01,0.5,0.5,"TOX-raw-blocked",0.27,20,0.13440299078592,0.0162322964737204
"Q","lnpois",5,0.01,0.5,0.5,"TOX-raw-blocked",0.28,20,0.140697317027055,0.0164216467471032
"Q","lnpois",5,0.01,0.5,0.5,"TOX-raw-blocked",0.29,20,0.152247926031063,0.0130151239032584
"Q","lnpois",5,0.01,0.5,0.5,"TOX-raw-blocked",0.3,20,0.157610737822447,0.0142962630661396
"Q","lnpois",5,0.01,1,0.5,"DESeq2",0,20,0.340283188723307,0.0314694209696209
"Q","lnpois",5,0.01,1,0.5,"DESeq2",0.01,20,0.340283188723307,0.0314694209696209
"Q","lnpois",5,0.01,1,0.5,"DESeq2",0.02,20,0.340283188723307,0.0314694209696209
"Q","lnpois",5,0.01,1,0.5,"DESeq2",0.03,20,0.341324855389974,0.032085534815365
"Q","lnpois",5,0.01,1,0.5,"DESeq2",0.04,20,0.346557161078206,0.0337571734946849
"Q","lnpois",5,0.01,1,0.5,"DESeq2",0.05,20,0.377957282690218,0.0329921463818721
"Q","lnpois",5,0.01,1,0.5,"DESeq2",0.06,20,0.377957282690218,0.0329921463818721
"Q","lnpois",5,0.01,1,0.5,"DESeq2",0.07,20,0.381082282690218,0.0324985559136344
"Q","lnpois",5,0.01,1,0.5,"DESeq2",0.08,20,0.389573648709337,0.0307279964120168
"Q","lnpois",5,0.01,1,0.5,"DESeq2",0.09,20,0.397066710688985,0.0313474806432311
"Q","lnpois",5,0.01,1,0.5,"DESeq2",0.1,20,0.397066710688985,0.0313474806432311
"Q","lnpois",5,0.01,1,0.5,"DESeq2",0.11,20,0.399194370263453,0.0317468462796152
"Q","lnpois",5,0.01,1,0.5,"DESeq2",0.12,20,0.40342848990576,0.0318661929586865
"Q","lnpois",5,0.01,1,0.5,"DESeq2",0.13,20,0.40553398635966,0.0311790681193436
"Q","lnpois",5,0.01,1,0.5,"DESeq2",0.14,20,0.409745942881399,0.0326462385561385
"Q","lnpois",5,0.01,1,0.5,"DESeq2",0.15,20,0.414024388764841,0.0327256050118247
"Q","lnpois",5,0.01,1,0.5,"DESeq2",0.16,20,0.42244727919761,0.0317503629780325
"Q","lnpois",5,0.01,1,0.5,"DESeq2",0.17,20,0.427746133244316,0.0305846106072205
"Q","lnpois",5,0.01,1,0.5,"DESeq2",0.18,20,0.429896919553289,0.0304615104720034
"Q","lnpois",5,0.01,1,0.5,"DESeq2",0.19,20,0.432024579127757,0.030830402704736
"Q","lnpois",5,0.01,1,0.5,"DESeq2",0.2,20,0.437212558574855,0.0311489328483385
"Q","lnpois",5,0.01,1,0.5,"DESeq2",0.21,20,0.438276388362089,0.0313747559933887
"Q","lnpois",5,0.01,1,0.5,"DESeq2",0.22,20,0.442510508004396,0.0304441263079175
"Q","lnpois",5,0.01,1,0.5,"DESeq2",0.23,20,0.442510508004396,0.0304441263079175
"Q","lnpois",5,0.01,1,0.5,"DESeq2",0.24,20,0.445701997366098,0.0302825189059529
"Q","lnpois",5,0.01,1,0.5,"DESeq2",0.25,20,0.447829656940566,0.0306735470061505
"Q","lnpois",5,0.01,1,0.5,"DESeq2",0.26,20,0.448829656940566,0.0306764129507302
"Q","lnpois",5,0.01,1,0.5,"DESeq2",0.27,20,0.449871323607233,0.0305619375015312
"Q","lnpois",5,0.01,1,0.5,"DESeq2",0.28,20,0.450891731770498,0.0305056279452507
"Q","lnpois",5,0.01,1,0.5,"DESeq2",0.29,20,0.450891731770498,0.0305056279452507
"Q","lnpois",5,0.01,1,0.5,"DESeq2",0.3,20,0.456145295962132,0.0319153224800081
"Q","lnpois",5,0.01,1,0.5,"edgeR",0,20,0.377347970968726,0.0285450926278236
"Q","lnpois",5,0.01,1,0.5,"edgeR",0.01,20,0.377347970968726,0.0285450926278236
"Q","lnpois",5,0.01,1,0.5,"edgeR",0.02,20,0.377347970968726,0.0285450926278236
"Q","lnpois",5,0.01,1,0.5,"edgeR",0.03,20,0.378389637635392,0.0292315581853903
"Q","lnpois",5,0.01,1,0.5,"edgeR",0.04,20,0.38165050720061,0.0298652986492249
"Q","lnpois",5,0.01,1,0.5,"edgeR",0.05,20,0.392097315711248,0.0303650288443873
"Q","lnpois",5,0.01,1,0.5,"edgeR",0.06,20,0.395180649044581,0.0300351662794477
"Q","lnpois",5,0.01,1,0.5,"edgeR",0.07,20,0.401711527311286,0.0289466759890047
"Q","lnpois",5,0.01,1,0.5,"edgeR",0.08,20,0.41109450603469,0.0301233603299181
"Q","lnpois",5,0.01,1,0.5,"edgeR",0.09,20,0.413200002488591,0.0302345382629239
"Q","lnpois",5,0.01,1,0.5,"edgeR",0.1,20,0.419281635141652,0.0295383110147314
"Q","lnpois",5,0.01,1,0.5,"edgeR",0.11,20,0.42140929471612,0.0298786575435526
"Q","lnpois",5,0.01,1,0.5,"edgeR",0.12,20,0.424623910812328,0.0296426319711848
"Q","lnpois",5,0.01,1,0.5,"edgeR",0.13,20,0.426751570386796,0.03012045651876
"Q","lnpois",5,0.01,1,0.5,"edgeR",0.14,20,0.429813645216728,0.0306002169913182
"Q","lnpois",5,0.01,1,0.5,"edgeR",0.15,20,0.434046801245096,0.0299111049357269
"Q","lnpois",5,0.01,1,0.5,"edgeR",0.16,20,0.436203573044725,0.0301177089824163
"Q","lnpois",5,0.01,1,0.5,"edgeR",0.17,20,0.437267402831959,0.0296783510504288
"Q","lnpois",5,0.01,1,0.5,"edgeR",0.18,20,0.440393307449125,0.0300586415657926
"Q","lnpois",5,0.01,1,0.5,"edgeR",0.19,20,0.442434123775656,0.0300127159232538
"Q","lnpois",5,0.01,1,0.5,"edgeR",0.2,20,0.447753272711826,0.0301277239793812
"Q","lnpois",5,0.01,1,0.5,"edgeR",0.21,20,0.452963415279492,0.0309011286728858
"Q","lnpois",5,0.01,1,0.5,"edgeR",0.22,20,0.455027245066726,0.030542554733528
"Q","lnpois",5,0.01,1,0.5,"edgeR",0.23,20,0.462388060669563,0.0308631029343663
"Q","lnpois",5,0.01,1,0.5,"edgeR",0.24,20,0.464451890456797,0.030854500490218
"Q","lnpois",5,0.01,1,0.5,"edgeR",0.25,20,0.466472298620062,0.0309888909033742
"Q","lnpois",5,0.01,1,0.5,"edgeR",0.26,20,0.467513965286729,0.0308812390989414
"Q","lnpois",5,0.01,1,0.5,"edgeR",0.27,20,0.468555631953395,0.0314686996409491
"Q","lnpois",5,0.01,1,0.5,"edgeR",0.28,20,0.469597298620062,0.0312861227516965
"Q","lnpois",5,0.01,1,0.5,"edgeR",0.29,20,0.470638965286729,0.0318983624453221
"Q","lnpois",5,0.01,1,0.5,"edgeR",0.3,20,0.471725921808468,0.0316959805721593
"Q","lnpois",5,0.01,1,0.5,"limma",0,20,0.382588640253848,0.0309492356336515
"Q","lnpois",5,0.01,1,0.5,"limma",0.01,20,0.382588640253848,0.0309492356336515
"Q","lnpois",5,0.01,1,0.5,"limma",0.02,20,0.382588640253848,0.0309492356336515
"Q","lnpois",5,0.01,1,0.5,"limma",0.03,20,0.382588640253848,0.0309492356336515
"Q","lnpois",5,0.01,1,0.5,"limma",0.04,20,0.394290767913422,0.0318849457561272
"Q","lnpois",5,0.01,1,0.5,"limma",0.05,20,0.403820909757394,0.0324710640234233
"Q","lnpois",5,0.01,1,0.5,"limma",0.06,20,0.416483583522552,0.0313133927620817
"Q","lnpois",5,0.01,1,0.5,"limma",0.07,20,0.417547413309786,0.0311187719236344
"Q","lnpois",5,0.01,1,0.5,"limma",0.08,20,0.424822236004822,0.0309986773784392
"Q","lnpois",5,0.01,1,0.5,"limma",0.09,20,0.425886065792056,0.0310565903127936
"Q","lnpois",5,0.01,1,0.5,"limma",0.1,20,0.434339388332913,0.0300259692473265
"Q","lnpois",5,0.01,1,0.5,"limma",0.11,20,0.442728465820775,0.0316915599040293
"Q","lnpois",5,0.01,1,0.5,"limma",0.12,20,0.445919955182477,0.0309633478335246
"Q","lnpois",5,0.01,1,0.5,"limma",0.13,20,0.449047728030746,0.0318721579713568
"Q","lnpois",5,0.01,1,0.5,"limma",0.14,20,0.456365122009615,0.0306482205827139
"Q","lnpois",5,0.01,1,0.5,"limma",0.15,20,0.457428951796849,0.0306880691305952
"Q","lnpois",5,0.01,1,0.5,"limma",0.16,20,0.459469768123379,0.0305115550039178
"Q","lnpois",5,0.01,1,0.5,"limma",0.17,20,0.459469768123379,0.0305115550039178
"Q","lnpois",5,0.01,1,0.5,"limma",0.18,20,0.462640057978452,0.0308552793720694
"Q","lnpois",5,0.01,1,0.5,"limma",0.19,20,0.465765057978452,0.0302063853044659
"Q","lnpois",5,0.01,1,0.5,"limma",0.2,20,0.467785466141717,0.0305993940144878
"Q","lnpois",5,0.01,1,0.5,"limma",0.21,20,0.467785466141717,0.0305993940144878
"Q","lnpois",5,0.01,1,0.5,"limma",0.22,20,0.473060288836752,0.0315069036901982
"Q","lnpois",5,0.01,1,0.5,"limma",0.23,20,0.473060288836752,0.0315069036901982
"Q","lnpois",5,0.01,1,0.5,"limma",0.24,20,0.476144526787252,0.0319523022098726
"Q","lnpois",5,0.01,1,0.5,"limma",0.25,20,0.47827218636172,0.0315826369675314
"Q","lnpois",5,0.01,1,0.5,"limma",0.26,20,0.47827218636172,0.0315826369675314
"Q","lnpois",5,0.01,1,0.5,"limma",0.27,20,0.480313853028387,0.0313365722303147
"Q","lnpois",5,0.01,1,0.5,"limma",0.28,20,0.480313853028387,0.0313365722303147
"Q","lnpois",5,0.01,1,0.5,"limma",0.29,20,0.481313853028387,0.0312847757810258
"Q","lnpois",5,0.01,1,0.5,"limma",0.3,20,0.482334261191652,0.0312107880643461
"Q","lnpois",5,0.01,1,0.5,"TOX-log",0,20,0.165787237546604,0.0504420118036114
"Q","lnpois",5,0.01,1,0.5,"TOX-log",0.01,20,0.165787237546604,0.0504420118036114
"Q","lnpois",5,0.01,1,0.5,"TOX-log",0.02,20,0.165787237546604,0.0504420118036114
"Q","lnpois",5,0.01,1,0.5,"TOX-log",0.03,20,0.165787237546604,0.0504420118036114
"Q","lnpois",5,0.01,1,0.5,"TOX-log",0.04,20,0.251675209756765,0.0571004379003706
"Q","lnpois",5,0.01,1,0.5,"TOX-log",0.05,20,0.321612343583468,0.0535763608904766
"Q","lnpois",5,0.01,1,0.5,"TOX-log",0.06,20,0.37437099487007,0.043766905446005
"Q","lnpois",5,0.01,1,0.5,"TOX-log",0.07,20,0.404911775011914,0.0339827114604886
"Q","lnpois",5,0.01,1,0.5,"TOX-log",0.08,20,0.413250427494183,0.0355320475346958
"Q","lnpois",5,0.01,1,0.5,"TOX-log",0.09,20,0.414314257281417,0.0355673086185021
"Q","lnpois",5,0.01,1,0.5,"TOX-log",0.1,20,0.427149594931741,0.0303918859772124
"Q","lnpois",5,0.01,1,0.5,"TOX-log",0.11,20,0.433341084293443,0.0311948430835729
"Q","lnpois",5,0.01,1,0.5,"TOX-log",0.12,20,0.438639033722984,0.0307427144035026
"Q","lnpois",5,0.01,1,0.5,"TOX-log",0.13,20,0.438639033722984,0.0307427144035026
"Q","lnpois",5,0.01,1,0.5,"TOX-log",0.14,20,0.44170025821278,0.030913194532482
"Q","lnpois",5,0.01,1,0.5,"TOX-log",0.15,20,0.44270025821278,0.0307558174312582
"Q","lnpois",5,0.01,1,0.5,"TOX-log",0.16,20,0.445848325950513,0.0302917953098133
"Q","lnpois",5,0.01,1,0.5,"TOX-log",0.17,20,0.447999112259486,0.0304248064936774
"Q","lnpois",5,0.01,1,0.5,"TOX-log",0.18,20,0.450061187089418,0.0305364580139099
"Q","lnpois",5,0.01,1,0.5,"TOX-log",0.19,20,0.453164928586017,0.0321584580990647
"Q","lnpois",5,0.01,1,0.5,"TOX-log",0.2,20,0.457353758373251,0.0313613350296751
"Q","lnpois",5,0.01,1,0.5,"TOX-log",0.21,20,0.458417588160485,0.0313985156872396
"Q","lnpois",5,0.01,1,0.5,"TOX-log",0.22,20,0.461609077522187,0.0317245638379981
"Q","lnpois",5,0.01,1,0.5,"TOX-log",0.23,20,0.461609077522187,0.0317245638379981
"Q","lnpois",5,0.01,1,0.5,"TOX-log",0.24,20,0.466670302011983,0.0328512440560286
"Q","lnpois",5,0.01,1,0.5,"TOX-log",0.25,20,0.472926584774857,0.0330151088811678
"Q","lnpois",5,0.01,1,0.5,"TOX-log",0.26,20,0.473926584774857,0.0329777418593704
"Q","lnpois",5,0.01,1,0.5,"TOX-log",0.27,20,0.473926584774857,0.0329777418593704
"Q","lnpois",5,0.01,1,0.5,"TOX-log",0.28,20,0.476010822725356,0.0325276238309229
"Q","lnpois",5,0.01,1,0.5,"TOX-log",0.29,20,0.478116319179257,0.033214518271118
"Q","lnpois",5,0.01,1,0.5,"TOX-log",0.3,20,0.481243978753725,0.0329799241866237
"Q","lnpois",5,0.01,1,0.5,"TOX-log-blocked",0,20,0.377372155926537,0.0294222703626354
"Q","lnpois",5,0.01,1,0.5,"TOX-log-blocked",0.01,20,0.377372155926537,0.0294222703626354
"Q","lnpois",5,0.01,1,0.5,"TOX-log-blocked",0.02,20,0.377372155926537,0.0294222703626354
"Q","lnpois",5,0.01,1,0.5,"TOX-log-blocked",0.03,20,0.377372155926537,0.0294222703626354
"Q","lnpois",5,0.01,1,0.5,"TOX-log-blocked",0.04,20,0.389074283586111,0.0308599032890332
"Q","lnpois",5,0.01,1,0.5,"TOX-log-blocked",0.05,20,0.404882871313524,0.031761317943222
"Q","lnpois",5,0.01,1,0.5,"TOX-log-blocked",0.06,20,0.417594458122161,0.0294576079853504
"Q","lnpois",5,0.01,1,0.5,"TOX-log-blocked",0.07,20,0.418658287909395,0.0292077570590776
"Q","lnpois",5,0.01,1,0.5,"TOX-log-blocked",0.08,20,0.421699954576061,0.0299415899209606
"Q","lnpois",5,0.01,1,0.5,"TOX-log-blocked",0.09,20,0.422763784363295,0.0300073699150192
"Q","lnpois",5,0.01,1,0.5,"TOX-log-blocked",0.1,20,0.426866675519758,0.0303646259594896
"Q","lnpois",5,0.01,1,0.5,"TOX-log-blocked",0.11,20,0.433121994668694,0.0313052559898527
"Q","lnpois",5,0.01,1,0.5,"TOX-log-blocked",0.12,20,0.435227491122595,0.030845797399758
"Q","lnpois",5,0.01,1,0.5,"TOX-log-blocked",0.13,20,0.439330382279057,0.0317360254031391
"Q","lnpois",5,0.01,1,0.5,"TOX-log-blocked",0.14,20,0.441504295322536,0.0315584638042649
"Q","lnpois",5,0.01,1,0.5,"TOX-log-blocked",0.15,20,0.444651458443103,0.0313118224584474
"Q","lnpois",5,0.01,1,0.5,"TOX-log-blocked",0.16,20,0.446756954897004,0.0308866646885333
"Q","lnpois",5,0.01,1,0.5,"TOX-log-blocked",0.17,20,0.447820784684238,0.0304389946059944
"Q","lnpois",5,0.01,1,0.5,"TOX-log-blocked",0.18,20,0.451035400780445,0.0307002606975414
"Q","lnpois",5,0.01,1,0.5,"TOX-log-blocked",0.19,20,0.45205580894371,0.0311389025426024
"Q","lnpois",5,0.01,1,0.5,"TOX-log-blocked",0.2,20,0.455247298305412,0.0308133554750034
"Q","lnpois",5,0.01,1,0.5,"TOX-log-blocked",0.21,20,0.458330631638746,0.0318396810219957
"Q","lnpois",5,0.01,1,0.5,"TOX-log-blocked",0.22,20,0.460436128092647,0.0320499759705295
"Q","lnpois",5,0.01,1,0.5,"TOX-log-blocked",0.23,20,0.463477794759313,0.0316416829396755
"Q","lnpois",5,0.01,1,0.5,"TOX-log-blocked",0.24,20,0.466539019249109,0.0330361328412453
"Q","lnpois",5,0.01,1,0.5,"TOX-log-blocked",0.25,20,0.469708345490244,0.0330128677548307
"Q","lnpois",5,0.01,1,0.5,"TOX-log-blocked",0.26,20,0.470795302011983,0.0329324690458862
"Q","lnpois",5,0.01,1,0.5,"TOX-log-blocked",0.27,20,0.474972481974877,0.0325392916003382
"Q","lnpois",5,0.01,1,0.5,"TOX-log-blocked",0.28,20,0.476036311762111,0.0323612883158994
"Q","lnpois",5,0.01,1,0.5,"TOX-log-blocked",0.29,20,0.478100141549345,0.0324672055267266
"Q","lnpois",5,0.01,1,0.5,"TOX-log-blocked",0.3,20,0.480163971336579,0.0325616368817004
"Q","lnpois",5,0.01,1,0.5,"TOX-log-blocked-oracle",0,20,0.377438704285011,0.0293180849592613
"Q","lnpois",5,0.01,1,0.5,"TOX-log-blocked-oracle",0.01,20,0.377438704285011,0.0293180849592613
"Q","lnpois",5,0.01,1,0.5,"TOX-log-blocked-oracle",0.02,20,0.377438704285011,0.0293180849592613
"Q","lnpois",5,0.01,1,0.5,"TOX-log-blocked-oracle",0.03,20,0.377438704285011,0.0293180849592613
"Q","lnpois",5,0.01,1,0.5,"TOX-log-blocked-oracle",0.04,20,0.389140831944585,0.0307592550126496
"Q","lnpois",5,0.01,1,0.5,"TOX-log-blocked-oracle",0.05,20,0.404949419671998,0.0316617863493136
"Q","lnpois",5,0.01,1,0.5,"TOX-log-blocked-oracle",0.06,20,0.417594458122161,0.0294576079853504
"Q","lnpois",5,0.01,1,0.5,"TOX-log-blocked-oracle",0.07,20,0.418658287909395,0.0292077570590776
"Q","lnpois",5,0.01,1,0.5,"TOX-log-blocked-oracle",0.08,20,0.422741621242728,0.0305545690271955
"Q","lnpois",5,0.01,1,0.5,"TOX-log-blocked-oracle",0.09,20,0.423805451029962,0.0306171272763546
"Q","lnpois",5,0.01,1,0.5,"TOX-log-blocked-oracle",0.1,20,0.427953632041497,0.0302759930181112
"Q","lnpois",5,0.01,1,0.5,"TOX-log-blocked-oracle",0.11,20,0.434208951190433,0.0312078288990136
"Q","lnpois",5,0.01,1,0.5,"TOX-log-blocked-oracle",0.12,20,0.437378277431568,0.0305473917306139
"Q","lnpois",5,0.01,1,0.5,"TOX-log-blocked-oracle",0.13,20,0.438419944098235,0.0302649418297757
"Q","lnpois",5,0.01,1,0.5,"TOX-log-blocked-oracle",0.14,20,0.441547716946504,0.0309421153559359
"Q","lnpois",5,0.01,1,0.5,"TOX-log-blocked-oracle",0.15,20,0.444651458443103,0.0310443560589474
"Q","lnpois",5,0.01,1,0.5,"TOX-log-blocked-oracle",0.16,20,0.44569312510977,0.0308276956820194
"Q","lnpois",5,0.01,1,0.5,"TOX-log-blocked-oracle",0.17,20,0.446756954897004,0.0303811172931552
"Q","lnpois",5,0.01,1,0.5,"TOX-log-blocked-oracle",0.18,20,0.451035400780445,0.0307002606975414
"Q","lnpois",5,0.01,1,0.5,"TOX-log-blocked-oracle",0.19,20,0.45205580894371,0.0311389025426024
"Q","lnpois",5,0.01,1,0.5,"TOX-log-blocked-oracle",0.2,20,0.456288964972079,0.0313871259752199
"Q","lnpois",5,0.01,1,0.5,"TOX-log-blocked-oracle",0.21,20,0.458330631638746,0.0318396810219957
"Q","lnpois",5,0.01,1,0.5,"TOX-log-blocked-oracle",0.22,20,0.460436128092647,0.0320499759705295
"Q","lnpois",5,0.01,1,0.5,"TOX-log-blocked-oracle",0.23,20,0.463477794759313,0.0316416829396755
"Q","lnpois",5,0.01,1,0.5,"TOX-log-blocked-oracle",0.24,20,0.466539019249109,0.0330361328412453
"Q","lnpois",5,0.01,1,0.5,"TOX-log-blocked-oracle",0.25,20,0.470772175277478,0.0328464063480148
"Q","lnpois",5,0.01,1,0.5,"TOX-log-blocked-oracle",0.26,20,0.470772175277478,0.0328464063480148
"Q","lnpois",5,0.01,1,0.5,"TOX-log-blocked-oracle",0.27,20,0.472908538913842,0.0326021224323106
"Q","lnpois",5,0.01,1,0.5,"TOX-log-blocked-oracle",0.28,20,0.473928947077107,0.0325113094224352
"Q","lnpois",5,0.01,1,0.5,"TOX-log-blocked-oracle",0.29,20,0.47707973338608,0.0325313471305544
"Q","lnpois",5,0.01,1,0.5,"TOX-log-blocked-oracle",0.3,20,0.480185229839981,0.0332351117599513
"Q","lnpois",5,0.01,1,0.5,"TOX-log-boot",0,20,0.191441492865753,0.052587403025263
"Q","lnpois",5,0.01,1,0.5,"TOX-log-boot",0.01,20,0.191441492865753,0.052587403025263
"Q","lnpois",5,0.01,1,0.5,"TOX-log-boot",0.02,20,0.191441492865753,0.052587403025263
"Q","lnpois",5,0.01,1,0.5,"TOX-log-boot",0.03,20,0.193524826199086,0.0536947735678806
"Q","lnpois",5,0.01,1,0.5,"TOX-log-boot",0.04,20,0.252668985990662,0.05752319973715
"Q","lnpois",5,0.01,1,0.5,"TOX-log-boot",0.05,20,0.322280456850977,0.0537617461506462
"Q","lnpois",5,0.01,1,0.5,"TOX-log-boot",0.06,20,0.339280456850977,0.0510158108109275
"Q","lnpois",5,0.01,1,0.5,"TOX-log-boot",0.07,20,0.370819482035519,0.0445109681011086
"Q","lnpois",5,0.01,1,0.5,"TOX-log-boot",0.08,20,0.377180297638356,0.044920790028994
"Q","lnpois",5,0.01,1,0.5,"TOX-log-boot",0.09,20,0.380327460758923,0.0451110162015697
"Q","lnpois",5,0.01,1,0.5,"TOX-log-boot",0.1,20,0.383452460758923,0.0449717438289305
"Q","lnpois",5,0.01,1,0.5,"TOX-log-boot",0.11,20,0.406054718683369,0.0410498890770233
"Q","lnpois",5,0.01,1,0.5,"TOX-log-boot",0.12,20,0.423807378257837,0.0351877731831435
"Q","lnpois",5,0.01,1,0.5,"TOX-log-boot",0.13,20,0.423807378257837,0.0351877731831435
"Q","lnpois",5,0.01,1,0.5,"TOX-log-boot",0.14,20,0.430015765868201,0.0365643239135961
"Q","lnpois",5,0.01,1,0.5,"TOX-log-boot",0.15,20,0.43110272238994,0.0366897616124924
"Q","lnpois",5,0.01,1,0.5,"TOX-log-boot",0.16,20,0.442804850049514,0.0308552233881441
"Q","lnpois",5,0.01,1,0.5,"TOX-log-boot",0.17,20,0.445889088000014,0.0306392206845164
"Q","lnpois",5,0.01,1,0.5,"TOX-log-boot",0.18,20,0.445889088000014,0.0306392206845164
"Q","lnpois",5,0.01,1,0.5,"TOX-log-boot",0.19,20,0.446889088000014,0.0304731951781401
"Q","lnpois",5,0.01,1,0.5,"TOX-log-boot",0.2,20,0.453185223475481,0.0308051810809048
"Q","lnpois",5,0.01,1,0.5,"TOX-log-boot",0.21,20,0.460312883049949,0.0307950753173659
"Q","lnpois",5,0.01,1,0.5,"TOX-log-boot",0.22,20,0.462396216383282,0.0320209657100584
"Q","lnpois",5,0.01,1,0.5,"TOX-log-boot",0.23,20,0.469734018525415,0.0312090931407256
"Q","lnpois",5,0.01,1,0.5,"TOX-log-boot",0.24,20,0.471796093355347,0.0313854898696511
"Q","lnpois",5,0.01,1,0.5,"TOX-log-boot",0.25,20,0.473858168185279,0.0315523465277522
"Q","lnpois",5,0.01,1,0.5,"TOX-log-boot",0.26,20,0.474878576348545,0.0320437294689579
"Q","lnpois",5,0.01,1,0.5,"TOX-log-boot",0.27,20,0.475920243015211,0.0318176893565526
"Q","lnpois",5,0.01,1,0.5,"TOX-log-boot",0.28,20,0.476961909681878,0.0316243616945748
"Q","lnpois",5,0.01,1,0.5,"TOX-log-boot",0.29,20,0.480176525778085,0.0312983327503393
"Q","lnpois",5,0.01,1,0.5,"TOX-log-boot",0.3,20,0.480176525778085,0.0312983327503393
"Q","lnpois",5,0.01,1,0.5,"TOX-log-oracle",0,20,0.165787237546604,0.0504420118036114
"Q","lnpois",5,0.01,1,0.5,"TOX-log-oracle",0.01,20,0.165787237546604,0.0504420118036114
"Q","lnpois",5,0.01,1,0.5,"TOX-log-oracle",0.02,20,0.165787237546604,0.0504420118036114
"Q","lnpois",5,0.01,1,0.5,"TOX-log-oracle",0.03,20,0.166828904213271,0.0510612934075376
"Q","lnpois",5,0.01,1,0.5,"TOX-log-oracle",0.04,20,0.252716876423431,0.0575664971772344
"Q","lnpois",5,0.01,1,0.5,"TOX-log-oracle",0.05,20,0.322654010250135,0.0540018470955699
"Q","lnpois",5,0.01,1,0.5,"TOX-log-oracle",0.06,20,0.375412661536736,0.044221376233132
"Q","lnpois",5,0.01,1,0.5,"TOX-log-oracle",0.07,20,0.40595344167858,0.0345175898939525
"Q","lnpois",5,0.01,1,0.5,"TOX-log-oracle",0.08,20,0.414250427494183,0.0356152693326903
"Q","lnpois",5,0.01,1,0.5,"TOX-log-oracle",0.09,20,0.416378087068651,0.0357141567703697
"Q","lnpois",5,0.01,1,0.5,"TOX-log-oracle",0.1,20,0.429213424718975,0.0305179597727067
"Q","lnpois",5,0.01,1,0.5,"TOX-log-oracle",0.11,20,0.434404914080677,0.0312371266168624
"Q","lnpois",5,0.01,1,0.5,"TOX-log-oracle",0.12,20,0.438639033722984,0.0307427144035026
"Q","lnpois",5,0.01,1,0.5,"TOX-log-oracle",0.13,20,0.43968070038965,0.0304598064749274
"Q","lnpois",5,0.01,1,0.5,"TOX-log-oracle",0.14,20,0.442741924879446,0.0306263817193242
"Q","lnpois",5,0.01,1,0.5,"TOX-log-oracle",0.15,20,0.443741924879446,0.0304657236539157
"Q","lnpois",5,0.01,1,0.5,"TOX-log-oracle",0.16,20,0.44688999261718,0.0299914603198564
"Q","lnpois",5,0.01,1,0.5,"TOX-log-oracle",0.17,20,0.447976949138919,0.0299465618677849
"Q","lnpois",5,0.01,1,0.5,"TOX-log-oracle",0.18,20,0.447976949138919,0.0299465618677849
"Q","lnpois",5,0.01,1,0.5,"TOX-log-oracle",0.19,20,0.453164928586017,0.0321584580990647
"Q","lnpois",5,0.01,1,0.5,"TOX-log-oracle",0.2,20,0.456289928586017,0.0315495853775711
"Q","lnpois",5,0.01,1,0.5,"TOX-log-oracle",0.21,20,0.457353758373251,0.0315884301586885
"Q","lnpois",5,0.01,1,0.5,"TOX-log-oracle",0.22,20,0.460545247734953,0.0319181370519318
"Q","lnpois",5,0.01,1,0.5,"TOX-log-oracle",0.23,20,0.460545247734953,0.0319181370519318
"Q","lnpois",5,0.01,1,0.5,"TOX-log-oracle",0.24,20,0.465606472224749,0.0330467929554997
"Q","lnpois",5,0.01,1,0.5,"TOX-log-oracle",0.25,20,0.470821088320956,0.0326348652859691
"Q","lnpois",5,0.01,1,0.5,"TOX-log-oracle",0.26,20,0.472862754987623,0.0331847904982966
"Q","lnpois",5,0.01,1,0.5,"TOX-log-oracle",0.27,20,0.472862754987623,0.0331847904982966
"Q","lnpois",5,0.01,1,0.5,"TOX-log-oracle",0.28,20,0.474946992938122,0.0327410838498892
"Q","lnpois",5,0.01,1,0.5,"TOX-log-oracle",0.29,20,0.477052489392023,0.0334271186529778
"Q","lnpois",5,0.01,1,0.5,"TOX-log-oracle",0.3,20,0.481243978753725,0.0329799241866237
"Q","lnpois",5,0.01,1,0.5,"TOX-raw",0,20,0.232668943226942,0.0311586518942604
"Q","lnpois",5,0.01,1,0.5,"TOX-raw",0.01,20,0.232668943226942,0.0311586518942604
"Q","lnpois",5,0.01,1,0.5,"TOX-raw",0.02,20,0.232668943226942,0.0311586518942604
"Q","lnpois",5,0.01,1,0.5,"TOX-raw",0.03,20,0.232668943226942,0.0311586518942604
"Q","lnpois",5,0.01,1,0.5,"TOX-raw",0.04,20,0.24202268472354,0.0354473578267118
"Q","lnpois",5,0.01,1,0.5,"TOX-raw",0.05,20,0.270815469182375,0.0353337715681508
"Q","lnpois",5,0.01,1,0.5,"TOX-raw",0.06,20,0.281022101835436,0.0372890151834541
"Q","lnpois",5,0.01,1,0.5,"TOX-raw",0.07,20,0.305167528091045,0.0350212859416517
"Q","lnpois",5,0.01,1,0.5,"TOX-raw",0.08,20,0.31262038108911,0.0354287812168789
"Q","lnpois",5,0.01,1,0.5,"TOX-raw",0.09,20,0.313662047755777,0.0359875599701421
"Q","lnpois",5,0.01,1,0.5,"TOX-raw",0.1,20,0.34549661215508,0.0304114428382074
"Q","lnpois",5,0.01,1,0.5,"TOX-raw",0.11,20,0.35249661215508,0.031377421218683
"Q","lnpois",5,0.01,1,0.5,"TOX-raw",0.12,20,0.364270951863211,0.0307368453436662
"Q","lnpois",5,0.01,1,0.5,"TOX-raw",0.13,20,0.366354285196544,0.0311770109442527
"Q","lnpois",5,0.01,1,0.5,"TOX-raw",0.14,20,0.376881767466048,0.0320642899245663
"Q","lnpois",5,0.01,1,0.5,"TOX-raw",0.15,20,0.376881767466048,0.0320642899245663
"Q","lnpois",5,0.01,1,0.5,"TOX-raw",0.16,20,0.379987263919949,0.0319499879716823
"Q","lnpois",5,0.01,1,0.5,"TOX-raw",0.17,20,0.382115887108354,0.031711594210945
"Q","lnpois",5,0.01,1,0.5,"TOX-raw",0.18,20,0.387412872923957,0.0319697711962386
"Q","lnpois",5,0.01,1,0.5,"TOX-raw",0.19,20,0.390604362285659,0.0317697790552374
"Q","lnpois",5,0.01,1,0.5,"TOX-raw",0.2,20,0.400157630864136,0.0327454569564023
"Q","lnpois",5,0.01,1,0.5,"TOX-raw",0.21,20,0.403349120225838,0.0330299099478045
"Q","lnpois",5,0.01,1,0.5,"TOX-raw",0.22,20,0.409538854630238,0.0334135453762486
"Q","lnpois",5,0.01,1,0.5,"TOX-raw",0.23,20,0.414882093914851,0.0341300855198967
"Q","lnpois",5,0.01,1,0.5,"TOX-raw",0.24,20,0.419093991439819,0.0339146313484638
"Q","lnpois",5,0.01,1,0.5,"TOX-raw",0.25,20,0.423261562723651,0.0334158543860926
"Q","lnpois",5,0.01,1,0.5,"TOX-raw",0.26,20,0.423261562723651,0.0334158543860926
"Q","lnpois",5,0.01,1,0.5,"TOX-raw",0.27,20,0.425367059177552,0.0336639077211313
"Q","lnpois",5,0.01,1,0.5,"TOX-raw",0.28,20,0.425367059177552,0.0336639077211313
"Q","lnpois",5,0.01,1,0.5,"TOX-raw",0.29,20,0.427639786450279,0.0332767850546816
"Q","lnpois",5,0.01,1,0.5,"TOX-raw",0.3,20,0.433911949570847,0.034177374286034
"Q","lnpois",5,0.01,1,0.5,"TOX-raw-blocked",0,20,0.299490810090751,0.0315468064315057
"Q","lnpois",5,0.01,1,0.5,"TOX-raw-blocked",0.01,20,0.299490810090751,0.0315468064315057
"Q","lnpois",5,0.01,1,0.5,"TOX-raw-blocked",0.02,20,0.299490810090751,0.0315468064315057
"Q","lnpois",5,0.01,1,0.5,"TOX-raw-blocked",0.03,20,0.299490810090751,0.0315468064315057
"Q","lnpois",5,0.01,1,0.5,"TOX-raw-blocked",0.04,20,0.306872033856853,0.0340113876845456
"Q","lnpois",5,0.01,1,0.5,"TOX-raw-blocked",0.05,20,0.330059181056158,0.0343655520498013
"Q","lnpois",5,0.01,1,0.5,"TOX-raw-blocked",0.06,20,0.349131529190601,0.0342115150200616
"Q","lnpois",5,0.01,1,0.5,"TOX-raw-blocked",0.07,20,0.355459382188667,0.033624830622005
"Q","lnpois",5,0.01,1,0.5,"TOX-raw-blocked",0.08,20,0.374386687153206,0.0327846165012876
"Q","lnpois",5,0.01,1,0.5,"TOX-raw-blocked",0.09,20,0.377447911643002,0.0329925739282761
"Q","lnpois",5,0.01,1,0.5,"TOX-raw-blocked",0.1,20,0.400410908867794,0.0307720291606521
"Q","lnpois",5,0.01,1,0.5,"TOX-raw-blocked",0.11,20,0.401474738655028,0.0309902082130779
"Q","lnpois",5,0.01,1,0.5,"TOX-raw-blocked",0.12,20,0.408776311272974,0.0309960251466927
"Q","lnpois",5,0.01,1,0.5,"TOX-raw-blocked",0.13,20,0.409840141060208,0.0307747210149681
"Q","lnpois",5,0.01,1,0.5,"TOX-raw-blocked",0.14,20,0.414006807726875,0.0303603610046978
"Q","lnpois",5,0.01,1,0.5,"TOX-raw-blocked",0.15,20,0.417157594035848,0.0307465139557284
"Q","lnpois",5,0.01,1,0.5,"TOX-raw-blocked",0.16,20,0.418199260702515,0.0307632794109935
"Q","lnpois",5,0.01,1,0.5,"TOX-raw-blocked",0.17,20,0.425537913184784,0.0306195363334208
"Q","lnpois",5,0.01,1,0.5,"TOX-raw-blocked",0.18,20,0.426579579851451,0.0312124663863903
"Q","lnpois",5,0.01,1,0.5,"TOX-raw-blocked",0.19,20,0.430707239425919,0.0312484675532304
"Q","lnpois",5,0.01,1,0.5,"TOX-raw-blocked",0.2,20,0.431843603062283,0.0310968911856855
"Q","lnpois",5,0.01,1,0.5,"TOX-raw-blocked",0.21,20,0.435035092423985,0.0312263007382819
"Q","lnpois",5,0.01,1,0.5,"TOX-raw-blocked",0.22,20,0.435035092423985,0.0312263007382819
"Q","lnpois",5,0.01,1,0.5,"TOX-raw-blocked",0.23,20,0.438227545399625,0.0309228631441915
"Q","lnpois",5,0.01,1,0.5,"TOX-raw-blocked",0.24,20,0.44452187164076,0.0311903346060978
"Q","lnpois",5,0.01,1,0.5,"TOX-raw-blocked",0.25,20,0.446605204974093,0.0315987489267825
"Q","lnpois",5,0.01,1,0.5,"TOX-raw-blocked",0.26,20,0.446605204974093,0.0315987489267825
"Q","lnpois",5,0.01,1,0.5,"TOX-raw-blocked",0.27,20,0.453899531215228,0.0303975620767252
"Q","lnpois",5,0.01,1,0.5,"TOX-raw-blocked",0.28,20,0.453899531215228,0.0303975620767252
"Q","lnpois",5,0.01,1,0.5,"TOX-raw-blocked",0.29,20,0.456027190789696,0.0306408806744273
"Q","lnpois",5,0.01,1,0.5,"TOX-raw-blocked",0.3,20,0.458089265619628,0.0306877066341017
"Q","lnpois",5,0.05,0.5,0.5,"DESeq2",0,20,0.0450753494447979,0.00730568262047725
"Q","lnpois",5,0.05,0.5,0.5,"DESeq2",0.01,20,0.0450753494447979,0.00730568262047725
"Q","lnpois",5,0.05,0.5,0.5,"DESeq2",0.02,20,0.0450753494447979,0.00730568262047725
"Q","lnpois",5,0.05,0.5,0.5,"DESeq2",0.03,20,0.0461483108181885,0.00802870332922499
"Q","lnpois",5,0.05,0.5,0.5,"DESeq2",0.04,20,0.0461483108181885,0.00802870332922499
"Q","lnpois",5,0.05,0.5,0.5,"DESeq2",0.05,20,0.0482797463227972,0.00848766099491811
"Q","lnpois",5,0.05,0.5,0.5,"DESeq2",0.06,20,0.0539016052385716,0.00857326003160657
"Q","lnpois",5,0.05,0.5,0.5,"DESeq2",0.07,20,0.0560100150146093,0.00923268526655335
"Q","lnpois",5,0.05,0.5,0.5,"DESeq2",0.08,20,0.0574857300649879,0.00925970257092308
"Q","lnpois",5,0.05,0.5,0.5,"DESeq2",0.09,20,0.0599730496123932,0.0105059324777241
"Q","lnpois",5,0.05,0.5,0.5,"DESeq2",0.1,20,0.0662821216755257,0.0112762204781113
"Q","lnpois",5,0.05,0.5,0.5,"DESeq2",0.11,20,0.069064484758318,0.0115487750749405
"Q","lnpois",5,0.05,0.5,0.5,"DESeq2",0.12,20,0.0724691536813939,0.0128119732307412
"Q","lnpois",5,0.05,0.5,0.5,"DESeq2",0.13,20,0.073311561371246,0.0131492615637586
"Q","lnpois",5,0.05,0.5,0.5,"DESeq2",0.14,20,0.0754190768428549,0.0134821235498613
"Q","lnpois",5,0.05,0.5,0.5,"DESeq2",0.15,20,0.076701243237166,0.0141060231531596
"Q","lnpois",5,0.05,0.5,0.5,"DESeq2",0.16,20,0.0785983839412796,0.0142887925546433
"Q","lnpois",5,0.05,0.5,0.5,"DESeq2",0.17,20,0.0866266761161303,0.0139484715232267
"Q","lnpois",5,0.05,0.5,0.5,"DESeq2",0.18,20,0.0906100710503858,0.0142648820516642
"Q","lnpois",5,0.05,0.5,0.5,"DESeq2",0.19,20,0.0924898663642632,0.0149629136214092
"Q","lnpois",5,0.05,0.5,0.5,"DESeq2",0.2,20,0.0962748115983381,0.0148819249816334
"Q","lnpois",5,0.05,0.5,0.5,"DESeq2",0.21,20,0.0971443768157294,0.0148116525195534
"Q","lnpois",5,0.05,0.5,0.5,"DESeq2",0.22,20,0.0986089289025944,0.0149979028270148
"Q","lnpois",5,0.05,0.5,0.5,"DESeq2",0.23,20,0.100919443949059,0.0152988528201045
"Q","lnpois",5,0.05,0.5,0.5,"DESeq2",0.24,20,0.10387895652654,0.0155597509125663
"Q","lnpois",5,0.05,0.5,0.5,"DESeq2",0.25,20,0.10387895652654,0.0155597509125663
"Q","lnpois",5,0.05,0.5,0.5,"DESeq2",0.26,20,0.10752612670595,0.0159824130719617
"Q","lnpois",5,0.05,0.5,0.5,"DESeq2",0.27,20,0.108803841091016,0.0162034392136362
"Q","lnpois",5,0.05,0.5,0.5,"DESeq2",0.28,20,0.114118275334659,0.016868134727096
"Q","lnpois",5,0.05,0.5,0.5,"DESeq2",0.29,20,0.120388131851684,0.0161179211195029
"Q","lnpois",5,0.05,0.5,0.5,"DESeq2",0.3,20,0.123341182410161,0.016125623248555
"Q","lnpois",5,0.05,0.5,0.5,"edgeR",0,20,0.0970648947577857,0.00987356695286486
"Q","lnpois",5,0.05,0.5,0.5,"edgeR",0.01,20,0.0970648947577857,0.00987356695286486
"Q","lnpois",5,0.05,0.5,0.5,"edgeR",0.02,20,0.102365855989297,0.0127178073757846
"Q","lnpois",5,0.05,0.5,0.5,"edgeR",0.03,20,0.105355991279668,0.0132120234073035
"Q","lnpois",5,0.05,0.5,0.5,"edgeR",0.04,20,0.113906085415455,0.0128676809069475
"Q","lnpois",5,0.05,0.5,0.5,"edgeR",0.05,20,0.115800848084305,0.0131742878309296
"Q","lnpois",5,0.05,0.5,0.5,"edgeR",0.06,20,0.117896971814112,0.0138225588905352
"Q","lnpois",5,0.05,0.5,0.5,"edgeR",0.07,20,0.120222131657067,0.0138515363654658
"Q","lnpois",5,0.05,0.5,0.5,"edgeR",0.08,20,0.125691483260838,0.0138080781394471
"Q","lnpois",5,0.05,0.5,0.5,"edgeR",0.09,20,0.129075482181576,0.0142275943067569
"Q","lnpois",5,0.05,0.5,0.5,"edgeR",0.1,20,0.136222915685862,0.0140213675752195
"Q","lnpois",5,0.05,0.5,0.5,"edgeR",0.11,20,0.140506507630398,0.0156984422755524
"Q","lnpois",5,0.05,0.5,0.5,"edgeR",0.12,20,0.144799291040791,0.0162924446852459
"Q","lnpois",5,0.05,0.5,0.5,"edgeR",0.13,20,0.146492288778925,0.0164021624173224
"Q","lnpois",5,0.05,0.5,0.5,"edgeR",0.14,20,0.151778619491113,0.016517334888397
"Q","lnpois",5,0.05,0.5,0.5,"edgeR",0.15,20,0.153043102535601,0.0166185279756501
"Q","lnpois",5,0.05,0.5,0.5,"edgeR",0.16,20,0.15560403108959,0.0166224319738407
"Q","lnpois",5,0.05,0.5,0.5,"edgeR",0.17,20,0.158326509214453,0.0167612270289358
"Q","lnpois",5,0.05,0.5,0.5,"edgeR",0.18,20,0.160864991176125,0.0169044800591945
"Q","lnpois",5,0.05,0.5,0.5,"edgeR",0.19,20,0.161501644605149,0.016957201845406
"Q","lnpois",5,0.05,0.5,0.5,"edgeR",0.2,20,0.168824502115403,0.0170893987313119
"Q","lnpois",5,0.05,0.5,0.5,"edgeR",0.21,20,0.17178016240871,0.0172757488786533
"Q","lnpois",5,0.05,0.5,0.5,"edgeR",0.22,20,0.175753475409604,0.0178669782386336
"Q","lnpois",5,0.05,0.5,0.5,"edgeR",0.23,20,0.179976850799414,0.0179811887604487
"Q","lnpois",5,0.05,0.5,0.5,"edgeR",0.24,20,0.185873365654156,0.0179687182454069
"Q","lnpois",5,0.05,0.5,0.5,"edgeR",0.25,20,0.188204569086842,0.0183654364984862
"Q","lnpois",5,0.05,0.5,0.5,"edgeR",0.26,20,0.193455563150528,0.0185950340343416
"Q","lnpois",5,0.05,0.5,0.5,"edgeR",0.27,20,0.19976322492836,0.0190640913002368
"Q","lnpois",5,0.05,0.5,0.5,"edgeR",0.28,20,0.203343166426423,0.019303153909861
"Q","lnpois",5,0.05,0.5,0.5,"edgeR",0.29,20,0.20885304630331,0.0196507289232766
"Q","lnpois",5,0.05,0.5,0.5,"edgeR",0.3,20,0.21203121736008,0.019478262468989
"Q","lnpois",5,0.05,0.5,0.5,"limma",0,20,0.102682426161602,0.0115106064498957
"Q","lnpois",5,0.05,0.5,0.5,"limma",0.01,20,0.102682426161602,0.0115106064498957
"Q","lnpois",5,0.05,0.5,0.5,"limma",0.02,20,0.104399164359027,0.0123516028988301
"Q","lnpois",5,0.05,0.5,0.5,"limma",0.03,20,0.113371944490776,0.0165077449143739
"Q","lnpois",5,0.05,0.5,0.5,"limma",0.04,20,0.124220896493106,0.0159718748657958
"Q","lnpois",5,0.05,0.5,0.5,"limma",0.05,20,0.126116236165982,0.015954038825652
"Q","lnpois",5,0.05,0.5,0.5,"limma",0.06,20,0.132374004559821,0.0155818971609882
"Q","lnpois",5,0.05,0.5,0.5,"limma",0.07,20,0.133414192862115,0.0159066325503659
"Q","lnpois",5,0.05,0.5,0.5,"limma",0.08,20,0.135967570617275,0.0157490951084277
"Q","lnpois",5,0.05,0.5,0.5,"limma",0.09,20,0.137646738639227,0.0158736898632499
"Q","lnpois",5,0.05,0.5,0.5,"limma",0.1,20,0.14079535588245,0.0155701691356532
"Q","lnpois",5,0.05,0.5,0.5,"limma",0.11,20,0.144819737709747,0.0168147042429757
"Q","lnpois",5,0.05,0.5,0.5,"limma",0.12,20,0.148605310338456,0.0169924498144901
"Q","lnpois",5,0.05,0.5,0.5,"limma",0.13,20,0.149861598125812,0.0172118812362709
"Q","lnpois",5,0.05,0.5,0.5,"limma",0.14,20,0.156440775858101,0.0181771943358239
"Q","lnpois",5,0.05,0.5,0.5,"limma",0.15,20,0.160032972918281,0.0192000031790428
"Q","lnpois",5,0.05,0.5,0.5,"limma",0.16,20,0.163826713833925,0.0194259077497528
"Q","lnpois",5,0.05,0.5,0.5,"limma",0.17,20,0.166799935322241,0.0202662887289712
"Q","lnpois",5,0.05,0.5,0.5,"limma",0.18,20,0.173514428857991,0.0203009962804315
"Q","lnpois",5,0.05,0.5,0.5,"limma",0.19,20,0.175182077568032,0.0200438453223642
"Q","lnpois",5,0.05,0.5,0.5,"limma",0.2,20,0.178529784099658,0.0197325327103918
"Q","lnpois",5,0.05,0.5,0.5,"limma",0.21,20,0.184393289443268,0.0202837869504378
"Q","lnpois",5,0.05,0.5,0.5,"limma",0.22,20,0.18795938023636,0.0204221606981831
"Q","lnpois",5,0.05,0.5,0.5,"limma",0.23,20,0.190914176905587,0.0205017856679541
"Q","lnpois",5,0.05,0.5,0.5,"limma",0.24,20,0.191544451354208,0.0203931695579858
"Q","lnpois",5,0.05,0.5,0.5,"limma",0.25,20,0.193425729761387,0.0202606022380849
"Q","lnpois",5,0.05,0.5,0.5,"limma",0.26,20,0.197607861222352,0.0205514006061828
"Q","lnpois",5,0.05,0.5,0.5,"limma",0.27,20,0.201597323619055,0.0205624312603289
"Q","lnpois",5,0.05,0.5,0.5,"limma",0.28,20,0.203702245181126,0.0205473631377953
"Q","lnpois",5,0.05,0.5,0.5,"limma",0.29,20,0.204551661447357,0.0205495657983008
"Q","lnpois",5,0.05,0.5,0.5,"limma",0.3,20,0.210019953359338,0.0209535231850808
"Q","lnpois",5,0.05,0.5,0.5,"TOX-log",0,20,0.126022970740428,0.0171548070983878
"Q","lnpois",5,0.05,0.5,0.5,"TOX-log",0.01,20,0.126022970740428,0.0171548070983878
"Q","lnpois",5,0.05,0.5,0.5,"TOX-log",0.02,20,0.139963487890075,0.0174385595756345
"Q","lnpois",5,0.05,0.5,0.5,"TOX-log",0.03,20,0.151554536689235,0.0179154303783277
"Q","lnpois",5,0.05,0.5,0.5,"TOX-log",0.04,20,0.158694435316456,0.018937368371275
"Q","lnpois",5,0.05,0.5,0.5,"TOX-log",0.05,20,0.177982017951953,0.015795728388417
"Q","lnpois",5,0.05,0.5,0.5,"TOX-log",0.06,20,0.186460164932655,0.0171865822899077
"Q","lnpois",5,0.05,0.5,0.5,"TOX-log",0.07,20,0.19189054604962,0.0164633604326679
"Q","lnpois",5,0.05,0.5,0.5,"TOX-log",0.08,20,0.195460759423517,0.0171339435308332
"Q","lnpois",5,0.05,0.5,0.5,"TOX-log",0.09,20,0.202658594335854,0.0184082517808481
"Q","lnpois",5,0.05,0.5,0.5,"TOX-log",0.1,20,0.208108260156102,0.018835183670395
"Q","lnpois",5,0.05,0.5,0.5,"TOX-log",0.11,20,0.211898253277132,0.0191163657338748
"Q","lnpois",5,0.05,0.5,0.5,"TOX-log",0.12,20,0.216744698872525,0.0188157387163776
"Q","lnpois",5,0.05,0.5,0.5,"TOX-log",0.13,20,0.222887925324237,0.0187943777235537
"Q","lnpois",5,0.05,0.5,0.5,"TOX-log",0.14,20,0.226888227385279,0.0191268923299146
"Q","lnpois",5,0.05,0.5,0.5,"TOX-log",0.15,20,0.230672954356313,0.0195120329329765
"Q","lnpois",5,0.05,0.5,0.5,"TOX-log",0.16,20,0.239558061763528,0.0188751854413924
"Q","lnpois",5,0.05,0.5,0.5,"TOX-log",0.17,20,0.243352426284536,0.0191760914348672
"Q","lnpois",5,0.05,0.5,0.5,"TOX-log",0.18,20,0.245450972595427,0.0193617444018306
"Q","lnpois",5,0.05,0.5,0.5,"TOX-log",0.19,20,0.247760348189239,0.0193466881389454
"Q","lnpois",5,0.05,0.5,0.5,"TOX-log",0.2,20,0.25533892148994,0.0190977984611065
"Q","lnpois",5,0.05,0.5,0.5,"TOX-log",0.21,20,0.261220560643712,0.0196198469128932
"Q","lnpois",5,0.05,0.5,0.5,"TOX-log",0.22,20,0.264776676393838,0.019420841657875
"Q","lnpois",5,0.05,0.5,0.5,"TOX-log",0.23,20,0.267722044535883,0.0196233320978974
"Q","lnpois",5,0.05,0.5,0.5,"TOX-log",0.24,20,0.269835652911884,0.0195481030698729
"Q","lnpois",5,0.05,0.5,0.5,"TOX-log",0.25,20,0.274036433193435,0.0191441048810901
"Q","lnpois",5,0.05,0.5,0.5,"TOX-log",0.26,20,0.278478736134831,0.0195127813709358
"Q","lnpois",5,0.05,0.5,0.5,"TOX-log",0.27,20,0.28435217146139,0.0195974751468397
"Q","lnpois",5,0.05,0.5,0.5,"TOX-log",0.28,20,0.28752200388244,0.0196802890949933
"Q","lnpois",5,0.05,0.5,0.5,"TOX-log",0.29,20,0.290483136673818,0.0194066071983542
"Q","lnpois",5,0.05,0.5,0.5,"TOX-log",0.3,20,0.297873265026715,0.018193905807224
"Q","lnpois",5,0.05,0.5,0.5,"TOX-log-blocked",0,20,0.149827135476706,0.012394502002909
"Q","lnpois",5,0.05,0.5,0.5,"TOX-log-blocked",0.01,20,0.149827135476706,0.012394502002909
"Q","lnpois",5,0.05,0.5,0.5,"TOX-log-blocked",0.02,20,0.156198173354409,0.0142687208745742
"Q","lnpois",5,0.05,0.5,0.5,"TOX-log-blocked",0.03,20,0.16780211450708,0.0162806947090453
"Q","lnpois",5,0.05,0.5,0.5,"TOX-log-blocked",0.04,20,0.178773078428751,0.0163939601889114
"Q","lnpois",5,0.05,0.5,0.5,"TOX-log-blocked",0.05,20,0.185855950759255,0.0162656657965546
"Q","lnpois",5,0.05,0.5,0.5,"TOX-log-blocked",0.06,20,0.190694531661585,0.0169199875721882
"Q","lnpois",5,0.05,0.5,0.5,"TOX-log-blocked",0.07,20,0.196550958980891,0.0172185316547936
"Q","lnpois",5,0.05,0.5,0.5,"TOX-log-blocked",0.08,20,0.203090223108516,0.0176553485245754
"Q","lnpois",5,0.05,0.5,0.5,"TOX-log-blocked",0.09,20,0.211505947212799,0.0183326370743859
"Q","lnpois",5,0.05,0.5,0.5,"TOX-log-blocked",0.1,20,0.215919275836719,0.0179335666098673
"Q","lnpois",5,0.05,0.5,0.5,"TOX-log-blocked",0.11,20,0.221602004927336,0.0184125502315481
"Q","lnpois",5,0.05,0.5,0.5,"TOX-log-blocked",0.12,20,0.228544282498928,0.0179611457775023
"Q","lnpois",5,0.05,0.5,0.5,"TOX-log-blocked",0.13,20,0.230664346470862,0.0185234664451937
"Q","lnpois",5,0.05,0.5,0.5,"TOX-log-blocked",0.14,20,0.234468836968052,0.0189020474517607
"Q","lnpois",5,0.05,0.5,0.5,"TOX-log-blocked",0.15,20,0.237851256512544,0.0195236056629531
"Q","lnpois",5,0.05,0.5,0.5,"TOX-log-blocked",0.16,20,0.241009385982315,0.0199589532692865
"Q","lnpois",5,0.05,0.5,0.5,"TOX-log-blocked",0.17,20,0.246698487351539,0.0199288656543195
"Q","lnpois",5,0.05,0.5,0.5,"TOX-log-blocked",0.18,20,0.251130647473817,0.0198392752838706
"Q","lnpois",5,0.05,0.5,0.5,"TOX-log-blocked",0.19,20,0.256837556263735,0.0195642143780544
"Q","lnpois",5,0.05,0.5,0.5,"TOX-log-blocked",0.2,20,0.261288396987127,0.0197233365869587
"Q","lnpois",5,0.05,0.5,0.5,"TOX-log-blocked",0.21,20,0.265663194170171,0.0193998918946486
"Q","lnpois",5,0.05,0.5,0.5,"TOX-log-blocked",0.22,20,0.267968534581441,0.0193901633655472
"Q","lnpois",5,0.05,0.5,0.5,"TOX-log-blocked",0.23,20,0.272609767497749,0.0187771571747274
"Q","lnpois",5,0.05,0.5,0.5,"TOX-log-blocked",0.24,20,0.277842843456218,0.0189660146492729
"Q","lnpois",5,0.05,0.5,0.5,"TOX-log-blocked",0.25,20,0.281851947496741,0.0194051031815751
"Q","lnpois",5,0.05,0.5,0.5,"TOX-log-blocked",0.26,20,0.285413693730793,0.0194967712549375
"Q","lnpois",5,0.05,0.5,0.5,"TOX-log-blocked",0.27,20,0.287513867883881,0.0194210531692043
"Q","lnpois",5,0.05,0.5,0.5,"TOX-log-blocked",0.28,20,0.292169390920825,0.0194999083110526
"Q","lnpois",5,0.05,0.5,0.5,"TOX-log-blocked",0.29,20,0.29426416682213,0.0192636025611425
"Q","lnpois",5,0.05,0.5,0.5,"TOX-log-blocked",0.3,20,0.301839651474276,0.0188794422940578
"Q","lnpois",5,0.05,0.5,0.5,"TOX-log-blocked-oracle",0,20,0.148651029571185,0.0127815149424269
"Q","lnpois",5,0.05,0.5,0.5,"TOX-log-blocked-oracle",0.01,20,0.148651029571185,0.0127815149424269
"Q","lnpois",5,0.05,0.5,0.5,"TOX-log-blocked-oracle",0.02,20,0.154433418472521,0.0142751767040582
"Q","lnpois",5,0.05,0.5,0.5,"TOX-log-blocked-oracle",0.03,20,0.170527043990014,0.0140615738121984
"Q","lnpois",5,0.05,0.5,0.5,"TOX-log-blocked-oracle",0.04,20,0.18196160992744,0.0170627462970537
"Q","lnpois",5,0.05,0.5,0.5,"TOX-log-blocked-oracle",0.05,20,0.188015446228326,0.0165601068175788
"Q","lnpois",5,0.05,0.5,0.5,"TOX-log-blocked-oracle",0.06,20,0.194330421657484,0.0169676829797972
"Q","lnpois",5,0.05,0.5,0.5,"TOX-log-blocked-oracle",0.07,20,0.20000106004563,0.0167431211519203
"Q","lnpois",5,0.05,0.5,0.5,"TOX-log-blocked-oracle",0.08,20,0.203137177266553,0.0169741510981369
"Q","lnpois",5,0.05,0.5,0.5,"TOX-log-blocked-oracle",0.09,20,0.209067722600643,0.0177133899888848
"Q","lnpois",5,0.05,0.5,0.5,"TOX-log-blocked-oracle",0.1,20,0.212007451539511,0.0171573087919491
"Q","lnpois",5,0.05,0.5,0.5,"TOX-log-blocked-oracle",0.11,20,0.220459850508443,0.018304126018629
"Q","lnpois",5,0.05,0.5,0.5,"TOX-log-blocked-oracle",0.12,20,0.226513583750081,0.0185683176876101
"Q","lnpois",5,0.05,0.5,0.5,"TOX-log-blocked-oracle",0.13,20,0.232372701679599,0.0183839044674231
"Q","lnpois",5,0.05,0.5,0.5,"TOX-log-blocked-oracle",0.14,20,0.236996197785382,0.0188699591796247
"Q","lnpois",5,0.05,0.5,0.5,"TOX-log-blocked-oracle",0.15,20,0.24205010805091,0.0189719399557886
"Q","lnpois",5,0.05,0.5,0.5,"TOX-log-blocked-oracle",0.16,20,0.24501842595548,0.018928742668551
"Q","lnpois",5,0.05,0.5,0.5,"TOX-log-blocked-oracle",0.17,20,0.248168604946663,0.0192175054554185
"Q","lnpois",5,0.05,0.5,0.5,"TOX-log-blocked-oracle",0.18,20,0.251969965424862,0.0196509158184256
"Q","lnpois",5,0.05,0.5,0.5,"TOX-log-blocked-oracle",0.19,20,0.254293825460687,0.0198910081067426
"Q","lnpois",5,0.05,0.5,0.5,"TOX-log-blocked-oracle",0.2,20,0.256181452683601,0.0201120612878778
"Q","lnpois",5,0.05,0.5,0.5,"TOX-log-blocked-oracle",0.21,20,0.260215221047833,0.0208604772855246
"Q","lnpois",5,0.05,0.5,0.5,"TOX-log-blocked-oracle",0.22,20,0.265468636283614,0.0209941595118295
"Q","lnpois",5,0.05,0.5,0.5,"TOX-log-blocked-oracle",0.23,20,0.272180972651729,0.0198981446579774
"Q","lnpois",5,0.05,0.5,0.5,"TOX-log-blocked-oracle",0.24,20,0.277399313864238,0.0195756030621098
"Q","lnpois",5,0.05,0.5,0.5,"TOX-log-blocked-oracle",0.25,20,0.282684028703755,0.0184933316653042
"Q","lnpois",5,0.05,0.5,0.5,"TOX-log-blocked-oracle",0.26,20,0.288143885146833,0.018647441259225
"Q","lnpois",5,0.05,0.5,0.5,"TOX-log-blocked-oracle",0.27,20,0.292578674131763,0.0187612395216468
"Q","lnpois",5,0.05,0.5,0.5,"TOX-log-blocked-oracle",0.28,20,0.295944445702064,0.0187307655754425
"Q","lnpois",5,0.05,0.5,0.5,"TOX-log-blocked-oracle",0.29,20,0.300157669579572,0.0186724796130897
"Q","lnpois",5,0.05,0.5,0.5,"TOX-log-blocked-oracle",0.3,20,0.303512426991481,0.0186407176312912
"Q","lnpois",5,0.05,0.5,0.5,"TOX-log-boot",0,20,0.113873892004054,0.0180760345779999
"Q","lnpois",5,0.05,0.5,0.5,"TOX-log-boot",0.01,20,0.113873892004054,0.0180760345779999
"Q","lnpois",5,0.05,0.5,0.5,"TOX-log-boot",0.02,20,0.132885468087489,0.0202091306800905
"Q","lnpois",5,0.05,0.5,0.5,"TOX-log-boot",0.03,20,0.159767845394131,0.0182209984314015
"Q","lnpois",5,0.05,0.5,0.5,"TOX-log-boot",0.04,20,0.16880339990477,0.0167723716822385
"Q","lnpois",5,0.05,0.5,0.5,"TOX-log-boot",0.05,20,0.187926469311968,0.0161663062491423
"Q","lnpois",5,0.05,0.5,0.5,"TOX-log-boot",0.06,20,0.193831095190579,0.0159975964644629
"Q","lnpois",5,0.05,0.5,0.5,"TOX-log-boot",0.07,20,0.200976776495275,0.0172897390928927
"Q","lnpois",5,0.05,0.5,0.5,"TOX-log-boot",0.08,20,0.206030230205483,0.0175352109788864
"Q","lnpois",5,0.05,0.5,0.5,"TOX-log-boot",0.09,20,0.211058411687486,0.0183893772832623
"Q","lnpois",5,0.05,0.5,0.5,"TOX-log-boot",0.1,20,0.218997832159807,0.0184934668611677
"Q","lnpois",5,0.05,0.5,0.5,"TOX-log-boot",0.11,20,0.22346747174854,0.0191141823676261
"Q","lnpois",5,0.05,0.5,0.5,"TOX-log-boot",0.12,20,0.229573987578435,0.0184304550111895
"Q","lnpois",5,0.05,0.5,0.5,"TOX-log-boot",0.13,20,0.233161133199217,0.0179431030432946
"Q","lnpois",5,0.05,0.5,0.5,"TOX-log-boot",0.14,20,0.238884205340822,0.0185616053142279
"Q","lnpois",5,0.05,0.5,0.5,"TOX-log-boot",0.15,20,0.241440331013886,0.0191273226518931
"Q","lnpois",5,0.05,0.5,0.5,"TOX-log-boot",0.16,20,0.246938421115461,0.0199563048314118
"Q","lnpois",5,0.05,0.5,0.5,"TOX-log-boot",0.17,20,0.251367439705458,0.0195579335258512
"Q","lnpois",5,0.05,0.5,0.5,"TOX-log-boot",0.18,20,0.255164845445962,0.0191831568256813
"Q","lnpois",5,0.05,0.5,0.5,"TOX-log-boot",0.19,20,0.258513465757616,0.0188757348543312
"Q","lnpois",5,0.05,0.5,0.5,"TOX-log-boot",0.2,20,0.261878884776646,0.0188564844953876
"Q","lnpois",5,0.05,0.5,0.5,"TOX-log-boot",0.21,20,0.265673285440375,0.0185787706509096
"Q","lnpois",5,0.05,0.5,0.5,"TOX-log-boot",0.22,20,0.270532268072593,0.019280083409061
"Q","lnpois",5,0.05,0.5,0.5,"TOX-log-boot",0.23,20,0.274079576911884,0.0195040067099817
"Q","lnpois",5,0.05,0.5,0.5,"TOX-log-boot",0.24,20,0.277240378317703,0.0190518154375356
"Q","lnpois",5,0.05,0.5,0.5,"TOX-log-boot",0.25,20,0.283559792939434,0.018965572526061
"Q","lnpois",5,0.05,0.5,0.5,"TOX-log-boot",0.26,20,0.287727550240058,0.0187151755075505
"Q","lnpois",5,0.05,0.5,0.5,"TOX-log-boot",0.27,20,0.291521384132474,0.0188205921251895
"Q","lnpois",5,0.05,0.5,0.5,"TOX-log-boot",0.28,20,0.293424156449896,0.0188995761563865
"Q","lnpois",5,0.05,0.5,0.5,"TOX-log-boot",0.29,20,0.296989048650661,0.0190762447566893
"Q","lnpois",5,0.05,0.5,0.5,"TOX-log-boot",0.3,20,0.3005625605411,0.0186246459824597
"Q","lnpois",5,0.05,0.5,0.5,"TOX-log-oracle",0,20,0.104454800033139,0.0202604818501072
"Q","lnpois",5,0.05,0.5,0.5,"TOX-log-oracle",0.01,20,0.104454800033139,0.0202604818501072
"Q","lnpois",5,0.05,0.5,0.5,"TOX-log-oracle",0.02,20,0.120890617434622,0.0219115459313793
"Q","lnpois",5,0.05,0.5,0.5,"TOX-log-oracle",0.03,20,0.148912973654968,0.0193550941002375
"Q","lnpois",5,0.05,0.5,0.5,"TOX-log-oracle",0.04,20,0.162807300329071,0.0194810973468323
"Q","lnpois",5,0.05,0.5,0.5,"TOX-log-oracle",0.05,20,0.170808625179037,0.0180312652487712
"Q","lnpois",5,0.05,0.5,0.5,"TOX-log-oracle",0.06,20,0.185218389736943,0.0152311861765365
"Q","lnpois",5,0.05,0.5,0.5,"TOX-log-oracle",0.07,20,0.191509708243726,0.0155833651597179
"Q","lnpois",5,0.05,0.5,0.5,"TOX-log-oracle",0.08,20,0.198484321009658,0.016255516917113
"Q","lnpois",5,0.05,0.5,0.5,"TOX-log-oracle",0.09,20,0.202095354243798,0.0170031628045212
"Q","lnpois",5,0.05,0.5,0.5,"TOX-log-oracle",0.1,20,0.208401676531145,0.0176828098645729
"Q","lnpois",5,0.05,0.5,0.5,"TOX-log-oracle",0.11,20,0.213642972882993,0.0176639081303406
"Q","lnpois",5,0.05,0.5,0.5,"TOX-log-oracle",0.12,20,0.222263361817078,0.0181535657267044
"Q","lnpois",5,0.05,0.5,0.5,"TOX-log-oracle",0.13,20,0.226249316639383,0.018320419704469
"Q","lnpois",5,0.05,0.5,0.5,"TOX-log-oracle",0.14,20,0.230884345300366,0.0190934087963501
"Q","lnpois",5,0.05,0.5,0.5,"TOX-log-oracle",0.15,20,0.233864153353521,0.0194792957766466
"Q","lnpois",5,0.05,0.5,0.5,"TOX-log-oracle",0.16,20,0.237890668987947,0.0200291642297845
"Q","lnpois",5,0.05,0.5,0.5,"TOX-log-oracle",0.17,20,0.242518493766394,0.0204619240662193
"Q","lnpois",5,0.05,0.5,0.5,"TOX-log-oracle",0.18,20,0.247172985041275,0.0200745294303914
"Q","lnpois",5,0.05,0.5,0.5,"TOX-log-oracle",0.19,20,0.249274190512674,0.0201716038821477
"Q","lnpois",5,0.05,0.5,0.5,"TOX-log-oracle",0.2,20,0.253706137139075,0.0197574206925537
"Q","lnpois",5,0.05,0.5,0.5,"TOX-log-oracle",0.21,20,0.256659631451737,0.0205043078741665
"Q","lnpois",5,0.05,0.5,0.5,"TOX-log-oracle",0.22,20,0.262313185714698,0.0200368491297012
"Q","lnpois",5,0.05,0.5,0.5,"TOX-log-oracle",0.23,20,0.26880215053405,0.0197149740778401
"Q","lnpois",5,0.05,0.5,0.5,"TOX-log-oracle",0.24,20,0.272186029620847,0.0198739876377178
"Q","lnpois",5,0.05,0.5,0.5,"TOX-log-oracle",0.25,20,0.275943496601705,0.0195447764983061
"Q","lnpois",5,0.05,0.5,0.5,"TOX-log-oracle",0.26,20,0.278475864514029,0.0196840191025967
"Q","lnpois",5,0.05,0.5,0.5,"TOX-log-oracle",0.27,20,0.28545151698729,0.0193430155454676
"Q","lnpois",5,0.05,0.5,0.5,"TOX-log-oracle",0.28,20,0.289839937439656,0.0195966531014613
"Q","lnpois",5,0.05,0.5,0.5,"TOX-log-oracle",0.29,20,0.292999483496076,0.0195046081047734
"Q","lnpois",5,0.05,0.5,0.5,"TOX-log-oracle",0.3,20,0.298465219508499,0.0197401387086929
"Q","lnpois",5,0.05,0.5,0.5,"TOX-raw",0,20,0.0780037828333334,0.00911063442517877
"Q","lnpois",5,0.05,0.5,0.5,"TOX-raw",0.01,20,0.0780037828333334,0.00911063442517877
"Q","lnpois",5,0.05,0.5,0.5,"TOX-raw",0.02,20,0.0780037828333334,0.00911063442517877
"Q","lnpois",5,0.05,0.5,0.5,"TOX-raw",0.03,20,0.0924761115423989,0.0119289839467415
"Q","lnpois",5,0.05,0.5,0.5,"TOX-raw",0.04,20,0.102837116593794,0.0118688428422905
"Q","lnpois",5,0.05,0.5,0.5,"TOX-raw",0.05,20,0.110978075585131,0.0130787037401823
"Q","lnpois",5,0.05,0.5,0.5,"TOX-raw",0.06,20,0.116504630084172,0.014264448599773
"Q","lnpois",5,0.05,0.5,0.5,"TOX-raw",0.07,20,0.118199819266566,0.0145679088492915
"Q","lnpois",5,0.05,0.5,0.5,"TOX-raw",0.08,20,0.126422779668109,0.0154479359386326
"Q","lnpois",5,0.05,0.5,0.5,"TOX-raw",0.09,20,0.135628558089508,0.0153371543443389
"Q","lnpois",5,0.05,0.5,0.5,"TOX-raw",0.1,20,0.144494273067763,0.0163120867996725
"Q","lnpois",5,0.05,0.5,0.5,"TOX-raw",0.11,20,0.152296114166616,0.0171759228401486
"Q","lnpois",5,0.05,0.5,0.5,"TOX-raw",0.12,20,0.165402804324436,0.0179306734150827
"Q","lnpois",5,0.05,0.5,0.5,"TOX-raw",0.13,20,0.178687800000019,0.019488161224956
"Q","lnpois",5,0.05,0.5,0.5,"TOX-raw",0.14,20,0.182900357664667,0.0199718549602469
"Q","lnpois",5,0.05,0.5,0.5,"TOX-raw",0.15,20,0.188558535114884,0.0207783617314452
"Q","lnpois",5,0.05,0.5,0.5,"TOX-raw",0.16,20,0.192584631852757,0.0206597469212209
"Q","lnpois",5,0.05,0.5,0.5,"TOX-raw",0.17,20,0.199995706083873,0.0209559389595197
"Q","lnpois",5,0.05,0.5,0.5,"TOX-raw",0.18,20,0.206288715697559,0.0204372666623354
"Q","lnpois",5,0.05,0.5,0.5,"TOX-raw",0.19,20,0.211170826391767,0.0207064934276052
"Q","lnpois",5,0.05,0.5,0.5,"TOX-raw",0.2,20,0.217312275891116,0.019831254087073
"Q","lnpois",5,0.05,0.5,0.5,"TOX-raw",0.21,20,0.221077046009893,0.0200394909079665
"Q","lnpois",5,0.05,0.5,0.5,"TOX-raw",0.22,20,0.226361171713792,0.0196028437597563
"Q","lnpois",5,0.05,0.5,0.5,"TOX-raw",0.23,20,0.229978359923933,0.0200017123592794
"Q","lnpois",5,0.05,0.5,0.5,"TOX-raw",0.24,20,0.233547182229391,0.0201347213427275
"Q","lnpois",5,0.05,0.5,0.5,"TOX-raw",0.25,20,0.238776193762722,0.0201755347456522
"Q","lnpois",5,0.05,0.5,0.5,"TOX-raw",0.26,20,0.241525695557147,0.0205132442448118
"Q","lnpois",5,0.05,0.5,0.5,"TOX-raw",0.27,20,0.244035784477458,0.0202203052725525
"Q","lnpois",5,0.05,0.5,0.5,"TOX-raw",0.28,20,0.247615680793781,0.0199676145499271
"Q","lnpois",5,0.05,0.5,0.5,"TOX-raw",0.29,20,0.251590565123012,0.0197526885586833
"Q","lnpois",5,0.05,0.5,0.5,"TOX-raw",0.3,20,0.258528392859681,0.020031169566533
"Q","lnpois",5,0.05,0.5,0.5,"TOX-raw-blocked",0,20,0.0693812623098485,0.0115702974120242
"Q","lnpois",5,0.05,0.5,0.5,"TOX-raw-blocked",0.01,20,0.0693812623098485,0.0115702974120242
"Q","lnpois",5,0.05,0.5,0.5,"TOX-raw-blocked",0.02,20,0.0799184523924931,0.0141432546585903
"Q","lnpois",5,0.05,0.5,0.5,"TOX-raw-blocked",0.03,20,0.100614109070656,0.0165268265790941
"Q","lnpois",5,0.05,0.5,0.5,"TOX-raw-blocked",0.04,20,0.120828854266574,0.0168721146792447
"Q","lnpois",5,0.05,0.5,0.5,"TOX-raw-blocked",0.05,20,0.131797818114505,0.0173652280530356
"Q","lnpois",5,0.05,0.5,0.5,"TOX-raw-blocked",0.06,20,0.14077711834329,0.0174221241764271
"Q","lnpois",5,0.05,0.5,0.5,"TOX-raw-blocked",0.07,20,0.148579983689055,0.0167923060115067
"Q","lnpois",5,0.05,0.5,0.5,"TOX-raw-blocked",0.08,20,0.161263470724369,0.0181347877688368
"Q","lnpois",5,0.05,0.5,0.5,"TOX-raw-blocked",0.09,20,0.167340341488068,0.0178979716039036
"Q","lnpois",5,0.05,0.5,0.5,"TOX-raw-blocked",0.1,20,0.177256245097595,0.0175415657658211
"Q","lnpois",5,0.05,0.5,0.5,"TOX-raw-blocked",0.11,20,0.182945344557835,0.0183325392964419
"Q","lnpois",5,0.05,0.5,0.5,"TOX-raw-blocked",0.12,20,0.187798255674868,0.0179017063546123
"Q","lnpois",5,0.05,0.5,0.5,"TOX-raw-blocked",0.13,20,0.192048673739093,0.0180586672301242
"Q","lnpois",5,0.05,0.5,0.5,"TOX-raw-blocked",0.14,20,0.196049003564451,0.0183044708024417
"Q","lnpois",5,0.05,0.5,0.5,"TOX-raw-blocked",0.15,20,0.203663502402526,0.0183251937510046
"Q","lnpois",5,0.05,0.5,0.5,"TOX-raw-blocked",0.16,20,0.207896698087109,0.0185160578548674
"Q","lnpois",5,0.05,0.5,0.5,"TOX-raw-blocked",0.17,20,0.213369063000289,0.0186232774150106
"Q","lnpois",5,0.05,0.5,0.5,"TOX-raw-blocked",0.18,20,0.220748733523737,0.019496671379237
"Q","lnpois",5,0.05,0.5,0.5,"TOX-raw-blocked",0.19,20,0.225767466946646,0.0192829953633115
"Q","lnpois",5,0.05,0.5,0.5,"TOX-raw-blocked",0.2,20,0.231026892415959,0.0190428058797412
"Q","lnpois",5,0.05,0.5,0.5,"TOX-raw-blocked",0.21,20,0.234833766060403,0.0191789445810978
"Q","lnpois",5,0.05,0.5,0.5,"TOX-raw-blocked",0.22,20,0.235890565672521,0.0193203887875946
"Q","lnpois",5,0.05,0.5,0.5,"TOX-raw-blocked",0.23,20,0.241740539167899,0.0197035301167529
"Q","lnpois",5,0.05,0.5,0.5,"TOX-raw-blocked",0.24,20,0.246571485112092,0.019717542575447
"Q","lnpois",5,0.05,0.5,0.5,"TOX-raw-blocked",0.25,20,0.251207765926761,0.0191355987847372
"Q","lnpois",5,0.05,0.5,0.5,"TOX-raw-blocked",0.26,20,0.252465818614687,0.019068470434964
"Q","lnpois",5,0.05,0.5,0.5,"TOX-raw-blocked",0.27,20,0.255428785014716,0.0188862172027671
"Q","lnpois",5,0.05,0.5,0.5,"TOX-raw-blocked",0.28,20,0.261542969270025,0.0194386264093739
"Q","lnpois",5,0.05,0.5,0.5,"TOX-raw-blocked",0.29,20,0.266779361574472,0.0192434778873343
"Q","lnpois",5,0.05,0.5,0.5,"TOX-raw-blocked",0.3,20,0.272248561849534,0.0195823082746936
"Q","lnpois",5,0.05,1,0.5,"DESeq2",0,20,0.424001186657955,0.0166413530541594
"Q","lnpois",5,0.05,1,0.5,"DESeq2",0.01,20,0.43337420261567,0.0180951313641577
"Q","lnpois",5,0.05,1,0.5,"DESeq2",0.02,20,0.452306147793814,0.0169487804564137
"Q","lnpois",5,0.05,1,0.5,"DESeq2",0.03,20,0.470638497827482,0.0177166249026551
"Q","lnpois",5,0.05,1,0.5,"DESeq2",0.04,20,0.481805300031306,0.0178853842286225
"Q","lnpois",5,0.05,1,0.5,"DESeq2",0.05,20,0.489717605644921,0.0181948224568996
"Q","lnpois",5,0.05,1,0.5,"DESeq2",0.06,20,0.496261685992804,0.0175714785852844
"Q","lnpois",5,0.05,1,0.5,"DESeq2",0.07,20,0.506837644216037,0.0171762558449859
"Q","lnpois",5,0.05,1,0.5,"DESeq2",0.08,20,0.514943347503592,0.0179720859335801
"Q","lnpois",5,0.05,1,0.5,"DESeq2",0.09,20,0.519608880528525,0.01782215837535
"Q","lnpois",5,0.05,1,0.5,"DESeq2",0.1,20,0.528305924313982,0.0172568627767988
"Q","lnpois",5,0.05,1,0.5,"DESeq2",0.11,20,0.534051481348098,0.0171562996552466
"Q","lnpois",5,0.05,1,0.5,"DESeq2",0.12,20,0.538566442440106,0.0172094033175985
"Q","lnpois",5,0.05,1,0.5,"DESeq2",0.13,20,0.540893777989784,0.017298551736436
"Q","lnpois",5,0.05,1,0.5,"DESeq2",0.14,20,0.543055997654407,0.0170182967198205
"Q","lnpois",5,0.05,1,0.5,"DESeq2",0.15,20,0.546512660201547,0.0170890616207156
"Q","lnpois",5,0.05,1,0.5,"DESeq2",0.16,20,0.554375319196707,0.0166490522513652
"Q","lnpois",5,0.05,1,0.5,"DESeq2",0.17,20,0.557782026968527,0.0168395766836591
"Q","lnpois",5,0.05,1,0.5,"DESeq2",0.18,20,0.562682591640901,0.0168904093599682
"Q","lnpois",5,0.05,1,0.5,"DESeq2",0.19,20,0.564801794196384,0.0168833701260077
"Q","lnpois",5,0.05,1,0.5,"DESeq2",0.2,20,0.568196396178613,0.016489470477043
"Q","lnpois",5,0.05,1,0.5,"DESeq2",0.21,20,0.572469861377988,0.0159470017571298
"Q","lnpois",5,0.05,1,0.5,"DESeq2",0.22,20,0.575024514168894,0.0159708999102841
"Q","lnpois",5,0.05,1,0.5,"DESeq2",0.23,20,0.579474787053818,0.0160649096823424
"Q","lnpois",5,0.05,1,0.5,"DESeq2",0.24,20,0.583293805006689,0.0165487998253471
"Q","lnpois",5,0.05,1,0.5,"DESeq2",0.25,20,0.585457191846095,0.0165541688878216
"Q","lnpois",5,0.05,1,0.5,"DESeq2",0.26,20,0.586744393590906,0.0166787083793129
"Q","lnpois",5,0.05,1,0.5,"DESeq2",0.27,20,0.589498178595378,0.0166628665989698
"Q","lnpois",5,0.05,1,0.5,"DESeq2",0.28,20,0.591840297830156,0.0166303046469508
"Q","lnpois",5,0.05,1,0.5,"DESeq2",0.29,20,0.594609804175275,0.0166913648509404
"Q","lnpois",5,0.05,1,0.5,"DESeq2",0.3,20,0.59821807168427,0.0163063865715431
"Q","lnpois",5,0.05,1,0.5,"edgeR",0,20,0.443243759735921,0.0170211957731511
"Q","lnpois",5,0.05,1,0.5,"edgeR",0.01,20,0.460315075207749,0.0179016479105759
"Q","lnpois",5,0.05,1,0.5,"edgeR",0.02,20,0.478997753382373,0.0163422997348414
"Q","lnpois",5,0.05,1,0.5,"edgeR",0.03,20,0.488281551275232,0.0158897426316904
"Q","lnpois",5,0.05,1,0.5,"edgeR",0.04,20,0.502862442081726,0.0161693332064642
"Q","lnpois",5,0.05,1,0.5,"edgeR",0.05,20,0.515006002549225,0.0160839177885325
"Q","lnpois",5,0.05,1,0.5,"edgeR",0.06,20,0.522890231891843,0.0164519837309687
"Q","lnpois",5,0.05,1,0.5,"edgeR",0.07,20,0.530554666811815,0.0165630724085941
"Q","lnpois",5,0.05,1,0.5,"edgeR",0.08,20,0.536757295488348,0.0173265452258666
"Q","lnpois",5,0.05,1,0.5,"edgeR",0.09,20,0.54033845371899,0.0174397488392204
"Q","lnpois",5,0.05,1,0.5,"edgeR",0.1,20,0.543107610965228,0.0175059439457492
"Q","lnpois",5,0.05,1,0.5,"edgeR",0.11,20,0.548821038971287,0.0176016301601324
"Q","lnpois",5,0.05,1,0.5,"edgeR",0.12,20,0.552836784861653,0.0172777472006549
"Q","lnpois",5,0.05,1,0.5,"edgeR",0.13,20,0.556250291634206,0.0174329246532854
"Q","lnpois",5,0.05,1,0.5,"edgeR",0.14,20,0.559243609111063,0.0172441084704702
"Q","lnpois",5,0.05,1,0.5,"edgeR",0.15,20,0.563516690746449,0.0169329322866621
"Q","lnpois",5,0.05,1,0.5,"edgeR",0.16,20,0.566070624142246,0.016480340979472
"Q","lnpois",5,0.05,1,0.5,"edgeR",0.17,20,0.569496818971699,0.0168269783883213
"Q","lnpois",5,0.05,1,0.5,"edgeR",0.18,20,0.573986264948017,0.0168965003300659
"Q","lnpois",5,0.05,1,0.5,"edgeR",0.19,20,0.576557350613807,0.0170559649223156
"Q","lnpois",5,0.05,1,0.5,"edgeR",0.2,20,0.580393622960252,0.0164023947343512
"Q","lnpois",5,0.05,1,0.5,"edgeR",0.21,20,0.584412395172239,0.0161661784169859
"Q","lnpois",5,0.05,1,0.5,"edgeR",0.22,20,0.587408465745302,0.01608537371764
"Q","lnpois",5,0.05,1,0.5,"edgeR",0.23,20,0.590388948666911,0.0160187751303864
"Q","lnpois",5,0.05,1,0.5,"edgeR",0.24,20,0.59272208972141,0.015922143405779
"Q","lnpois",5,0.05,1,0.5,"edgeR",0.25,20,0.596119758365713,0.0159469080375948
"Q","lnpois",5,0.05,1,0.5,"edgeR",0.26,20,0.598454148049311,0.0159909581033296
"Q","lnpois",5,0.05,1,0.5,"edgeR",0.27,20,0.601005150190922,0.0159708143150945
"Q","lnpois",5,0.05,1,0.5,"edgeR",0.28,20,0.603354673215495,0.0160023911490076
"Q","lnpois",5,0.05,1,0.5,"edgeR",0.29,20,0.605920670390699,0.0157776229618001
"Q","lnpois",5,0.05,1,0.5,"edgeR",0.3,20,0.607626875347237,0.0159962234690183
"Q","lnpois",5,0.05,1,0.5,"limma",0,20,0.445255135724174,0.0181390630610103
"Q","lnpois",5,0.05,1,0.5,"limma",0.01,20,0.463319644334458,0.0197021898703736
"Q","lnpois",5,0.05,1,0.5,"limma",0.02,20,0.47960372921504,0.0174316880243277
"Q","lnpois",5,0.05,1,0.5,"limma",0.03,20,0.49861261809694,0.0173471253255101
"Q","lnpois",5,0.05,1,0.5,"limma",0.04,20,0.515885661567333,0.0167379839041214
"Q","lnpois",5,0.05,1,0.5,"limma",0.05,20,0.523550140301998,0.015974125709376
"Q","lnpois",5,0.05,1,0.5,"limma",0.06,20,0.531603428494353,0.0161158316398225
"Q","lnpois",5,0.05,1,0.5,"limma",0.07,20,0.538443746442959,0.0165459705235771
"Q","lnpois",5,0.05,1,0.5,"limma",0.08,20,0.546536241287548,0.0155438000329072
"Q","lnpois",5,0.05,1,0.5,"limma",0.09,20,0.551844834267506,0.0156924838854267
"Q","lnpois",5,0.05,1,0.5,"limma",0.1,20,0.556704747589003,0.0157066471176708
"Q","lnpois",5,0.05,1,0.5,"limma",0.11,20,0.560096423574213,0.0154702480696578
"Q","lnpois",5,0.05,1,0.5,"limma",0.12,20,0.566286968437836,0.0154176183400596
"Q","lnpois",5,0.05,1,0.5,"limma",0.13,20,0.568424755927071,0.0155663312619609
"Q","lnpois",5,0.05,1,0.5,"limma",0.14,20,0.57372140167097,0.015481413323987
"Q","lnpois",5,0.05,1,0.5,"limma",0.15,20,0.576058734509493,0.0156063441750602
"Q","lnpois",5,0.05,1,0.5,"limma",0.16,20,0.579670152467628,0.0149220406129567
"Q","lnpois",5,0.05,1,0.5,"limma",0.17,20,0.582855319136866,0.0150048134793911
"Q","lnpois",5,0.05,1,0.5,"limma",0.18,20,0.588195200631446,0.0150099028165586
"Q","lnpois",5,0.05,1,0.5,"limma",0.19,20,0.592868881868114,0.0148558231675675
"Q","lnpois",5,0.05,1,0.5,"limma",0.2,20,0.596668734993946,0.0148564460322416
"Q","lnpois",5,0.05,1,0.5,"limma",0.21,20,0.59942351616564,0.015252321504522
"Q","lnpois",5,0.05,1,0.5,"limma",0.22,20,0.60134460762503,0.015295393301407
"Q","lnpois",5,0.05,1,0.5,"limma",0.23,20,0.604322286577459,0.0150999442047419
"Q","lnpois",5,0.05,1,0.5,"limma",0.24,20,0.607749964249641,0.0148531325432238
"Q","lnpois",5,0.05,1,0.5,"limma",0.25,20,0.611586414126974,0.0147143669631871
"Q","lnpois",5,0.05,1,0.5,"limma",0.26,20,0.61329194326776,0.0148477601026172
"Q","lnpois",5,0.05,1,0.5,"limma",0.27,20,0.616485178368445,0.0154040953204715
"Q","lnpois",5,0.05,1,0.5,"limma",0.28,20,0.617752024556194,0.0153805578274546
"Q","lnpois",5,0.05,1,0.5,"limma",0.29,20,0.619674441963885,0.0153149787088683
"Q","lnpois",5,0.05,1,0.5,"limma",0.3,20,0.620736639117515,0.0152195524766137
"Q","lnpois",5,0.05,1,0.5,"TOX-log",0,20,0.310599867780513,0.0491916277296119
"Q","lnpois",5,0.05,1,0.5,"TOX-log",0.01,20,0.41755692586917,0.0364537616617097
"Q","lnpois",5,0.05,1,0.5,"TOX-log",0.02,20,0.473164561100929,0.016946058281177
"Q","lnpois",5,0.05,1,0.5,"TOX-log",0.03,20,0.491749931275518,0.0181331349537579
"Q","lnpois",5,0.05,1,0.5,"TOX-log",0.04,20,0.507691003543878,0.017190441181917
"Q","lnpois",5,0.05,1,0.5,"TOX-log",0.05,20,0.517034222296991,0.0173107472921606
"Q","lnpois",5,0.05,1,0.5,"TOX-log",0.06,20,0.525549319873156,0.0166658554849013
"Q","lnpois",5,0.05,1,0.5,"TOX-log",0.07,20,0.534982614750311,0.0163126013668092
"Q","lnpois",5,0.05,1,0.5,"TOX-log",0.08,20,0.540973550211178,0.0165172581389211
"Q","lnpois",5,0.05,1,0.5,"TOX-log",0.09,20,0.546710546831604,0.0162507077451298
"Q","lnpois",5,0.05,1,0.5,"TOX-log",0.1,20,0.555641896490475,0.0162172671018839
"Q","lnpois",5,0.05,1,0.5,"TOX-log",0.11,20,0.562009755901204,0.016589094512127
"Q","lnpois",5,0.05,1,0.5,"TOX-log",0.12,20,0.567948314702887,0.0165308262955434
"Q","lnpois",5,0.05,1,0.5,"TOX-log",0.13,20,0.570913989233688,0.0165997804679866
"Q","lnpois",5,0.05,1,0.5,"TOX-log",0.14,20,0.574506535121908,0.0158721704218974
"Q","lnpois",5,0.05,1,0.5,"TOX-log",0.15,20,0.581491301366669,0.0157792770742572
"Q","lnpois",5,0.05,1,0.5,"TOX-log",0.16,20,0.584680069865272,0.0157004902544343
"Q","lnpois",5,0.05,1,0.5,"TOX-log",0.17,20,0.588064491664444,0.0153940388932455
"Q","lnpois",5,0.05,1,0.5,"TOX-log",0.18,20,0.591675275401928,0.0153588976840811
"Q","lnpois",5,0.05,1,0.5,"TOX-log",0.19,20,0.594869380901066,0.0154754653333547
"Q","lnpois",5,0.05,1,0.5,"TOX-log",0.2,20,0.597676413952606,0.0152434853990978
"Q","lnpois",5,0.05,1,0.5,"TOX-log",0.21,20,0.600455553726551,0.0154223441350406
"Q","lnpois",5,0.05,1,0.5,"TOX-log",0.22,20,0.602990560027994,0.0151425350427716
"Q","lnpois",5,0.05,1,0.5,"TOX-log",0.23,20,0.606400681857503,0.0155065561800998
"Q","lnpois",5,0.05,1,0.5,"TOX-log",0.24,20,0.608734406938652,0.0152845827001432
"Q","lnpois",5,0.05,1,0.5,"TOX-log",0.25,20,0.610237684345972,0.0154015204428664
"Q","lnpois",5,0.05,1,0.5,"TOX-log",0.26,20,0.614934783389728,0.0155223983952087
"Q","lnpois",5,0.05,1,0.5,"TOX-log",0.27,20,0.618158386180877,0.0155911387719675
"Q","lnpois",5,0.05,1,0.5,"TOX-log",0.28,20,0.620482268074118,0.0155593293719804
"Q","lnpois",5,0.05,1,0.5,"TOX-log",0.29,20,0.624124326677735,0.0158149994135433
"Q","lnpois",5,0.05,1,0.5,"TOX-log",0.3,20,0.624984744322024,0.0156865041350615
"Q","lnpois",5,0.05,1,0.5,"TOX-log-blocked",0,20,0.439315724016079,0.0185915497943417
"Q","lnpois",5,0.05,1,0.5,"TOX-log-blocked",0.01,20,0.458407648778207,0.020153633328149
"Q","lnpois",5,0.05,1,0.5,"TOX-log-blocked",0.02,20,0.475963734278931,0.0169878923570791
"Q","lnpois",5,0.05,1,0.5,"TOX-log-blocked",0.03,20,0.489837430914128,0.0181897582190041
"Q","lnpois",5,0.05,1,0.5,"TOX-log-blocked",0.04,20,0.509442169896661,0.0164838199946069
"Q","lnpois",5,0.05,1,0.5,"TOX-log-blocked",0.05,20,0.515792356360633,0.0165833760909592
"Q","lnpois",5,0.05,1,0.5,"TOX-log-blocked",0.06,20,0.526915747786983,0.0162099851247004
"Q","lnpois",5,0.05,1,0.5,"TOX-log-blocked",0.07,20,0.535646868128262,0.0166107846773512
"Q","lnpois",5,0.05,1,0.5,"TOX-log-blocked",0.08,20,0.54199638894743,0.0165211419424295
"Q","lnpois",5,0.05,1,0.5,"TOX-log-blocked",0.09,20,0.54898991380972,0.0167609762002095
"Q","lnpois",5,0.05,1,0.5,"TOX-log-blocked",0.1,20,0.555333253959961,0.0162060059789527
"Q","lnpois",5,0.05,1,0.5,"TOX-log-blocked",0.11,20,0.561119637668773,0.0158479600813998
"Q","lnpois",5,0.05,1,0.5,"TOX-log-blocked",0.12,20,0.565790839833596,0.0157489156841586
"Q","lnpois",5,0.05,1,0.5,"TOX-log-blocked",0.13,20,0.571328885744942,0.016037342168089
"Q","lnpois",5,0.05,1,0.5,"TOX-log-blocked",0.14,20,0.576418671639288,0.0157699203810601
"Q","lnpois",5,0.05,1,0.5,"TOX-log-blocked",0.15,20,0.580891573861831,0.0151542435588773
"Q","lnpois",5,0.05,1,0.5,"TOX-log-blocked",0.16,20,0.585548479143747,0.015024281364227
"Q","lnpois",5,0.05,1,0.5,"TOX-log-blocked",0.17,20,0.589592758484254,0.0153934403165424
"Q","lnpois",5,0.05,1,0.5,"TOX-log-blocked",0.18,20,0.592784320109296,0.0151665381743682
"Q","lnpois",5,0.05,1,0.5,"TOX-log-blocked",0.19,20,0.596186452091199,0.0155013918688204
"Q","lnpois",5,0.05,1,0.5,"TOX-log-blocked",0.2,20,0.598320371425005,0.0153294436252122
"Q","lnpois",5,0.05,1,0.5,"TOX-log-blocked",0.21,20,0.601087944844297,0.0154057204874814
"Q","lnpois",5,0.05,1,0.5,"TOX-log-blocked",0.22,20,0.604258507442176,0.0150610292676411
"Q","lnpois",5,0.05,1,0.5,"TOX-log-blocked",0.23,20,0.605752068582876,0.0150714491934615
"Q","lnpois",5,0.05,1,0.5,"TOX-log-blocked",0.24,20,0.607235378155565,0.0151200141557337
"Q","lnpois",5,0.05,1,0.5,"TOX-log-blocked",0.25,20,0.608727811834593,0.0152339758390147
"Q","lnpois",5,0.05,1,0.5,"TOX-log-blocked",0.26,20,0.613672889327249,0.0155061893191705
"Q","lnpois",5,0.05,1,0.5,"TOX-log-blocked",0.27,20,0.617719016099718,0.0155558376151045
"Q","lnpois",5,0.05,1,0.5,"TOX-log-blocked",0.28,20,0.621122693926014,0.0154441128406582
"Q","lnpois",5,0.05,1,0.5,"TOX-log-blocked",0.29,20,0.624328748021465,0.0153714707424132
"Q","lnpois",5,0.05,1,0.5,"TOX-log-blocked",0.3,20,0.626250331138582,0.0154585979778801
"Q","lnpois",5,0.05,1,0.5,"TOX-log-blocked-oracle",0,20,0.438861031051702,0.0187761386151242
"Q","lnpois",5,0.05,1,0.5,"TOX-log-blocked-oracle",0.01,20,0.455792501577261,0.0202090562439015
"Q","lnpois",5,0.05,1,0.5,"TOX-log-blocked-oracle",0.02,20,0.475304833090537,0.0173056443497416
"Q","lnpois",5,0.05,1,0.5,"TOX-log-blocked-oracle",0.03,20,0.490469055227452,0.0179716837110112
"Q","lnpois",5,0.05,1,0.5,"TOX-log-blocked-oracle",0.04,20,0.50746453897578,0.0169362010395551
"Q","lnpois",5,0.05,1,0.5,"TOX-log-blocked-oracle",0.05,20,0.515172148706939,0.0165137386569389
"Q","lnpois",5,0.05,1,0.5,"TOX-log-blocked-oracle",0.06,20,0.527782087939048,0.0165207696364593
"Q","lnpois",5,0.05,1,0.5,"TOX-log-blocked-oracle",0.07,20,0.537516473846038,0.0168166168879552
"Q","lnpois",5,0.05,1,0.5,"TOX-log-blocked-oracle",0.08,20,0.541773638434695,0.0165575018985377
"Q","lnpois",5,0.05,1,0.5,"TOX-log-blocked-oracle",0.09,20,0.547320580695883,0.0165021902807124
"Q","lnpois",5,0.05,1,0.5,"TOX-log-blocked-oracle",0.1,20,0.554719303001338,0.016072393131194
"Q","lnpois",5,0.05,1,0.5,"TOX-log-blocked-oracle",0.11,20,0.559650595809166,0.0158022681911027
"Q","lnpois",5,0.05,1,0.5,"TOX-log-blocked-oracle",0.12,20,0.564279877555433,0.015543729795894
"Q","lnpois",5,0.05,1,0.5,"TOX-log-blocked-oracle",0.13,20,0.569847061471605,0.0161416877429925
"Q","lnpois",5,0.05,1,0.5,"TOX-log-blocked-oracle",0.14,20,0.576201208604005,0.0155351311328449
"Q","lnpois",5,0.05,1,0.5,"TOX-log-blocked-oracle",0.15,20,0.582396593013624,0.0153294180549857
"Q","lnpois",5,0.05,1,0.5,"TOX-log-blocked-oracle",0.16,20,0.586199392775447,0.0150901248277091
"Q","lnpois",5,0.05,1,0.5,"TOX-log-blocked-oracle",0.17,20,0.588519584092076,0.0151202483564226
"Q","lnpois",5,0.05,1,0.5,"TOX-log-blocked-oracle",0.18,20,0.592346643915275,0.0154656275836382
"Q","lnpois",5,0.05,1,0.5,"TOX-log-blocked-oracle",0.19,20,0.59535456079215,0.0153106523129196
"Q","lnpois",5,0.05,1,0.5,"TOX-log-blocked-oracle",0.2,20,0.597047026777625,0.0153889045725185
"Q","lnpois",5,0.05,1,0.5,"TOX-log-blocked-oracle",0.21,20,0.599797642576804,0.0149778514417483
"Q","lnpois",5,0.05,1,0.5,"TOX-log-blocked-oracle",0.22,20,0.602757720532299,0.0152475909064997
"Q","lnpois",5,0.05,1,0.5,"TOX-log-blocked-oracle",0.23,20,0.604475126073297,0.0153506282701516
"Q","lnpois",5,0.05,1,0.5,"TOX-log-blocked-oracle",0.24,20,0.607465291542591,0.0154798690545473
"Q","lnpois",5,0.05,1,0.5,"TOX-log-blocked-oracle",0.25,20,0.611700789811302,0.0155796965257911
"Q","lnpois",5,0.05,1,0.5,"TOX-log-blocked-oracle",0.26,20,0.614484542124422,0.0153958445880927
"Q","lnpois",5,0.05,1,0.5,"TOX-log-blocked-oracle",0.27,20,0.617683168046825,0.0154738698246739
"Q","lnpois",5,0.05,1,0.5,"TOX-log-blocked-oracle",0.28,20,0.620900044833756,0.0154539943244398
"Q","lnpois",5,0.05,1,0.5,"TOX-log-blocked-oracle",0.29,20,0.623697753252846,0.0155046059704517
"Q","lnpois",5,0.05,1,0.5,"TOX-log-blocked-oracle",0.3,20,0.625842163608678,0.0156028262552658
"Q","lnpois",5,0.05,1,0.5,"TOX-log-boot",0,20,0.229697812504983,0.0544899563505977
"Q","lnpois",5,0.05,1,0.5,"TOX-log-boot",0.01,20,0.286148641354692,0.0558478636626717
"Q","lnpois",5,0.05,1,0.5,"TOX-log-boot",0.02,20,0.448232743387377,0.0303796186245021
"Q","lnpois",5,0.05,1,0.5,"TOX-log-boot",0.03,20,0.482988653718054,0.0182636622936152
"Q","lnpois",5,0.05,1,0.5,"TOX-log-boot",0.04,20,0.508161634874747,0.0171042511665063
"Q","lnpois",5,0.05,1,0.5,"TOX-log-boot",0.05,20,0.516241221957171,0.0159416370676259
"Q","lnpois",5,0.05,1,0.5,"TOX-log-boot",0.06,20,0.52412952968597,0.0168527184089469
"Q","lnpois",5,0.05,1,0.5,"TOX-log-boot",0.07,20,0.533083642492758,0.0168625481402829
"Q","lnpois",5,0.05,1,0.5,"TOX-log-boot",0.08,20,0.53858207078334,0.0160104920530567
"Q","lnpois",5,0.05,1,0.5,"TOX-log-boot",0.09,20,0.547916285860983,0.0157739517002397
"Q","lnpois",5,0.05,1,0.5,"TOX-log-boot",0.1,20,0.554913783723252,0.0150407546591969
"Q","lnpois",5,0.05,1,0.5,"TOX-log-boot",0.11,20,0.55936542604505,0.0147310308282116
"Q","lnpois",5,0.05,1,0.5,"TOX-log-boot",0.12,20,0.568294514524615,0.0148950836387891
"Q","lnpois",5,0.05,1,0.5,"TOX-log-boot",0.13,20,0.573418664649863,0.0150043516681237
"Q","lnpois",5,0.05,1,0.5,"TOX-log-boot",0.14,20,0.57639943108082,0.0156417611854005
"Q","lnpois",5,0.05,1,0.5,"TOX-log-boot",0.15,20,0.581946393793024,0.0155137303810442
"Q","lnpois",5,0.05,1,0.5,"TOX-log-boot",0.16,20,0.586182349913134,0.0150486337325956
"Q","lnpois",5,0.05,1,0.5,"TOX-log-boot",0.17,20,0.588740476663169,0.0155552669113665
"Q","lnpois",5,0.05,1,0.5,"TOX-log-boot",0.18,20,0.591727137774957,0.0154910686544021
"Q","lnpois",5,0.05,1,0.5,"TOX-log-boot",0.19,20,0.594470121335702,0.0154665663098427
"Q","lnpois",5,0.05,1,0.5,"TOX-log-boot",0.2,20,0.597244950075974,0.0154834240445811
"Q","lnpois",5,0.05,1,0.5,"TOX-log-boot",0.21,20,0.600228476234943,0.0150483828856726
"Q","lnpois",5,0.05,1,0.5,"TOX-log-boot",0.22,20,0.603204729646399,0.0148975528067562
"Q","lnpois",5,0.05,1,0.5,"TOX-log-boot",0.23,20,0.60577048731659,0.0151311839230773
"Q","lnpois",5,0.05,1,0.5,"TOX-log-boot",0.24,20,0.60703730171288,0.0153096305065059
"Q","lnpois",5,0.05,1,0.5,"TOX-log-boot",0.25,20,0.609385472124798,0.01533238053243
"Q","lnpois",5,0.05,1,0.5,"TOX-log-boot",0.26,20,0.61196097474793,0.0155484967766226
"Q","lnpois",5,0.05,1,0.5,"TOX-log-boot",0.27,20,0.616414860989059,0.0157776838645162
"Q","lnpois",5,0.05,1,0.5,"TOX-log-boot",0.28,20,0.618960314166468,0.0160005275991674
"Q","lnpois",5,0.05,1,0.5,"TOX-log-boot",0.29,20,0.621969220691539,0.0158283715761449
"Q","lnpois",5,0.05,1,0.5,"TOX-log-boot",0.3,20,0.62409949377444,0.0155160953013608
"Q","lnpois",5,0.05,1,0.5,"TOX-log-oracle",0,20,0.296391688277968,0.0517300918037063
"Q","lnpois",5,0.05,1,0.5,"TOX-log-oracle",0.01,20,0.402239250251508,0.041658360355068
"Q","lnpois",5,0.05,1,0.5,"TOX-log-oracle",0.02,20,0.465741873875644,0.0190341613593742
"Q","lnpois",5,0.05,1,0.5,"TOX-log-oracle",0.03,20,0.490652762855961,0.0187229027350527
"Q","lnpois",5,0.05,1,0.5,"TOX-log-oracle",0.04,20,0.505636335066502,0.0177751320161283
"Q","lnpois",5,0.05,1,0.5,"TOX-log-oracle",0.05,20,0.518336493998177,0.017228177121321
"Q","lnpois",5,0.05,1,0.5,"TOX-log-oracle",0.06,20,0.525157123447209,0.0170849108213529
"Q","lnpois",5,0.05,1,0.5,"TOX-log-oracle",0.07,20,0.535005281384126,0.0168657397164345
"Q","lnpois",5,0.05,1,0.5,"TOX-log-oracle",0.08,20,0.540155603281903,0.0168668875152156
"Q","lnpois",5,0.05,1,0.5,"TOX-log-oracle",0.09,20,0.546307202954112,0.0172647198212052
"Q","lnpois",5,0.05,1,0.5,"TOX-log-oracle",0.1,20,0.552869194407132,0.0161394660984819
"Q","lnpois",5,0.05,1,0.5,"TOX-log-oracle",0.11,20,0.557971584128902,0.0158666956392093
"Q","lnpois",5,0.05,1,0.5,"TOX-log-oracle",0.12,20,0.56477289369167,0.0161147864950855
"Q","lnpois",5,0.05,1,0.5,"TOX-log-oracle",0.13,20,0.570061217350098,0.0161745268575826
"Q","lnpois",5,0.05,1,0.5,"TOX-log-oracle",0.14,20,0.575762103188271,0.0157209153682908
"Q","lnpois",5,0.05,1,0.5,"TOX-log-oracle",0.15,20,0.580005176018908,0.0156192250892167
"Q","lnpois",5,0.05,1,0.5,"TOX-log-oracle",0.16,20,0.583392246243121,0.0157817375802669
"Q","lnpois",5,0.05,1,0.5,"TOX-log-oracle",0.17,20,0.586785284223965,0.015696710703975
"Q","lnpois",5,0.05,1,0.5,"TOX-log-oracle",0.18,20,0.591476620450214,0.0157083295161861
"Q","lnpois",5,0.05,1,0.5,"TOX-log-oracle",0.19,20,0.592979262960018,0.0155972410880121
"Q","lnpois",5,0.05,1,0.5,"TOX-log-oracle",0.2,20,0.59618084204245,0.0155620465129762
"Q","lnpois",5,0.05,1,0.5,"TOX-log-oracle",0.21,20,0.598741700072647,0.0154245310725478
"Q","lnpois",5,0.05,1,0.5,"TOX-log-oracle",0.22,20,0.601304505467531,0.0154488710602197
"Q","lnpois",5,0.05,1,0.5,"TOX-log-oracle",0.23,20,0.605122138459474,0.0155863229274719
"Q","lnpois",5,0.05,1,0.5,"TOX-log-oracle",0.24,20,0.609577235277927,0.0154937609439086
"Q","lnpois",5,0.05,1,0.5,"TOX-log-oracle",0.25,20,0.611284934865465,0.0157127067325459
"Q","lnpois",5,0.05,1,0.5,"TOX-log-oracle",0.26,20,0.613005643925587,0.0156317540453368
"Q","lnpois",5,0.05,1,0.5,"TOX-log-oracle",0.27,20,0.617496205857272,0.0158352221236798
"Q","lnpois",5,0.05,1,0.5,"TOX-log-oracle",0.28,20,0.621772794958272,0.0158965765158972
"Q","lnpois",5,0.05,1,0.5,"TOX-log-oracle",0.29,20,0.62348099250866,0.015893541671883
"Q","lnpois",5,0.05,1,0.5,"TOX-log-oracle",0.3,20,0.624350067317331,0.0158440736294797
"Q","lnpois",5,0.05,1,0.5,"TOX-raw",0,20,0.297092535744283,0.026651097052124
"Q","lnpois",5,0.05,1,0.5,"TOX-raw",0.01,20,0.31503229632346,0.030818811099546
"Q","lnpois",5,0.05,1,0.5,"TOX-raw",0.02,20,0.369080874182988,0.0200361188373667
"Q","lnpois",5,0.05,1,0.5,"TOX-raw",0.03,20,0.401251389498783,0.0197224015705564
"Q","lnpois",5,0.05,1,0.5,"TOX-raw",0.04,20,0.426752359190648,0.0204313907647728
"Q","lnpois",5,0.05,1,0.5,"TOX-raw",0.05,20,0.449627393249252,0.0195211252607381
"Q","lnpois",5,0.05,1,0.5,"TOX-raw",0.06,20,0.466332245170167,0.0169501889133804
"Q","lnpois",5,0.05,1,0.5,"TOX-raw",0.07,20,0.48355593287609,0.0171815898534297
"Q","lnpois",5,0.05,1,0.5,"TOX-raw",0.08,20,0.495824934013299,0.0171542851544688
"Q","lnpois",5,0.05,1,0.5,"TOX-raw",0.09,20,0.510501221082537,0.0165165252407937
"Q","lnpois",5,0.05,1,0.5,"TOX-raw",0.1,20,0.522498225171079,0.0166282336738547
"Q","lnpois",5,0.05,1,0.5,"TOX-raw",0.11,20,0.527790109039315,0.0172701420899348
"Q","lnpois",5,0.05,1,0.5,"TOX-raw",0.12,20,0.531385474466957,0.0168149761869974
"Q","lnpois",5,0.05,1,0.5,"TOX-raw",0.13,20,0.537156949897531,0.0173704950662558
"Q","lnpois",5,0.05,1,0.5,"TOX-raw",0.14,20,0.541651739785024,0.0173932143741383
"Q","lnpois",5,0.05,1,0.5,"TOX-raw",0.15,20,0.546741684124136,0.017698539228575
"Q","lnpois",5,0.05,1,0.5,"TOX-raw",0.16,20,0.551878388276648,0.0182861306834619
"Q","lnpois",5,0.05,1,0.5,"TOX-raw",0.17,20,0.555064877920195,0.0183263763565183
"Q","lnpois",5,0.05,1,0.5,"TOX-raw",0.18,20,0.560584201667662,0.0186051345619311
"Q","lnpois",5,0.05,1,0.5,"TOX-raw",0.19,20,0.564203788310684,0.0186820466490606
"Q","lnpois",5,0.05,1,0.5,"TOX-raw",0.2,20,0.56826923944043,0.0186053396511419
"Q","lnpois",5,0.05,1,0.5,"TOX-raw",0.21,20,0.572603994362157,0.0179148326708114
"Q","lnpois",5,0.05,1,0.5,"TOX-raw",0.22,20,0.576230854048786,0.0178116785518641
"Q","lnpois",5,0.05,1,0.5,"TOX-raw",0.23,20,0.578579625074468,0.0174060655188286
"Q","lnpois",5,0.05,1,0.5,"TOX-raw",0.24,20,0.582202756763871,0.0167972929621729
"Q","lnpois",5,0.05,1,0.5,"TOX-raw",0.25,20,0.586013742644276,0.0167443160450166
"Q","lnpois",5,0.05,1,0.5,"TOX-raw",0.26,20,0.588994650812352,0.0169668733647585
"Q","lnpois",5,0.05,1,0.5,"TOX-raw",0.27,20,0.591540127227105,0.0169362079716837
"Q","lnpois",5,0.05,1,0.5,"TOX-raw",0.28,20,0.594985921976326,0.0166244932227981
"Q","lnpois",5,0.05,1,0.5,"TOX-raw",0.29,20,0.599285346881418,0.0169017777621132
"Q","lnpois",5,0.05,1,0.5,"TOX-raw",0.3,20,0.602511290089743,0.0170636886021404
"Q","lnpois",5,0.05,1,0.5,"TOX-raw-blocked",0,20,0.311912093739297,0.0366019016175348
"Q","lnpois",5,0.05,1,0.5,"TOX-raw-blocked",0.01,20,0.400726081968695,0.0286153797329705
"Q","lnpois",5,0.05,1,0.5,"TOX-raw-blocked",0.02,20,0.438366185966404,0.0193214526895825
"Q","lnpois",5,0.05,1,0.5,"TOX-raw-blocked",0.03,20,0.461922612907051,0.0179950412599834
"Q","lnpois",5,0.05,1,0.5,"TOX-raw-blocked",0.04,20,0.481143135420863,0.0166833922809096
"Q","lnpois",5,0.05,1,0.5,"TOX-raw-blocked",0.05,20,0.494793079146815,0.0163007651981384
"Q","lnpois",5,0.05,1,0.5,"TOX-raw-blocked",0.06,20,0.506527750871084,0.0160697540952918
"Q","lnpois",5,0.05,1,0.5,"TOX-raw-blocked",0.07,20,0.513380448469433,0.0168829059033344
"Q","lnpois",5,0.05,1,0.5,"TOX-raw-blocked",0.08,20,0.523809008322811,0.0160755187098649
"Q","lnpois",5,0.05,1,0.5,"TOX-raw-blocked",0.09,20,0.527834297954183,0.0161692811281453
"Q","lnpois",5,0.05,1,0.5,"TOX-raw-blocked",0.1,20,0.534393934021716,0.0163903475737342
"Q","lnpois",5,0.05,1,0.5,"TOX-raw-blocked",0.11,20,0.538038234999982,0.0168552078062238
"Q","lnpois",5,0.05,1,0.5,"TOX-raw-blocked",0.12,20,0.542089760238736,0.0172972656029086
"Q","lnpois",5,0.05,1,0.5,"TOX-raw-blocked",0.13,20,0.545702538274543,0.017060349360975
"Q","lnpois",5,0.05,1,0.5,"TOX-raw-blocked",0.14,20,0.5531851079369,0.0182626953634289
"Q","lnpois",5,0.05,1,0.5,"TOX-raw-blocked",0.15,20,0.557411283976984,0.0184372027057374
"Q","lnpois",5,0.05,1,0.5,"TOX-raw-blocked",0.16,20,0.561701113361969,0.0180694387592726
"Q","lnpois",5,0.05,1,0.5,"TOX-raw-blocked",0.17,20,0.564021299901458,0.0179441138429933
"Q","lnpois",5,0.05,1,0.5,"TOX-raw-blocked",0.18,20,0.568486147768203,0.0175627036792609
"Q","lnpois",5,0.05,1,0.5,"TOX-raw-blocked",0.19,20,0.573205723551807,0.0169028909151477
"Q","lnpois",5,0.05,1,0.5,"TOX-raw-blocked",0.2,20,0.576604363376672,0.0169539584337336
"Q","lnpois",5,0.05,1,0.5,"TOX-raw-blocked",0.21,20,0.579414705712488,0.0169223648244358
"Q","lnpois",5,0.05,1,0.5,"TOX-raw-blocked",0.22,20,0.583059768291382,0.0168714071962249
"Q","lnpois",5,0.05,1,0.5,"TOX-raw-blocked",0.23,20,0.585206322998399,0.0169347486943779
"Q","lnpois",5,0.05,1,0.5,"TOX-raw-blocked",0.24,20,0.589664837756717,0.0167296935069998
"Q","lnpois",5,0.05,1,0.5,"TOX-raw-blocked",0.25,20,0.591797502811624,0.0168002207218728
"Q","lnpois",5,0.05,1,0.5,"TOX-raw-blocked",0.26,20,0.59522368182721,0.0167263331546454
"Q","lnpois",5,0.05,1,0.5,"TOX-raw-blocked",0.27,20,0.598632220313014,0.0166344101164039
"Q","lnpois",5,0.05,1,0.5,"TOX-raw-blocked",0.28,20,0.600974834848307,0.016324091837131
"Q","lnpois",5,0.05,1,0.5,"TOX-raw-blocked",0.29,20,0.603104919184551,0.0162274801211236
"Q","lnpois",5,0.05,1,0.5,"TOX-raw-blocked",0.3,20,0.60631740549514,0.016472580311294
"Q","lnpois",5,0.1,0.5,0.5,"DESeq2",0,20,0.0480374535253651,0.0046898141093002
"Q","lnpois",5,0.1,0.5,0.5,"DESeq2",0.01,20,0.0480374535253651,0.0046898141093002
"Q","lnpois",5,0.1,0.5,0.5,"DESeq2",0.02,20,0.0481440633334674,0.00476308236996842
"Q","lnpois",5,0.1,0.5,0.5,"DESeq2",0.03,20,0.0500550927992939,0.00522982223226317
"Q","lnpois",5,0.1,0.5,0.5,"DESeq2",0.04,20,0.0547909022965028,0.00518566236847688
"Q","lnpois",5,0.1,0.5,0.5,"DESeq2",0.05,20,0.0605709921595294,0.00452869087577088
"Q","lnpois",5,0.1,0.5,0.5,"DESeq2",0.06,20,0.0694589833019825,0.0071732415668578
"Q","lnpois",5,0.1,0.5,0.5,"DESeq2",0.07,20,0.072414305861376,0.00713349132925425
"Q","lnpois",5,0.1,0.5,0.5,"DESeq2",0.08,20,0.0748482867503539,0.0073375704757614
"Q","lnpois",5,0.1,0.5,0.5,"DESeq2",0.09,20,0.0774786315115051,0.00744156554151852
"Q","lnpois",5,0.1,0.5,0.5,"DESeq2",0.1,20,0.0851234748398047,0.00747290709524124
"Q","lnpois",5,0.1,0.5,0.5,"DESeq2",0.11,20,0.0861707768358998,0.00741383957594348
"Q","lnpois",5,0.1,0.5,0.5,"DESeq2",0.12,20,0.0889223389654553,0.00792106944841895
"Q","lnpois",5,0.1,0.5,0.5,"DESeq2",0.13,20,0.0943827607481575,0.00757225491126594
"Q","lnpois",5,0.1,0.5,0.5,"DESeq2",0.14,20,0.0986136469499485,0.00737036542993787
"Q","lnpois",5,0.1,0.5,0.5,"DESeq2",0.15,20,0.100926240941834,0.00741157158522442
"Q","lnpois",5,0.1,0.5,0.5,"DESeq2",0.16,20,0.102936014663254,0.00748965072070739
"Q","lnpois",5,0.1,0.5,0.5,"DESeq2",0.17,20,0.107654918577773,0.00792696157073316
"Q","lnpois",5,0.1,0.5,0.5,"DESeq2",0.18,20,0.113114653926997,0.00800193602099073
"Q","lnpois",5,0.1,0.5,0.5,"DESeq2",0.19,20,0.117091091940704,0.0080041492608313
"Q","lnpois",5,0.1,0.5,0.5,"DESeq2",0.2,20,0.121084914887778,0.00807752804239647
"Q","lnpois",5,0.1,0.5,0.5,"DESeq2",0.21,20,0.122454461188157,0.00799369183958342
"Q","lnpois",5,0.1,0.5,0.5,"DESeq2",0.22,20,0.128266802414009,0.00775792186492195
"Q","lnpois",5,0.1,0.5,0.5,"DESeq2",0.23,20,0.132271410171751,0.00784685167541675
"Q","lnpois",5,0.1,0.5,0.5,"DESeq2",0.24,20,0.137328993101908,0.00854869989947002
"Q","lnpois",5,0.1,0.5,0.5,"DESeq2",0.25,20,0.140907198225728,0.00870578986797125
"Q","lnpois",5,0.1,0.5,0.5,"DESeq2",0.26,20,0.143627886868663,0.00844232048976107
"Q","lnpois",5,0.1,0.5,0.5,"DESeq2",0.27,20,0.146568558390998,0.00837438972890655
"Q","lnpois",5,0.1,0.5,0.5,"DESeq2",0.28,20,0.150378994597157,0.00951493539525183
"Q","lnpois",5,0.1,0.5,0.5,"DESeq2",0.29,20,0.154584123030196,0.00943699808202857
"Q","lnpois",5,0.1,0.5,0.5,"DESeq2",0.3,20,0.159183035382982,0.00990741646329417
"Q","lnpois",5,0.1,0.5,0.5,"edgeR",0,20,0.0771252242808713,0.00473119025787606
"Q","lnpois",5,0.1,0.5,0.5,"edgeR",0.01,20,0.0771252242808713,0.00473119025787606
"Q","lnpois",5,0.1,0.5,0.5,"edgeR",0.02,20,0.0825297973689483,0.00601997284049599
"Q","lnpois",5,0.1,0.5,0.5,"edgeR",0.03,20,0.0862258826118746,0.00585519322825392
"Q","lnpois",5,0.1,0.5,0.5,"edgeR",0.04,20,0.092682189588131,0.0070667111199214
"Q","lnpois",5,0.1,0.5,0.5,"edgeR",0.05,20,0.098996163787849,0.00702982630616548
"Q","lnpois",5,0.1,0.5,0.5,"edgeR",0.06,20,0.109811725443185,0.00775597741337247
"Q","lnpois",5,0.1,0.5,0.5,"edgeR",0.07,20,0.115379760544767,0.00790287670399277
"Q","lnpois",5,0.1,0.5,0.5,"edgeR",0.08,20,0.11906324511137,0.00808373762388969
"Q","lnpois",5,0.1,0.5,0.5,"edgeR",0.09,20,0.126564332170806,0.00934514782127984
"Q","lnpois",5,0.1,0.5,0.5,"edgeR",0.1,20,0.13421010039095,0.00873652875348877
"Q","lnpois",5,0.1,0.5,0.5,"edgeR",0.11,20,0.138534213549894,0.0092524102735124
"Q","lnpois",5,0.1,0.5,0.5,"edgeR",0.12,20,0.142623035499889,0.00917598028131712
"Q","lnpois",5,0.1,0.5,0.5,"edgeR",0.13,20,0.147954617995754,0.00979401646826202
"Q","lnpois",5,0.1,0.5,0.5,"edgeR",0.14,20,0.15493166295146,0.0107721756533398
"Q","lnpois",5,0.1,0.5,0.5,"edgeR",0.15,20,0.161377115313672,0.0107413596674227
"Q","lnpois",5,0.1,0.5,0.5,"edgeR",0.16,20,0.164942245963803,0.0103834439051889
"Q","lnpois",5,0.1,0.5,0.5,"edgeR",0.17,20,0.169687496167435,0.0103899866598797
"Q","lnpois",5,0.1,0.5,0.5,"edgeR",0.18,20,0.174851719558502,0.0105954712054378
"Q","lnpois",5,0.1,0.5,0.5,"edgeR",0.19,20,0.178319102508944,0.010506862361396
"Q","lnpois",5,0.1,0.5,0.5,"edgeR",0.2,20,0.180728557572984,0.0105402342280412
"Q","lnpois",5,0.1,0.5,0.5,"edgeR",0.21,20,0.183887217450932,0.0104529616485642
"Q","lnpois",5,0.1,0.5,0.5,"edgeR",0.22,20,0.189015475120975,0.0110843496537588
"Q","lnpois",5,0.1,0.5,0.5,"edgeR",0.23,20,0.196645970685477,0.010768838661902
"Q","lnpois",5,0.1,0.5,0.5,"edgeR",0.24,20,0.203189195492625,0.0108107351710637
"Q","lnpois",5,0.1,0.5,0.5,"edgeR",0.25,20,0.206353317149856,0.0106485668550172
"Q","lnpois",5,0.1,0.5,0.5,"edgeR",0.26,20,0.211827646599865,0.0108938149138087
"Q","lnpois",5,0.1,0.5,0.5,"edgeR",0.27,20,0.216365557554179,0.011274560240989
"Q","lnpois",5,0.1,0.5,0.5,"edgeR",0.28,20,0.21964734939003,0.0113738280465907
"Q","lnpois",5,0.1,0.5,0.5,"edgeR",0.29,20,0.222591058844059,0.0114316359246652
"Q","lnpois",5,0.1,0.5,0.5,"edgeR",0.3,20,0.227987879623652,0.0116358576165205
"Q","lnpois",5,0.1,0.5,0.5,"limma",0,20,0.0831630772181987,0.00638742827781391
"Q","lnpois",5,0.1,0.5,0.5,"limma",0.01,20,0.0831630772181987,0.00638742827781391
"Q","lnpois",5,0.1,0.5,0.5,"limma",0.02,20,0.088332541066177,0.00792752929686246
"Q","lnpois",5,0.1,0.5,0.5,"limma",0.03,20,0.0942307648055989,0.00749403305451356
"Q","lnpois",5,0.1,0.5,0.5,"limma",0.04,20,0.102145957729555,0.00837039802013751
"Q","lnpois",5,0.1,0.5,0.5,"limma",0.05,20,0.111675800837673,0.00851532468590281
"Q","lnpois",5,0.1,0.5,0.5,"limma",0.06,20,0.116728472169726,0.00848418687645391
"Q","lnpois",5,0.1,0.5,0.5,"limma",0.07,20,0.120710604734653,0.00909447230864511
"Q","lnpois",5,0.1,0.5,0.5,"limma",0.08,20,0.125525166887759,0.00904667605416023
"Q","lnpois",5,0.1,0.5,0.5,"limma",0.09,20,0.130702027738861,0.00946863762505488
"Q","lnpois",5,0.1,0.5,0.5,"limma",0.1,20,0.136854303986682,0.0112183169678381
"Q","lnpois",5,0.1,0.5,0.5,"limma",0.11,20,0.142974080799798,0.0112403833171715
"Q","lnpois",5,0.1,0.5,0.5,"limma",0.12,20,0.148987798811272,0.0112270947785739
"Q","lnpois",5,0.1,0.5,0.5,"limma",0.13,20,0.152779904670847,0.0113017424569073
"Q","lnpois",5,0.1,0.5,0.5,"limma",0.14,20,0.155928366596467,0.0111027663039015
"Q","lnpois",5,0.1,0.5,0.5,"limma",0.15,20,0.158977578590262,0.0110916085724542
"Q","lnpois",5,0.1,0.5,0.5,"limma",0.16,20,0.16540809462311,0.0110720425085912
"Q","lnpois",5,0.1,0.5,0.5,"limma",0.17,20,0.168757699974483,0.0110398274086092
"Q","lnpois",5,0.1,0.5,0.5,"limma",0.18,20,0.17297288843441,0.0110357830584978
"Q","lnpois",5,0.1,0.5,0.5,"limma",0.19,20,0.179101876853999,0.0118987138497789
"Q","lnpois",5,0.1,0.5,0.5,"limma",0.2,20,0.18604878829311,0.0114474117807214
"Q","lnpois",5,0.1,0.5,0.5,"limma",0.21,20,0.18877531436374,0.0117264611719896
"Q","lnpois",5,0.1,0.5,0.5,"limma",0.22,20,0.193406537344636,0.0119077011321183
"Q","lnpois",5,0.1,0.5,0.5,"limma",0.23,20,0.197206640326725,0.0120043761032321
"Q","lnpois",5,0.1,0.5,0.5,"limma",0.24,20,0.200678513856838,0.0119769546099161
"Q","lnpois",5,0.1,0.5,0.5,"limma",0.25,20,0.204889546383801,0.0118559438501734
"Q","lnpois",5,0.1,0.5,0.5,"limma",0.26,20,0.211409459071598,0.012198978000921
"Q","lnpois",5,0.1,0.5,0.5,"limma",0.27,20,0.215198410274921,0.0126185251809247
"Q","lnpois",5,0.1,0.5,0.5,"limma",0.28,20,0.219321521567174,0.0128361164972069
"Q","lnpois",5,0.1,0.5,0.5,"limma",0.29,20,0.224708382784571,0.0128065170374876
"Q","lnpois",5,0.1,0.5,0.5,"limma",0.3,20,0.227334880077826,0.0128366393369593
"Q","lnpois",5,0.1,0.5,0.5,"TOX-log",0,20,0.123792931521271,0.0114045155300807
"Q","lnpois",5,0.1,0.5,0.5,"TOX-log",0.01,20,0.138079497372738,0.0119333313228221
"Q","lnpois",5,0.1,0.5,0.5,"TOX-log",0.02,20,0.156786028057196,0.0124970896036738
"Q","lnpois",5,0.1,0.5,0.5,"TOX-log",0.03,20,0.17111579649451,0.0134926682789127
"Q","lnpois",5,0.1,0.5,0.5,"TOX-log",0.04,20,0.182631426676016,0.0138139834445768
"Q","lnpois",5,0.1,0.5,0.5,"TOX-log",0.05,20,0.192400080313916,0.0135554801602776
"Q","lnpois",5,0.1,0.5,0.5,"TOX-log",0.06,20,0.203583481286887,0.0129410929026591
"Q","lnpois",5,0.1,0.5,0.5,"TOX-log",0.07,20,0.2088570127172,0.0132672065132504
"Q","lnpois",5,0.1,0.5,0.5,"TOX-log",0.08,20,0.216854662273581,0.0134237597381969
"Q","lnpois",5,0.1,0.5,0.5,"TOX-log",0.09,20,0.2231809927107,0.0133292148789111
"Q","lnpois",5,0.1,0.5,0.5,"TOX-log",0.1,20,0.230442597661584,0.0134206615323078
"Q","lnpois",5,0.1,0.5,0.5,"TOX-log",0.11,20,0.236116517577127,0.0132915637783739
"Q","lnpois",5,0.1,0.5,0.5,"TOX-log",0.12,20,0.241175752543647,0.0135008077681833
"Q","lnpois",5,0.1,0.5,0.5,"TOX-log",0.13,20,0.246625792465241,0.0137664359954207
"Q","lnpois",5,0.1,0.5,0.5,"TOX-log",0.14,20,0.25505537014878,0.0130003486161837
"Q","lnpois",5,0.1,0.5,0.5,"TOX-log",0.15,20,0.26340561924303,0.0126615543355499
"Q","lnpois",5,0.1,0.5,0.5,"TOX-log",0.16,20,0.270873593419272,0.0128159429382362
"Q","lnpois",5,0.1,0.5,0.5,"TOX-log",0.17,20,0.276670737831111,0.012968830884874
"Q","lnpois",5,0.1,0.5,0.5,"TOX-log",0.18,20,0.280251221310569,0.0127348698854444
"Q","lnpois",5,0.1,0.5,0.5,"TOX-log",0.19,20,0.284563381166734,0.0126725623355771
"Q","lnpois",5,0.1,0.5,0.5,"TOX-log",0.2,20,0.288758808296951,0.0128267748815882
"Q","lnpois",5,0.1,0.5,0.5,"TOX-log",0.21,20,0.294747374934084,0.0123146567221018
"Q","lnpois",5,0.1,0.5,0.5,"TOX-log",0.22,20,0.301909859456223,0.01237177722465
"Q","lnpois",5,0.1,0.5,0.5,"TOX-log",0.23,20,0.307811948797376,0.0128746780834233
"Q","lnpois",5,0.1,0.5,0.5,"TOX-log",0.24,20,0.313057100885895,0.0130949477495759
"Q","lnpois",5,0.1,0.5,0.5,"TOX-log",0.25,20,0.31569955720855,0.0130608283580353
"Q","lnpois",5,0.1,0.5,0.5,"TOX-log",0.26,20,0.321595170206196,0.0125450528002133
"Q","lnpois",5,0.1,0.5,0.5,"TOX-log",0.27,20,0.324952715957144,0.012416688808447
"Q","lnpois",5,0.1,0.5,0.5,"TOX-log",0.28,20,0.328539382268418,0.0124642259342983
"Q","lnpois",5,0.1,0.5,0.5,"TOX-log",0.29,20,0.331906607838227,0.012524520825417
"Q","lnpois",5,0.1,0.5,0.5,"TOX-log",0.3,20,0.337064617654023,0.0130409692229732
"Q","lnpois",5,0.1,0.5,0.5,"TOX-log-blocked",0,20,0.13550327925028,0.00938561793318978
"Q","lnpois",5,0.1,0.5,0.5,"TOX-log-blocked",0.01,20,0.144448633738431,0.0121142692956319
"Q","lnpois",5,0.1,0.5,0.5,"TOX-log-blocked",0.02,20,0.168163004319775,0.0122632068230114
"Q","lnpois",5,0.1,0.5,0.5,"TOX-log-blocked",0.03,20,0.179576199647903,0.0119817676745432
"Q","lnpois",5,0.1,0.5,0.5,"TOX-log-blocked",0.04,20,0.189336442726801,0.0121981169280691
"Q","lnpois",5,0.1,0.5,0.5,"TOX-log-blocked",0.05,20,0.198076468166114,0.0126932760142771
"Q","lnpois",5,0.1,0.5,0.5,"TOX-log-blocked",0.06,20,0.207174464074304,0.0132181977237316
"Q","lnpois",5,0.1,0.5,0.5,"TOX-log-blocked",0.07,20,0.214210274129257,0.0131726249523441
"Q","lnpois",5,0.1,0.5,0.5,"TOX-log-blocked",0.08,20,0.221798941657859,0.0131478494179101
"Q","lnpois",5,0.1,0.5,0.5,"TOX-log-blocked",0.09,20,0.227695188747066,0.0128116069237441
"Q","lnpois",5,0.1,0.5,0.5,"TOX-log-blocked",0.1,20,0.235168011590347,0.0130058958323373
"Q","lnpois",5,0.1,0.5,0.5,"TOX-log-blocked",0.11,20,0.240230200639608,0.0125231514165467
"Q","lnpois",5,0.1,0.5,0.5,"TOX-log-blocked",0.12,20,0.246659763048589,0.013069593447586
"Q","lnpois",5,0.1,0.5,0.5,"TOX-log-blocked",0.13,20,0.256648729075306,0.0123853667929703
"Q","lnpois",5,0.1,0.5,0.5,"TOX-log-blocked",0.14,20,0.261614708308342,0.0125560174658569
"Q","lnpois",5,0.1,0.5,0.5,"TOX-log-blocked",0.15,20,0.26612873881971,0.0126770330931772
"Q","lnpois",5,0.1,0.5,0.5,"TOX-log-blocked",0.16,20,0.272769370913101,0.0127254221323191
"Q","lnpois",5,0.1,0.5,0.5,"TOX-log-blocked",0.17,20,0.276563617993085,0.0126252272480569
"Q","lnpois",5,0.1,0.5,0.5,"TOX-log-blocked",0.18,20,0.282974547631979,0.0126725879174392
"Q","lnpois",5,0.1,0.5,0.5,"TOX-log-blocked",0.19,20,0.287194476671375,0.0125864090789032
"Q","lnpois",5,0.1,0.5,0.5,"TOX-log-blocked",0.2,20,0.293096180648156,0.0128107074813149
"Q","lnpois",5,0.1,0.5,0.5,"TOX-log-blocked",0.21,20,0.298663384369108,0.0125096933131945
"Q","lnpois",5,0.1,0.5,0.5,"TOX-log-blocked",0.22,20,0.306339197331578,0.0127421000972832
"Q","lnpois",5,0.1,0.5,0.5,"TOX-log-blocked",0.23,20,0.310770058819578,0.0129981253484626
"Q","lnpois",5,0.1,0.5,0.5,"TOX-log-blocked",0.24,20,0.316035521472308,0.0128272424879604
"Q","lnpois",5,0.1,0.5,0.5,"TOX-log-blocked",0.25,20,0.319181945919758,0.0127090599736244
"Q","lnpois",5,0.1,0.5,0.5,"TOX-log-blocked",0.26,20,0.323071814576133,0.0124339668677638
"Q","lnpois",5,0.1,0.5,0.5,"TOX-log-blocked",0.27,20,0.32611426732321,0.0122978565035905
"Q","lnpois",5,0.1,0.5,0.5,"TOX-log-blocked",0.28,20,0.329802926393351,0.0121778592082293
"Q","lnpois",5,0.1,0.5,0.5,"TOX-log-blocked",0.29,20,0.332740480900431,0.0125280162082989
"Q","lnpois",5,0.1,0.5,0.5,"TOX-log-blocked",0.3,20,0.33811656677928,0.0126211355471795
"Q","lnpois",5,0.1,0.5,0.5,"TOX-log-blocked-oracle",0,20,0.140726571288196,0.00853662119962353
"Q","lnpois",5,0.1,0.5,0.5,"TOX-log-blocked-oracle",0.01,20,0.147273540345012,0.0110559596168236
"Q","lnpois",5,0.1,0.5,0.5,"TOX-log-blocked-oracle",0.02,20,0.168367086486033,0.0119025550119525
"Q","lnpois",5,0.1,0.5,0.5,"TOX-log-blocked-oracle",0.03,20,0.179963446558456,0.0114484344915406
"Q","lnpois",5,0.1,0.5,0.5,"TOX-log-blocked-oracle",0.04,20,0.192240623665008,0.0110710946765567
"Q","lnpois",5,0.1,0.5,0.5,"TOX-log-blocked-oracle",0.05,20,0.200773098861351,0.0119872524813217
"Q","lnpois",5,0.1,0.5,0.5,"TOX-log-blocked-oracle",0.06,20,0.206670429830366,0.0119943025592863
"Q","lnpois",5,0.1,0.5,0.5,"TOX-log-blocked-oracle",0.07,20,0.215324774301724,0.0129081147802736
"Q","lnpois",5,0.1,0.5,0.5,"TOX-log-blocked-oracle",0.08,20,0.22368609887574,0.013846490202065
"Q","lnpois",5,0.1,0.5,0.5,"TOX-log-blocked-oracle",0.09,20,0.229718544925525,0.0138105218258928
"Q","lnpois",5,0.1,0.5,0.5,"TOX-log-blocked-oracle",0.1,20,0.239307675088957,0.0131377879602338
"Q","lnpois",5,0.1,0.5,0.5,"TOX-log-blocked-oracle",0.11,20,0.246240661484007,0.013298889899247
"Q","lnpois",5,0.1,0.5,0.5,"TOX-log-blocked-oracle",0.12,20,0.251499983001567,0.0131770689691399
"Q","lnpois",5,0.1,0.5,0.5,"TOX-log-blocked-oracle",0.13,20,0.257616656028385,0.0130611255688953
"Q","lnpois",5,0.1,0.5,0.5,"TOX-log-blocked-oracle",0.14,20,0.264229217867793,0.0121380211448274
"Q","lnpois",5,0.1,0.5,0.5,"TOX-log-blocked-oracle",0.15,20,0.268753436727604,0.0120021726891888
"Q","lnpois",5,0.1,0.5,0.5,"TOX-log-blocked-oracle",0.16,20,0.273497528882459,0.0126434386391807
"Q","lnpois",5,0.1,0.5,0.5,"TOX-log-blocked-oracle",0.17,20,0.278680067642413,0.0126721366539
"Q","lnpois",5,0.1,0.5,0.5,"TOX-log-blocked-oracle",0.18,20,0.284041003729187,0.0124350647644195
"Q","lnpois",5,0.1,0.5,0.5,"TOX-log-blocked-oracle",0.19,20,0.28887441624451,0.012103663728039
"Q","lnpois",5,0.1,0.5,0.5,"TOX-log-blocked-oracle",0.2,20,0.293915060540529,0.012148796807778
"Q","lnpois",5,0.1,0.5,0.5,"TOX-log-blocked-oracle",0.21,20,0.299611339475944,0.0121276706409691
"Q","lnpois",5,0.1,0.5,0.5,"TOX-log-blocked-oracle",0.22,20,0.305079725170653,0.0117935380849197
"Q","lnpois",5,0.1,0.5,0.5,"TOX-log-blocked-oracle",0.23,20,0.309609194173214,0.0114470558357755
"Q","lnpois",5,0.1,0.5,0.5,"TOX-log-blocked-oracle",0.24,20,0.314566065432506,0.0118081287724795
"Q","lnpois",5,0.1,0.5,0.5,"TOX-log-blocked-oracle",0.25,20,0.320446396690121,0.0119476256808377
"Q","lnpois",5,0.1,0.5,0.5,"TOX-log-blocked-oracle",0.26,20,0.323080615415046,0.0119647164676797
"Q","lnpois",5,0.1,0.5,0.5,"TOX-log-blocked-oracle",0.27,20,0.327913214850763,0.0119452173422929
"Q","lnpois",5,0.1,0.5,0.5,"TOX-log-blocked-oracle",0.28,20,0.333184982344729,0.01229801269374
"Q","lnpois",5,0.1,0.5,0.5,"TOX-log-blocked-oracle",0.29,20,0.336438934849716,0.0121297006526999
"Q","lnpois",5,0.1,0.5,0.5,"TOX-log-blocked-oracle",0.3,20,0.34233604592559,0.0120248457348892
"Q","lnpois",5,0.1,0.5,0.5,"TOX-log-boot",0,20,0.12167051537378,0.014018809196346
"Q","lnpois",5,0.1,0.5,0.5,"TOX-log-boot",0.01,20,0.137761891377856,0.015284737894458
"Q","lnpois",5,0.1,0.5,0.5,"TOX-log-boot",0.02,20,0.1710727919461,0.0124345417724888
"Q","lnpois",5,0.1,0.5,0.5,"TOX-log-boot",0.03,20,0.182165482956366,0.012254379596188
"Q","lnpois",5,0.1,0.5,0.5,"TOX-log-boot",0.04,20,0.195309279157842,0.0116425094050403
"Q","lnpois",5,0.1,0.5,0.5,"TOX-log-boot",0.05,20,0.201401319247066,0.0123404504828063
"Q","lnpois",5,0.1,0.5,0.5,"TOX-log-boot",0.06,20,0.211902430648198,0.0129098448417354
"Q","lnpois",5,0.1,0.5,0.5,"TOX-log-boot",0.07,20,0.218598986799035,0.0128326372160977
"Q","lnpois",5,0.1,0.5,0.5,"TOX-log-boot",0.08,20,0.227424154755834,0.0126173495106795
"Q","lnpois",5,0.1,0.5,0.5,"TOX-log-boot",0.09,20,0.233327030317446,0.0128364285645386
"Q","lnpois",5,0.1,0.5,0.5,"TOX-log-boot",0.1,20,0.240933115473717,0.0124860019708895
"Q","lnpois",5,0.1,0.5,0.5,"TOX-log-boot",0.11,20,0.244938728621193,0.0125331080461608
"Q","lnpois",5,0.1,0.5,0.5,"TOX-log-boot",0.12,20,0.251894395032005,0.01258428670391
"Q","lnpois",5,0.1,0.5,0.5,"TOX-log-boot",0.13,20,0.255593587767738,0.0126099424948057
"Q","lnpois",5,0.1,0.5,0.5,"TOX-log-boot",0.14,20,0.26346252787038,0.0128932301074795
"Q","lnpois",5,0.1,0.5,0.5,"TOX-log-boot",0.15,20,0.27063581420666,0.0124280754563608
"Q","lnpois",5,0.1,0.5,0.5,"TOX-log-boot",0.16,20,0.275934785464146,0.0125075323970083
"Q","lnpois",5,0.1,0.5,0.5,"TOX-log-boot",0.17,20,0.280240215357157,0.0125526920158767
"Q","lnpois",5,0.1,0.5,0.5,"TOX-log-boot",0.18,20,0.284875665063895,0.0122434280663872
"Q","lnpois",5,0.1,0.5,0.5,"TOX-log-boot",0.19,20,0.288982155310199,0.0119938312694752
"Q","lnpois",5,0.1,0.5,0.5,"TOX-log-boot",0.2,20,0.29413253295169,0.0123741935062058
"Q","lnpois",5,0.1,0.5,0.5,"TOX-log-boot",0.21,20,0.300035147714705,0.0126002282680152
"Q","lnpois",5,0.1,0.5,0.5,"TOX-log-boot",0.22,20,0.305929933690906,0.01270647248573
"Q","lnpois",5,0.1,0.5,0.5,"TOX-log-boot",0.23,20,0.311615973201479,0.0124054411477402
"Q","lnpois",5,0.1,0.5,0.5,"TOX-log-boot",0.24,20,0.315931742335068,0.0125044769153891
"Q","lnpois",5,0.1,0.5,0.5,"TOX-log-boot",0.25,20,0.320334075017425,0.0126569993297386
"Q","lnpois",5,0.1,0.5,0.5,"TOX-log-boot",0.26,20,0.323594754504749,0.012451158420426
"Q","lnpois",5,0.1,0.5,0.5,"TOX-log-boot",0.27,20,0.327177631888449,0.0123188258433719
"Q","lnpois",5,0.1,0.5,0.5,"TOX-log-boot",0.28,20,0.332430503193851,0.0126950211149926
"Q","lnpois",5,0.1,0.5,0.5,"TOX-log-boot",0.29,20,0.335572245730245,0.0128017482553966
"Q","lnpois",5,0.1,0.5,0.5,"TOX-log-boot",0.3,20,0.338218809923299,0.0128676399070253
"Q","lnpois",5,0.1,0.5,0.5,"TOX-log-oracle",0,20,0.124147343986801,0.0116271861446627
"Q","lnpois",5,0.1,0.5,0.5,"TOX-log-oracle",0.01,20,0.128130572498331,0.0126354969256441
"Q","lnpois",5,0.1,0.5,0.5,"TOX-log-oracle",0.02,20,0.150561433643513,0.0149463256077687
"Q","lnpois",5,0.1,0.5,0.5,"TOX-log-oracle",0.03,20,0.173178253166518,0.0120560207664993
"Q","lnpois",5,0.1,0.5,0.5,"TOX-log-oracle",0.04,20,0.184212968653227,0.0116876552577631
"Q","lnpois",5,0.1,0.5,0.5,"TOX-log-oracle",0.05,20,0.194233852932051,0.0119873787778476
"Q","lnpois",5,0.1,0.5,0.5,"TOX-log-oracle",0.06,20,0.201802022280508,0.0122393775210956
"Q","lnpois",5,0.1,0.5,0.5,"TOX-log-oracle",0.07,20,0.210350227670932,0.0136144103688882
"Q","lnpois",5,0.1,0.5,0.5,"TOX-log-oracle",0.08,20,0.219875181718872,0.0140630308786951
"Q","lnpois",5,0.1,0.5,0.5,"TOX-log-oracle",0.09,20,0.228135461697736,0.0137582489830265
"Q","lnpois",5,0.1,0.5,0.5,"TOX-log-oracle",0.1,20,0.233082551503865,0.0137150396290221
"Q","lnpois",5,0.1,0.5,0.5,"TOX-log-oracle",0.11,20,0.241097129756606,0.0136995742119734
"Q","lnpois",5,0.1,0.5,0.5,"TOX-log-oracle",0.12,20,0.246998740586987,0.0138807441023065
"Q","lnpois",5,0.1,0.5,0.5,"TOX-log-oracle",0.13,20,0.25266346169663,0.0135999259728392
"Q","lnpois",5,0.1,0.5,0.5,"TOX-log-oracle",0.14,20,0.258039203974593,0.0131907993822327
"Q","lnpois",5,0.1,0.5,0.5,"TOX-log-oracle",0.15,20,0.267374829686852,0.0123649094081383
"Q","lnpois",5,0.1,0.5,0.5,"TOX-log-oracle",0.16,20,0.271066794522234,0.0125224001023105
"Q","lnpois",5,0.1,0.5,0.5,"TOX-log-oracle",0.17,20,0.274230866102508,0.0125664951705655
"Q","lnpois",5,0.1,0.5,0.5,"TOX-log-oracle",0.18,20,0.279192815801581,0.0124638830361339
"Q","lnpois",5,0.1,0.5,0.5,"TOX-log-oracle",0.19,20,0.28424395918187,0.012181056857212
"Q","lnpois",5,0.1,0.5,0.5,"TOX-log-oracle",0.2,20,0.292136476145659,0.0125518815363863
"Q","lnpois",5,0.1,0.5,0.5,"TOX-log-oracle",0.21,20,0.296454398349273,0.0124227552847882
"Q","lnpois",5,0.1,0.5,0.5,"TOX-log-oracle",0.22,20,0.301826317080227,0.0120614577789708
"Q","lnpois",5,0.1,0.5,0.5,"TOX-log-oracle",0.23,20,0.306785961117336,0.0116426042130574
"Q","lnpois",5,0.1,0.5,0.5,"TOX-log-oracle",0.24,20,0.311194858387893,0.011637407859268
"Q","lnpois",5,0.1,0.5,0.5,"TOX-log-oracle",0.25,20,0.316752512189918,0.0117688511076778
"Q","lnpois",5,0.1,0.5,0.5,"TOX-log-oracle",0.26,20,0.320948053401339,0.0116862296785934
"Q","lnpois",5,0.1,0.5,0.5,"TOX-log-oracle",0.27,20,0.326857001690648,0.011952800068785
"Q","lnpois",5,0.1,0.5,0.5,"TOX-log-oracle",0.28,20,0.33202441502502,0.0126719716654641
"Q","lnpois",5,0.1,0.5,0.5,"TOX-log-oracle",0.29,20,0.33580347109133,0.0125327461366596
"Q","lnpois",5,0.1,0.5,0.5,"TOX-log-oracle",0.3,20,0.341606545662308,0.0123867611261396
"Q","lnpois",5,0.1,0.5,0.5,"TOX-raw",0,20,0.0769573530225177,0.00996738907789499
"Q","lnpois",5,0.1,0.5,0.5,"TOX-raw",0.01,20,0.0783432805278482,0.0109926105799192
"Q","lnpois",5,0.1,0.5,0.5,"TOX-raw",0.02,20,0.0928021886317828,0.0117724339790891
"Q","lnpois",5,0.1,0.5,0.5,"TOX-raw",0.03,20,0.113564139344246,0.0149026121820341
"Q","lnpois",5,0.1,0.5,0.5,"TOX-raw",0.04,20,0.12729873164806,0.0156765257221947
"Q","lnpois",5,0.1,0.5,0.5,"TOX-raw",0.05,20,0.141683051760749,0.0154276077127557
"Q","lnpois",5,0.1,0.5,0.5,"TOX-raw",0.06,20,0.15151623016953,0.0154502290328175
"Q","lnpois",5,0.1,0.5,0.5,"TOX-raw",0.07,20,0.165718693476417,0.0160325618790722
"Q","lnpois",5,0.1,0.5,0.5,"TOX-raw",0.08,20,0.175589834582713,0.0154663747940597
"Q","lnpois",5,0.1,0.5,0.5,"TOX-raw",0.09,20,0.182025877275097,0.016612999453455
"Q","lnpois",5,0.1,0.5,0.5,"TOX-raw",0.1,20,0.196765363280718,0.0146224013482233
"Q","lnpois",5,0.1,0.5,0.5,"TOX-raw",0.11,20,0.206738378055122,0.0142023222904787
"Q","lnpois",5,0.1,0.5,0.5,"TOX-raw",0.12,20,0.21497762269438,0.0147420193676319
"Q","lnpois",5,0.1,0.5,0.5,"TOX-raw",0.13,20,0.228083670621761,0.013832440565791
"Q","lnpois",5,0.1,0.5,0.5,"TOX-raw",0.14,20,0.232929186491511,0.0135678887344827
"Q","lnpois",5,0.1,0.5,0.5,"TOX-raw",0.15,20,0.237789900619199,0.0134014706928833
"Q","lnpois",5,0.1,0.5,0.5,"TOX-raw",0.16,20,0.244457617346463,0.0133358249336577
"Q","lnpois",5,0.1,0.5,0.5,"TOX-raw",0.17,20,0.25014559304961,0.0133268211718671
"Q","lnpois",5,0.1,0.5,0.5,"TOX-raw",0.18,20,0.261424321513246,0.0139677037894626
"Q","lnpois",5,0.1,0.5,0.5,"TOX-raw",0.19,20,0.266479058797537,0.0138599284073198
"Q","lnpois",5,0.1,0.5,0.5,"TOX-raw",0.2,20,0.272390059620773,0.0137039289499406
"Q","lnpois",5,0.1,0.5,0.5,"TOX-raw",0.21,20,0.277642766005494,0.013451331216709
"Q","lnpois",5,0.1,0.5,0.5,"TOX-raw",0.22,20,0.282887309212581,0.0141226777029417
"Q","lnpois",5,0.1,0.5,0.5,"TOX-raw",0.23,20,0.288899237697148,0.0138310809039393
"Q","lnpois",5,0.1,0.5,0.5,"TOX-raw",0.24,20,0.292702365217507,0.0137815869063735
"Q","lnpois",5,0.1,0.5,0.5,"TOX-raw",0.25,20,0.300184143954006,0.0136941114225831
"Q","lnpois",5,0.1,0.5,0.5,"TOX-raw",0.26,20,0.306275173621547,0.0133247237179329
"Q","lnpois",5,0.1,0.5,0.5,"TOX-raw",0.27,20,0.309884910544042,0.0133555792727864
"Q","lnpois",5,0.1,0.5,0.5,"TOX-raw",0.28,20,0.315245864627231,0.0135243018278428
"Q","lnpois",5,0.1,0.5,0.5,"TOX-raw",0.29,20,0.318824359003211,0.0136404319810698
"Q","lnpois",5,0.1,0.5,0.5,"TOX-raw",0.3,20,0.32312804561797,0.0136276381417849
"Q","lnpois",5,0.1,0.5,0.5,"TOX-raw-blocked",0,20,0.0898305572989877,0.0129444794819054
"Q","lnpois",5,0.1,0.5,0.5,"TOX-raw-blocked",0.01,20,0.0910032651881135,0.0137250709788536
"Q","lnpois",5,0.1,0.5,0.5,"TOX-raw-blocked",0.02,20,0.111371601708961,0.015208122109809
"Q","lnpois",5,0.1,0.5,0.5,"TOX-raw-blocked",0.03,20,0.12949583741465,0.0142344123443034
"Q","lnpois",5,0.1,0.5,0.5,"TOX-raw-blocked",0.04,20,0.140896890740086,0.0164691622343142
"Q","lnpois",5,0.1,0.5,0.5,"TOX-raw-blocked",0.05,20,0.153069029850497,0.016891873536405
"Q","lnpois",5,0.1,0.5,0.5,"TOX-raw-blocked",0.06,20,0.168647664498021,0.0158639779641395
"Q","lnpois",5,0.1,0.5,0.5,"TOX-raw-blocked",0.07,20,0.181977180849912,0.0145712886945823
"Q","lnpois",5,0.1,0.5,0.5,"TOX-raw-blocked",0.08,20,0.193638096596641,0.0149710457905889
"Q","lnpois",5,0.1,0.5,0.5,"TOX-raw-blocked",0.09,20,0.197007261272293,0.0150704051754314
"Q","lnpois",5,0.1,0.5,0.5,"TOX-raw-blocked",0.1,20,0.204465414809124,0.0154566321319873
"Q","lnpois",5,0.1,0.5,0.5,"TOX-raw-blocked",0.11,20,0.213365595045352,0.0147230027373903
"Q","lnpois",5,0.1,0.5,0.5,"TOX-raw-blocked",0.12,20,0.221921280475591,0.0141900041205502
"Q","lnpois",5,0.1,0.5,0.5,"TOX-raw-blocked",0.13,20,0.228372380017914,0.013940403467509
"Q","lnpois",5,0.1,0.5,0.5,"TOX-raw-blocked",0.14,20,0.237718505261137,0.0135645252429652
"Q","lnpois",5,0.1,0.5,0.5,"TOX-raw-blocked",0.15,20,0.244644321660404,0.0135129374774484
"Q","lnpois",5,0.1,0.5,0.5,"TOX-raw-blocked",0.16,20,0.250243682134012,0.0137104437576991
"Q","lnpois",5,0.1,0.5,0.5,"TOX-raw-blocked",0.17,20,0.254673080334938,0.0136428060457951
"Q","lnpois",5,0.1,0.5,0.5,"TOX-raw-blocked",0.18,20,0.262990883613926,0.0132522572542243
"Q","lnpois",5,0.1,0.5,0.5,"TOX-raw-blocked",0.19,20,0.268566843175918,0.0137331103198174
"Q","lnpois",5,0.1,0.5,0.5,"TOX-raw-blocked",0.2,20,0.276765453168242,0.0136598347200281
"Q","lnpois",5,0.1,0.5,0.5,"TOX-raw-blocked",0.21,20,0.282448775509767,0.0137519435666718
"Q","lnpois",5,0.1,0.5,0.5,"TOX-raw-blocked",0.22,20,0.287387576767883,0.0134240992736924
"Q","lnpois",5,0.1,0.5,0.5,"TOX-raw-blocked",0.23,20,0.291504822976664,0.0133455683188535
"Q","lnpois",5,0.1,0.5,0.5,"TOX-raw-blocked",0.24,20,0.297658107196864,0.0134263745105789
"Q","lnpois",5,0.1,0.5,0.5,"TOX-raw-blocked",0.25,20,0.302199753725994,0.0134059567792399
"Q","lnpois",5,0.1,0.5,0.5,"TOX-raw-blocked",0.26,20,0.305667452125801,0.0130285750322427
"Q","lnpois",5,0.1,0.5,0.5,"TOX-raw-blocked",0.27,20,0.30945005467774,0.013273019467018
"Q","lnpois",5,0.1,0.5,0.5,"TOX-raw-blocked",0.28,20,0.313775813608248,0.0135239753535612
"Q","lnpois",5,0.1,0.5,0.5,"TOX-raw-blocked",0.29,20,0.320512786348055,0.0135627415869296
"Q","lnpois",5,0.1,0.5,0.5,"TOX-raw-blocked",0.3,20,0.324099808066935,0.0136754240638399
"Q","lnpois",5,0.1,1,0.5,"DESeq2",0,20,0.374839535643353,0.0108745587933923
"Q","lnpois",5,0.1,1,0.5,"DESeq2",0.01,20,0.429160363039922,0.0120036680988073
"Q","lnpois",5,0.1,1,0.5,"DESeq2",0.02,20,0.458938493150211,0.0107107351427939
"Q","lnpois",5,0.1,1,0.5,"DESeq2",0.03,20,0.47918172733756,0.0113797513989761
"Q","lnpois",5,0.1,1,0.5,"DESeq2",0.04,20,0.495862018093654,0.0108453105791215
"Q","lnpois",5,0.1,1,0.5,"DESeq2",0.05,20,0.506267779173357,0.0100796499430475
"Q","lnpois",5,0.1,1,0.5,"DESeq2",0.06,20,0.514913328185143,0.0104896638763612
"Q","lnpois",5,0.1,1,0.5,"DESeq2",0.07,20,0.521065156843995,0.0106432032878966
"Q","lnpois",5,0.1,1,0.5,"DESeq2",0.08,20,0.528886432494455,0.0105557485144839
"Q","lnpois",5,0.1,1,0.5,"DESeq2",0.09,20,0.535106616548841,0.0101115380180956
"Q","lnpois",5,0.1,1,0.5,"DESeq2",0.1,20,0.541420496150568,0.00986958375860821
"Q","lnpois",5,0.1,1,0.5,"DESeq2",0.11,20,0.547532564965138,0.00976055241996648
"Q","lnpois",5,0.1,1,0.5,"DESeq2",0.12,20,0.554405715592513,0.00959459258242016
"Q","lnpois",5,0.1,1,0.5,"DESeq2",0.13,20,0.559364210289283,0.00988446519338824
"Q","lnpois",5,0.1,1,0.5,"DESeq2",0.14,20,0.564094745912506,0.00996249568121717
"Q","lnpois",5,0.1,1,0.5,"DESeq2",0.15,20,0.569386908191005,0.00986607991401662
"Q","lnpois",5,0.1,1,0.5,"DESeq2",0.16,20,0.574230372676969,0.00961194183357125
"Q","lnpois",5,0.1,1,0.5,"DESeq2",0.17,20,0.578655982960993,0.00938338806343024
"Q","lnpois",5,0.1,1,0.5,"DESeq2",0.18,20,0.583533808685603,0.0096482886496597
"Q","lnpois",5,0.1,1,0.5,"DESeq2",0.19,20,0.588172608828766,0.00939255260682872
"Q","lnpois",5,0.1,1,0.5,"DESeq2",0.2,20,0.591892621657033,0.00938318256990569
"Q","lnpois",5,0.1,1,0.5,"DESeq2",0.21,20,0.595901941927988,0.00916693201382958
"Q","lnpois",5,0.1,1,0.5,"DESeq2",0.22,20,0.60045064342775,0.00920012877231964
"Q","lnpois",5,0.1,1,0.5,"DESeq2",0.23,20,0.603415224715409,0.00921122381753122
"Q","lnpois",5,0.1,1,0.5,"DESeq2",0.24,20,0.606163801606203,0.00910296890273316
"Q","lnpois",5,0.1,1,0.5,"DESeq2",0.25,20,0.609773419011775,0.0091262760242699
"Q","lnpois",5,0.1,1,0.5,"DESeq2",0.26,20,0.613355869684549,0.00901444466654584
"Q","lnpois",5,0.1,1,0.5,"DESeq2",0.27,20,0.616741565570695,0.00906462514949015
"Q","lnpois",5,0.1,1,0.5,"DESeq2",0.28,20,0.620230410415977,0.00900269938376985
"Q","lnpois",5,0.1,1,0.5,"DESeq2",0.29,20,0.624865337988723,0.00895019269440677
"Q","lnpois",5,0.1,1,0.5,"DESeq2",0.3,20,0.629393160600038,0.00882156981239549
"Q","lnpois",5,0.1,1,0.5,"edgeR",0,20,0.407144863569906,0.0115747564883801
"Q","lnpois",5,0.1,1,0.5,"edgeR",0.01,20,0.459099033277715,0.0114224059874423
"Q","lnpois",5,0.1,1,0.5,"edgeR",0.02,20,0.483628713137264,0.0104006425655964
"Q","lnpois",5,0.1,1,0.5,"edgeR",0.03,20,0.502746854169406,0.0103207256899021
"Q","lnpois",5,0.1,1,0.5,"edgeR",0.04,20,0.512926991432382,0.0106867231835429
"Q","lnpois",5,0.1,1,0.5,"edgeR",0.05,20,0.523277118635392,0.009881906071744
"Q","lnpois",5,0.1,1,0.5,"edgeR",0.06,20,0.530141123628873,0.00973647330245013
"Q","lnpois",5,0.1,1,0.5,"edgeR",0.07,20,0.539818258272381,0.0099513072978237
"Q","lnpois",5,0.1,1,0.5,"edgeR",0.08,20,0.545508891996659,0.00979195024935973
"Q","lnpois",5,0.1,1,0.5,"edgeR",0.09,20,0.551102495067842,0.00980791510082928
"Q","lnpois",5,0.1,1,0.5,"edgeR",0.1,20,0.558495252565206,0.00968324228104213
"Q","lnpois",5,0.1,1,0.5,"edgeR",0.11,20,0.565893285036031,0.00991710870384688
"Q","lnpois",5,0.1,1,0.5,"edgeR",0.12,20,0.570230945217162,0.00998260022737835
"Q","lnpois",5,0.1,1,0.5,"edgeR",0.13,20,0.574983916399376,0.00981284015614098
"Q","lnpois",5,0.1,1,0.5,"edgeR",0.14,20,0.580577852349761,0.00966192335934823
"Q","lnpois",5,0.1,1,0.5,"edgeR",0.15,20,0.585446706911197,0.00959871521210404
"Q","lnpois",5,0.1,1,0.5,"edgeR",0.16,20,0.589785994524247,0.00920561867893884
"Q","lnpois",5,0.1,1,0.5,"edgeR",0.17,20,0.594190394400508,0.00906572681916432
"Q","lnpois",5,0.1,1,0.5,"edgeR",0.18,20,0.597784352539539,0.00931973410303436
"Q","lnpois",5,0.1,1,0.5,"edgeR",0.19,20,0.601887092397332,0.00932450634752904
"Q","lnpois",5,0.1,1,0.5,"edgeR",0.2,20,0.605141052398999,0.00914139016700721
"Q","lnpois",5,0.1,1,0.5,"edgeR",0.21,20,0.607364313352568,0.00911769874023179
"Q","lnpois",5,0.1,1,0.5,"edgeR",0.22,20,0.611506138332375,0.00904928105687289
"Q","lnpois",5,0.1,1,0.5,"edgeR",0.23,20,0.616068553639317,0.00890558994724726
"Q","lnpois",5,0.1,1,0.5,"edgeR",0.24,20,0.62071872593998,0.00906086144561751
"Q","lnpois",5,0.1,1,0.5,"edgeR",0.25,20,0.623670958370187,0.00904692896824707
"Q","lnpois",5,0.1,1,0.5,"edgeR",0.26,20,0.626935487480887,0.00890198838996162
"Q","lnpois",5,0.1,1,0.5,"edgeR",0.27,20,0.629478474929068,0.00882584825237276
"Q","lnpois",5,0.1,1,0.5,"edgeR",0.28,20,0.632333228653165,0.00882147870120743
"Q","lnpois",5,0.1,1,0.5,"edgeR",0.29,20,0.636250190045143,0.00884825493986117
"Q","lnpois",5,0.1,1,0.5,"edgeR",0.3,20,0.640137515429335,0.00885601547229705
"Q","lnpois",5,0.1,1,0.5,"limma",0,20,0.426437105838386,0.0123450465877337
"Q","lnpois",5,0.1,1,0.5,"limma",0.01,20,0.480344056395972,0.0105411619016205
"Q","lnpois",5,0.1,1,0.5,"limma",0.02,20,0.500145656307155,0.0101794430360588
"Q","lnpois",5,0.1,1,0.5,"limma",0.03,20,0.516621095960994,0.00937067800142986
"Q","lnpois",5,0.1,1,0.5,"limma",0.04,20,0.52819998607278,0.0095573160612609
"Q","lnpois",5,0.1,1,0.5,"limma",0.05,20,0.538830589837258,0.00919025661169098
"Q","lnpois",5,0.1,1,0.5,"limma",0.06,20,0.546558920110726,0.00922880130930777
"Q","lnpois",5,0.1,1,0.5,"limma",0.07,20,0.552488285716152,0.00927622759772631
"Q","lnpois",5,0.1,1,0.5,"limma",0.08,20,0.56028856340729,0.00938144206602049
"Q","lnpois",5,0.1,1,0.5,"limma",0.09,20,0.565566180979866,0.00918007687620777
"Q","lnpois",5,0.1,1,0.5,"limma",0.1,20,0.569793456972663,0.009283717189155
"Q","lnpois",5,0.1,1,0.5,"limma",0.11,20,0.575175246346576,0.00948338621951004
"Q","lnpois",5,0.1,1,0.5,"limma",0.12,20,0.581639850688512,0.00949457671910216
"Q","lnpois",5,0.1,1,0.5,"limma",0.13,20,0.586717712569875,0.00954386731212629
"Q","lnpois",5,0.1,1,0.5,"limma",0.14,20,0.590507782320236,0.00947027468008479
"Q","lnpois",5,0.1,1,0.5,"limma",0.15,20,0.595126804156148,0.00898710840810856
"Q","lnpois",5,0.1,1,0.5,"limma",0.16,20,0.59894467488472,0.0091347233773296
"Q","lnpois",5,0.1,1,0.5,"limma",0.17,20,0.602631878777032,0.00905191235938551
"Q","lnpois",5,0.1,1,0.5,"limma",0.18,20,0.60685655162605,0.0092988294506486
"Q","lnpois",5,0.1,1,0.5,"limma",0.19,20,0.609613576637867,0.00927678160904309
"Q","lnpois",5,0.1,1,0.5,"limma",0.2,20,0.613830987628262,0.00913210361769249
"Q","lnpois",5,0.1,1,0.5,"limma",0.21,20,0.617968722000353,0.00925829436425325
"Q","lnpois",5,0.1,1,0.5,"limma",0.22,20,0.6208207008132,0.00910668195236236
"Q","lnpois",5,0.1,1,0.5,"limma",0.23,20,0.623884921942699,0.00881931082669426
"Q","lnpois",5,0.1,1,0.5,"limma",0.24,20,0.627903482267926,0.00883241644539517
"Q","lnpois",5,0.1,1,0.5,"limma",0.25,20,0.630854140861659,0.00884636744976553
"Q","lnpois",5,0.1,1,0.5,"limma",0.26,20,0.634022880339074,0.00888086954386117
"Q","lnpois",5,0.1,1,0.5,"limma",0.27,20,0.637498517845454,0.00865131345720146
"Q","lnpois",5,0.1,1,0.5,"limma",0.28,20,0.641104276871142,0.00832577080629925
"Q","lnpois",5,0.1,1,0.5,"limma",0.29,20,0.644588715342319,0.00829409097334892
"Q","lnpois",5,0.1,1,0.5,"limma",0.3,20,0.648079776711834,0.00838483245676662
"Q","lnpois",5,0.1,1,0.5,"TOX-log",0,20,0.321727869781249,0.0437751473679273
"Q","lnpois",5,0.1,1,0.5,"TOX-log",0.01,20,0.475096715090533,0.0108044005923925
"Q","lnpois",5,0.1,1,0.5,"TOX-log",0.02,20,0.502429266858554,0.0107945094398569
"Q","lnpois",5,0.1,1,0.5,"TOX-log",0.03,20,0.517274053957681,0.0103496232319548
"Q","lnpois",5,0.1,1,0.5,"TOX-log",0.04,20,0.530056139877008,0.0105996310612897
"Q","lnpois",5,0.1,1,0.5,"TOX-log",0.05,20,0.539663598896761,0.0108233423857416
"Q","lnpois",5,0.1,1,0.5,"TOX-log",0.06,20,0.549092772456352,0.0115574692298756
"Q","lnpois",5,0.1,1,0.5,"TOX-log",0.07,20,0.556450481014511,0.0113865570347701
"Q","lnpois",5,0.1,1,0.5,"TOX-log",0.08,20,0.564592458636809,0.0112950349194511
"Q","lnpois",5,0.1,1,0.5,"TOX-log",0.09,20,0.572288614784143,0.0104902847111636
"Q","lnpois",5,0.1,1,0.5,"TOX-log",0.1,20,0.578748891870319,0.0106291294810046
"Q","lnpois",5,0.1,1,0.5,"TOX-log",0.11,20,0.583066232848342,0.0106866080030809
"Q","lnpois",5,0.1,1,0.5,"TOX-log",0.12,20,0.587495513913272,0.010538461291255
"Q","lnpois",5,0.1,1,0.5,"TOX-log",0.13,20,0.591505532726516,0.0104418730724942
"Q","lnpois",5,0.1,1,0.5,"TOX-log",0.14,20,0.596050231708309,0.0104823227460584
"Q","lnpois",5,0.1,1,0.5,"TOX-log",0.15,20,0.599315427621673,0.0104594003483988
"Q","lnpois",5,0.1,1,0.5,"TOX-log",0.16,20,0.604072320072168,0.0104174787010924
"Q","lnpois",5,0.1,1,0.5,"TOX-log",0.17,20,0.608176980978961,0.010279045129283
"Q","lnpois",5,0.1,1,0.5,"TOX-log",0.18,20,0.612383680961336,0.0103185186194501
"Q","lnpois",5,0.1,1,0.5,"TOX-log",0.19,20,0.615868157795506,0.0101631563034762
"Q","lnpois",5,0.1,1,0.5,"TOX-log",0.2,20,0.618925521475518,0.0101522251185634
"Q","lnpois",5,0.1,1,0.5,"TOX-log",0.21,20,0.622098133110886,0.0100076984458317
"Q","lnpois",5,0.1,1,0.5,"TOX-log",0.22,20,0.626669853567405,0.00989907589524745
"Q","lnpois",5,0.1,1,0.5,"TOX-log",0.23,20,0.629305362950875,0.00986977527551114
"Q","lnpois",5,0.1,1,0.5,"TOX-log",0.24,20,0.634485445244107,0.00931476696292559
"Q","lnpois",5,0.1,1,0.5,"TOX-log",0.25,20,0.638076657245687,0.00941466731067349
"Q","lnpois",5,0.1,1,0.5,"TOX-log",0.26,20,0.642603479171479,0.00943342793411405
"Q","lnpois",5,0.1,1,0.5,"TOX-log",0.27,20,0.645969350703934,0.00937777856252791
"Q","lnpois",5,0.1,1,0.5,"TOX-log",0.28,20,0.649046368408054,0.0095063998078016
"Q","lnpois",5,0.1,1,0.5,"TOX-log",0.29,20,0.651904172656091,0.00947726127790416
"Q","lnpois",5,0.1,1,0.5,"TOX-log",0.3,20,0.654748244116749,0.00945162854600932
"Q","lnpois",5,0.1,1,0.5,"TOX-log-blocked",0,20,0.432674827263811,0.0137873551540881
"Q","lnpois",5,0.1,1,0.5,"TOX-log-blocked",0.01,20,0.481373040347506,0.00999567224699668
"Q","lnpois",5,0.1,1,0.5,"TOX-log-blocked",0.02,20,0.503914876362883,0.0103094054065183
"Q","lnpois",5,0.1,1,0.5,"TOX-log-blocked",0.03,20,0.520484820375441,0.0105462130700456
"Q","lnpois",5,0.1,1,0.5,"TOX-log-blocked",0.04,20,0.531128356564485,0.010439949799202
"Q","lnpois",5,0.1,1,0.5,"TOX-log-blocked",0.05,20,0.541465498926842,0.0103547680854229
"Q","lnpois",5,0.1,1,0.5,"TOX-log-blocked",0.06,20,0.551378121854275,0.0112511539170196
"Q","lnpois",5,0.1,1,0.5,"TOX-log-blocked",0.07,20,0.558959317818662,0.011074653599503
"Q","lnpois",5,0.1,1,0.5,"TOX-log-blocked",0.08,20,0.565309782740149,0.0107680693519807
"Q","lnpois",5,0.1,1,0.5,"TOX-log-blocked",0.09,20,0.572065202382731,0.0108080466054631
"Q","lnpois",5,0.1,1,0.5,"TOX-log-blocked",0.1,20,0.577145042530523,0.0106284488859111
"Q","lnpois",5,0.1,1,0.5,"TOX-log-blocked",0.11,20,0.58222198229448,0.0106030897184221
"Q","lnpois",5,0.1,1,0.5,"TOX-log-blocked",0.12,20,0.586338561224899,0.010541539036023
"Q","lnpois",5,0.1,1,0.5,"TOX-log-blocked",0.13,20,0.591714207474064,0.0103736098039861
"Q","lnpois",5,0.1,1,0.5,"TOX-log-blocked",0.14,20,0.595519063924017,0.010449633320227
"Q","lnpois",5,0.1,1,0.5,"TOX-log-blocked",0.15,20,0.600475398846292,0.0106149449407741
"Q","lnpois",5,0.1,1,0.5,"TOX-log-blocked",0.16,20,0.604395740770622,0.0104473383527794
"Q","lnpois",5,0.1,1,0.5,"TOX-log-blocked",0.17,20,0.608493555938621,0.0104596464128909
"Q","lnpois",5,0.1,1,0.5,"TOX-log-blocked",0.18,20,0.612289964208433,0.0104297310057213
"Q","lnpois",5,0.1,1,0.5,"TOX-log-blocked",0.19,20,0.615445427038327,0.0103132112445302
"Q","lnpois",5,0.1,1,0.5,"TOX-log-blocked",0.2,20,0.618620395219443,0.01031476516532
"Q","lnpois",5,0.1,1,0.5,"TOX-log-blocked",0.21,20,0.623598688323481,0.0100322061561046
"Q","lnpois",5,0.1,1,0.5,"TOX-log-blocked",0.22,20,0.626247297598583,0.00996459860742049
"Q","lnpois",5,0.1,1,0.5,"TOX-log-blocked",0.23,20,0.629315206372114,0.00986788663716996
"Q","lnpois",5,0.1,1,0.5,"TOX-log-blocked",0.24,20,0.633564230523358,0.00972775687654615
"Q","lnpois",5,0.1,1,0.5,"TOX-log-blocked",0.25,20,0.638070616979732,0.00924454518976285
"Q","lnpois",5,0.1,1,0.5,"TOX-log-blocked",0.26,20,0.64176109165409,0.00920795749115328
"Q","lnpois",5,0.1,1,0.5,"TOX-log-blocked",0.27,20,0.645552347782902,0.00952359570854757
"Q","lnpois",5,0.1,1,0.5,"TOX-log-blocked",0.28,20,0.648405595852577,0.00945238154440364
"Q","lnpois",5,0.1,1,0.5,"TOX-log-blocked",0.29,20,0.652215563959889,0.00934689254729079
"Q","lnpois",5,0.1,1,0.5,"TOX-log-blocked",0.3,20,0.654957046473982,0.00942399380123368
"Q","lnpois",5,0.1,1,0.5,"TOX-log-blocked-oracle",0,20,0.432956244488381,0.0139353373786308
"Q","lnpois",5,0.1,1,0.5,"TOX-log-blocked-oracle",0.01,20,0.478734493675849,0.0105302664402866
"Q","lnpois",5,0.1,1,0.5,"TOX-log-blocked-oracle",0.02,20,0.50420267412957,0.00927052843542502
"Q","lnpois",5,0.1,1,0.5,"TOX-log-blocked-oracle",0.03,20,0.519484040293303,0.00981692466226689
"Q","lnpois",5,0.1,1,0.5,"TOX-log-blocked-oracle",0.04,20,0.530898716393967,0.0104646562954456
"Q","lnpois",5,0.1,1,0.5,"TOX-log-blocked-oracle",0.05,20,0.540942387967664,0.0108114611235673
"Q","lnpois",5,0.1,1,0.5,"TOX-log-blocked-oracle",0.06,20,0.550328739964065,0.011036661196336
"Q","lnpois",5,0.1,1,0.5,"TOX-log-blocked-oracle",0.07,20,0.557602858165945,0.0108618324753449
"Q","lnpois",5,0.1,1,0.5,"TOX-log-blocked-oracle",0.08,20,0.566133267041867,0.0103837224050169
"Q","lnpois",5,0.1,1,0.5,"TOX-log-blocked-oracle",0.09,20,0.570143913437126,0.0101843884532692
"Q","lnpois",5,0.1,1,0.5,"TOX-log-blocked-oracle",0.1,20,0.576513662673678,0.0103151072018354
"Q","lnpois",5,0.1,1,0.5,"TOX-log-blocked-oracle",0.11,20,0.582544335574108,0.0103210195813196
"Q","lnpois",5,0.1,1,0.5,"TOX-log-blocked-oracle",0.12,20,0.585713061533922,0.0106325091582741
"Q","lnpois",5,0.1,1,0.5,"TOX-log-blocked-oracle",0.13,20,0.590991710293054,0.0104427272071719
"Q","lnpois",5,0.1,1,0.5,"TOX-log-blocked-oracle",0.14,20,0.596877463984583,0.0101535185907856
"Q","lnpois",5,0.1,1,0.5,"TOX-log-blocked-oracle",0.15,20,0.600570437849814,0.0102978554587701
"Q","lnpois",5,0.1,1,0.5,"TOX-log-blocked-oracle",0.16,20,0.603330201589597,0.010452218939541
"Q","lnpois",5,0.1,1,0.5,"TOX-log-blocked-oracle",0.17,20,0.60753715982514,0.0106019194972805
"Q","lnpois",5,0.1,1,0.5,"TOX-log-blocked-oracle",0.18,20,0.612914732986244,0.0106353965314851
"Q","lnpois",5,0.1,1,0.5,"TOX-log-blocked-oracle",0.19,20,0.615979851688902,0.010486749608814
"Q","lnpois",5,0.1,1,0.5,"TOX-log-blocked-oracle",0.2,20,0.619145327735018,0.0103957677149059
"Q","lnpois",5,0.1,1,0.5,"TOX-log-blocked-oracle",0.21,20,0.623161921372238,0.00985735915560175
"Q","lnpois",5,0.1,1,0.5,"TOX-log-blocked-oracle",0.22,20,0.624766233305788,0.00990813730590776
"Q","lnpois",5,0.1,1,0.5,"TOX-log-blocked-oracle",0.23,20,0.629306402272231,0.00970228818729054
"Q","lnpois",5,0.1,1,0.5,"TOX-log-blocked-oracle",0.24,20,0.634165420299673,0.0094935918929123
"Q","lnpois",5,0.1,1,0.5,"TOX-log-blocked-oracle",0.25,20,0.637752466878417,0.00955744859629254
"Q","lnpois",5,0.1,1,0.5,"TOX-log-blocked-oracle",0.26,20,0.641232746017421,0.00942078347639202
"Q","lnpois",5,0.1,1,0.5,"TOX-log-blocked-oracle",0.27,20,0.643973673832526,0.00940911791999765
"Q","lnpois",5,0.1,1,0.5,"TOX-log-blocked-oracle",0.28,20,0.647363701680243,0.00945572005431842
"Q","lnpois",5,0.1,1,0.5,"TOX-log-blocked-oracle",0.29,20,0.651160563869862,0.00934205142391547
"Q","lnpois",5,0.1,1,0.5,"TOX-log-blocked-oracle",0.3,20,0.654966589149267,0.00931663020215806
"Q","lnpois",5,0.1,1,0.5,"TOX-log-boot",0,20,0.262255801498579,0.049963984012296
"Q","lnpois",5,0.1,1,0.5,"TOX-log-boot",0.01,20,0.471623539431833,0.0104511714296885
"Q","lnpois",5,0.1,1,0.5,"TOX-log-boot",0.02,20,0.503378055049756,0.0107414366660881
"Q","lnpois",5,0.1,1,0.5,"TOX-log-boot",0.03,20,0.520569569563249,0.0105165460528177
"Q","lnpois",5,0.1,1,0.5,"TOX-log-boot",0.04,20,0.531688941970477,0.0113638720213667
"Q","lnpois",5,0.1,1,0.5,"TOX-log-boot",0.05,20,0.542511760626695,0.0106169691887978
"Q","lnpois",5,0.1,1,0.5,"TOX-log-boot",0.06,20,0.549355785894315,0.010893998593421
"Q","lnpois",5,0.1,1,0.5,"TOX-log-boot",0.07,20,0.557158271429872,0.0110687100784834
"Q","lnpois",5,0.1,1,0.5,"TOX-log-boot",0.08,20,0.563609799323625,0.0108762309933029
"Q","lnpois",5,0.1,1,0.5,"TOX-log-boot",0.09,20,0.572290439894244,0.0107789234102516
"Q","lnpois",5,0.1,1,0.5,"TOX-log-boot",0.1,20,0.577877653687232,0.0106720037877841
"Q","lnpois",5,0.1,1,0.5,"TOX-log-boot",0.11,20,0.582109690020555,0.0104491980769415
"Q","lnpois",5,0.1,1,0.5,"TOX-log-boot",0.12,20,0.586955588020202,0.0103022620581784
"Q","lnpois",5,0.1,1,0.5,"TOX-log-boot",0.13,20,0.591087258360336,0.0102997649500617
"Q","lnpois",5,0.1,1,0.5,"TOX-log-boot",0.14,20,0.595312607306774,0.0105407701401536
"Q","lnpois",5,0.1,1,0.5,"TOX-log-boot",0.15,20,0.599731721035231,0.0102568192059181
"Q","lnpois",5,0.1,1,0.5,"TOX-log-boot",0.16,20,0.603317010135205,0.010394676854336
"Q","lnpois",5,0.1,1,0.5,"TOX-log-boot",0.17,20,0.607659539508399,0.0104517399914543
"Q","lnpois",5,0.1,1,0.5,"TOX-log-boot",0.18,20,0.61133997045612,0.0104588286758807
"Q","lnpois",5,0.1,1,0.5,"TOX-log-boot",0.19,20,0.615140881325198,0.0104190190023575
"Q","lnpois",5,0.1,1,0.5,"TOX-log-boot",0.2,20,0.619053911528365,0.0102250443135057
"Q","lnpois",5,0.1,1,0.5,"TOX-log-boot",0.21,20,0.621587206197104,0.0102904818618905
"Q","lnpois",5,0.1,1,0.5,"TOX-log-boot",0.22,20,0.625300537256922,0.010031361539877
"Q","lnpois",5,0.1,1,0.5,"TOX-log-boot",0.23,20,0.629421039789041,0.00985084600380867
"Q","lnpois",5,0.1,1,0.5,"TOX-log-boot",0.24,20,0.633651596442433,0.00972284681363385
"Q","lnpois",5,0.1,1,0.5,"TOX-log-boot",0.25,20,0.637984157388895,0.00935791905912287
"Q","lnpois",5,0.1,1,0.5,"TOX-log-boot",0.26,20,0.641669474381713,0.00899454393298309
"Q","lnpois",5,0.1,1,0.5,"TOX-log-boot",0.27,20,0.645023996753218,0.00918005925196495
"Q","lnpois",5,0.1,1,0.5,"TOX-log-boot",0.28,20,0.648403373018535,0.00959261100208125
"Q","lnpois",5,0.1,1,0.5,"TOX-log-boot",0.29,20,0.6523125344468,0.00926670970200576
"Q","lnpois",5,0.1,1,0.5,"TOX-log-boot",0.3,20,0.655803151799927,0.0090971862942067
"Q","lnpois",5,0.1,1,0.5,"TOX-log-oracle",0,20,0.301823572200586,0.0462357343738958
"Q","lnpois",5,0.1,1,0.5,"TOX-log-oracle",0.01,20,0.473859771506177,0.0109953530398505
"Q","lnpois",5,0.1,1,0.5,"TOX-log-oracle",0.02,20,0.501161945907588,0.0103108315844
"Q","lnpois",5,0.1,1,0.5,"TOX-log-oracle",0.03,20,0.515910175111038,0.0101133662840146
"Q","lnpois",5,0.1,1,0.5,"TOX-log-oracle",0.04,20,0.528875391312827,0.0107438791938367
"Q","lnpois",5,0.1,1,0.5,"TOX-log-oracle",0.05,20,0.537965741004772,0.0105969199274606
"Q","lnpois",5,0.1,1,0.5,"TOX-log-oracle",0.06,20,0.547587167457923,0.0110796102588957
"Q","lnpois",5,0.1,1,0.5,"TOX-log-oracle",0.07,20,0.556882542739864,0.0109788322771457
"Q","lnpois",5,0.1,1,0.5,"TOX-log-oracle",0.08,20,0.565010043663244,0.0106294320977443
"Q","lnpois",5,0.1,1,0.5,"TOX-log-oracle",0.09,20,0.57122022458893,0.0101996286340438
"Q","lnpois",5,0.1,1,0.5,"TOX-log-oracle",0.1,20,0.577370421677608,0.0105318120433128
"Q","lnpois",5,0.1,1,0.5,"TOX-log-oracle",0.11,20,0.582643021190774,0.0106868806617149
"Q","lnpois",5,0.1,1,0.5,"TOX-log-oracle",0.12,20,0.586560293577009,0.0106959938558827
"Q","lnpois",5,0.1,1,0.5,"TOX-log-oracle",0.13,20,0.591928688695627,0.0103448940317193
"Q","lnpois",5,0.1,1,0.5,"TOX-log-oracle",0.14,20,0.596767561023159,0.0101630831527282
"Q","lnpois",5,0.1,1,0.5,"TOX-log-oracle",0.15,20,0.59985389593883,0.0102305315171575
"Q","lnpois",5,0.1,1,0.5,"TOX-log-oracle",0.16,20,0.604065892375845,0.0103401107907381
"Q","lnpois",5,0.1,1,0.5,"TOX-log-oracle",0.17,20,0.606276269114529,0.0103123955466444
"Q","lnpois",5,0.1,1,0.5,"TOX-log-oracle",0.18,20,0.61280264180571,0.0105067681047924
"Q","lnpois",5,0.1,1,0.5,"TOX-log-oracle",0.19,20,0.616080963504915,0.0102421047757304
"Q","lnpois",5,0.1,1,0.5,"TOX-log-oracle",0.2,20,0.619989343888912,0.010320665416666
"Q","lnpois",5,0.1,1,0.5,"TOX-log-oracle",0.21,20,0.6226267080239,0.00997219846957382
"Q","lnpois",5,0.1,1,0.5,"TOX-log-oracle",0.22,20,0.625285462715749,0.00990286422202367
"Q","lnpois",5,0.1,1,0.5,"TOX-log-oracle",0.23,20,0.630774122053938,0.00940225194647436
"Q","lnpois",5,0.1,1,0.5,"TOX-log-oracle",0.24,20,0.635226277878039,0.00945899381363734
"Q","lnpois",5,0.1,1,0.5,"TOX-log-oracle",0.25,20,0.638291331146065,0.00935103713066075
"Q","lnpois",5,0.1,1,0.5,"TOX-log-oracle",0.26,20,0.640817982617385,0.0095724664997486
"Q","lnpois",5,0.1,1,0.5,"TOX-log-oracle",0.27,20,0.644396603466749,0.00935700800862493
"Q","lnpois",5,0.1,1,0.5,"TOX-log-oracle",0.28,20,0.647463617341517,0.00955965739150422
"Q","lnpois",5,0.1,1,0.5,"TOX-log-oracle",0.29,20,0.652220586446835,0.0094623458455148
"Q","lnpois",5,0.1,1,0.5,"TOX-log-oracle",0.3,20,0.655284355420282,0.00915988640649692
"Q","lnpois",5,0.1,1,0.5,"TOX-raw",0,20,0.314461716751511,0.0226064614836268
"Q","lnpois",5,0.1,1,0.5,"TOX-raw",0.01,20,0.374762699888004,0.0157131031510924
"Q","lnpois",5,0.1,1,0.5,"TOX-raw",0.02,20,0.42740121070471,0.0158489168402747
"Q","lnpois",5,0.1,1,0.5,"TOX-raw",0.03,20,0.462136178961265,0.0143448551166317
"Q","lnpois",5,0.1,1,0.5,"TOX-raw",0.04,20,0.482182674143671,0.0134707549529571
"Q","lnpois",5,0.1,1,0.5,"TOX-raw",0.05,20,0.502258892577338,0.0128868563979669
"Q","lnpois",5,0.1,1,0.5,"TOX-raw",0.06,20,0.514032658351719,0.012474645260197
"Q","lnpois",5,0.1,1,0.5,"TOX-raw",0.07,20,0.526716096856802,0.0126306653486215
"Q","lnpois",5,0.1,1,0.5,"TOX-raw",0.08,20,0.538056965323061,0.0124712961600821
"Q","lnpois",5,0.1,1,0.5,"TOX-raw",0.09,20,0.548925812155138,0.0119885642985673
"Q","lnpois",5,0.1,1,0.5,"TOX-raw",0.1,20,0.558350680113601,0.0118451087596292
"Q","lnpois",5,0.1,1,0.5,"TOX-raw",0.11,20,0.564757531988109,0.0114627599842826
"Q","lnpois",5,0.1,1,0.5,"TOX-raw",0.12,20,0.570219832474224,0.0111117344430383
"Q","lnpois",5,0.1,1,0.5,"TOX-raw",0.13,20,0.574865445565261,0.0113448399247457
"Q","lnpois",5,0.1,1,0.5,"TOX-raw",0.14,20,0.579284988223218,0.0114142224628458
"Q","lnpois",5,0.1,1,0.5,"TOX-raw",0.15,20,0.584659577009358,0.0112240057898166
"Q","lnpois",5,0.1,1,0.5,"TOX-raw",0.16,20,0.588460470313755,0.0110176344671036
"Q","lnpois",5,0.1,1,0.5,"TOX-raw",0.17,20,0.593525671886935,0.0110500803289054
"Q","lnpois",5,0.1,1,0.5,"TOX-raw",0.18,20,0.598790261353787,0.0105584985245079
"Q","lnpois",5,0.1,1,0.5,"TOX-raw",0.19,20,0.60217816869876,0.0107211824337885
"Q","lnpois",5,0.1,1,0.5,"TOX-raw",0.2,20,0.606397639669301,0.0106547434944513
"Q","lnpois",5,0.1,1,0.5,"TOX-raw",0.21,20,0.609566481067376,0.0106212456720128
"Q","lnpois",5,0.1,1,0.5,"TOX-raw",0.22,20,0.614092943034011,0.0103535415895666
"Q","lnpois",5,0.1,1,0.5,"TOX-raw",0.23,20,0.618103362838115,0.0102797442983477
"Q","lnpois",5,0.1,1,0.5,"TOX-raw",0.24,20,0.621493480839866,0.0102933192606746
"Q","lnpois",5,0.1,1,0.5,"TOX-raw",0.25,20,0.624124965573971,0.0102558451787918
"Q","lnpois",5,0.1,1,0.5,"TOX-raw",0.26,20,0.62864432495051,0.010099583869202
"Q","lnpois",5,0.1,1,0.5,"TOX-raw",0.27,20,0.632454200448367,0.010205734260259
"Q","lnpois",5,0.1,1,0.5,"TOX-raw",0.28,20,0.636143776668928,0.00976783284540324
"Q","lnpois",5,0.1,1,0.5,"TOX-raw",0.29,20,0.639203494535408,0.00959646664029535
"Q","lnpois",5,0.1,1,0.5,"TOX-raw",0.3,20,0.643005282561147,0.00953606151303541
"Q","lnpois",5,0.1,1,0.5,"TOX-raw-blocked",0,20,0.355267886196276,0.0276074475155778
"Q","lnpois",5,0.1,1,0.5,"TOX-raw-blocked",0.01,20,0.437644240403066,0.0151180302625133
"Q","lnpois",5,0.1,1,0.5,"TOX-raw-blocked",0.02,20,0.470986315835873,0.0122105117968821
"Q","lnpois",5,0.1,1,0.5,"TOX-raw-blocked",0.03,20,0.491995485117184,0.0116435808573069
"Q","lnpois",5,0.1,1,0.5,"TOX-raw-blocked",0.04,20,0.510154128762413,0.0119237005500109
"Q","lnpois",5,0.1,1,0.5,"TOX-raw-blocked",0.05,20,0.520101876004002,0.0124118925024818
"Q","lnpois",5,0.1,1,0.5,"TOX-raw-blocked",0.06,20,0.530873889118961,0.0120509248194872
"Q","lnpois",5,0.1,1,0.5,"TOX-raw-blocked",0.07,20,0.542559412918473,0.0121129395684348
"Q","lnpois",5,0.1,1,0.5,"TOX-raw-blocked",0.08,20,0.549873437449565,0.0117296635405377
"Q","lnpois",5,0.1,1,0.5,"TOX-raw-blocked",0.09,20,0.556724007139154,0.0112575173828303
"Q","lnpois",5,0.1,1,0.5,"TOX-raw-blocked",0.1,20,0.563358806681547,0.0111334379714135
"Q","lnpois",5,0.1,1,0.5,"TOX-raw-blocked",0.11,20,0.568623650816392,0.0108445083989421
"Q","lnpois",5,0.1,1,0.5,"TOX-raw-blocked",0.12,20,0.573695407401082,0.0108025690021413
"Q","lnpois",5,0.1,1,0.5,"TOX-raw-blocked",0.13,20,0.577170950467552,0.0108513635690896
"Q","lnpois",5,0.1,1,0.5,"TOX-raw-blocked",0.14,20,0.582962726530022,0.0108429200558149
"Q","lnpois",5,0.1,1,0.5,"TOX-raw-blocked",0.15,20,0.588542299548879,0.0105916889228647
"Q","lnpois",5,0.1,1,0.5,"TOX-raw-blocked",0.16,20,0.592882344372737,0.0106430352896218
"Q","lnpois",5,0.1,1,0.5,"TOX-raw-blocked",0.17,20,0.597003000018967,0.0105053949053786
"Q","lnpois",5,0.1,1,0.5,"TOX-raw-blocked",0.18,20,0.601747754924839,0.0103699425637255
"Q","lnpois",5,0.1,1,0.5,"TOX-raw-blocked",0.19,20,0.606181569270896,0.0103356738322983
"Q","lnpois",5,0.1,1,0.5,"TOX-raw-blocked",0.2,20,0.608708510237536,0.0103836168892709
"Q","lnpois",5,0.1,1,0.5,"TOX-raw-blocked",0.21,20,0.613900112566585,0.0103815394216194
"Q","lnpois",5,0.1,1,0.5,"TOX-raw-blocked",0.22,20,0.616856677237461,0.0103611198835839
"Q","lnpois",5,0.1,1,0.5,"TOX-raw-blocked",0.23,20,0.619926822065425,0.0100964102929703
"Q","lnpois",5,0.1,1,0.5,"TOX-raw-blocked",0.24,20,0.622905521351568,0.0104729824229233
"Q","lnpois",5,0.1,1,0.5,"TOX-raw-blocked",0.25,20,0.625639491999929,0.0101608022470606
"Q","lnpois",5,0.1,1,0.5,"TOX-raw-blocked",0.26,20,0.628495156960562,0.0104424201208819
"Q","lnpois",5,0.1,1,0.5,"TOX-raw-blocked",0.27,20,0.631857679511232,0.0102785122084255
"Q","lnpois",5,0.1,1,0.5,"TOX-raw-blocked",0.28,20,0.636902493148175,0.00949990566201464
"Q","lnpois",5,0.1,1,0.5,"TOX-raw-blocked",0.29,20,0.639863912520575,0.00950233819625103
"Q","lnpois",5,0.1,1,0.5,"TOX-raw-blocked",0.3,20,0.642282506711029,0.00926971366987699
"Q","lnpois",5,0.3,0.5,0.5,"DESeq2",0,20,0.0469664903087015,0.00410156470045336
"Q","lnpois",5,0.3,0.5,0.5,"DESeq2",0.01,20,0.0511394854500303,0.0050101429832552
"Q","lnpois",5,0.3,0.5,0.5,"DESeq2",0.02,20,0.0630002163453719,0.00490675165635204
"Q","lnpois",5,0.3,0.5,0.5,"DESeq2",0.03,20,0.0738935997973293,0.00411144824087104
"Q","lnpois",5,0.3,0.5,0.5,"DESeq2",0.04,20,0.093496622841191,0.00411863126253162
"Q","lnpois",5,0.3,0.5,0.5,"DESeq2",0.05,20,0.103143929604623,0.00428131893377391
"Q","lnpois",5,0.3,0.5,0.5,"DESeq2",0.06,20,0.112149118053372,0.00478016107285007
"Q","lnpois",5,0.3,0.5,0.5,"DESeq2",0.07,20,0.120560849790668,0.00442302408908701
"Q","lnpois",5,0.3,0.5,0.5,"DESeq2",0.08,20,0.129245915148231,0.0047048351928679
"Q","lnpois",5,0.3,0.5,0.5,"DESeq2",0.09,20,0.141309642602498,0.00458495362076236
"Q","lnpois",5,0.3,0.5,0.5,"DESeq2",0.1,20,0.148989921915658,0.00445142045357387
"Q","lnpois",5,0.3,0.5,0.5,"DESeq2",0.11,20,0.155630251061182,0.00513938557421224
"Q","lnpois",5,0.3,0.5,0.5,"DESeq2",0.12,20,0.165554057776674,0.00549313007459699
"Q","lnpois",5,0.3,0.5,0.5,"DESeq2",0.13,20,0.175193881425681,0.00567650180756596
"Q","lnpois",5,0.3,0.5,0.5,"DESeq2",0.14,20,0.188528471758093,0.00530844902906529
"Q","lnpois",5,0.3,0.5,0.5,"DESeq2",0.15,20,0.196427732341812,0.00557853893470652
"Q","lnpois",5,0.3,0.5,0.5,"DESeq2",0.16,20,0.204858868849844,0.00540804988278679
"Q","lnpois",5,0.3,0.5,0.5,"DESeq2",0.17,20,0.21471649789937,0.00524254066617993
"Q","lnpois",5,0.3,0.5,0.5,"DESeq2",0.18,20,0.220916896130738,0.00576280545560824
"Q","lnpois",5,0.3,0.5,0.5,"DESeq2",0.19,20,0.232878018195442,0.00615975613791473
"Q","lnpois",5,0.3,0.5,0.5,"DESeq2",0.2,20,0.244109269437339,0.00608333455727479
"Q","lnpois",5,0.3,0.5,0.5,"DESeq2",0.21,20,0.253791273402088,0.00653257238464463
"Q","lnpois",5,0.3,0.5,0.5,"DESeq2",0.22,20,0.260635119366945,0.00642388351802649
"Q","lnpois",5,0.3,0.5,0.5,"DESeq2",0.23,20,0.269779065405227,0.00689945279480497
"Q","lnpois",5,0.3,0.5,0.5,"DESeq2",0.24,20,0.279776095565251,0.0073044786122677
"Q","lnpois",5,0.3,0.5,0.5,"DESeq2",0.25,20,0.29055883187022,0.00823467647540232
"Q","lnpois",5,0.3,0.5,0.5,"DESeq2",0.26,20,0.301322220956344,0.0086540115426181
"Q","lnpois",5,0.3,0.5,0.5,"DESeq2",0.27,20,0.310510431846156,0.00849004836751083
"Q","lnpois",5,0.3,0.5,0.5,"DESeq2",0.28,20,0.31965553482556,0.00882175390053025
"Q","lnpois",5,0.3,0.5,0.5,"DESeq2",0.29,20,0.326853965988625,0.00906226034468711
"Q","lnpois",5,0.3,0.5,0.5,"DESeq2",0.3,20,0.336233157323766,0.0088092098240599
"Q","lnpois",5,0.3,0.5,0.5,"edgeR",0,20,0.0654336381461259,0.0053397441628336
"Q","lnpois",5,0.3,0.5,0.5,"edgeR",0.01,20,0.0789915288688945,0.00671713243318507
"Q","lnpois",5,0.3,0.5,0.5,"edgeR",0.02,20,0.108727520552041,0.00538422254050991
"Q","lnpois",5,0.3,0.5,0.5,"edgeR",0.03,20,0.125803921210479,0.00468262282451689
"Q","lnpois",5,0.3,0.5,0.5,"edgeR",0.04,20,0.135336875922519,0.00426838927838699
"Q","lnpois",5,0.3,0.5,0.5,"edgeR",0.05,20,0.145836285682391,0.0038331079550637
"Q","lnpois",5,0.3,0.5,0.5,"edgeR",0.06,20,0.155575517885973,0.00451561189788525
"Q","lnpois",5,0.3,0.5,0.5,"edgeR",0.07,20,0.166254921195137,0.0048084376727153
"Q","lnpois",5,0.3,0.5,0.5,"edgeR",0.08,20,0.177449435304303,0.00509519073112595
"Q","lnpois",5,0.3,0.5,0.5,"edgeR",0.09,20,0.188966693723199,0.00540022630136088
"Q","lnpois",5,0.3,0.5,0.5,"edgeR",0.1,20,0.200034866140295,0.00598227199678832
"Q","lnpois",5,0.3,0.5,0.5,"edgeR",0.11,20,0.209180738856252,0.00560367675491342
"Q","lnpois",5,0.3,0.5,0.5,"edgeR",0.12,20,0.219005982219253,0.00563457598478741
"Q","lnpois",5,0.3,0.5,0.5,"edgeR",0.13,20,0.23022769564307,0.00589456209281288
"Q","lnpois",5,0.3,0.5,0.5,"edgeR",0.14,20,0.239900105795056,0.00604292620197768
"Q","lnpois",5,0.3,0.5,0.5,"edgeR",0.15,20,0.250211657348682,0.00566081611930959
"Q","lnpois",5,0.3,0.5,0.5,"edgeR",0.16,20,0.260960337475132,0.00565805593312648
"Q","lnpois",5,0.3,0.5,0.5,"edgeR",0.17,20,0.269569542568483,0.00528401318820131
"Q","lnpois",5,0.3,0.5,0.5,"edgeR",0.18,20,0.279458510071362,0.00562934350464604
"Q","lnpois",5,0.3,0.5,0.5,"edgeR",0.19,20,0.289921211421868,0.0061341726169197
"Q","lnpois",5,0.3,0.5,0.5,"edgeR",0.2,20,0.299284308181561,0.00625563831369661
"Q","lnpois",5,0.3,0.5,0.5,"edgeR",0.21,20,0.307114029892835,0.00622127644597017
"Q","lnpois",5,0.3,0.5,0.5,"edgeR",0.22,20,0.318245346442553,0.00621241343118893
"Q","lnpois",5,0.3,0.5,0.5,"edgeR",0.23,20,0.326543965333239,0.00683710080378139
"Q","lnpois",5,0.3,0.5,0.5,"edgeR",0.24,20,0.335159057202205,0.00705081247103353
"Q","lnpois",5,0.3,0.5,0.5,"edgeR",0.25,20,0.345329141451453,0.00693894791580548
"Q","lnpois",5,0.3,0.5,0.5,"edgeR",0.26,20,0.354073548611827,0.00702541776793642
"Q","lnpois",5,0.3,0.5,0.5,"edgeR",0.27,20,0.36282344510472,0.00736040334136675
"Q","lnpois",5,0.3,0.5,0.5,"edgeR",0.28,20,0.372289245297729,0.00722207292181091
"Q","lnpois",5,0.3,0.5,0.5,"edgeR",0.29,20,0.380713252238346,0.00755146800379793
"Q","lnpois",5,0.3,0.5,0.5,"edgeR",0.3,20,0.393438407785541,0.00814309919240624
"Q","lnpois",5,0.3,0.5,0.5,"limma",0,20,0.062304656772347,0.00403990797579025
"Q","lnpois",5,0.3,0.5,0.5,"limma",0.01,20,0.0813402329205504,0.00497534517718234
"Q","lnpois",5,0.3,0.5,0.5,"limma",0.02,20,0.0989382216319711,0.00415760315365147
"Q","lnpois",5,0.3,0.5,0.5,"limma",0.03,20,0.11237181258128,0.00413599824932184
"Q","lnpois",5,0.3,0.5,0.5,"limma",0.04,20,0.126782187121112,0.00521173980766401
"Q","lnpois",5,0.3,0.5,0.5,"limma",0.05,20,0.138021977853484,0.00513963728463519
"Q","lnpois",5,0.3,0.5,0.5,"limma",0.06,20,0.145251173707498,0.00504258038758962
"Q","lnpois",5,0.3,0.5,0.5,"limma",0.07,20,0.155343416350471,0.00477429246608038
"Q","lnpois",5,0.3,0.5,0.5,"limma",0.08,20,0.162610096670018,0.00526417900148323
"Q","lnpois",5,0.3,0.5,0.5,"limma",0.09,20,0.173641653918394,0.00566828701067231
"Q","lnpois",5,0.3,0.5,0.5,"limma",0.1,20,0.184560781862651,0.00617680291520412
"Q","lnpois",5,0.3,0.5,0.5,"limma",0.11,20,0.196230560191021,0.00568255716257793
"Q","lnpois",5,0.3,0.5,0.5,"limma",0.12,20,0.208875295883426,0.00607834980577541
"Q","lnpois",5,0.3,0.5,0.5,"limma",0.13,20,0.215930465033531,0.00646769379633718
"Q","lnpois",5,0.3,0.5,0.5,"limma",0.14,20,0.226985475028848,0.00635468989805616
"Q","lnpois",5,0.3,0.5,0.5,"limma",0.15,20,0.237596522340618,0.00618111598732572
"Q","lnpois",5,0.3,0.5,0.5,"limma",0.16,20,0.245703214795059,0.00678332162338409
"Q","lnpois",5,0.3,0.5,0.5,"limma",0.17,20,0.2524386600232,0.00678866090197974
"Q","lnpois",5,0.3,0.5,0.5,"limma",0.18,20,0.261480246097976,0.0070425489993756
"Q","lnpois",5,0.3,0.5,0.5,"limma",0.19,20,0.272029677880254,0.00691913918881801
"Q","lnpois",5,0.3,0.5,0.5,"limma",0.2,20,0.282870895896793,0.00714122578943886
"Q","lnpois",5,0.3,0.5,0.5,"limma",0.21,20,0.293250032431344,0.00748373143809594
"Q","lnpois",5,0.3,0.5,0.5,"limma",0.22,20,0.304069686974911,0.00755954093733874
"Q","lnpois",5,0.3,0.5,0.5,"limma",0.23,20,0.31271577334154,0.00776980324394855
"Q","lnpois",5,0.3,0.5,0.5,"limma",0.24,20,0.322486680360255,0.00759257640361741
"Q","lnpois",5,0.3,0.5,0.5,"limma",0.25,20,0.331142417869476,0.00767321218031262
"Q","lnpois",5,0.3,0.5,0.5,"limma",0.26,20,0.341142030295123,0.00740060355164566
"Q","lnpois",5,0.3,0.5,0.5,"limma",0.27,20,0.353347640564225,0.0069352749950815
"Q","lnpois",5,0.3,0.5,0.5,"limma",0.28,20,0.361813084286605,0.00721841399437072
"Q","lnpois",5,0.3,0.5,0.5,"limma",0.29,20,0.370239634529336,0.00721351982656782
"Q","lnpois",5,0.3,0.5,0.5,"limma",0.3,20,0.37970184511807,0.00763872334586505
"Q","lnpois",5,0.3,0.5,0.5,"TOX-log",0,20,0.141176489975729,0.00790722447608454
"Q","lnpois",5,0.3,0.5,0.5,"TOX-log",0.01,20,0.195238265263723,0.00908926703440473
"Q","lnpois",5,0.3,0.5,0.5,"TOX-log",0.02,20,0.241719551206615,0.0100189773402146
"Q","lnpois",5,0.3,0.5,0.5,"TOX-log",0.03,20,0.265708361982468,0.0102318116712101
"Q","lnpois",5,0.3,0.5,0.5,"TOX-log",0.04,20,0.280840154645219,0.0105921546582319
"Q","lnpois",5,0.3,0.5,0.5,"TOX-log",0.05,20,0.298761500909511,0.011145564234019
"Q","lnpois",5,0.3,0.5,0.5,"TOX-log",0.06,20,0.314310601373146,0.0111441881760816
"Q","lnpois",5,0.3,0.5,0.5,"TOX-log",0.07,20,0.326085143458137,0.0113900558790731
"Q","lnpois",5,0.3,0.5,0.5,"TOX-log",0.08,20,0.341847943314152,0.0114677038772414
"Q","lnpois",5,0.3,0.5,0.5,"TOX-log",0.09,20,0.351494982619394,0.0119105991961167
"Q","lnpois",5,0.3,0.5,0.5,"TOX-log",0.1,20,0.360773781674641,0.0118094263863024
"Q","lnpois",5,0.3,0.5,0.5,"TOX-log",0.11,20,0.370335925646183,0.0119471562688436
"Q","lnpois",5,0.3,0.5,0.5,"TOX-log",0.12,20,0.380821009609383,0.0121824156450104
"Q","lnpois",5,0.3,0.5,0.5,"TOX-log",0.13,20,0.391460379390783,0.012525485871476
"Q","lnpois",5,0.3,0.5,0.5,"TOX-log",0.14,20,0.400637071726704,0.0126113344021221
"Q","lnpois",5,0.3,0.5,0.5,"TOX-log",0.15,20,0.412128747391623,0.0125413830372587
"Q","lnpois",5,0.3,0.5,0.5,"TOX-log",0.16,20,0.42017549319221,0.0128319666730806
"Q","lnpois",5,0.3,0.5,0.5,"TOX-log",0.17,20,0.428400731398296,0.012842264210691
"Q","lnpois",5,0.3,0.5,0.5,"TOX-log",0.18,20,0.43842630902723,0.0126268317762935
"Q","lnpois",5,0.3,0.5,0.5,"TOX-log",0.19,20,0.446642359296729,0.0129008389526813
"Q","lnpois",5,0.3,0.5,0.5,"TOX-log",0.2,20,0.454859958814116,0.0126911622661931
"Q","lnpois",5,0.3,0.5,0.5,"TOX-log",0.21,20,0.461410016723929,0.0125350354134955
"Q","lnpois",5,0.3,0.5,0.5,"TOX-log",0.22,20,0.468458053355549,0.0127704069064935
"Q","lnpois",5,0.3,0.5,0.5,"TOX-log",0.23,20,0.474947486076193,0.0129673952085221
"Q","lnpois",5,0.3,0.5,0.5,"TOX-log",0.24,20,0.482637656265528,0.0131538368391973
"Q","lnpois",5,0.3,0.5,0.5,"TOX-log",0.25,20,0.492245326720512,0.0128798007874259
"Q","lnpois",5,0.3,0.5,0.5,"TOX-log",0.26,20,0.500859083519443,0.0127505716187971
"Q","lnpois",5,0.3,0.5,0.5,"TOX-log",0.27,20,0.508936640876802,0.0126713496013657
"Q","lnpois",5,0.3,0.5,0.5,"TOX-log",0.28,20,0.517653649502418,0.0128438918680979
"Q","lnpois",5,0.3,0.5,0.5,"TOX-log",0.29,20,0.525165023183214,0.0127753614286173
"Q","lnpois",5,0.3,0.5,0.5,"TOX-log",0.3,20,0.532075487097474,0.0126213211599595
"Q","lnpois",5,0.3,0.5,0.5,"TOX-log-blocked",0,20,0.146740054422643,0.00751232248583395
"Q","lnpois",5,0.3,0.5,0.5,"TOX-log-blocked",0.01,20,0.205142277952197,0.0100081071511216
"Q","lnpois",5,0.3,0.5,0.5,"TOX-log-blocked",0.02,20,0.240262221193873,0.0105195524346765
"Q","lnpois",5,0.3,0.5,0.5,"TOX-log-blocked",0.03,20,0.265253773971469,0.0106260518418292
"Q","lnpois",5,0.3,0.5,0.5,"TOX-log-blocked",0.04,20,0.282008726461322,0.0104025628292518
"Q","lnpois",5,0.3,0.5,0.5,"TOX-log-blocked",0.05,20,0.297474774992354,0.0110408756766399
"Q","lnpois",5,0.3,0.5,0.5,"TOX-log-blocked",0.06,20,0.314989271987937,0.0109638184918395
"Q","lnpois",5,0.3,0.5,0.5,"TOX-log-blocked",0.07,20,0.328632730738421,0.0115425573871415
"Q","lnpois",5,0.3,0.5,0.5,"TOX-log-blocked",0.08,20,0.342746565819424,0.0119025869645419
"Q","lnpois",5,0.3,0.5,0.5,"TOX-log-blocked",0.09,20,0.352766455401499,0.0118318750149107
"Q","lnpois",5,0.3,0.5,0.5,"TOX-log-blocked",0.1,20,0.361473867644664,0.0117410410499295
"Q","lnpois",5,0.3,0.5,0.5,"TOX-log-blocked",0.11,20,0.37143774265977,0.0119323865793527
"Q","lnpois",5,0.3,0.5,0.5,"TOX-log-blocked",0.12,20,0.381848249497807,0.0121182405806224
"Q","lnpois",5,0.3,0.5,0.5,"TOX-log-blocked",0.13,20,0.39149078312899,0.012363100096935
"Q","lnpois",5,0.3,0.5,0.5,"TOX-log-blocked",0.14,20,0.401950586587938,0.0126536190536332
"Q","lnpois",5,0.3,0.5,0.5,"TOX-log-blocked",0.15,20,0.413185170069481,0.0126253182600507
"Q","lnpois",5,0.3,0.5,0.5,"TOX-log-blocked",0.16,20,0.421693475715234,0.0127665133404769
"Q","lnpois",5,0.3,0.5,0.5,"TOX-log-blocked",0.17,20,0.429704520525684,0.0125837797406355
"Q","lnpois",5,0.3,0.5,0.5,"TOX-log-blocked",0.18,20,0.438241944328488,0.0126394664223813
"Q","lnpois",5,0.3,0.5,0.5,"TOX-log-blocked",0.19,20,0.446929745483875,0.0130556651583017
"Q","lnpois",5,0.3,0.5,0.5,"TOX-log-blocked",0.2,20,0.455038318354,0.0126717180424369
"Q","lnpois",5,0.3,0.5,0.5,"TOX-log-blocked",0.21,20,0.461978165778396,0.0126753793303998
"Q","lnpois",5,0.3,0.5,0.5,"TOX-log-blocked",0.22,20,0.468074458571652,0.0128292242259215
"Q","lnpois",5,0.3,0.5,0.5,"TOX-log-blocked",0.23,20,0.474770330028661,0.0129497643193568
"Q","lnpois",5,0.3,0.5,0.5,"TOX-log-blocked",0.24,20,0.484237101468049,0.013177868562204
"Q","lnpois",5,0.3,0.5,0.5,"TOX-log-blocked",0.25,20,0.492460524271415,0.0127214182743165
"Q","lnpois",5,0.3,0.5,0.5,"TOX-log-blocked",0.26,20,0.501107795971095,0.0128267980497381
"Q","lnpois",5,0.3,0.5,0.5,"TOX-log-blocked",0.27,20,0.509610378217944,0.0125237665086467
"Q","lnpois",5,0.3,0.5,0.5,"TOX-log-blocked",0.28,20,0.518291874884389,0.0127065005220644
"Q","lnpois",5,0.3,0.5,0.5,"TOX-log-blocked",0.29,20,0.524982264260402,0.012646265929444
"Q","lnpois",5,0.3,0.5,0.5,"TOX-log-blocked",0.3,20,0.53249974180891,0.0125330274155659
"Q","lnpois",5,0.3,0.5,0.5,"TOX-log-blocked-oracle",0,20,0.142212671396493,0.00754385884603363
"Q","lnpois",5,0.3,0.5,0.5,"TOX-log-blocked-oracle",0.01,20,0.203078155678948,0.00927154569480086
"Q","lnpois",5,0.3,0.5,0.5,"TOX-log-blocked-oracle",0.02,20,0.240075669121103,0.00947327861172905
"Q","lnpois",5,0.3,0.5,0.5,"TOX-log-blocked-oracle",0.03,20,0.264980407747865,0.0106730891558996
"Q","lnpois",5,0.3,0.5,0.5,"TOX-log-blocked-oracle",0.04,20,0.284076639099069,0.0100294058739788
"Q","lnpois",5,0.3,0.5,0.5,"TOX-log-blocked-oracle",0.05,20,0.298633161684458,0.010806106238735
"Q","lnpois",5,0.3,0.5,0.5,"TOX-log-blocked-oracle",0.06,20,0.310891123380189,0.0110443659887692
"Q","lnpois",5,0.3,0.5,0.5,"TOX-log-blocked-oracle",0.07,20,0.325572966394655,0.011644112196624
"Q","lnpois",5,0.3,0.5,0.5,"TOX-log-blocked-oracle",0.08,20,0.336527834361544,0.0116096502680858
"Q","lnpois",5,0.3,0.5,0.5,"TOX-log-blocked-oracle",0.09,20,0.353861506423807,0.0121352027875585
"Q","lnpois",5,0.3,0.5,0.5,"TOX-log-blocked-oracle",0.1,20,0.363279151405327,0.0120185230947749
"Q","lnpois",5,0.3,0.5,0.5,"TOX-log-blocked-oracle",0.11,20,0.373882593907,0.0120524178111549
"Q","lnpois",5,0.3,0.5,0.5,"TOX-log-blocked-oracle",0.12,20,0.383206228420589,0.0122928823718155
"Q","lnpois",5,0.3,0.5,0.5,"TOX-log-blocked-oracle",0.13,20,0.392772378031978,0.0121304211789145
"Q","lnpois",5,0.3,0.5,0.5,"TOX-log-blocked-oracle",0.14,20,0.403684371478017,0.0121909593740184
"Q","lnpois",5,0.3,0.5,0.5,"TOX-log-blocked-oracle",0.15,20,0.411946279288874,0.012389813575338
"Q","lnpois",5,0.3,0.5,0.5,"TOX-log-blocked-oracle",0.16,20,0.421986308693442,0.0126989198104866
"Q","lnpois",5,0.3,0.5,0.5,"TOX-log-blocked-oracle",0.17,20,0.429609153985487,0.0125958494427013
"Q","lnpois",5,0.3,0.5,0.5,"TOX-log-blocked-oracle",0.18,20,0.437439588725017,0.0124659727864708
"Q","lnpois",5,0.3,0.5,0.5,"TOX-log-blocked-oracle",0.19,20,0.446226897092113,0.0127509471188158
"Q","lnpois",5,0.3,0.5,0.5,"TOX-log-blocked-oracle",0.2,20,0.454339483854283,0.0126783878195437
"Q","lnpois",5,0.3,0.5,0.5,"TOX-log-blocked-oracle",0.21,20,0.462281475407865,0.0129664037143846
"Q","lnpois",5,0.3,0.5,0.5,"TOX-log-blocked-oracle",0.22,20,0.469791659506041,0.01320330182583
"Q","lnpois",5,0.3,0.5,0.5,"TOX-log-blocked-oracle",0.23,20,0.477049215299395,0.0128573954576808
"Q","lnpois",5,0.3,0.5,0.5,"TOX-log-blocked-oracle",0.24,20,0.485865706625251,0.0125802348158124
"Q","lnpois",5,0.3,0.5,0.5,"TOX-log-blocked-oracle",0.25,20,0.493413925380127,0.0128771719611068
"Q","lnpois",5,0.3,0.5,0.5,"TOX-log-blocked-oracle",0.26,20,0.501453741171457,0.0128260012939278
"Q","lnpois",5,0.3,0.5,0.5,"TOX-log-blocked-oracle",0.27,20,0.509673992827689,0.0123499929518335
"Q","lnpois",5,0.3,0.5,0.5,"TOX-log-blocked-oracle",0.28,20,0.516939759299167,0.0123906520393426
"Q","lnpois",5,0.3,0.5,0.5,"TOX-log-blocked-oracle",0.29,20,0.525369299194242,0.012586779485853
"Q","lnpois",5,0.3,0.5,0.5,"TOX-log-blocked-oracle",0.3,20,0.533270374624183,0.0124559457805896
"Q","lnpois",5,0.3,0.5,0.5,"TOX-log-boot",0,20,0.149760649781236,0.0102260883718823
"Q","lnpois",5,0.3,0.5,0.5,"TOX-log-boot",0.01,20,0.207200273928475,0.00898806123992123
"Q","lnpois",5,0.3,0.5,0.5,"TOX-log-boot",0.02,20,0.245966747394858,0.0100039393038783
"Q","lnpois",5,0.3,0.5,0.5,"TOX-log-boot",0.03,20,0.268683081117935,0.00979944667094398
"Q","lnpois",5,0.3,0.5,0.5,"TOX-log-boot",0.04,20,0.284878076513961,0.00994625482101295
"Q","lnpois",5,0.3,0.5,0.5,"TOX-log-boot",0.05,20,0.299810994476448,0.010751849607514
"Q","lnpois",5,0.3,0.5,0.5,"TOX-log-boot",0.06,20,0.314377615633897,0.0109504345398711
"Q","lnpois",5,0.3,0.5,0.5,"TOX-log-boot",0.07,20,0.327615038825095,0.0118202443374403
"Q","lnpois",5,0.3,0.5,0.5,"TOX-log-boot",0.08,20,0.341780272335842,0.0116104854582556
"Q","lnpois",5,0.3,0.5,0.5,"TOX-log-boot",0.09,20,0.353973534379518,0.0118382186981042
"Q","lnpois",5,0.3,0.5,0.5,"TOX-log-boot",0.1,20,0.36364398534542,0.011832697290106
"Q","lnpois",5,0.3,0.5,0.5,"TOX-log-boot",0.11,20,0.372502676195944,0.0119652401607837
"Q","lnpois",5,0.3,0.5,0.5,"TOX-log-boot",0.12,20,0.381889262333909,0.0119171310022054
"Q","lnpois",5,0.3,0.5,0.5,"TOX-log-boot",0.13,20,0.391602616200229,0.0121654690577801
"Q","lnpois",5,0.3,0.5,0.5,"TOX-log-boot",0.14,20,0.40212755210459,0.0125036064749934
"Q","lnpois",5,0.3,0.5,0.5,"TOX-log-boot",0.15,20,0.413612384201614,0.0126129979309545
"Q","lnpois",5,0.3,0.5,0.5,"TOX-log-boot",0.16,20,0.422198301436489,0.0126920575822026
"Q","lnpois",5,0.3,0.5,0.5,"TOX-log-boot",0.17,20,0.429527117745838,0.0123740048273414
"Q","lnpois",5,0.3,0.5,0.5,"TOX-log-boot",0.18,20,0.437108140617242,0.0126731806742019
"Q","lnpois",5,0.3,0.5,0.5,"TOX-log-boot",0.19,20,0.447600016141795,0.0130541817214084
"Q","lnpois",5,0.3,0.5,0.5,"TOX-log-boot",0.2,20,0.454471353813766,0.0129056676070795
"Q","lnpois",5,0.3,0.5,0.5,"TOX-log-boot",0.21,20,0.460206424433559,0.0128941139090433
"Q","lnpois",5,0.3,0.5,0.5,"TOX-log-boot",0.22,20,0.468210906171264,0.0128058638090787
"Q","lnpois",5,0.3,0.5,0.5,"TOX-log-boot",0.23,20,0.475550062980867,0.0128553243504176
"Q","lnpois",5,0.3,0.5,0.5,"TOX-log-boot",0.24,20,0.482883389068463,0.0130565220475984
"Q","lnpois",5,0.3,0.5,0.5,"TOX-log-boot",0.25,20,0.491781921748213,0.0131045324237624
"Q","lnpois",5,0.3,0.5,0.5,"TOX-log-boot",0.26,20,0.501279689837039,0.0127092250916475
"Q","lnpois",5,0.3,0.5,0.5,"TOX-log-boot",0.27,20,0.508549548313439,0.0127486378834577
"Q","lnpois",5,0.3,0.5,0.5,"TOX-log-boot",0.28,20,0.517260513532128,0.0127993678086414
"Q","lnpois",5,0.3,0.5,0.5,"TOX-log-boot",0.29,20,0.524383556120948,0.0125839281053545
"Q","lnpois",5,0.3,0.5,0.5,"TOX-log-boot",0.3,20,0.532954430200522,0.0126266301385788
"Q","lnpois",5,0.3,0.5,0.5,"TOX-log-oracle",0,20,0.116601073212479,0.0141364013730615
"Q","lnpois",5,0.3,0.5,0.5,"TOX-log-oracle",0.01,20,0.196993795465068,0.00989345448635977
"Q","lnpois",5,0.3,0.5,0.5,"TOX-log-oracle",0.02,20,0.238205828780021,0.00989312226615371
"Q","lnpois",5,0.3,0.5,0.5,"TOX-log-oracle",0.03,20,0.258645188957822,0.0103599531654376
"Q","lnpois",5,0.3,0.5,0.5,"TOX-log-oracle",0.04,20,0.279462988972012,0.00980713377401016
"Q","lnpois",5,0.3,0.5,0.5,"TOX-log-oracle",0.05,20,0.297024952694571,0.0105162443009225
"Q","lnpois",5,0.3,0.5,0.5,"TOX-log-oracle",0.06,20,0.309118645011477,0.0108758898734436
"Q","lnpois",5,0.3,0.5,0.5,"TOX-log-oracle",0.07,20,0.322207595380508,0.0115340806094586
"Q","lnpois",5,0.3,0.5,0.5,"TOX-log-oracle",0.08,20,0.336773389811601,0.0118452744467711
"Q","lnpois",5,0.3,0.5,0.5,"TOX-log-oracle",0.09,20,0.351204351887532,0.0120667002095781
"Q","lnpois",5,0.3,0.5,0.5,"TOX-log-oracle",0.1,20,0.361652682935239,0.0120945522815641
"Q","lnpois",5,0.3,0.5,0.5,"TOX-log-oracle",0.11,20,0.373100693302474,0.0121721259278097
"Q","lnpois",5,0.3,0.5,0.5,"TOX-log-oracle",0.12,20,0.382989774938048,0.0123079606136895
"Q","lnpois",5,0.3,0.5,0.5,"TOX-log-oracle",0.13,20,0.392951452847641,0.0121366040909331
"Q","lnpois",5,0.3,0.5,0.5,"TOX-log-oracle",0.14,20,0.40248101263007,0.0121395226415785
"Q","lnpois",5,0.3,0.5,0.5,"TOX-log-oracle",0.15,20,0.410913582893704,0.0122812165125545
"Q","lnpois",5,0.3,0.5,0.5,"TOX-log-oracle",0.16,20,0.421773666338602,0.0127841754477551
"Q","lnpois",5,0.3,0.5,0.5,"TOX-log-oracle",0.17,20,0.428479307487943,0.0128114855591246
"Q","lnpois",5,0.3,0.5,0.5,"TOX-log-oracle",0.18,20,0.436662150008288,0.0123681013420726
"Q","lnpois",5,0.3,0.5,0.5,"TOX-log-oracle",0.19,20,0.445303744544639,0.0125841703883167
"Q","lnpois",5,0.3,0.5,0.5,"TOX-log-oracle",0.2,20,0.453281997794486,0.0128337358842555
"Q","lnpois",5,0.3,0.5,0.5,"TOX-log-oracle",0.21,20,0.461677592677372,0.0128873447149501
"Q","lnpois",5,0.3,0.5,0.5,"TOX-log-oracle",0.22,20,0.469578867368603,0.0130530835396129
"Q","lnpois",5,0.3,0.5,0.5,"TOX-log-oracle",0.23,20,0.478110037249431,0.012878421454785
"Q","lnpois",5,0.3,0.5,0.5,"TOX-log-oracle",0.24,20,0.485903951688066,0.012589090367275
"Q","lnpois",5,0.3,0.5,0.5,"TOX-log-oracle",0.25,20,0.493450479499911,0.0129176560630778
"Q","lnpois",5,0.3,0.5,0.5,"TOX-log-oracle",0.26,20,0.500781501706575,0.0128389998314343
"Q","lnpois",5,0.3,0.5,0.5,"TOX-log-oracle",0.27,20,0.509886920053179,0.0123475083017027
"Q","lnpois",5,0.3,0.5,0.5,"TOX-log-oracle",0.28,20,0.516832537371264,0.01233558596675
"Q","lnpois",5,0.3,0.5,0.5,"TOX-log-oracle",0.29,20,0.525158318515853,0.0125146291885489
"Q","lnpois",5,0.3,0.5,0.5,"TOX-log-oracle",0.3,20,0.533307166894464,0.0123889278404765
"Q","lnpois",5,0.3,0.5,0.5,"TOX-raw",0,20,0.0797437372368638,0.00930290386409943
"Q","lnpois",5,0.3,0.5,0.5,"TOX-raw",0.01,20,0.133366569524024,0.0130919758358962
"Q","lnpois",5,0.3,0.5,0.5,"TOX-raw",0.02,20,0.188797802606413,0.012559268123702
"Q","lnpois",5,0.3,0.5,0.5,"TOX-raw",0.03,20,0.239255889094438,0.0107916973179044
"Q","lnpois",5,0.3,0.5,0.5,"TOX-raw",0.04,20,0.263889332960065,0.0119282067624722
"Q","lnpois",5,0.3,0.5,0.5,"TOX-raw",0.05,20,0.279391598230201,0.0125354219695379
"Q","lnpois",5,0.3,0.5,0.5,"TOX-raw",0.06,20,0.3013691057577,0.013161804778235
"Q","lnpois",5,0.3,0.5,0.5,"TOX-raw",0.07,20,0.316355883604909,0.013035235759045
"Q","lnpois",5,0.3,0.5,0.5,"TOX-raw",0.08,20,0.330662824161292,0.0136006384492366
"Q","lnpois",5,0.3,0.5,0.5,"TOX-raw",0.09,20,0.345021089873794,0.0133094287539749
"Q","lnpois",5,0.3,0.5,0.5,"TOX-raw",0.1,20,0.357680382163832,0.0131718427918331
"Q","lnpois",5,0.3,0.5,0.5,"TOX-raw",0.11,20,0.369874078563688,0.0131738002797595
"Q","lnpois",5,0.3,0.5,0.5,"TOX-raw",0.12,20,0.381319060424962,0.0132842593941683
"Q","lnpois",5,0.3,0.5,0.5,"TOX-raw",0.13,20,0.390141660321519,0.0133978513256855
"Q","lnpois",5,0.3,0.5,0.5,"TOX-raw",0.14,20,0.400609711898618,0.0138060265727192
"Q","lnpois",5,0.3,0.5,0.5,"TOX-raw",0.15,20,0.409544258324899,0.0141854917875416
"Q","lnpois",5,0.3,0.5,0.5,"TOX-raw",0.16,20,0.418826163913325,0.0139768117857722
"Q","lnpois",5,0.3,0.5,0.5,"TOX-raw",0.17,20,0.427655422101654,0.0138250781529414
"Q","lnpois",5,0.3,0.5,0.5,"TOX-raw",0.18,20,0.43612631149427,0.0137211908637134
"Q","lnpois",5,0.3,0.5,0.5,"TOX-raw",0.19,20,0.444106393345268,0.0140789743521673
"Q","lnpois",5,0.3,0.5,0.5,"TOX-raw",0.2,20,0.453105369994259,0.0142160139595481
"Q","lnpois",5,0.3,0.5,0.5,"TOX-raw",0.21,20,0.460262213295959,0.0141102613248127
"Q","lnpois",5,0.3,0.5,0.5,"TOX-raw",0.22,20,0.46919387361707,0.0138725393654533
"Q","lnpois",5,0.3,0.5,0.5,"TOX-raw",0.23,20,0.476430775893609,0.0140187706051602
"Q","lnpois",5,0.3,0.5,0.5,"TOX-raw",0.24,20,0.485572219649981,0.0140947125656535
"Q","lnpois",5,0.3,0.5,0.5,"TOX-raw",0.25,20,0.4938714776818,0.0138111704684177
"Q","lnpois",5,0.3,0.5,0.5,"TOX-raw",0.26,20,0.503433618739945,0.0137131463148124
"Q","lnpois",5,0.3,0.5,0.5,"TOX-raw",0.27,20,0.510588029556492,0.0135890050776118
"Q","lnpois",5,0.3,0.5,0.5,"TOX-raw",0.28,20,0.518453767554098,0.0138085435931308
"Q","lnpois",5,0.3,0.5,0.5,"TOX-raw",0.29,20,0.525857113413132,0.0139094385789921
"Q","lnpois",5,0.3,0.5,0.5,"TOX-raw",0.3,20,0.5344623281466,0.0137082804280437
"Q","lnpois",5,0.3,0.5,0.5,"TOX-raw-blocked",0,20,0.0863863615088468,0.0123618581935493
"Q","lnpois",5,0.3,0.5,0.5,"TOX-raw-blocked",0.01,20,0.142361211820151,0.0136490490532652
"Q","lnpois",5,0.3,0.5,0.5,"TOX-raw-blocked",0.02,20,0.199393351006163,0.0120589292579515
"Q","lnpois",5,0.3,0.5,0.5,"TOX-raw-blocked",0.03,20,0.236725779739817,0.0113600801051282
"Q","lnpois",5,0.3,0.5,0.5,"TOX-raw-blocked",0.04,20,0.264383445155168,0.0129346844086617
"Q","lnpois",5,0.3,0.5,0.5,"TOX-raw-blocked",0.05,20,0.286196767922016,0.0128234893463152
"Q","lnpois",5,0.3,0.5,0.5,"TOX-raw-blocked",0.06,20,0.303527635579702,0.0129187101058014
"Q","lnpois",5,0.3,0.5,0.5,"TOX-raw-blocked",0.07,20,0.318197907233218,0.0135733207290236
"Q","lnpois",5,0.3,0.5,0.5,"TOX-raw-blocked",0.08,20,0.332025671896068,0.013322119604743
"Q","lnpois",5,0.3,0.5,0.5,"TOX-raw-blocked",0.09,20,0.346306900711195,0.0134604037326548
"Q","lnpois",5,0.3,0.5,0.5,"TOX-raw-blocked",0.1,20,0.359422372802025,0.0132765436334116
"Q","lnpois",5,0.3,0.5,0.5,"TOX-raw-blocked",0.11,20,0.37186031748459,0.0137331196201378
"Q","lnpois",5,0.3,0.5,0.5,"TOX-raw-blocked",0.12,20,0.383845871040836,0.0133633368072553
"Q","lnpois",5,0.3,0.5,0.5,"TOX-raw-blocked",0.13,20,0.393520916101458,0.0136080160914371
"Q","lnpois",5,0.3,0.5,0.5,"TOX-raw-blocked",0.14,20,0.401463914164629,0.013666016666711
"Q","lnpois",5,0.3,0.5,0.5,"TOX-raw-blocked",0.15,20,0.412661168809796,0.013541098926851
"Q","lnpois",5,0.3,0.5,0.5,"TOX-raw-blocked",0.16,20,0.421633134904609,0.0135254060261053
"Q","lnpois",5,0.3,0.5,0.5,"TOX-raw-blocked",0.17,20,0.428793350479754,0.0136282387327435
"Q","lnpois",5,0.3,0.5,0.5,"TOX-raw-blocked",0.18,20,0.437476785764987,0.0138047032369338
"Q","lnpois",5,0.3,0.5,0.5,"TOX-raw-blocked",0.19,20,0.445597445340043,0.0140429861946766
"Q","lnpois",5,0.3,0.5,0.5,"TOX-raw-blocked",0.2,20,0.453817798115281,0.0139529196342719
"Q","lnpois",5,0.3,0.5,0.5,"TOX-raw-blocked",0.21,20,0.461859925155171,0.0139801917975948
"Q","lnpois",5,0.3,0.5,0.5,"TOX-raw-blocked",0.22,20,0.470038587371624,0.0138811738012306
"Q","lnpois",5,0.3,0.5,0.5,"TOX-raw-blocked",0.23,20,0.478061593707921,0.0139244765743577
"Q","lnpois",5,0.3,0.5,0.5,"TOX-raw-blocked",0.24,20,0.487095780320729,0.0140275801672768
"Q","lnpois",5,0.3,0.5,0.5,"TOX-raw-blocked",0.25,20,0.496491776594395,0.0136078660529012
"Q","lnpois",5,0.3,0.5,0.5,"TOX-raw-blocked",0.26,20,0.50269318651287,0.014018653895495
"Q","lnpois",5,0.3,0.5,0.5,"TOX-raw-blocked",0.27,20,0.510766044618234,0.0137235260370907
"Q","lnpois",5,0.3,0.5,0.5,"TOX-raw-blocked",0.28,20,0.518776806334108,0.0138308137746946
"Q","lnpois",5,0.3,0.5,0.5,"TOX-raw-blocked",0.29,20,0.526957134815599,0.0137919126967801
"Q","lnpois",5,0.3,0.5,0.5,"TOX-raw-blocked",0.3,20,0.534466655850495,0.0138554373731957
"Q","lnpois",5,0.3,1,0.5,"DESeq2",0,20,0.352650434954991,0.00913420574189823
"Q","lnpois",5,0.3,1,0.5,"DESeq2",0.01,20,0.458193345403828,0.00682397512851642
"Q","lnpois",5,0.3,1,0.5,"DESeq2",0.02,20,0.49344009606164,0.00502786714225328
"Q","lnpois",5,0.3,1,0.5,"DESeq2",0.03,20,0.516320228246871,0.0050220915723482
"Q","lnpois",5,0.3,1,0.5,"DESeq2",0.04,20,0.532811998110933,0.00586203909198401
"Q","lnpois",5,0.3,1,0.5,"DESeq2",0.05,20,0.548159529820592,0.00579146672821759
"Q","lnpois",5,0.3,1,0.5,"DESeq2",0.06,20,0.560756635135793,0.00592798152346225
"Q","lnpois",5,0.3,1,0.5,"DESeq2",0.07,20,0.572357966466455,0.005317820691646
"Q","lnpois",5,0.3,1,0.5,"DESeq2",0.08,20,0.58242424924757,0.00502483334453166
"Q","lnpois",5,0.3,1,0.5,"DESeq2",0.09,20,0.590234386453545,0.00506852610107229
"Q","lnpois",5,0.3,1,0.5,"DESeq2",0.1,20,0.598409851146286,0.00477889507048066
"Q","lnpois",5,0.3,1,0.5,"DESeq2",0.11,20,0.606380511576771,0.00468694052991516
"Q","lnpois",5,0.3,1,0.5,"DESeq2",0.12,20,0.613181600963818,0.00454965908968261
"Q","lnpois",5,0.3,1,0.5,"DESeq2",0.13,20,0.618887108905546,0.00430349237385532
"Q","lnpois",5,0.3,1,0.5,"DESeq2",0.14,20,0.624935746643124,0.00413140784849993
"Q","lnpois",5,0.3,1,0.5,"DESeq2",0.15,20,0.631522360744072,0.00450232842568296
"Q","lnpois",5,0.3,1,0.5,"DESeq2",0.16,20,0.638946981158732,0.00435839905505213
"Q","lnpois",5,0.3,1,0.5,"DESeq2",0.17,20,0.645103473314173,0.00439512657279829
"Q","lnpois",5,0.3,1,0.5,"DESeq2",0.18,20,0.651431444462868,0.00443574990884575
"Q","lnpois",5,0.3,1,0.5,"DESeq2",0.19,20,0.656590247650096,0.00420614332366066
"Q","lnpois",5,0.3,1,0.5,"DESeq2",0.2,20,0.661788324826946,0.00432900901623798
"Q","lnpois",5,0.3,1,0.5,"DESeq2",0.21,20,0.667511332280308,0.00425808465125024
"Q","lnpois",5,0.3,1,0.5,"DESeq2",0.22,20,0.672815959792714,0.00430813773934671
"Q","lnpois",5,0.3,1,0.5,"DESeq2",0.23,20,0.678263510864476,0.00439922498814309
"Q","lnpois",5,0.3,1,0.5,"DESeq2",0.24,20,0.682284989908344,0.0043457940895172
"Q","lnpois",5,0.3,1,0.5,"DESeq2",0.25,20,0.687621191305143,0.00423057020324681
"Q","lnpois",5,0.3,1,0.5,"DESeq2",0.26,20,0.693279397623967,0.00443819506120357
"Q","lnpois",5,0.3,1,0.5,"DESeq2",0.27,20,0.697013437139112,0.00439425542308829
"Q","lnpois",5,0.3,1,0.5,"DESeq2",0.28,20,0.701349400153783,0.00420128360403446
"Q","lnpois",5,0.3,1,0.5,"DESeq2",0.29,20,0.706141233475969,0.00432393049134315
"Q","lnpois",5,0.3,1,0.5,"DESeq2",0.3,20,0.710090361684511,0.0042409871992048
"Q","lnpois",5,0.3,1,0.5,"edgeR",0,20,0.399592841212038,0.0082694157751521
"Q","lnpois",5,0.3,1,0.5,"edgeR",0.01,20,0.485580366195527,0.00689386851433039
"Q","lnpois",5,0.3,1,0.5,"edgeR",0.02,20,0.519583996054365,0.00675271955802871
"Q","lnpois",5,0.3,1,0.5,"edgeR",0.03,20,0.542643656916304,0.00689427535521773
"Q","lnpois",5,0.3,1,0.5,"edgeR",0.04,20,0.558108185048112,0.00643517199796281
"Q","lnpois",5,0.3,1,0.5,"edgeR",0.05,20,0.57162179820467,0.00616495791675689
"Q","lnpois",5,0.3,1,0.5,"edgeR",0.06,20,0.583283178192112,0.00622259795681427
"Q","lnpois",5,0.3,1,0.5,"edgeR",0.07,20,0.592310770565627,0.0058024253223049
"Q","lnpois",5,0.3,1,0.5,"edgeR",0.08,20,0.601840289749959,0.00581834384055503
"Q","lnpois",5,0.3,1,0.5,"edgeR",0.09,20,0.611013670380627,0.00565055780014039
"Q","lnpois",5,0.3,1,0.5,"edgeR",0.1,20,0.618084565858033,0.00582565116910688
"Q","lnpois",5,0.3,1,0.5,"edgeR",0.11,20,0.625773759749078,0.00579389297120278
"Q","lnpois",5,0.3,1,0.5,"edgeR",0.12,20,0.632078185273034,0.00570376012724766
"Q","lnpois",5,0.3,1,0.5,"edgeR",0.13,20,0.638165272871522,0.00586444249640007
"Q","lnpois",5,0.3,1,0.5,"edgeR",0.14,20,0.644148334345242,0.00583368298551783
"Q","lnpois",5,0.3,1,0.5,"edgeR",0.15,20,0.648775521450243,0.00558244950763559
"Q","lnpois",5,0.3,1,0.5,"edgeR",0.16,20,0.654576918715935,0.00547371928347588
"Q","lnpois",5,0.3,1,0.5,"edgeR",0.17,20,0.659912538184523,0.00549697448179303
"Q","lnpois",5,0.3,1,0.5,"edgeR",0.18,20,0.664996469246579,0.00549794553104689
"Q","lnpois",5,0.3,1,0.5,"edgeR",0.19,20,0.67122667927123,0.00541730890354395
"Q","lnpois",5,0.3,1,0.5,"edgeR",0.2,20,0.675632363706272,0.0053809943590274
"Q","lnpois",5,0.3,1,0.5,"edgeR",0.21,20,0.680867249094135,0.0054018192719347
"Q","lnpois",5,0.3,1,0.5,"edgeR",0.22,20,0.685841985401859,0.00522900905802723
"Q","lnpois",5,0.3,1,0.5,"edgeR",0.23,20,0.690072695597677,0.0052310009250061
"Q","lnpois",5,0.3,1,0.5,"edgeR",0.24,20,0.694161111536986,0.00510040979042293
"Q","lnpois",5,0.3,1,0.5,"edgeR",0.25,20,0.698180746803627,0.00516172019185334
"Q","lnpois",5,0.3,1,0.5,"edgeR",0.26,20,0.702335537939134,0.00506483378131454
"Q","lnpois",5,0.3,1,0.5,"edgeR",0.27,20,0.706461882632397,0.00509798016358629
"Q","lnpois",5,0.3,1,0.5,"edgeR",0.28,20,0.710652158022443,0.00497333629719392
"Q","lnpois",5,0.3,1,0.5,"edgeR",0.29,20,0.714953805512153,0.00494169095718353
"Q","lnpois",5,0.3,1,0.5,"edgeR",0.3,20,0.718975093376963,0.00485849114279384
"Q","lnpois",5,0.3,1,0.5,"limma",0,20,0.406380861033554,0.0103844322357547
"Q","lnpois",5,0.3,1,0.5,"limma",0.01,20,0.501599448226888,0.00707630533902169
"Q","lnpois",5,0.3,1,0.5,"limma",0.02,20,0.530756065128748,0.00665350378351174
"Q","lnpois",5,0.3,1,0.5,"limma",0.03,20,0.550432247118839,0.00671552773778736
"Q","lnpois",5,0.3,1,0.5,"limma",0.04,20,0.567271496476648,0.0063184695889392
"Q","lnpois",5,0.3,1,0.5,"limma",0.05,20,0.580993158715237,0.00621170803153192
"Q","lnpois",5,0.3,1,0.5,"limma",0.06,20,0.593040729416727,0.0058051025701396
"Q","lnpois",5,0.3,1,0.5,"limma",0.07,20,0.601936529126671,0.00592354016400531
"Q","lnpois",5,0.3,1,0.5,"limma",0.08,20,0.610336099051411,0.00576571062357786
"Q","lnpois",5,0.3,1,0.5,"limma",0.09,20,0.618761904093314,0.0054389647071704
"Q","lnpois",5,0.3,1,0.5,"limma",0.1,20,0.625951142972332,0.00550058861288149
"Q","lnpois",5,0.3,1,0.5,"limma",0.11,20,0.633663734430113,0.00567411441629017
"Q","lnpois",5,0.3,1,0.5,"limma",0.12,20,0.640916508099694,0.00530851312158211
"Q","lnpois",5,0.3,1,0.5,"limma",0.13,20,0.648075153342179,0.00523262917968866
"Q","lnpois",5,0.3,1,0.5,"limma",0.14,20,0.653871290437808,0.00513256701151792
"Q","lnpois",5,0.3,1,0.5,"limma",0.15,20,0.659171094775192,0.00503097247390687
"Q","lnpois",5,0.3,1,0.5,"limma",0.16,20,0.664830222961553,0.00478151917297241
"Q","lnpois",5,0.3,1,0.5,"limma",0.17,20,0.669637534687766,0.00484572340900792
"Q","lnpois",5,0.3,1,0.5,"limma",0.18,20,0.674225657388503,0.00484972002177104
"Q","lnpois",5,0.3,1,0.5,"limma",0.19,20,0.679625754444695,0.00485516180014994
"Q","lnpois",5,0.3,1,0.5,"limma",0.2,20,0.684469666218448,0.00487996794146145
"Q","lnpois",5,0.3,1,0.5,"limma",0.21,20,0.688838686291757,0.00468682691486626
"Q","lnpois",5,0.3,1,0.5,"limma",0.22,20,0.693003792524706,0.0046894559357521
"Q","lnpois",5,0.3,1,0.5,"limma",0.23,20,0.698516180937834,0.00471925541137726
"Q","lnpois",5,0.3,1,0.5,"limma",0.24,20,0.703064758701524,0.00477152186781151
"Q","lnpois",5,0.3,1,0.5,"limma",0.25,20,0.706836678383971,0.00483799446733669
"Q","lnpois",5,0.3,1,0.5,"limma",0.26,20,0.710784816841451,0.00491189148111842
"Q","lnpois",5,0.3,1,0.5,"limma",0.27,20,0.714985450960271,0.00483281773968894
"Q","lnpois",5,0.3,1,0.5,"limma",0.28,20,0.718579045584384,0.00477906302898726
"Q","lnpois",5,0.3,1,0.5,"limma",0.29,20,0.722523532917276,0.00464684781108145
"Q","lnpois",5,0.3,1,0.5,"limma",0.3,20,0.72611853906591,0.00467471140823296
"Q","lnpois",5,0.3,1,0.5,"TOX-log",0,20,0.343217344495212,0.0463491671944425
"Q","lnpois",5,0.3,1,0.5,"TOX-log",0.01,20,0.540282334774493,0.0113018653150117
"Q","lnpois",5,0.3,1,0.5,"TOX-log",0.02,20,0.573939538224812,0.0112364694646366
"Q","lnpois",5,0.3,1,0.5,"TOX-log",0.03,20,0.594463572880224,0.0110309729451283
"Q","lnpois",5,0.3,1,0.5,"TOX-log",0.04,20,0.610554106723235,0.0107104901074019
"Q","lnpois",5,0.3,1,0.5,"TOX-log",0.05,20,0.620778168038237,0.0101934536679812
"Q","lnpois",5,0.3,1,0.5,"TOX-log",0.06,20,0.63076803294226,0.00983243219269412
"Q","lnpois",5,0.3,1,0.5,"TOX-log",0.07,20,0.639588089555085,0.0096991123299569
"Q","lnpois",5,0.3,1,0.5,"TOX-log",0.08,20,0.648903931634783,0.00945545928934031
"Q","lnpois",5,0.3,1,0.5,"TOX-log",0.09,20,0.65846959405965,0.00933724790824322
"Q","lnpois",5,0.3,1,0.5,"TOX-log",0.1,20,0.664731578705278,0.00922195803934711
"Q","lnpois",5,0.3,1,0.5,"TOX-log",0.11,20,0.671198148447132,0.00919103195743425
"Q","lnpois",5,0.3,1,0.5,"TOX-log",0.12,20,0.676895480981652,0.00924683053239299
"Q","lnpois",5,0.3,1,0.5,"TOX-log",0.13,20,0.681981515342151,0.00917463197632029
"Q","lnpois",5,0.3,1,0.5,"TOX-log",0.14,20,0.685971938722118,0.00931427193532255
"Q","lnpois",5,0.3,1,0.5,"TOX-log",0.15,20,0.691270884199023,0.00919791054138471
"Q","lnpois",5,0.3,1,0.5,"TOX-log",0.16,20,0.696533474997018,0.00885167192891826
"Q","lnpois",5,0.3,1,0.5,"TOX-log",0.17,20,0.701518281926785,0.00910306991446679
"Q","lnpois",5,0.3,1,0.5,"TOX-log",0.18,20,0.706000214778666,0.00908526254052544
"Q","lnpois",5,0.3,1,0.5,"TOX-log",0.19,20,0.709806659808563,0.0090207189584049
"Q","lnpois",5,0.3,1,0.5,"TOX-log",0.2,20,0.714106202260957,0.00892914852844861
"Q","lnpois",5,0.3,1,0.5,"TOX-log",0.21,20,0.718085639255662,0.00872882356322601
"Q","lnpois",5,0.3,1,0.5,"TOX-log",0.22,20,0.72199973612951,0.00867368947375567
"Q","lnpois",5,0.3,1,0.5,"TOX-log",0.23,20,0.72651734826286,0.00847156565666271
"Q","lnpois",5,0.3,1,0.5,"TOX-log",0.24,20,0.731105972218321,0.0084622501944767
"Q","lnpois",5,0.3,1,0.5,"TOX-log",0.25,20,0.735907273845358,0.0083562048614144
"Q","lnpois",5,0.3,1,0.5,"TOX-log",0.26,20,0.739614653458328,0.00834397490560425
"Q","lnpois",5,0.3,1,0.5,"TOX-log",0.27,20,0.744874027675439,0.00820048341807496
"Q","lnpois",5,0.3,1,0.5,"TOX-log",0.28,20,0.749063218767257,0.00811393768361464
"Q","lnpois",5,0.3,1,0.5,"TOX-log",0.29,20,0.753292567295867,0.00792402530365878
"Q","lnpois",5,0.3,1,0.5,"TOX-log",0.3,20,0.757241176875516,0.0079345940640672
"Q","lnpois",5,0.3,1,0.5,"TOX-log-blocked",0,20,0.451554607765687,0.0114293373106567
"Q","lnpois",5,0.3,1,0.5,"TOX-log-blocked",0.01,20,0.541588281399073,0.0115212881865679
"Q","lnpois",5,0.3,1,0.5,"TOX-log-blocked",0.02,20,0.575283871874711,0.0113275615657169
"Q","lnpois",5,0.3,1,0.5,"TOX-log-blocked",0.03,20,0.594956686934344,0.0109915629959469
"Q","lnpois",5,0.3,1,0.5,"TOX-log-blocked",0.04,20,0.610151129636538,0.0106546608574835
"Q","lnpois",5,0.3,1,0.5,"TOX-log-blocked",0.05,20,0.621381420015811,0.0102319470192173
"Q","lnpois",5,0.3,1,0.5,"TOX-log-blocked",0.06,20,0.631085901271126,0.00967146238085995
"Q","lnpois",5,0.3,1,0.5,"TOX-log-blocked",0.07,20,0.639871902744916,0.00949843574269059
"Q","lnpois",5,0.3,1,0.5,"TOX-log-blocked",0.08,20,0.649685391900744,0.00943363043207822
"Q","lnpois",5,0.3,1,0.5,"TOX-log-blocked",0.09,20,0.658783857662387,0.00921781036209436
"Q","lnpois",5,0.3,1,0.5,"TOX-log-blocked",0.1,20,0.664940313862438,0.00920801696613116
"Q","lnpois",5,0.3,1,0.5,"TOX-log-blocked",0.11,20,0.670738526482421,0.00925624313616426
"Q","lnpois",5,0.3,1,0.5,"TOX-log-blocked",0.12,20,0.676967221838835,0.00919408554779711
"Q","lnpois",5,0.3,1,0.5,"TOX-log-blocked",0.13,20,0.681591419314111,0.00922208461401458
"Q","lnpois",5,0.3,1,0.5,"TOX-log-blocked",0.14,20,0.685936050202012,0.0092362690587309
"Q","lnpois",5,0.3,1,0.5,"TOX-log-blocked",0.15,20,0.691340478973015,0.00913124180640314
"Q","lnpois",5,0.3,1,0.5,"TOX-log-blocked",0.16,20,0.695819832646121,0.00898479085381573
"Q","lnpois",5,0.3,1,0.5,"TOX-log-blocked",0.17,20,0.701625607388925,0.00908479618711464
"Q","lnpois",5,0.3,1,0.5,"TOX-log-blocked",0.18,20,0.705891004057934,0.00902767868645241
"Q","lnpois",5,0.3,1,0.5,"TOX-log-blocked",0.19,20,0.710090047847941,0.00901242736896486
"Q","lnpois",5,0.3,1,0.5,"TOX-log-blocked",0.2,20,0.714140897103062,0.00890418918655159
"Q","lnpois",5,0.3,1,0.5,"TOX-log-blocked",0.21,20,0.7183698938392,0.00872028032485035
"Q","lnpois",5,0.3,1,0.5,"TOX-log-blocked",0.22,20,0.72249749583707,0.008697468746836
"Q","lnpois",5,0.3,1,0.5,"TOX-log-blocked",0.23,20,0.726553469824329,0.00848228571067033
"Q","lnpois",5,0.3,1,0.5,"TOX-log-blocked",0.24,20,0.731108431425364,0.00844456767390634
"Q","lnpois",5,0.3,1,0.5,"TOX-log-blocked",0.25,20,0.735518191219833,0.00836787824600445
"Q","lnpois",5,0.3,1,0.5,"TOX-log-blocked",0.26,20,0.739258264416894,0.00835604710195912
"Q","lnpois",5,0.3,1,0.5,"TOX-log-blocked",0.27,20,0.744765212081565,0.0081325649247476
"Q","lnpois",5,0.3,1,0.5,"TOX-log-blocked",0.28,20,0.749028339690878,0.00807585078181852
"Q","lnpois",5,0.3,1,0.5,"TOX-log-blocked",0.29,20,0.753364640971624,0.00794477144782682
"Q","lnpois",5,0.3,1,0.5,"TOX-log-blocked",0.3,20,0.757385510761719,0.00795497130912897
"Q","lnpois",5,0.3,1,0.5,"TOX-log-blocked-oracle",0,20,0.455585959824005,0.0113657611152047
"Q","lnpois",5,0.3,1,0.5,"TOX-log-blocked-oracle",0.01,20,0.543986082277727,0.0119078238607609
"Q","lnpois",5,0.3,1,0.5,"TOX-log-blocked-oracle",0.02,20,0.573575086844454,0.0117816291419771
"Q","lnpois",5,0.3,1,0.5,"TOX-log-blocked-oracle",0.03,20,0.59376656604209,0.0110923678148228
"Q","lnpois",5,0.3,1,0.5,"TOX-log-blocked-oracle",0.04,20,0.608326786848058,0.0107170702974313
"Q","lnpois",5,0.3,1,0.5,"TOX-log-blocked-oracle",0.05,20,0.619356890331089,0.0102871397159502
"Q","lnpois",5,0.3,1,0.5,"TOX-log-blocked-oracle",0.06,20,0.631731052806041,0.00986116021201226
"Q","lnpois",5,0.3,1,0.5,"TOX-log-blocked-oracle",0.07,20,0.641085666739451,0.00993278460361958
"Q","lnpois",5,0.3,1,0.5,"TOX-log-blocked-oracle",0.08,20,0.648946623866843,0.00958647799444444
"Q","lnpois",5,0.3,1,0.5,"TOX-log-blocked-oracle",0.09,20,0.656629678574592,0.00933996032357665
"Q","lnpois",5,0.3,1,0.5,"TOX-log-blocked-oracle",0.1,20,0.66422303576918,0.00893241257304549
"Q","lnpois",5,0.3,1,0.5,"TOX-log-blocked-oracle",0.11,20,0.669776921914223,0.00929472398128507
"Q","lnpois",5,0.3,1,0.5,"TOX-log-blocked-oracle",0.12,20,0.67546843061635,0.00941886005392739
"Q","lnpois",5,0.3,1,0.5,"TOX-log-blocked-oracle",0.13,20,0.681235496892647,0.00943757006590942
"Q","lnpois",5,0.3,1,0.5,"TOX-log-blocked-oracle",0.14,20,0.686330713269763,0.00932278661966963
"Q","lnpois",5,0.3,1,0.5,"TOX-log-blocked-oracle",0.15,20,0.690632282869262,0.0091175072757198
"Q","lnpois",5,0.3,1,0.5,"TOX-log-blocked-oracle",0.16,20,0.696074858531793,0.00896222811243007
"Q","lnpois",5,0.3,1,0.5,"TOX-log-blocked-oracle",0.17,20,0.700590745243488,0.00915857759644189
"Q","lnpois",5,0.3,1,0.5,"TOX-log-blocked-oracle",0.18,20,0.706106235225631,0.00903466905371403
"Q","lnpois",5,0.3,1,0.5,"TOX-log-blocked-oracle",0.19,20,0.709913701182096,0.00891528212113161
"Q","lnpois",5,0.3,1,0.5,"TOX-log-blocked-oracle",0.2,20,0.713615489818088,0.008769819222144
"Q","lnpois",5,0.3,1,0.5,"TOX-log-blocked-oracle",0.21,20,0.718128409465481,0.00876720124466283
"Q","lnpois",5,0.3,1,0.5,"TOX-log-blocked-oracle",0.22,20,0.722000538587806,0.00854608649121101
"Q","lnpois",5,0.3,1,0.5,"TOX-log-blocked-oracle",0.23,20,0.727195478733882,0.00845562964038519
"Q","lnpois",5,0.3,1,0.5,"TOX-log-blocked-oracle",0.24,20,0.731069905602511,0.00850367331210411
"Q","lnpois",5,0.3,1,0.5,"TOX-log-blocked-oracle",0.25,20,0.735448469232545,0.00821576423313278
"Q","lnpois",5,0.3,1,0.5,"TOX-log-blocked-oracle",0.26,20,0.740144863012008,0.00824488340781826
"Q","lnpois",5,0.3,1,0.5,"TOX-log-blocked-oracle",0.27,20,0.744587631672774,0.00811302408093105
"Q","lnpois",5,0.3,1,0.5,"TOX-log-blocked-oracle",0.28,20,0.749135338889898,0.00802857692088563
"Q","lnpois",5,0.3,1,0.5,"TOX-log-blocked-oracle",0.29,20,0.753825630380193,0.00797848270174662
"Q","lnpois",5,0.3,1,0.5,"TOX-log-blocked-oracle",0.3,20,0.75759017982378,0.00790238272368671
"Q","lnpois",5,0.3,1,0.5,"TOX-log-boot",0,20,0.332360227261497,0.0449060564866154
"Q","lnpois",5,0.3,1,0.5,"TOX-log-boot",0.01,20,0.540214008627061,0.0116633652966489
"Q","lnpois",5,0.3,1,0.5,"TOX-log-boot",0.02,20,0.572966093391102,0.0114185855500352
"Q","lnpois",5,0.3,1,0.5,"TOX-log-boot",0.03,20,0.593575348208931,0.0109792525512635
"Q","lnpois",5,0.3,1,0.5,"TOX-log-boot",0.04,20,0.609836188034738,0.0106240707013456
"Q","lnpois",5,0.3,1,0.5,"TOX-log-boot",0.05,20,0.620134502653919,0.0102542307467443
"Q","lnpois",5,0.3,1,0.5,"TOX-log-boot",0.06,20,0.631017548042276,0.00960621208372515
"Q","lnpois",5,0.3,1,0.5,"TOX-log-boot",0.07,20,0.640186154437625,0.00954578318890792
"Q","lnpois",5,0.3,1,0.5,"TOX-log-boot",0.08,20,0.649447304355548,0.00948473112372234
"Q","lnpois",5,0.3,1,0.5,"TOX-log-boot",0.09,20,0.657764924548009,0.00939983079141921
"Q","lnpois",5,0.3,1,0.5,"TOX-log-boot",0.1,20,0.664621991505566,0.00922916004749169
"Q","lnpois",5,0.3,1,0.5,"TOX-log-boot",0.11,20,0.670349162690994,0.00930400850648508
"Q","lnpois",5,0.3,1,0.5,"TOX-log-boot",0.12,20,0.676081178804222,0.00933591472468261
"Q","lnpois",5,0.3,1,0.5,"TOX-log-boot",0.13,20,0.681027861288835,0.00925607582834252
"Q","lnpois",5,0.3,1,0.5,"TOX-log-boot",0.14,20,0.685969806804619,0.00924015204140888
"Q","lnpois",5,0.3,1,0.5,"TOX-log-boot",0.15,20,0.690703984508732,0.009084355098201
"Q","lnpois",5,0.3,1,0.5,"TOX-log-boot",0.16,20,0.695967899297482,0.00904199199917689
"Q","lnpois",5,0.3,1,0.5,"TOX-log-boot",0.17,20,0.701841167042462,0.00900991129046494
"Q","lnpois",5,0.3,1,0.5,"TOX-log-boot",0.18,20,0.7060005431471,0.00899458535890724
"Q","lnpois",5,0.3,1,0.5,"TOX-log-boot",0.19,20,0.710339560230788,0.00896486403382335
"Q","lnpois",5,0.3,1,0.5,"TOX-log-boot",0.2,20,0.713965459662413,0.00895293009687448
"Q","lnpois",5,0.3,1,0.5,"TOX-log-boot",0.21,20,0.717977545610025,0.00878964575559297
"Q","lnpois",5,0.3,1,0.5,"TOX-log-boot",0.22,20,0.72281894301295,0.00860316865094296
"Q","lnpois",5,0.3,1,0.5,"TOX-log-boot",0.23,20,0.726126319321284,0.00846352746232226
"Q","lnpois",5,0.3,1,0.5,"TOX-log-boot",0.24,20,0.731428753500194,0.0084907988899905
"Q","lnpois",5,0.3,1,0.5,"TOX-log-boot",0.25,20,0.735623203312954,0.00838013741116678
"Q","lnpois",5,0.3,1,0.5,"TOX-log-boot",0.26,20,0.739468447608654,0.00839645315091973
"Q","lnpois",5,0.3,1,0.5,"TOX-log-boot",0.27,20,0.744372986396781,0.00826333228810153
"Q","lnpois",5,0.3,1,0.5,"TOX-log-boot",0.28,20,0.749349375614067,0.00804387407368831
"Q","lnpois",5,0.3,1,0.5,"TOX-log-boot",0.29,20,0.75308143212621,0.00799677316523132
"Q","lnpois",5,0.3,1,0.5,"TOX-log-boot",0.3,20,0.757313524257397,0.00791440622984289
"Q","lnpois",5,0.3,1,0.5,"TOX-log-oracle",0,20,0.393938176334664,0.0392075170733453
"Q","lnpois",5,0.3,1,0.5,"TOX-log-oracle",0.01,20,0.542327226220627,0.0118171881536764
"Q","lnpois",5,0.3,1,0.5,"TOX-log-oracle",0.02,20,0.573474884745529,0.0115512355288687
"Q","lnpois",5,0.3,1,0.5,"TOX-log-oracle",0.03,20,0.593099280108961,0.0110406480061054
"Q","lnpois",5,0.3,1,0.5,"TOX-log-oracle",0.04,20,0.608048626453891,0.0106276408132734
"Q","lnpois",5,0.3,1,0.5,"TOX-log-oracle",0.05,20,0.6201446205251,0.0103734093011162
"Q","lnpois",5,0.3,1,0.5,"TOX-log-oracle",0.06,20,0.632054202222698,0.0100003313361055
"Q","lnpois",5,0.3,1,0.5,"TOX-log-oracle",0.07,20,0.640514248974403,0.00984633937286285
"Q","lnpois",5,0.3,1,0.5,"TOX-log-oracle",0.08,20,0.648843012158267,0.00973872959354538
"Q","lnpois",5,0.3,1,0.5,"TOX-log-oracle",0.09,20,0.656906988979084,0.00922959595315756
"Q","lnpois",5,0.3,1,0.5,"TOX-log-oracle",0.1,20,0.664082708777748,0.00896796995777429
"Q","lnpois",5,0.3,1,0.5,"TOX-log-oracle",0.11,20,0.670311023282607,0.00937531425019269
"Q","lnpois",5,0.3,1,0.5,"TOX-log-oracle",0.12,20,0.67614203325285,0.00934703157946674
"Q","lnpois",5,0.3,1,0.5,"TOX-log-oracle",0.13,20,0.681376758777765,0.00942645484854242
"Q","lnpois",5,0.3,1,0.5,"TOX-log-oracle",0.14,20,0.686221064889939,0.00932968279544062
"Q","lnpois",5,0.3,1,0.5,"TOX-log-oracle",0.15,20,0.690452802048874,0.00910974311177387
"Q","lnpois",5,0.3,1,0.5,"TOX-log-oracle",0.16,20,0.695897428284873,0.00897123939420154
"Q","lnpois",5,0.3,1,0.5,"TOX-log-oracle",0.17,20,0.70055589453641,0.00916737379935884
"Q","lnpois",5,0.3,1,0.5,"TOX-log-oracle",0.18,20,0.706141949122382,0.0090302592753337
"Q","lnpois",5,0.3,1,0.5,"TOX-log-oracle",0.19,20,0.70973555865705,0.00892979546876024
"Q","lnpois",5,0.3,1,0.5,"TOX-log-oracle",0.2,20,0.713473433898226,0.00876770406519721
"Q","lnpois",5,0.3,1,0.5,"TOX-log-oracle",0.21,20,0.718232839295138,0.00875535461381513
"Q","lnpois",5,0.3,1,0.5,"TOX-log-oracle",0.22,20,0.722106425979053,0.00857959321876527
"Q","lnpois",5,0.3,1,0.5,"TOX-log-oracle",0.23,20,0.726947961777424,0.00850624231915004
"Q","lnpois",5,0.3,1,0.5,"TOX-log-oracle",0.24,20,0.730998917778043,0.00851638697993239
"Q","lnpois",5,0.3,1,0.5,"TOX-log-oracle",0.25,20,0.735838452745308,0.00824514394002504
"Q","lnpois",5,0.3,1,0.5,"TOX-log-oracle",0.26,20,0.740037118731518,0.00822130237408011
"Q","lnpois",5,0.3,1,0.5,"TOX-log-oracle",0.27,20,0.744588059000865,0.00812651510075869
"Q","lnpois",5,0.3,1,0.5,"TOX-log-oracle",0.28,20,0.748923458038792,0.00805917174446577
"Q","lnpois",5,0.3,1,0.5,"TOX-log-oracle",0.29,20,0.753827636059663,0.00801665673100901
"Q","lnpois",5,0.3,1,0.5,"TOX-log-oracle",0.3,20,0.75748388218872,0.00792099927285935
"Q","lnpois",5,0.3,1,0.5,"TOX-raw",0,20,0.297680528108553,0.0256040816630047
"Q","lnpois",5,0.3,1,0.5,"TOX-raw",0.01,20,0.491743880980786,0.016050751717988
"Q","lnpois",5,0.3,1,0.5,"TOX-raw",0.02,20,0.536135625848715,0.0130651928301483
"Q","lnpois",5,0.3,1,0.5,"TOX-raw",0.03,20,0.56625794830864,0.0127822036925942
"Q","lnpois",5,0.3,1,0.5,"TOX-raw",0.04,20,0.588688822974651,0.0115815951583585
"Q","lnpois",5,0.3,1,0.5,"TOX-raw",0.05,20,0.604282681949262,0.0106109628893187
"Q","lnpois",5,0.3,1,0.5,"TOX-raw",0.06,20,0.618150390038162,0.0100416926015765
"Q","lnpois",5,0.3,1,0.5,"TOX-raw",0.07,20,0.628249502443518,0.00977440242983756
"Q","lnpois",5,0.3,1,0.5,"TOX-raw",0.08,20,0.638770037251955,0.0098056746272598
"Q","lnpois",5,0.3,1,0.5,"TOX-raw",0.09,20,0.646450648470505,0.0095044226237119
"Q","lnpois",5,0.3,1,0.5,"TOX-raw",0.1,20,0.652673730746574,0.00973104014367327
"Q","lnpois",5,0.3,1,0.5,"TOX-raw",0.11,20,0.659652428193241,0.00957835503930328
"Q","lnpois",5,0.3,1,0.5,"TOX-raw",0.12,20,0.665587191850921,0.009291247143548
"Q","lnpois",5,0.3,1,0.5,"TOX-raw",0.13,20,0.670779832604307,0.00940274354582479
"Q","lnpois",5,0.3,1,0.5,"TOX-raw",0.14,20,0.675648606376859,0.00928933762581712
"Q","lnpois",5,0.3,1,0.5,"TOX-raw",0.15,20,0.680343648071706,0.00933193573503143
"Q","lnpois",5,0.3,1,0.5,"TOX-raw",0.16,20,0.685290705345931,0.0094339720907639
"Q","lnpois",5,0.3,1,0.5,"TOX-raw",0.17,20,0.690703733135454,0.0094557581328229
"Q","lnpois",5,0.3,1,0.5,"TOX-raw",0.18,20,0.695647701321137,0.00906179260437996
"Q","lnpois",5,0.3,1,0.5,"TOX-raw",0.19,20,0.700275850083977,0.0089856249329414
"Q","lnpois",5,0.3,1,0.5,"TOX-raw",0.2,20,0.705149463431285,0.00896585294813879
"Q","lnpois",5,0.3,1,0.5,"TOX-raw",0.21,20,0.709910148954672,0.00888555081127508
"Q","lnpois",5,0.3,1,0.5,"TOX-raw",0.22,20,0.714213519540157,0.00870405277586612
"Q","lnpois",5,0.3,1,0.5,"TOX-raw",0.23,20,0.719293680494082,0.0084943233641935
"Q","lnpois",5,0.3,1,0.5,"TOX-raw",0.24,20,0.723205248708191,0.00832122643333912
"Q","lnpois",5,0.3,1,0.5,"TOX-raw",0.25,20,0.727794814709933,0.00844138521075897
"Q","lnpois",5,0.3,1,0.5,"TOX-raw",0.26,20,0.731175212869051,0.00837964374125008
"Q","lnpois",5,0.3,1,0.5,"TOX-raw",0.27,20,0.735907717184508,0.0083528959410862
"Q","lnpois",5,0.3,1,0.5,"TOX-raw",0.28,20,0.740556160930096,0.00824404806684354
"Q","lnpois",5,0.3,1,0.5,"TOX-raw",0.29,20,0.745076727553816,0.00818436995435433
"Q","lnpois",5,0.3,1,0.5,"TOX-raw",0.3,20,0.748600495990616,0.0081433647388883
"Q","lnpois",5,0.3,1,0.5,"TOX-raw-blocked",0,20,0.338992364239521,0.0262276689060727
"Q","lnpois",5,0.3,1,0.5,"TOX-raw-blocked",0.01,20,0.518448887062627,0.0129700207721462
"Q","lnpois",5,0.3,1,0.5,"TOX-raw-blocked",0.02,20,0.551404768666191,0.0126314902961551
"Q","lnpois",5,0.3,1,0.5,"TOX-raw-blocked",0.03,20,0.574888030007048,0.0120396090972673
"Q","lnpois",5,0.3,1,0.5,"TOX-raw-blocked",0.04,20,0.592781932576753,0.0110214013884579
"Q","lnpois",5,0.3,1,0.5,"TOX-raw-blocked",0.05,20,0.607001669897584,0.010660839150491
"Q","lnpois",5,0.3,1,0.5,"TOX-raw-blocked",0.06,20,0.620283374572494,0.00997518511544807
"Q","lnpois",5,0.3,1,0.5,"TOX-raw-blocked",0.07,20,0.629743254126859,0.00984995593537839
"Q","lnpois",5,0.3,1,0.5,"TOX-raw-blocked",0.08,20,0.638947706376466,0.00965986683311593
"Q","lnpois",5,0.3,1,0.5,"TOX-raw-blocked",0.09,20,0.646166629568989,0.00952090563251434
"Q","lnpois",5,0.3,1,0.5,"TOX-raw-blocked",0.1,20,0.654167629912653,0.00973623480122394
"Q","lnpois",5,0.3,1,0.5,"TOX-raw-blocked",0.11,20,0.659468721487488,0.0096258898539503
"Q","lnpois",5,0.3,1,0.5,"TOX-raw-blocked",0.12,20,0.665342068656351,0.00944488077303702
"Q","lnpois",5,0.3,1,0.5,"TOX-raw-blocked",0.13,20,0.671202398930169,0.00948204261166658
"Q","lnpois",5,0.3,1,0.5,"TOX-raw-blocked",0.14,20,0.675473777172035,0.00939756049247486
"Q","lnpois",5,0.3,1,0.5,"TOX-raw-blocked",0.15,20,0.681161650625704,0.00941341278381306
"Q","lnpois",5,0.3,1,0.5,"TOX-raw-blocked",0.16,20,0.685536242764139,0.009333691494215
"Q","lnpois",5,0.3,1,0.5,"TOX-raw-blocked",0.17,20,0.69070286203808,0.00928143561109115
"Q","lnpois",5,0.3,1,0.5,"TOX-raw-blocked",0.18,20,0.6955080863572,0.00910648190059316
"Q","lnpois",5,0.3,1,0.5,"TOX-raw-blocked",0.19,20,0.700097952762438,0.00886828008685498
"Q","lnpois",5,0.3,1,0.5,"TOX-raw-blocked",0.2,20,0.704794300599397,0.00911532430429391
"Q","lnpois",5,0.3,1,0.5,"TOX-raw-blocked",0.21,20,0.709948490415757,0.00883435635596499
"Q","lnpois",5,0.3,1,0.5,"TOX-raw-blocked",0.22,20,0.714349567764006,0.00867959171583472
"Q","lnpois",5,0.3,1,0.5,"TOX-raw-blocked",0.23,20,0.718829080806861,0.00849712667358269
"Q","lnpois",5,0.3,1,0.5,"TOX-raw-blocked",0.24,20,0.723310530161168,0.00833862193088638
"Q","lnpois",5,0.3,1,0.5,"TOX-raw-blocked",0.25,20,0.727939683443238,0.00850833977775195
"Q","lnpois",5,0.3,1,0.5,"TOX-raw-blocked",0.26,20,0.731356474285313,0.00839568569043986
"Q","lnpois",5,0.3,1,0.5,"TOX-raw-blocked",0.27,20,0.735908348471196,0.00833611654277736
"Q","lnpois",5,0.3,1,0.5,"TOX-raw-blocked",0.28,20,0.740843779828411,0.00812173328367485
"Q","lnpois",5,0.3,1,0.5,"TOX-raw-blocked",0.29,20,0.745256542590952,0.00809637727688838
"Q","lnpois",5,0.3,1,0.5,"TOX-raw-blocked",0.3,20,0.748810471023047,0.00809357799989234
