"part","dist","n_rep","pi1","het","frac_up","method","stratum_type","stratum","n_rounds","n_mean","n_se","tpr_nom05_mean","tpr_nom05_se","tpr_ach05_mean","tpr_ach05_se"
"C","lnpois",5,0.1,1,0.5,"DESeq2","abs_lfc_bin","(0.5,1]",20,114.25,2.05179638879023,0.183617628831933,0.00888911128745041,0.108211903124828,0.0102051521080037
"C","lnpois",5,0.1,1,0.5,"DESeq2","abs_lfc_bin","(1,2]",20,119.85,1.42584231799644,0.728487128081034,0.00760317903291815,0.61665307420792,0.0118200060750192
"C","lnpois",5,0.1,1,0.5,"DESeq2","abs_lfc_bin","(2,4]",20,119.25,2.53696358084351,0.996697156662266,0.00123081351165196,0.990345371725939,0.00191905403671579
"C","lnpois",5,0.1,1,0.5,"DESeq2","abs_lfc_bin","[0.25,0.5]",20,119.45,1.79689058917723,0.0393154146939799,0.00442414827004968,0.0191428645770202,0.00309182355637393
"C","lnpois",5,0.1,1,0.5,"DESeq2","expr_decile","1",20,48.6,1.75379288220822,0.473115445235007,0.015469053677575,0.418683504095378,0.0187435760649006
"C","lnpois",5,0.1,1,0.5,"DESeq2","expr_decile","10",20,47.8,1.1040594949644,0.51142422918668,0.0142522896655264,0.452048086390763,0.0167531556012082
"C","lnpois",5,0.1,1,0.5,"DESeq2","expr_decile","2",20,47.85,1.44782050355917,0.469485146684166,0.0146224481523883,0.405399961830779,0.0166883393118588
"C","lnpois",5,0.1,1,0.5,"DESeq2","expr_decile","3",20,45.65,1.06937020324065,0.482761567785162,0.00984154854608729,0.434569113204184,0.00939738248886704
"C","lnpois",5,0.1,1,0.5,"DESeq2","expr_decile","4",20,46.5,1.41141959146028,0.481392213640095,0.0177826769613318,0.43414731130787,0.015630457797547
"C","lnpois",5,0.1,1,0.5,"DESeq2","expr_decile","5",20,47.8,1.58379956201269,0.510538525873936,0.0201150334181813,0.445018175701833,0.0191291532395694
"C","lnpois",5,0.1,1,0.5,"DESeq2","expr_decile","6",20,45.85,1.15228605732029,0.487882034991181,0.0161418087314076,0.441393152185733,0.0166512413716139
"C","lnpois",5,0.1,1,0.5,"DESeq2","expr_decile","7",20,45.9,1.31168834552628,0.505592028917803,0.017950525192149,0.448225875808344,0.0186012338462086
"C","lnpois",5,0.1,1,0.5,"DESeq2","expr_decile","8",20,49.25,1.6333288578528,0.488663778765141,0.0163296398272799,0.437013013720439,0.015560756323234
"C","lnpois",5,0.1,1,0.5,"DESeq2","expr_decile","9",20,47.6,1.1995613233266,0.491577951789873,0.0196171489146394,0.448841470460976,0.0202555123324876
"C","lnpois",5,0.1,1,0.5,"edgeR","abs_lfc_bin","(0.5,1]",20,114.25,2.05179638879023,0.137018329966001,0.00819429336201597,0.120136551789421,0.00854400358153133
"C","lnpois",5,0.1,1,0.5,"edgeR","abs_lfc_bin","(1,2]",20,119.85,1.42584231799644,0.699292692194964,0.00923201975463572,0.663682363130366,0.00949114439474149
"C","lnpois",5,0.1,1,0.5,"edgeR","abs_lfc_bin","(2,4]",20,119.25,2.53696358084351,0.996819143969518,0.00119232499451259,0.994990319255854,0.00142278652033778
"C","lnpois",5,0.1,1,0.5,"edgeR","abs_lfc_bin","[0.25,0.5]",20,119.45,1.79689058917723,0.0262681901059019,0.00348128606856437,0.0197385912109866,0.00297502260093213
"C","lnpois",5,0.1,1,0.5,"edgeR","expr_decile","1",20,48.6,1.75379288220822,0.463250153802359,0.0147836745100225,0.449114669308584,0.0158157203773772
"C","lnpois",5,0.1,1,0.5,"edgeR","expr_decile","10",20,47.8,1.1040594949644,0.480506158926069,0.0148287590704923,0.465601501085808,0.0130655908209182
"C","lnpois",5,0.1,1,0.5,"edgeR","expr_decile","2",20,47.85,1.44782050355917,0.445729534174174,0.0131762309587492,0.426927703979284,0.0121992536610643
"C","lnpois",5,0.1,1,0.5,"edgeR","expr_decile","3",20,45.65,1.06937020324065,0.462502402476125,0.0106845040189135,0.44884457485879,0.0097964062462045
"C","lnpois",5,0.1,1,0.5,"edgeR","expr_decile","4",20,46.5,1.41141959146028,0.469717716340846,0.0150907643188895,0.459445334755337,0.0160558825083931
"C","lnpois",5,0.1,1,0.5,"edgeR","expr_decile","5",20,47.8,1.58379956201269,0.472337152251128,0.0194849376078406,0.458462266641163,0.0210679982647999
"C","lnpois",5,0.1,1,0.5,"edgeR","expr_decile","6",20,45.85,1.15228605732029,0.470388799926513,0.0182123027273283,0.453988436513459,0.0185388975565903
"C","lnpois",5,0.1,1,0.5,"edgeR","expr_decile","7",20,45.9,1.31168834552628,0.477263754708934,0.0171718217026275,0.459910203164345,0.0174547647068932
"C","lnpois",5,0.1,1,0.5,"edgeR","expr_decile","8",20,49.25,1.6333288578528,0.462826305752955,0.0153482774040285,0.443910450331443,0.0159186864944484
"C","lnpois",5,0.1,1,0.5,"edgeR","expr_decile","9",20,47.6,1.1995613233266,0.474267060665193,0.0196495656588767,0.461100524594918,0.0208144089201503
"C","lnpois",5,0.1,1,0.5,"limma","abs_lfc_bin","(0.5,1]",20,114.25,2.05179638879023,0.125688756506274,0.00835838190879423,0.130389851153607,0.0105385383950198
"C","lnpois",5,0.1,1,0.5,"limma","abs_lfc_bin","(1,2]",20,119.85,1.42584231799644,0.683768135359253,0.00840754813972088,0.686988504050084,0.0103527487167073
"C","lnpois",5,0.1,1,0.5,"limma","abs_lfc_bin","(2,4]",20,119.25,2.53696358084351,0.996836368718037,0.00118841801315358,0.995955547639606,0.00122136635775321
"C","lnpois",5,0.1,1,0.5,"limma","abs_lfc_bin","[0.25,0.5]",20,119.45,1.79689058917723,0.0170431546202597,0.00300206006991212,0.0203820959238392,0.00372285738058468
"C","lnpois",5,0.1,1,0.5,"limma","expr_decile","1",20,48.6,1.75379288220822,0.454306936133677,0.014654432620214,0.455238096831462,0.0157991508662
"C","lnpois",5,0.1,1,0.5,"limma","expr_decile","10",20,47.8,1.1040594949644,0.466757008624902,0.014335057616238,0.485483194941627,0.0138443709868633
"C","lnpois",5,0.1,1,0.5,"limma","expr_decile","2",20,47.85,1.44782050355917,0.433019288935743,0.0133708621166116,0.430645604032632,0.0158284248875378
"C","lnpois",5,0.1,1,0.5,"limma","expr_decile","3",20,45.65,1.06937020324065,0.458985976256999,0.00949680398413085,0.461662303591197,0.00899231163987861
"C","lnpois",5,0.1,1,0.5,"limma","expr_decile","4",20,46.5,1.41141959146028,0.455244429608635,0.0147238458047454,0.451598770349871,0.0147354252843046
"C","lnpois",5,0.1,1,0.5,"limma","expr_decile","5",20,47.8,1.58379956201269,0.469438709362613,0.0175931822479343,0.468817515400243,0.0178081350656083
"C","lnpois",5,0.1,1,0.5,"limma","expr_decile","6",20,45.85,1.15228605732029,0.464863838131004,0.0182714790613147,0.467719023819494,0.0178785373779059
"C","lnpois",5,0.1,1,0.5,"limma","expr_decile","7",20,45.9,1.31168834552628,0.458702049599813,0.017226471493319,0.461267970570524,0.0178213600663663
"C","lnpois",5,0.1,1,0.5,"limma","expr_decile","8",20,49.25,1.6333288578528,0.459263749572991,0.0146031807082832,0.459925746145728,0.0163045419795332
"C","lnpois",5,0.1,1,0.5,"limma","expr_decile","9",20,47.6,1.1995613233266,0.471443747000066,0.0197246764693514,0.474022099556308,0.0212801511010547
"C","lnpois",5,0.1,1,0.5,"TOX-log-TMM","abs_lfc_bin","(0.5,1]",20,114.25,2.05179638879023,0.148880464585069,0.00869667896619809,0.127633367976146,0.00917720604197314
"C","lnpois",5,0.1,1,0.5,"TOX-log-TMM","abs_lfc_bin","(1,2]",20,119.85,1.42584231799644,0.705279109226641,0.00789182221053486,0.677791011178994,0.0107431294135008
"C","lnpois",5,0.1,1,0.5,"TOX-log-TMM","abs_lfc_bin","(2,4]",20,119.25,2.53696358084351,0.995465351561174,0.00142450489954082,0.995071650773773,0.00141290083340328
"C","lnpois",5,0.1,1,0.5,"TOX-log-TMM","abs_lfc_bin","[0.25,0.5]",20,119.45,1.79689058917723,0.0228490097848714,0.00324780568773942,0.0195877320266561,0.0034606976728807
"C","lnpois",5,0.1,1,0.5,"TOX-log-TMM","expr_decile","1",20,48.6,1.75379288220822,0.466186201737723,0.0160272436345439,0.447299955530805,0.0171082028355617
"C","lnpois",5,0.1,1,0.5,"TOX-log-TMM","expr_decile","10",20,47.8,1.1040594949644,0.479372739356674,0.0134579897268535,0.463511296202402,0.0122598935911702
"C","lnpois",5,0.1,1,0.5,"TOX-log-TMM","expr_decile","2",20,47.85,1.44782050355917,0.45173112025215,0.0144616681878796,0.438799960421239,0.0158507933869715
"C","lnpois",5,0.1,1,0.5,"TOX-log-TMM","expr_decile","3",20,45.65,1.06937020324065,0.477818316462093,0.0105771980546747,0.465729713798727,0.00990168420760823
"C","lnpois",5,0.1,1,0.5,"TOX-log-TMM","expr_decile","4",20,46.5,1.41141959146028,0.472083770328674,0.0155110999630424,0.456788298723185,0.0142270732138542
"C","lnpois",5,0.1,1,0.5,"TOX-log-TMM","expr_decile","5",20,47.8,1.58379956201269,0.478680740089401,0.019062486682133,0.463802731861865,0.0176397381889219
"C","lnpois",5,0.1,1,0.5,"TOX-log-TMM","expr_decile","6",20,45.85,1.15228605732029,0.475686484475295,0.0171755036900876,0.466671314353626,0.0170539012805825
"C","lnpois",5,0.1,1,0.5,"TOX-log-TMM","expr_decile","7",20,45.9,1.31168834552628,0.471801224435109,0.0186553196057617,0.464151123775889,0.0182582395879368
"C","lnpois",5,0.1,1,0.5,"TOX-log-TMM","expr_decile","8",20,49.25,1.6333288578528,0.4671442627143,0.0145226825650385,0.45786295597972,0.0156370566803101
"C","lnpois",5,0.1,1,0.5,"TOX-log-TMM","expr_decile","9",20,47.6,1.1995613233266,0.472173388450161,0.0209212505551204,0.456911883266782,0.0213723858961638
"C","lnpois",5,0.1,1,0.5,"TOX-log-TPM","abs_lfc_bin","(0.5,1]",20,114.25,2.05179638879023,0.167070117679827,0.0143934810353877,0.100037330687634,0.0114103947827046
"C","lnpois",5,0.1,1,0.5,"TOX-log-TPM","abs_lfc_bin","(1,2]",20,119.85,1.42584231799644,0.684914786967584,0.00845535912383102,0.579685024596784,0.034170664727772
"C","lnpois",5,0.1,1,0.5,"TOX-log-TPM","abs_lfc_bin","(2,4]",20,119.25,2.53696358084351,0.995170318720126,0.00189423380745534,0.94332573082517,0.0496803322452819
"C","lnpois",5,0.1,1,0.5,"TOX-log-TPM","abs_lfc_bin","[0.25,0.5]",20,119.45,1.79689058917723,0.0304135591066529,0.00622145446741047,0.0103734960785543,0.00234514790506727
"C","lnpois",5,0.1,1,0.5,"TOX-log-TPM","expr_decile","1",20,48.6,1.75379288220822,0.457911894075766,0.0148709646009615,0.40570055672175,0.027150206458724
"C","lnpois",5,0.1,1,0.5,"TOX-log-TPM","expr_decile","10",20,47.8,1.1040594949644,0.483866890762622,0.0139685906697721,0.413052323057712,0.0251901019024842
"C","lnpois",5,0.1,1,0.5,"TOX-log-TPM","expr_decile","2",20,47.85,1.44782050355917,0.452810767708895,0.0156784762116749,0.39760906441843,0.0259359540337748
"C","lnpois",5,0.1,1,0.5,"TOX-log-TPM","expr_decile","3",20,45.65,1.06937020324065,0.473898596197413,0.0110408404419958,0.424864098304951,0.024635958959322
"C","lnpois",5,0.1,1,0.5,"TOX-log-TPM","expr_decile","4",20,46.5,1.41141959146028,0.46603246962713,0.0144889318372595,0.40755434717819,0.0257355295450428
"C","lnpois",5,0.1,1,0.5,"TOX-log-TPM","expr_decile","5",20,47.8,1.58379956201269,0.486814057830575,0.0170698356137439,0.425002417871234,0.0282352680293919
"C","lnpois",5,0.1,1,0.5,"TOX-log-TPM","expr_decile","6",20,45.85,1.15228605732029,0.473407463306258,0.0206702237017447,0.401418364376998,0.027845688594281
"C","lnpois",5,0.1,1,0.5,"TOX-log-TPM","expr_decile","7",20,45.9,1.31168834552628,0.476443035653739,0.0189328952303967,0.419067163546129,0.0281924646352252
"C","lnpois",5,0.1,1,0.5,"TOX-log-TPM","expr_decile","8",20,49.25,1.6333288578528,0.473390248528691,0.0164063843029922,0.407758085622637,0.025402937260359
"C","lnpois",5,0.1,1,0.5,"TOX-log-TPM","expr_decile","9",20,47.6,1.1995613233266,0.4762203888025,0.0210900684311003,0.410792659829654,0.0296071808965526
"C","lnpois",5,0.1,1,0.5,"TOX-log-TPM-centred","abs_lfc_bin","(0.5,1]",20,114.25,2.05179638879023,0.138844490348699,0.008923350435409,0.115225539159393,0.0104906763425513
"C","lnpois",5,0.1,1,0.5,"TOX-log-TPM-centred","abs_lfc_bin","(1,2]",20,119.85,1.42584231799644,0.691295769265246,0.00960046618805161,0.657201275408048,0.0106441678387508
"C","lnpois",5,0.1,1,0.5,"TOX-log-TPM-centred","abs_lfc_bin","(2,4]",20,119.25,2.53696358084351,0.994716746295935,0.00133080668348187,0.99391320944296,0.00139873934173784
"C","lnpois",5,0.1,1,0.5,"TOX-log-TPM-centred","abs_lfc_bin","[0.25,0.5]",20,119.45,1.79689058917723,0.018303094974025,0.00266447305481031,0.0174495762339931,0.00287194532326397
"C","lnpois",5,0.1,1,0.5,"TOX-log-TPM-centred","expr_decile","1",20,48.6,1.75379288220822,0.46046765116608,0.0139277859056504,0.445571187387178,0.0178921643146525
"C","lnpois",5,0.1,1,0.5,"TOX-log-TPM-centred","expr_decile","10",20,47.8,1.1040594949644,0.470604079904617,0.0134387597981034,0.455063399155471,0.0134100350007046
"C","lnpois",5,0.1,1,0.5,"TOX-log-TPM-centred","expr_decile","2",20,47.85,1.44782050355917,0.441567125041018,0.0129562382432227,0.42096258739704,0.0151060749189753
"C","lnpois",5,0.1,1,0.5,"TOX-log-TPM-centred","expr_decile","3",20,45.65,1.06937020324065,0.46753486915274,0.00995957965745663,0.462962039702629,0.0103499725003053
"C","lnpois",5,0.1,1,0.5,"TOX-log-TPM-centred","expr_decile","4",20,46.5,1.41141959146028,0.46638898211695,0.0147077600050338,0.443060227870655,0.015384528964442
"C","lnpois",5,0.1,1,0.5,"TOX-log-TPM-centred","expr_decile","5",20,47.8,1.58379956201269,0.473386413513758,0.0168868836522221,0.457275237049658,0.0158293041717816
"C","lnpois",5,0.1,1,0.5,"TOX-log-TPM-centred","expr_decile","6",20,45.85,1.15228605732029,0.461307257422155,0.0203904826585515,0.44870521076239,0.0173084751413413
"C","lnpois",5,0.1,1,0.5,"TOX-log-TPM-centred","expr_decile","7",20,45.9,1.31168834552628,0.464201037934437,0.0190019378311628,0.454477408606578,0.0191593766498378
"C","lnpois",5,0.1,1,0.5,"TOX-log-TPM-centred","expr_decile","8",20,49.25,1.6333288578528,0.464305105496627,0.015451558919873,0.452362262334512,0.0155415423804109
"C","lnpois",5,0.1,1,0.5,"TOX-log-TPM-centred","expr_decile","9",20,47.6,1.1995613233266,0.472214986398679,0.0192319185846245,0.453412025130496,0.0207354664596756
"C","lnpois",5,0.1,1,0.7,"DESeq2","abs_lfc_bin","(0.5,1]",20,123.9,3.04345717547452,0.171247127039057,0.00707386463995627,0.0977843942245443,0.00757334329529903
"C","lnpois",5,0.1,1,0.7,"DESeq2","abs_lfc_bin","(1,2]",20,123.8,1.90925722674938,0.710672550810532,0.0118902496670896,0.600000934177285,0.0173192381340644
"C","lnpois",5,0.1,1,0.7,"DESeq2","abs_lfc_bin","(2,4]",20,115.35,1.83858498221924,0.994197060600612,0.00163717692153647,0.990532320542657,0.0021279572372031
"C","lnpois",5,0.1,1,0.7,"DESeq2","abs_lfc_bin","[0.25,0.5]",20,116.6,2.09309642194977,0.0378145581864404,0.00426630670877498,0.0152857479758433,0.00284826347405481
"C","lnpois",5,0.1,1,0.7,"DESeq2","expr_decile","1",20,52.35,1.34021797127419,0.478256354356281,0.0164116664024505,0.42642678422218,0.0187258938012144
"C","lnpois",5,0.1,1,0.7,"DESeq2","expr_decile","10",20,45.8,1.07262589740761,0.457182474042264,0.0121170052923837,0.399036358934126,0.0156087363883231
"C","lnpois",5,0.1,1,0.7,"DESeq2","expr_decile","2",20,49.85,1.36935443875841,0.47277984518836,0.0107695704156395,0.420675495757117,0.0154170736282051
"C","lnpois",5,0.1,1,0.7,"DESeq2","expr_decile","3",20,46.05,1.8531268028304,0.486344205751966,0.0213620522097191,0.424038960683244,0.0182235704742575
"C","lnpois",5,0.1,1,0.7,"DESeq2","expr_decile","4",20,48.25,1.3819798916962,0.490510662154623,0.0161253274550485,0.43161330113995,0.0175052851109006
"C","lnpois",5,0.1,1,0.7,"DESeq2","expr_decile","5",20,48.9,1.43984648304493,0.485650042614457,0.0141132961830613,0.43830280446361,0.0147149079811547
"C","lnpois",5,0.1,1,0.7,"DESeq2","expr_decile","6",20,47.4,1.42237754999748,0.465358697281476,0.01712094998026,0.424685374298132,0.0186287623849244
"C","lnpois",5,0.1,1,0.7,"DESeq2","expr_decile","7",20,46.35,1.28406222180768,0.476120975708126,0.0116758714458761,0.417629943226111,0.0138173061494837
"C","lnpois",5,0.1,1,0.7,"DESeq2","expr_decile","8",20,48.4,1.11308012668498,0.472997336276053,0.0186130620972304,0.422003297138514,0.0182355336294242
"C","lnpois",5,0.1,1,0.7,"DESeq2","expr_decile","9",20,46.3,1.29391287431411,0.467234023623709,0.0178325635446357,0.409174203730342,0.0151553390627575
"C","lnpois",5,0.1,1,0.7,"edgeR","abs_lfc_bin","(0.5,1]",20,123.9,3.04345717547452,0.127636065314069,0.00724167560059352,0.110356179294813,0.00791710164987273
"C","lnpois",5,0.1,1,0.7,"edgeR","abs_lfc_bin","(1,2]",20,123.8,1.90925722674938,0.686729804181262,0.0106354923965515,0.657968057697172,0.0152271949181525
"C","lnpois",5,0.1,1,0.7,"edgeR","abs_lfc_bin","(2,4]",20,115.35,1.83858498221924,0.99596700459454,0.00127994389193101,0.994637670480533,0.00126563238313052
"C","lnpois",5,0.1,1,0.7,"edgeR","abs_lfc_bin","[0.25,0.5]",20,116.6,2.09309642194977,0.0211264825990436,0.00231147333471831,0.0181317894725031,0.00230324082237409
"C","lnpois",5,0.1,1,0.7,"edgeR","expr_decile","1",20,52.35,1.34021797127419,0.463740289168744,0.0175805067369613,0.449539148646507,0.0175703557679352
"C","lnpois",5,0.1,1,0.7,"edgeR","expr_decile","10",20,45.8,1.07262589740761,0.430108917801928,0.013907479433791,0.419494675834744,0.0159193069830557
"C","lnpois",5,0.1,1,0.7,"edgeR","expr_decile","2",20,49.85,1.36935443875841,0.455107164436553,0.0131900837533352,0.438897800387904,0.0142825254755923
"C","lnpois",5,0.1,1,0.7,"edgeR","expr_decile","3",20,46.05,1.8531268028304,0.460585861806292,0.0206143099503185,0.446740193462402,0.0217321505666658
"C","lnpois",5,0.1,1,0.7,"edgeR","expr_decile","4",20,48.25,1.3819798916962,0.475054261239696,0.0154766741872387,0.463960511840592,0.0190691039019124
"C","lnpois",5,0.1,1,0.7,"edgeR","expr_decile","5",20,48.9,1.43984648304493,0.47244886113535,0.0168201159319892,0.454048997660981,0.0171159372495227
"C","lnpois",5,0.1,1,0.7,"edgeR","expr_decile","6",20,47.4,1.42237754999748,0.44245798370093,0.0183524210369963,0.43385336895311,0.0177413566559053
"C","lnpois",5,0.1,1,0.7,"edgeR","expr_decile","7",20,46.35,1.28406222180768,0.452034070494681,0.0126724141028396,0.439249531956882,0.0133605148228654
"C","lnpois",5,0.1,1,0.7,"edgeR","expr_decile","8",20,48.4,1.11308012668498,0.449470400925517,0.0209381803780221,0.440402931217356,0.0202179608021678
"C","lnpois",5,0.1,1,0.7,"edgeR","expr_decile","9",20,46.3,1.29391287431411,0.438464997207176,0.0165103941058293,0.425000984790615,0.0160743761057002
"C","lnpois",5,0.1,1,0.7,"limma","abs_lfc_bin","(0.5,1]",20,123.9,3.04345717547452,0.11295711868918,0.00645365777193529,0.127129542089877,0.00797604616469223
"C","lnpois",5,0.1,1,0.7,"limma","abs_lfc_bin","(1,2]",20,123.8,1.90925722674938,0.672607445578278,0.0113024456203434,0.696573434245872,0.0163792039496603
"C","lnpois",5,0.1,1,0.7,"limma","abs_lfc_bin","(2,4]",20,115.35,1.83858498221924,0.996394355021891,0.00127193759033633,0.996394355021891,0.00127193759033633
"C","lnpois",5,0.1,1,0.7,"limma","abs_lfc_bin","[0.25,0.5]",20,116.6,2.09309642194977,0.0165840865584225,0.00296111550408339,0.0200703841245029,0.0035228609723898
"C","lnpois",5,0.1,1,0.7,"limma","expr_decile","1",20,52.35,1.34021797127419,0.454319436834974,0.0170663542088938,0.463045817620889,0.0164628021595434
"C","lnpois",5,0.1,1,0.7,"limma","expr_decile","10",20,45.8,1.07262589740761,0.431103415609892,0.013482930716649,0.439426648522356,0.0148254303311998
"C","lnpois",5,0.1,1,0.7,"limma","expr_decile","2",20,49.85,1.36935443875841,0.440829586414176,0.0145325944774942,0.447148941534787,0.014890367003955
"C","lnpois",5,0.1,1,0.7,"limma","expr_decile","3",20,46.05,1.8531268028304,0.442676713410472,0.0221643665472221,0.458735305250756,0.0226356452606788
"C","lnpois",5,0.1,1,0.7,"limma","expr_decile","4",20,48.25,1.3819798916962,0.465497627208647,0.0151673766366529,0.485373057550637,0.0167099922253185
"C","lnpois",5,0.1,1,0.7,"limma","expr_decile","5",20,48.9,1.43984648304493,0.465372260148833,0.0170533476214748,0.476798122403191,0.0173412263794466
"C","lnpois",5,0.1,1,0.7,"limma","expr_decile","6",20,47.4,1.42237754999748,0.440316778120387,0.0175720815269282,0.446390253381097,0.0183281668113486
"C","lnpois",5,0.1,1,0.7,"limma","expr_decile","7",20,46.35,1.28406222180768,0.441676793879092,0.0142471509050076,0.448812424377626,0.0153230420297491
"C","lnpois",5,0.1,1,0.7,"limma","expr_decile","8",20,48.4,1.11308012668498,0.439317248710835,0.019336903627917,0.45714954229349,0.0214777275782399
"C","lnpois",5,0.1,1,0.7,"limma","expr_decile","9",20,46.3,1.29391287431411,0.434796129585861,0.0149634421862446,0.44143510113842,0.0162001553757767
"C","lnpois",5,0.1,1,0.7,"TOX-log-TMM","abs_lfc_bin","(0.5,1]",20,123.9,3.04345717547452,0.126570157323913,0.0079128859130393,0.124528754108545,0.00843266740057723
"C","lnpois",5,0.1,1,0.7,"TOX-log-TMM","abs_lfc_bin","(1,2]",20,123.8,1.90925722674938,0.681589946048957,0.0134741375163376,0.67776432885595,0.0171200296937829
"C","lnpois",5,0.1,1,0.7,"TOX-log-TMM","abs_lfc_bin","(2,4]",20,115.35,1.83858498221924,0.995137790675961,0.00141282620680312,0.995137790675961,0.00141282620680312
"C","lnpois",5,0.1,1,0.7,"TOX-log-TMM","abs_lfc_bin","[0.25,0.5]",20,116.6,2.09309642194977,0.0209982049340365,0.00334579297860944,0.0224960623901551,0.00413753936038201
"C","lnpois",5,0.1,1,0.7,"TOX-log-TMM","expr_decile","1",20,52.35,1.34021797127419,0.455516200518941,0.0199931166174985,0.453258070142017,0.0191456025428588
"C","lnpois",5,0.1,1,0.7,"TOX-log-TMM","expr_decile","10",20,45.8,1.07262589740761,0.435700775354273,0.0137489566942518,0.433959864716341,0.0149116595255637
"C","lnpois",5,0.1,1,0.7,"TOX-log-TMM","expr_decile","2",20,49.85,1.36935443875841,0.448810952803941,0.0154571436819809,0.453005872076712,0.0150200594152878
"C","lnpois",5,0.1,1,0.7,"TOX-log-TMM","expr_decile","3",20,46.05,1.8531268028304,0.461804779652983,0.0239315193302683,0.461037821268876,0.0223659985098454
"C","lnpois",5,0.1,1,0.7,"TOX-log-TMM","expr_decile","4",20,48.25,1.3819798916962,0.469923472752001,0.0162381713883922,0.474583231357177,0.0193014453778318
"C","lnpois",5,0.1,1,0.7,"TOX-log-TMM","expr_decile","5",20,48.9,1.43984648304493,0.472107970921833,0.0163496927609947,0.468989681372849,0.0179570489378833
"C","lnpois",5,0.1,1,0.7,"TOX-log-TMM","expr_decile","6",20,47.4,1.42237754999748,0.447549225914796,0.0181689350290179,0.446220078308139,0.0182634472266228
"C","lnpois",5,0.1,1,0.7,"TOX-log-TMM","expr_decile","7",20,46.35,1.28406222180768,0.447073600935736,0.0155019505908851,0.442366335978471,0.0137077654005512
"C","lnpois",5,0.1,1,0.7,"TOX-log-TMM","expr_decile","8",20,48.4,1.11308012668498,0.444772672162094,0.020052809876015,0.446545307594073,0.0205590324707873
"C","lnpois",5,0.1,1,0.7,"TOX-log-TMM","expr_decile","9",20,46.3,1.29391287431411,0.440731811234826,0.0146026000517812,0.433768806396499,0.0166977664666458
"C","lnpois",5,0.1,1,0.7,"TOX-log-TPM","abs_lfc_bin","(0.5,1]",20,123.9,3.04345717547452,0.121099321884172,0.00638286979796058,0.0830761978406609,0.00638935789363884
"C","lnpois",5,0.1,1,0.7,"TOX-log-TPM","abs_lfc_bin","(1,2]",20,123.8,1.90925722674938,0.636729528717805,0.0125432203380533,0.527185712854889,0.0245489496452276
"C","lnpois",5,0.1,1,0.7,"TOX-log-TPM","abs_lfc_bin","(2,4]",20,115.35,1.83858498221924,0.994769166501741,0.00133695310381306,0.98682006537429,0.00271456853034899
"C","lnpois",5,0.1,1,0.7,"TOX-log-TPM","abs_lfc_bin","[0.25,0.5]",20,116.6,2.09309642194977,0.0292293430438403,0.00480480156960769,0.0135081597055144,0.00239077337058849
"C","lnpois",5,0.1,1,0.7,"TOX-log-TPM","expr_decile","1",20,52.35,1.34021797127419,0.444253679199215,0.0153101504749946,0.403567317988337,0.0171383232392729
"C","lnpois",5,0.1,1,0.7,"TOX-log-TPM","expr_decile","10",20,45.8,1.07262589740761,0.430092534797155,0.0150112044764322,0.373647567165503,0.013302470594134
"C","lnpois",5,0.1,1,0.7,"TOX-log-TPM","expr_decile","2",20,49.85,1.36935443875841,0.438360272592942,0.0113181582082752,0.391604635950606,0.0153042101109073
"C","lnpois",5,0.1,1,0.7,"TOX-log-TPM","expr_decile","3",20,46.05,1.8531268028304,0.444524427238286,0.0223466079290298,0.398194588573676,0.0229107873898853
"C","lnpois",5,0.1,1,0.7,"TOX-log-TPM","expr_decile","4",20,48.25,1.3819798916962,0.459627806266394,0.0138727520604887,0.427439506589009,0.0159820521612747
"C","lnpois",5,0.1,1,0.7,"TOX-log-TPM","expr_decile","5",20,48.9,1.43984648304493,0.462215319662992,0.0174198998854167,0.419356800431374,0.0161089934074224
"C","lnpois",5,0.1,1,0.7,"TOX-log-TPM","expr_decile","6",20,47.4,1.42237754999748,0.434486662736621,0.0173973924627439,0.401679219308688,0.0190208282853724
"C","lnpois",5,0.1,1,0.7,"TOX-log-TPM","expr_decile","7",20,46.35,1.28406222180768,0.43262210319876,0.0115449865309937,0.392894019877026,0.0140462853189002
"C","lnpois",5,0.1,1,0.7,"TOX-log-TPM","expr_decile","8",20,48.4,1.11308012668498,0.439542383549368,0.0204981036924682,0.394476555456866,0.0181741904352048
"C","lnpois",5,0.1,1,0.7,"TOX-log-TPM","expr_decile","9",20,46.3,1.29391287431411,0.428200732229143,0.0161391809268851,0.380253865241738,0.0146401386753191
"C","lnpois",5,0.1,1,0.7,"TOX-log-TPM-centred","abs_lfc_bin","(0.5,1]",20,123.9,3.04345717547452,0.12183882922393,0.00720350257984902,0.119589960981491,0.00668231597528939
"C","lnpois",5,0.1,1,0.7,"TOX-log-TPM-centred","abs_lfc_bin","(1,2]",20,123.8,1.90925722674938,0.677736002482707,0.0109570625164488,0.675772841251219,0.0168443252322503
"C","lnpois",5,0.1,1,0.7,"TOX-log-TPM-centred","abs_lfc_bin","(2,4]",20,115.35,1.83858498221924,0.997296867744537,0.00095263640733293,0.996869517317187,0.000984147407797318
"C","lnpois",5,0.1,1,0.7,"TOX-log-TPM-centred","abs_lfc_bin","[0.25,0.5]",20,116.6,2.09309642194977,0.0214335199291373,0.00315312162187385,0.023397226215113,0.00447747377888692
"C","lnpois",5,0.1,1,0.7,"TOX-log-TPM-centred","expr_decile","1",20,52.35,1.34021797127419,0.471858236323538,0.0160371316621459,0.470411301390834,0.0152561744548133
"C","lnpois",5,0.1,1,0.7,"TOX-log-TPM-centred","expr_decile","10",20,45.8,1.07262589740761,0.43089010843523,0.0159156173257134,0.426134985524774,0.0161197300474296
"C","lnpois",5,0.1,1,0.7,"TOX-log-TPM-centred","expr_decile","2",20,49.85,1.36935443875841,0.453629147867814,0.0127850238621278,0.455454859069962,0.014063524489642
"C","lnpois",5,0.1,1,0.7,"TOX-log-TPM-centred","expr_decile","3",20,46.05,1.8531268028304,0.447819299156806,0.0213858758742325,0.452086338793119,0.0204362830133088
"C","lnpois",5,0.1,1,0.7,"TOX-log-TPM-centred","expr_decile","4",20,48.25,1.3819798916962,0.473740509277154,0.0144698651700524,0.474421251456932,0.0175419152306054
"C","lnpois",5,0.1,1,0.7,"TOX-log-TPM-centred","expr_decile","5",20,48.9,1.43984648304493,0.466236087190111,0.0156702836614162,0.466837779351024,0.0172869184359383
"C","lnpois",5,0.1,1,0.7,"TOX-log-TPM-centred","expr_decile","6",20,47.4,1.42237754999748,0.436366972310743,0.0177011281936685,0.438187566142058,0.0180140059003963
"C","lnpois",5,0.1,1,0.7,"TOX-log-TPM-centred","expr_decile","7",20,46.35,1.28406222180768,0.446427237191826,0.0144872823923981,0.441126176943958,0.0152223550817724
"C","lnpois",5,0.1,1,0.7,"TOX-log-TPM-centred","expr_decile","8",20,48.4,1.11308012668498,0.439296066807612,0.0203666539233615,0.437221420573812,0.020298880737892
"C","lnpois",5,0.1,1,0.7,"TOX-log-TPM-centred","expr_decile","9",20,46.3,1.29391287431411,0.437960596189647,0.0157514650059946,0.437010139731424,0.0175687817955035
"C","lnpois",5,0.1,1,0.9,"DESeq2","abs_lfc_bin","(0.5,1]",20,120.1,2.17146567043892,0.161343851318847,0.00889597026338779,0.0872219051368683,0.00739096430425887
"C","lnpois",5,0.1,1,0.9,"DESeq2","abs_lfc_bin","(1,2]",20,118.6,2.35013997343495,0.662361779896969,0.00891008588349945,0.542801606923817,0.0110532442417207
"C","lnpois",5,0.1,1,0.9,"DESeq2","abs_lfc_bin","(2,4]",20,125.8,2.58599466763809,0.996382969614405,0.00108845021963379,0.987404108176931,0.00200249435062027
"C","lnpois",5,0.1,1,0.9,"DESeq2","abs_lfc_bin","[0.25,0.5]",20,117.1,1.88050944945078,0.0285854553646432,0.00417475733607737,0.00675279709567715,0.00144563366836962
"C","lnpois",5,0.1,1,0.9,"DESeq2","expr_decile","1",20,54.2,1.12997438256943,0.492339760543873,0.0192976538177031,0.433030928592607,0.0196498320051938
"C","lnpois",5,0.1,1,0.9,"DESeq2","expr_decile","10",20,47.9,1.46341345742357,0.431403216612542,0.015222363841045,0.377698022290853,0.0126014801035295
"C","lnpois",5,0.1,1,0.9,"DESeq2","expr_decile","2",20,46,1.40862007877063,0.435814824290355,0.0169677657692456,0.37344412868194,0.0184912566409582
"C","lnpois",5,0.1,1,0.9,"DESeq2","expr_decile","3",20,47.65,1.39788373885972,0.453005125976568,0.0155471759008959,0.408221749940711,0.0176674837474196
"C","lnpois",5,0.1,1,0.9,"DESeq2","expr_decile","4",20,48.95,1.55169686404746,0.506338066775793,0.01350370029754,0.450171002474274,0.0165557346275977
"C","lnpois",5,0.1,1,0.9,"DESeq2","expr_decile","5",20,46.65,1.55812809418698,0.481718087341905,0.0204947447827037,0.421527290154117,0.0188024956059403
"C","lnpois",5,0.1,1,0.9,"DESeq2","expr_decile","6",20,45.8,1.22817794013391,0.462075831005568,0.0177372410376852,0.409858242823943,0.0146141688640891
"C","lnpois",5,0.1,1,0.9,"DESeq2","expr_decile","7",20,47.6,1.42422647518981,0.486163063995049,0.0126634600340477,0.431465674813437,0.0131218094404324
"C","lnpois",5,0.1,1,0.9,"DESeq2","expr_decile","8",20,48.8,1.73448005253205,0.474540566388584,0.0118775605427418,0.420472375249833,0.012994457926519
"C","lnpois",5,0.1,1,0.9,"DESeq2","expr_decile","9",20,48.05,1.08209105561019,0.487392321715565,0.0114058762452974,0.430391708980158,0.012607839573601
"C","lnpois",5,0.1,1,0.9,"edgeR","abs_lfc_bin","(0.5,1]",20,120.1,2.17146567043892,0.132796332056144,0.00762590725536153,0.101745323991269,0.00829420709792001
"C","lnpois",5,0.1,1,0.9,"edgeR","abs_lfc_bin","(1,2]",20,118.6,2.35013997343495,0.646034659681752,0.00954351401232351,0.589619314384348,0.0127757421824365
"C","lnpois",5,0.1,1,0.9,"edgeR","abs_lfc_bin","(2,4]",20,125.8,2.58599466763809,0.997690491451839,0.000813835735213339,0.99645824416696,0.00107161973113634
"C","lnpois",5,0.1,1,0.9,"edgeR","abs_lfc_bin","[0.25,0.5]",20,117.1,1.88050944945078,0.0142959141525079,0.00265511908764497,0.00879030592081972,0.00195963024963246
"C","lnpois",5,0.1,1,0.9,"edgeR","expr_decile","1",20,54.2,1.12997438256943,0.481637936645973,0.0188651028794904,0.461315209825409,0.018929981714896
"C","lnpois",5,0.1,1,0.9,"edgeR","expr_decile","10",20,47.9,1.46341345742357,0.415193897984052,0.0167509423203898,0.390103046192655,0.0156805883005503
"C","lnpois",5,0.1,1,0.9,"edgeR","expr_decile","2",20,46,1.40862007877063,0.422491349289243,0.0150175826856538,0.399529823831561,0.0162881284037477
"C","lnpois",5,0.1,1,0.9,"edgeR","expr_decile","3",20,47.65,1.39788373885972,0.439561241773542,0.0168715839691129,0.418332199494383,0.0182898039512101
"C","lnpois",5,0.1,1,0.9,"edgeR","expr_decile","4",20,48.95,1.55169686404746,0.491256470707486,0.015509147097068,0.469153546338563,0.014965523531702
"C","lnpois",5,0.1,1,0.9,"edgeR","expr_decile","5",20,46.65,1.55812809418698,0.470238185650103,0.0201007030179506,0.440111091553906,0.0201825709172564
"C","lnpois",5,0.1,1,0.9,"edgeR","expr_decile","6",20,45.8,1.22817794013391,0.457463144228607,0.014776000093638,0.432776520685291,0.0141861571134565
"C","lnpois",5,0.1,1,0.9,"edgeR","expr_decile","7",20,47.6,1.42422647518981,0.465663730183424,0.0139053856560027,0.447199920338656,0.0142034140169096
"C","lnpois",5,0.1,1,0.9,"edgeR","expr_decile","8",20,48.8,1.73448005253205,0.459837354782398,0.0134170329483776,0.439969069002027,0.0124500134724158
"C","lnpois",5,0.1,1,0.9,"edgeR","expr_decile","9",20,48.05,1.08209105561019,0.46682796483805,0.0114505115359538,0.436804403978918,0.0133316102904952
"C","lnpois",5,0.1,1,0.9,"limma","abs_lfc_bin","(0.5,1]",20,120.1,2.17146567043892,0.115883515740762,0.00612639836491139,0.115047187107992,0.00706437392965026
"C","lnpois",5,0.1,1,0.9,"limma","abs_lfc_bin","(1,2]",20,118.6,2.35013997343495,0.628612730043983,0.00957529516239267,0.626734339971826,0.010289222140769
"C","lnpois",5,0.1,1,0.9,"limma","abs_lfc_bin","(2,4]",20,125.8,2.58599466763809,0.997215894622353,0.000877357594025512,0.997215894622353,0.000877357594025512
"C","lnpois",5,0.1,1,0.9,"limma","abs_lfc_bin","[0.25,0.5]",20,117.1,1.88050944945078,0.0151715119387739,0.00251394161225466,0.0121073309617489,0.00231114465410347
"C","lnpois",5,0.1,1,0.9,"limma","expr_decile","1",20,54.2,1.12997438256943,0.47353462315251,0.0192188360061833,0.473891453109896,0.0214615847246966
"C","lnpois",5,0.1,1,0.9,"limma","expr_decile","10",20,47.9,1.46341345742357,0.408845304516073,0.0165467157814666,0.403954720497888,0.0156410713858683
"C","lnpois",5,0.1,1,0.9,"limma","expr_decile","2",20,46,1.40862007877063,0.41220464736189,0.013703279755059,0.408273208430451,0.0137691394796054
"C","lnpois",5,0.1,1,0.9,"limma","expr_decile","3",20,47.65,1.39788373885972,0.42882442610492,0.0171960575811553,0.424145009300568,0.0171914865894024
"C","lnpois",5,0.1,1,0.9,"limma","expr_decile","4",20,48.95,1.55169686404746,0.481050566542729,0.0142373365642517,0.483109731523245,0.0149061201494752
"C","lnpois",5,0.1,1,0.9,"limma","expr_decile","5",20,46.65,1.55812809418698,0.461424829363496,0.0210119119251971,0.458746750413219,0.0185959527959569
"C","lnpois",5,0.1,1,0.9,"limma","expr_decile","6",20,45.8,1.22817794013391,0.450824685169935,0.0157694328657788,0.448636624611425,0.0144261722839199
"C","lnpois",5,0.1,1,0.9,"limma","expr_decile","7",20,47.6,1.42422647518981,0.452322470564949,0.0123892175069814,0.451557950130976,0.0127107179651766
"C","lnpois",5,0.1,1,0.9,"limma","expr_decile","8",20,48.8,1.73448005253205,0.455004241639502,0.012312210826311,0.455528615315472,0.012423176511402
"C","lnpois",5,0.1,1,0.9,"limma","expr_decile","9",20,48.05,1.08209105561019,0.457740055852142,0.0101848770081343,0.456013204735314,0.0112143041829992
"C","lnpois",5,0.1,1,0.9,"TOX-log-TMM","abs_lfc_bin","(0.5,1]",20,120.1,2.17146567043892,0.128682434754008,0.00677463896045331,0.107712045117639,0.00837390374807518
"C","lnpois",5,0.1,1,0.9,"TOX-log-TMM","abs_lfc_bin","(1,2]",20,118.6,2.35013997343495,0.640462051928417,0.0111222773336007,0.60211361189723,0.012168880297397
"C","lnpois",5,0.1,1,0.9,"TOX-log-TMM","abs_lfc_bin","(2,4]",20,125.8,2.58599466763809,0.995129205061128,0.00108868587705056,0.994297597055607,0.00104269065107672
"C","lnpois",5,0.1,1,0.9,"TOX-log-TMM","abs_lfc_bin","[0.25,0.5]",20,117.1,1.88050944945078,0.0181425118231837,0.00341292709688342,0.0114586458994888,0.00187139960682921
"C","lnpois",5,0.1,1,0.9,"TOX-log-TMM","expr_decile","1",20,54.2,1.12997438256943,0.476146051868217,0.0189830783149308,0.457412067608992,0.0198704001439027
"C","lnpois",5,0.1,1,0.9,"TOX-log-TMM","expr_decile","10",20,47.9,1.46341345742357,0.408701998311908,0.0173205551345984,0.386057010330598,0.0145460798882846
"C","lnpois",5,0.1,1,0.9,"TOX-log-TMM","expr_decile","2",20,46,1.40862007877063,0.420334931166438,0.0143509824006838,0.407695970598802,0.0155849933932145
"C","lnpois",5,0.1,1,0.9,"TOX-log-TMM","expr_decile","3",20,47.65,1.39788373885972,0.443581997474206,0.014666195544246,0.429224978854654,0.0173229689150046
"C","lnpois",5,0.1,1,0.9,"TOX-log-TMM","expr_decile","4",20,48.95,1.55169686404746,0.487529472726167,0.0134512424219466,0.475912313317538,0.0150257074065964
"C","lnpois",5,0.1,1,0.9,"TOX-log-TMM","expr_decile","5",20,46.65,1.55812809418698,0.47261287217677,0.0195226849631755,0.452308952137775,0.0190251166035357
"C","lnpois",5,0.1,1,0.9,"TOX-log-TMM","expr_decile","6",20,45.8,1.22817794013391,0.464375276983373,0.0168322388412869,0.439518224439665,0.0136174276182915
"C","lnpois",5,0.1,1,0.9,"TOX-log-TMM","expr_decile","7",20,47.6,1.42422647518981,0.456844956676611,0.0127490289815861,0.442044645015024,0.0139578765232815
"C","lnpois",5,0.1,1,0.9,"TOX-log-TMM","expr_decile","8",20,48.8,1.73448005253205,0.451507173423374,0.0119215341499926,0.440903650738329,0.0123707003378456
"C","lnpois",5,0.1,1,0.9,"TOX-log-TMM","expr_decile","9",20,48.05,1.08209105561019,0.462936512770142,0.0113744455440897,0.445564260659509,0.0115331503056718
"C","lnpois",5,0.1,1,0.9,"TOX-log-TPM","abs_lfc_bin","(0.5,1]",20,120.1,2.17146567043892,0.0804623870918393,0.00532063512027429,0.0271022262873903,0.00313711141200614
"C","lnpois",5,0.1,1,0.9,"TOX-log-TPM","abs_lfc_bin","(1,2]",20,118.6,2.35013997343495,0.526638729094405,0.0112808702917986,0.35018852263894,0.016566292397009
"C","lnpois",5,0.1,1,0.9,"TOX-log-TPM","abs_lfc_bin","(2,4]",20,125.8,2.58599466763809,0.99115263854513,0.00136080705705469,0.968065178455509,0.00464461373554721
"C","lnpois",5,0.1,1,0.9,"TOX-log-TPM","abs_lfc_bin","[0.25,0.5]",20,117.1,1.88050944945078,0.0116967379125847,0.00200539603934038,0.00204653378636429,0.000814248660124093
"C","lnpois",5,0.1,1,0.9,"TOX-log-TPM","expr_decile","1",20,54.2,1.12997438256943,0.438314786200104,0.0189309472363597,0.38547895898824,0.0202332142181347
"C","lnpois",5,0.1,1,0.9,"TOX-log-TPM","expr_decile","10",20,47.9,1.46341345742357,0.363317547182375,0.0149719476011376,0.309762171169473,0.015862891108322
"C","lnpois",5,0.1,1,0.9,"TOX-log-TPM","expr_decile","2",20,46,1.40862007877063,0.389246526229145,0.0157671869748831,0.331128247497408,0.016429477741567
"C","lnpois",5,0.1,1,0.9,"TOX-log-TPM","expr_decile","3",20,47.65,1.39788373885972,0.407117008068434,0.0170599755159094,0.340667086811638,0.0197493143881503
"C","lnpois",5,0.1,1,0.9,"TOX-log-TPM","expr_decile","4",20,48.95,1.55169686404746,0.452833703126223,0.0165372319678602,0.365440224108001,0.0181834680621995
"C","lnpois",5,0.1,1,0.9,"TOX-log-TPM","expr_decile","5",20,46.65,1.55812809418698,0.416839654229911,0.0191403619241903,0.353750240235037,0.0176519793092704
"C","lnpois",5,0.1,1,0.9,"TOX-log-TPM","expr_decile","6",20,45.8,1.22817794013391,0.402816221296323,0.015329951083991,0.331435980505069,0.0170392975868263
"C","lnpois",5,0.1,1,0.9,"TOX-log-TPM","expr_decile","7",20,47.6,1.42422647518981,0.423207931514453,0.0144002735707073,0.352166443853648,0.0142333744482759
"C","lnpois",5,0.1,1,0.9,"TOX-log-TPM","expr_decile","8",20,48.8,1.73448005253205,0.418333089356451,0.0109346343894451,0.33740975533962,0.0128252759656234
"C","lnpois",5,0.1,1,0.9,"TOX-log-TPM","expr_decile","9",20,48.05,1.08209105561019,0.407507961532034,0.0122193326610401,0.358776615821294,0.0153763460293729
"C","lnpois",5,0.1,1,0.9,"TOX-log-TPM-centred","abs_lfc_bin","(0.5,1]",20,120.1,2.17146567043892,0.135876986241214,0.00690513733475923,0.120261438337412,0.00697501567307338
"C","lnpois",5,0.1,1,0.9,"TOX-log-TPM-centred","abs_lfc_bin","(1,2]",20,118.6,2.35013997343495,0.653745984764048,0.0106721038343116,0.634313045699304,0.010431769566764
"C","lnpois",5,0.1,1,0.9,"TOX-log-TPM-centred","abs_lfc_bin","(2,4]",20,125.8,2.58599466763809,0.997546354459476,0.000862550299731103,0.99703538137459,0.00112494637574898
"C","lnpois",5,0.1,1,0.9,"TOX-log-TPM-centred","abs_lfc_bin","[0.25,0.5]",20,117.1,1.88050944945078,0.0188127974519933,0.00335852617127733,0.0201081100352566,0.00365858948997642
"C","lnpois",5,0.1,1,0.9,"TOX-log-TPM-centred","expr_decile","1",20,54.2,1.12997438256943,0.522268132459027,0.019807216922074,0.515011224373728,0.0199949118392211
"C","lnpois",5,0.1,1,0.9,"TOX-log-TPM-centred","expr_decile","10",20,47.9,1.46341345742357,0.411949149630011,0.0171136425188856,0.403228606871519,0.0166879457461929
"C","lnpois",5,0.1,1,0.9,"TOX-log-TPM-centred","expr_decile","2",20,46,1.40862007877063,0.428552330117413,0.0145689446973613,0.422878323892421,0.0145575683043565
"C","lnpois",5,0.1,1,0.9,"TOX-log-TPM-centred","expr_decile","3",20,47.65,1.39788373885972,0.444305543629059,0.0156395596196697,0.432373584610634,0.0167789330131282
"C","lnpois",5,0.1,1,0.9,"TOX-log-TPM-centred","expr_decile","4",20,48.95,1.55169686404746,0.489879173072797,0.0132828932462325,0.485687756897721,0.012978355887877
"C","lnpois",5,0.1,1,0.9,"TOX-log-TPM-centred","expr_decile","5",20,46.65,1.55812809418698,0.467603244194495,0.0190391840854458,0.453453005969807,0.0189756580900277
"C","lnpois",5,0.1,1,0.9,"TOX-log-TPM-centred","expr_decile","6",20,45.8,1.22817794013391,0.451152817031086,0.0163213998999284,0.448203074769688,0.0165716931402117
"C","lnpois",5,0.1,1,0.9,"TOX-log-TPM-centred","expr_decile","7",20,47.6,1.42422647518981,0.460729833877885,0.0122033916684929,0.448118650374744,0.0128146125091409
"C","lnpois",5,0.1,1,0.9,"TOX-log-TPM-centred","expr_decile","8",20,48.8,1.73448005253205,0.456936759266938,0.0134299007851988,0.449186287221253,0.0122622272642339
"C","lnpois",5,0.1,1,0.9,"TOX-log-TPM-centred","expr_decile","9",20,48.05,1.08209105561019,0.464113150018408,0.00998745494550887,0.455271338889022,0.0123874145388193
"C","lnpois",5,0.1,1,1,"DESeq2","abs_lfc_bin","(0.5,1]",20,115.6,2.95528073294676,0.131018357719649,0.0076458407484029,0.069957456787491,0.00747966302483652
"C","lnpois",5,0.1,1,1,"DESeq2","abs_lfc_bin","(1,2]",20,122.75,2.04922963702538,0.65740613466252,0.0104085723086419,0.518383207607661,0.0173857095594774
"C","lnpois",5,0.1,1,1,"DESeq2","abs_lfc_bin","(2,4]",20,125.15,1.75660408024598,0.993519932061544,0.00183700848663791,0.983787904026965,0.0033186317641098
"C","lnpois",5,0.1,1,1,"DESeq2","abs_lfc_bin","[0.25,0.5]",20,118.35,2.39766882397751,0.0220694434079261,0.00302861958188169,0.00972690046489626,0.00233516024085755
"C","lnpois",5,0.1,1,1,"DESeq2","expr_decile","1",20,58.2,1.19119577249966,0.492164606153853,0.0136743905314971,0.432962416318264,0.0135287469409877
"C","lnpois",5,0.1,1,1,"DESeq2","expr_decile","10",20,46.5,1.25131509768092,0.486274874283389,0.0166014896837686,0.438628532307773,0.0193729725386468
"C","lnpois",5,0.1,1,1,"DESeq2","expr_decile","2",20,48.2,1.39661244294524,0.431592164880993,0.018449953871825,0.378394789120379,0.0185023398466986
"C","lnpois",5,0.1,1,1,"DESeq2","expr_decile","3",20,47.8,1.44295019427487,0.441810149638322,0.0144051930324628,0.391927488980863,0.0187941650394257
"C","lnpois",5,0.1,1,1,"DESeq2","expr_decile","4",20,47.05,1.12267303202763,0.444975530414133,0.0173468451283097,0.382585946064094,0.0160002081920798
"C","lnpois",5,0.1,1,1,"DESeq2","expr_decile","5",20,45.4,1.41123313005627,0.468073411389254,0.0167654595791634,0.408599299268276,0.0184700896437866
"C","lnpois",5,0.1,1,1,"DESeq2","expr_decile","6",20,47.3,1.34965882628478,0.443602327213488,0.0133287192571871,0.390662661522942,0.0137720668079844
"C","lnpois",5,0.1,1,1,"DESeq2","expr_decile","7",20,48.4,1.4589109131923,0.473902056229019,0.0145178112953704,0.411666363575579,0.0134930655445843
"C","lnpois",5,0.1,1,1,"DESeq2","expr_decile","8",20,48.6,1.69270882253704,0.462129590808006,0.0178704185507387,0.408302085156606,0.0184174486282169
"C","lnpois",5,0.1,1,1,"DESeq2","expr_decile","9",20,44.4,1.09640561069245,0.484768064502271,0.0140874498580056,0.424380548677072,0.0147070860000247
"C","lnpois",5,0.1,1,1,"edgeR","abs_lfc_bin","(0.5,1]",20,115.6,2.95528073294676,0.102497027334121,0.00688178164284782,0.0821124190751428,0.00764885478500049
"C","lnpois",5,0.1,1,1,"edgeR","abs_lfc_bin","(1,2]",20,122.75,2.04922963702538,0.624000737707956,0.0088387506795901,0.576937797943223,0.0140924930030738
"C","lnpois",5,0.1,1,1,"edgeR","abs_lfc_bin","(2,4]",20,125.15,1.75660408024598,0.995418146170391,0.00154703552688004,0.993390898050978,0.00227405952772106
"C","lnpois",5,0.1,1,1,"edgeR","abs_lfc_bin","[0.25,0.5]",20,118.35,2.39766882397751,0.0164301276069013,0.00273545468356299,0.0113634123534083,0.00249398645789227
"C","lnpois",5,0.1,1,1,"edgeR","expr_decile","1",20,58.2,1.19119577249966,0.487522283982766,0.0131663436730004,0.466425818698462,0.0141954725881352
"C","lnpois",5,0.1,1,1,"edgeR","expr_decile","10",20,46.5,1.25131509768092,0.47347486022858,0.0186697060367709,0.447380017894739,0.0174542548962338
"C","lnpois",5,0.1,1,1,"edgeR","expr_decile","2",20,48.2,1.39661244294524,0.414371558245275,0.0174510745753833,0.399131150904927,0.0184108149644831
"C","lnpois",5,0.1,1,1,"edgeR","expr_decile","3",20,47.8,1.44295019427487,0.440945903832922,0.0147962689937301,0.419886766431515,0.016165915135174
"C","lnpois",5,0.1,1,1,"edgeR","expr_decile","4",20,47.05,1.12267303202763,0.42028833035626,0.0162779491315566,0.400449401132832,0.0170290964884579
"C","lnpois",5,0.1,1,1,"edgeR","expr_decile","5",20,45.4,1.41123313005627,0.446268444854515,0.0159618375277792,0.427732762733197,0.0156590668763981
"C","lnpois",5,0.1,1,1,"edgeR","expr_decile","6",20,47.3,1.34965882628478,0.43071849383007,0.0139960036641281,0.413613561940254,0.0150850827000893
"C","lnpois",5,0.1,1,1,"edgeR","expr_decile","7",20,48.4,1.4589109131923,0.452705973996833,0.0165634037482367,0.438496493678651,0.0133417973298901
"C","lnpois",5,0.1,1,1,"edgeR","expr_decile","8",20,48.6,1.69270882253704,0.436703728702321,0.0169643740977615,0.422038511933119,0.0181496808721429
"C","lnpois",5,0.1,1,1,"edgeR","expr_decile","9",20,44.4,1.09640561069245,0.460775020374946,0.0137827048720871,0.439898444625736,0.0132885868090739
"C","lnpois",5,0.1,1,1,"limma","abs_lfc_bin","(0.5,1]",20,115.6,2.95528073294676,0.0918609408228264,0.00502006168293502,0.0935415201815022,0.0086869832656539
"C","lnpois",5,0.1,1,1,"limma","abs_lfc_bin","(1,2]",20,122.75,2.04922963702538,0.617088662699443,0.00966462130277551,0.620179588590063,0.0137756204790496
"C","lnpois",5,0.1,1,1,"limma","abs_lfc_bin","(2,4]",20,125.15,1.75660408024598,0.997141103752972,0.00106462619344324,0.9958635600418,0.00129059251435769
"C","lnpois",5,0.1,1,1,"limma","abs_lfc_bin","[0.25,0.5]",20,118.35,2.39766882397751,0.00880989485606239,0.00188142696250999,0.0085180603975951,0.00184023594263278
"C","lnpois",5,0.1,1,1,"limma","expr_decile","1",20,58.2,1.19119577249966,0.479189543498249,0.0144523940979293,0.475925014497717,0.0147790036576228
"C","lnpois",5,0.1,1,1,"limma","expr_decile","10",20,46.5,1.25131509768092,0.47120709294425,0.0201555075945278,0.475497651419591,0.0184935836400627
"C","lnpois",5,0.1,1,1,"limma","expr_decile","2",20,48.2,1.39661244294524,0.410904147555526,0.0185539610297551,0.410772816729024,0.0197765416968651
"C","lnpois",5,0.1,1,1,"limma","expr_decile","3",20,47.8,1.44295019427487,0.42153154113063,0.0147994389437196,0.429399155399506,0.0160513089408739
"C","lnpois",5,0.1,1,1,"limma","expr_decile","4",20,47.05,1.12267303202763,0.424724563299811,0.0177794063611538,0.420674290451798,0.017682415896898
"C","lnpois",5,0.1,1,1,"limma","expr_decile","5",20,45.4,1.41123313005627,0.43559920717955,0.0150318312180251,0.436458427194396,0.0162041192686658
"C","lnpois",5,0.1,1,1,"limma","expr_decile","6",20,47.3,1.34965882628478,0.424114557910916,0.0156350025447456,0.42492873229862,0.0150575034691432
"C","lnpois",5,0.1,1,1,"limma","expr_decile","7",20,48.4,1.4589109131923,0.441586977915531,0.0147019812743727,0.445109047992504,0.0128417465082857
"C","lnpois",5,0.1,1,1,"limma","expr_decile","8",20,48.6,1.69270882253704,0.446764581624234,0.016693144479605,0.443759562582231,0.0190345782051204
"C","lnpois",5,0.1,1,1,"limma","expr_decile","9",20,44.4,1.09640561069245,0.452186297232974,0.0130184914309102,0.450731861281776,0.0146759482341398
"C","lnpois",5,0.1,1,1,"TOX-log-TMM","abs_lfc_bin","(0.5,1]",20,115.6,2.95528073294676,0.101519434572791,0.00465810999530303,0.0892466250668749,0.00716661834365292
"C","lnpois",5,0.1,1,1,"TOX-log-TMM","abs_lfc_bin","(1,2]",20,122.75,2.04922963702538,0.629070122027817,0.00942920132122351,0.602474882358193,0.0140657988702474
"C","lnpois",5,0.1,1,1,"TOX-log-TMM","abs_lfc_bin","(2,4]",20,125.15,1.75660408024598,0.995849643935719,0.00128658721879704,0.994175274827721,0.00185255842877998
"C","lnpois",5,0.1,1,1,"TOX-log-TMM","abs_lfc_bin","[0.25,0.5]",20,118.35,2.39766882397751,0.012747416378258,0.00241204345285807,0.00928666033188685,0.00186770999328643
"C","lnpois",5,0.1,1,1,"TOX-log-TMM","expr_decile","1",20,58.2,1.19119577249966,0.479920681812818,0.0142879827176821,0.467981270136584,0.0149814616342589
"C","lnpois",5,0.1,1,1,"TOX-log-TMM","expr_decile","10",20,46.5,1.25131509768092,0.472399341248649,0.0195191349462386,0.464474209991737,0.0200403710212022
"C","lnpois",5,0.1,1,1,"TOX-log-TMM","expr_decile","2",20,48.2,1.39661244294524,0.421193848838308,0.018066863275833,0.405547711981751,0.0179617722089424
"C","lnpois",5,0.1,1,1,"TOX-log-TMM","expr_decile","3",20,47.8,1.44295019427487,0.434710042666389,0.0142389972598389,0.428603160276502,0.0166592517860899
"C","lnpois",5,0.1,1,1,"TOX-log-TMM","expr_decile","4",20,47.05,1.12267303202763,0.427465475457269,0.0175276925600519,0.415274325366349,0.0182610978764919
"C","lnpois",5,0.1,1,1,"TOX-log-TMM","expr_decile","5",20,45.4,1.41123313005627,0.449271655724559,0.0150783084721585,0.436405818728634,0.0149265275311352
"C","lnpois",5,0.1,1,1,"TOX-log-TMM","expr_decile","6",20,47.3,1.34965882628478,0.428864501417254,0.0147626093954465,0.420279275425735,0.0154005714242628
"C","lnpois",5,0.1,1,1,"TOX-log-TMM","expr_decile","7",20,48.4,1.4589109131923,0.44712611469085,0.0142960086517665,0.441366215572089,0.0132280272093751
"C","lnpois",5,0.1,1,1,"TOX-log-TMM","expr_decile","8",20,48.6,1.69270882253704,0.451742091450947,0.0162395411444721,0.434527622029256,0.0195569407532205
"C","lnpois",5,0.1,1,1,"TOX-log-TMM","expr_decile","9",20,44.4,1.09640561069245,0.453339039825934,0.0133699508931218,0.441668054650781,0.0154702796670954
"C","lnpois",5,0.1,1,1,"TOX-log-TPM","abs_lfc_bin","(0.5,1]",20,115.6,2.95528073294676,0.0433815221796749,0.00637645517230798,0.0185915315362033,0.00501914694702468
"C","lnpois",5,0.1,1,1,"TOX-log-TPM","abs_lfc_bin","(1,2]",20,122.75,2.04922963702538,0.473437379032096,0.0116378356581343,0.278373164720145,0.0335217782128988
"C","lnpois",5,0.1,1,1,"TOX-log-TPM","abs_lfc_bin","(2,4]",20,125.15,1.75660408024598,0.989761217396605,0.00186811522836955,0.857776581827702,0.0660314312024248
"C","lnpois",5,0.1,1,1,"TOX-log-TPM","abs_lfc_bin","[0.25,0.5]",20,118.35,2.39766882397751,0.00363519531007216,0.00140804257609549,0.000476190476190476,0.000476190476190476
"C","lnpois",5,0.1,1,1,"TOX-log-TPM","expr_decile","1",20,58.2,1.19119577249966,0.42952633016167,0.0139762599261617,0.320357091423452,0.0305550160008495
"C","lnpois",5,0.1,1,1,"TOX-log-TPM","expr_decile","10",20,46.5,1.25131509768092,0.409416880714235,0.0159109016196605,0.30648034319056,0.0287677159413734
"C","lnpois",5,0.1,1,1,"TOX-log-TPM","expr_decile","2",20,48.2,1.39661244294524,0.361278025467972,0.0194265254156644,0.272713400561662,0.0268148381787736
"C","lnpois",5,0.1,1,1,"TOX-log-TPM","expr_decile","3",20,47.8,1.44295019427487,0.379264187560353,0.0140716148964411,0.292936395508897,0.0271616422620327
"C","lnpois",5,0.1,1,1,"TOX-log-TPM","expr_decile","4",20,47.05,1.12267303202763,0.373740109361115,0.0162596783501474,0.279494754618551,0.0276657238912633
"C","lnpois",5,0.1,1,1,"TOX-log-TPM","expr_decile","5",20,45.4,1.41123313005627,0.389451067731184,0.0154630705905188,0.297215432966241,0.0289532061536859
"C","lnpois",5,0.1,1,1,"TOX-log-TPM","expr_decile","6",20,47.3,1.34965882628478,0.375793201857954,0.014520063092893,0.298498603778512,0.0281939029890557
"C","lnpois",5,0.1,1,1,"TOX-log-TPM","expr_decile","7",20,48.4,1.4589109131923,0.394209691683273,0.0166698622724341,0.304003432966677,0.0275820899821704
"C","lnpois",5,0.1,1,1,"TOX-log-TPM","expr_decile","8",20,48.6,1.69270882253704,0.380040894703169,0.0152681201511389,0.29627234538327,0.0273764532446424
"C","lnpois",5,0.1,1,1,"TOX-log-TPM","expr_decile","9",20,44.4,1.09640561069245,0.393938946953194,0.0144839494098619,0.309718820792995,0.0291347095199216
"C","lnpois",5,0.1,1,1,"TOX-log-TPM-centred","abs_lfc_bin","(0.5,1]",20,115.6,2.95528073294676,0.114449318205867,0.00530919507460608,0.10589005824815,0.00837171435394669
"C","lnpois",5,0.1,1,1,"TOX-log-TPM-centred","abs_lfc_bin","(1,2]",20,122.75,2.04922963702538,0.651958332273107,0.00952479750844059,0.638279732519572,0.0131557060682241
"C","lnpois",5,0.1,1,1,"TOX-log-TPM-centred","abs_lfc_bin","(2,4]",20,125.15,1.75660408024598,0.997103876443017,0.00125823968554527,0.997103876443017,0.00125823968554527
"C","lnpois",5,0.1,1,1,"TOX-log-TPM-centred","abs_lfc_bin","[0.25,0.5]",20,118.35,2.39766882397751,0.0142731993560054,0.00293147679425696,0.0155775471820923,0.00345208713710462
"C","lnpois",5,0.1,1,1,"TOX-log-TPM-centred","expr_decile","1",20,58.2,1.19119577249966,0.519455667923171,0.0128272624527273,0.512921413238374,0.0126574099552579
"C","lnpois",5,0.1,1,1,"TOX-log-TPM-centred","expr_decile","10",20,46.5,1.25131509768092,0.477559617231556,0.0196296736655494,0.474870726417666,0.0204732468076728
"C","lnpois",5,0.1,1,1,"TOX-log-TPM-centred","expr_decile","2",20,48.2,1.39661244294524,0.43605955145218,0.0201238653052288,0.431131166677287,0.0201622733298127
"C","lnpois",5,0.1,1,1,"TOX-log-TPM-centred","expr_decile","3",20,47.8,1.44295019427487,0.446338666969926,0.0166963971367372,0.442826460480281,0.0168992087042082
"C","lnpois",5,0.1,1,1,"TOX-log-TPM-centred","expr_decile","4",20,47.05,1.12267303202763,0.435584871207158,0.0188834403924815,0.4302474061525,0.0179754340426009
"C","lnpois",5,0.1,1,1,"TOX-log-TPM-centred","expr_decile","5",20,45.4,1.41123313005627,0.453948026866542,0.0140868305768418,0.443440150478298,0.0134291398755118
"C","lnpois",5,0.1,1,1,"TOX-log-TPM-centred","expr_decile","6",20,47.3,1.34965882628478,0.428141503187861,0.0133530125891339,0.4290325387369,0.0145468200057335
"C","lnpois",5,0.1,1,1,"TOX-log-TPM-centred","expr_decile","7",20,48.4,1.4589109131923,0.451634041296179,0.0134335177461235,0.4441627194341,0.0133376819019271
"C","lnpois",5,0.1,1,1,"TOX-log-TPM-centred","expr_decile","8",20,48.6,1.69270882253704,0.451265114170467,0.0163284973270897,0.445947645974687,0.0184083695361795
"C","lnpois",5,0.1,1,1,"TOX-log-TPM-centred","expr_decile","9",20,44.4,1.09640561069245,0.45674219183962,0.0125315761635866,0.446564627717099,0.0139127036051008
"P","bimodal",3,0.1,1,0.5,"DESeq2","abs_lfc_bin","(0.5,1]",20,71.45,6.00984937196301,0.0181983355678405,0.0113420647519122,0.319680308703263,0.0391932315489521
"P","bimodal",3,0.1,1,0.5,"DESeq2","abs_lfc_bin","(1,2]",20,149.65,3.47492900343984,0.0723662421225912,0.0286912842673756,0.667895870733775,0.0362876137910905
"P","bimodal",3,0.1,1,0.5,"DESeq2","abs_lfc_bin","(2,4]",20,119.8,4.28006394443133,0.384616511829817,0.0247896089210669,0.845692474497077,0.0454134048553395
"P","bimodal",3,0.1,1,0.5,"DESeq2","abs_lfc_bin","[0.25,0.5]",20,53.1,4.39371560778634,0.000632911392405063,0.000632911392405063,0.0289022499478882,0.0162813225948958
"P","bimodal",3,0.1,1,0.5,"DESeq2","expr_decile","1",20,42.85,1.13154528713707,0.0890059691883534,0.0165481626661517,0.512995921960302,0.0339597339913278
"P","bimodal",3,0.1,1,0.5,"DESeq2","expr_decile","10",20,51.15,2.01608662094611,0.217593947271848,0.0255010598584019,0.502303260431709,0.0350480218685122
"P","bimodal",3,0.1,1,0.5,"DESeq2","expr_decile","2",20,47.75,1.51635817182589,0.115784796864128,0.0202710494177928,0.547729490611968,0.0330055416117854
"P","bimodal",3,0.1,1,0.5,"DESeq2","expr_decile","3",20,45.5,0.866025403784439,0.125583425424298,0.0240190549432316,0.53504585279977,0.0372565065256328
"P","bimodal",3,0.1,1,0.5,"DESeq2","expr_decile","4",20,44.25,1.42694926697704,0.121824894907132,0.0204082042868379,0.530337656238972,0.0396045068654739
"P","bimodal",3,0.1,1,0.5,"DESeq2","expr_decile","5",20,48.6,1.51031540797906,0.143298075082212,0.0216433290989144,0.542679257399015,0.0352635590333845
"P","bimodal",3,0.1,1,0.5,"DESeq2","expr_decile","6",20,46.65,1.38843910845767,0.160552542436833,0.0238157377332435,0.501465932137439,0.0344023500070504
"P","bimodal",3,0.1,1,0.5,"DESeq2","expr_decile","7",20,47.55,1.81582951900922,0.152320352655097,0.0160958418291972,0.507103425665025,0.0316323243468026
"P","bimodal",3,0.1,1,0.5,"DESeq2","expr_decile","8",20,49.1,1.66053257151211,0.1682060238399,0.0249121713084743,0.506886084123162,0.0361841428951741
"P","bimodal",3,0.1,1,0.5,"DESeq2","expr_decile","9",20,46.6,1.59340747093173,0.218664759397457,0.0206713378019994,0.515201842056132,0.0353057881083057
"P","bimodal",3,0.1,1,0.5,"edgeR","abs_lfc_bin","(0.5,1]",20,71.45,6.00984937196301,0.148787877709014,0.0201903169603654,0.507154196058152,0.0146769746400031
"P","bimodal",3,0.1,1,0.5,"edgeR","abs_lfc_bin","(1,2]",20,149.65,3.47492900343984,0.432667485164091,0.0169670768540271,0.556943638684923,0.00972697212194027
"P","bimodal",3,0.1,1,0.5,"edgeR","abs_lfc_bin","(2,4]",20,119.8,4.28006394443133,0.53649765643439,0.00970257811569926,0.682366676989434,0.0192992513900219
"P","bimodal",3,0.1,1,0.5,"edgeR","abs_lfc_bin","[0.25,0.5]",20,53.1,4.39371560778634,0.0255491879520197,0.00991648504500772,0.359013842835361,0.0233509917494695
"P","bimodal",3,0.1,1,0.5,"edgeR","expr_decile","1",20,42.85,1.13154528713707,0.217322717559068,0.0199812939534572,0.547749925603803,0.0177439474152854
"P","bimodal",3,0.1,1,0.5,"edgeR","expr_decile","10",20,51.15,2.01608662094611,0.424620077772961,0.0244946856969622,0.533470057461716,0.0228431037435879
"P","bimodal",3,0.1,1,0.5,"edgeR","expr_decile","2",20,47.75,1.51635817182589,0.255803839840627,0.0171986616194835,0.521119358288321,0.0185439071844051
"P","bimodal",3,0.1,1,0.5,"edgeR","expr_decile","3",20,45.5,0.866025403784439,0.273029028863108,0.0150161036621902,0.505351401587147,0.0207685024452561
"P","bimodal",3,0.1,1,0.5,"edgeR","expr_decile","4",20,44.25,1.42694926697704,0.296689707245158,0.019399735925874,0.511432905200762,0.0231998311269381
"P","bimodal",3,0.1,1,0.5,"edgeR","expr_decile","5",20,48.6,1.51031540797906,0.304483955120926,0.0175397542601776,0.501050154073121,0.0137896643419521
"P","bimodal",3,0.1,1,0.5,"edgeR","expr_decile","6",20,46.65,1.38843910845767,0.327397950363656,0.0221406662975834,0.48388482144298,0.0229177402545642
"P","bimodal",3,0.1,1,0.5,"edgeR","expr_decile","7",20,47.55,1.81582951900922,0.343701499207852,0.0210300195089518,0.497425161540427,0.0203126252165453
"P","bimodal",3,0.1,1,0.5,"edgeR","expr_decile","8",20,49.1,1.66053257151211,0.357480031453674,0.0199721704372195,0.491573730329672,0.0200984582767257
"P","bimodal",3,0.1,1,0.5,"edgeR","expr_decile","9",20,46.6,1.59340747093173,0.390867472878437,0.0196895384131768,0.535776726275018,0.0190920715459793
"P","bimodal",3,0.1,1,0.5,"limma","abs_lfc_bin","(0.5,1]",20,71.45,6.00984937196301,0.232629586485336,0.0156522590060077,0.391404026460873,0.0187703423035612
"P","bimodal",3,0.1,1,0.5,"limma","abs_lfc_bin","(1,2]",20,149.65,3.47492900343984,0.381391425921094,0.0113194411164879,0.538324095181249,0.00949805687868239
"P","bimodal",3,0.1,1,0.5,"limma","abs_lfc_bin","(2,4]",20,119.8,4.28006394443133,0.520216319856272,0.0118203539225276,0.600894293146716,0.00970350621983583
"P","bimodal",3,0.1,1,0.5,"limma","abs_lfc_bin","[0.25,0.5]",20,53.1,4.39371560778634,0.143945153132806,0.00722964365382431,0.249695551620601,0.014068665538319
"P","bimodal",3,0.1,1,0.5,"limma","expr_decile","1",20,42.85,1.13154528713707,0.151050443278408,0.0152455284725881,0.356002046407029,0.0172719055880767
"P","bimodal",3,0.1,1,0.5,"limma","expr_decile","10",20,51.15,2.01608662094611,0.505176072427469,0.0187044889642561,0.540453353850369,0.0193442488242878
"P","bimodal",3,0.1,1,0.5,"limma","expr_decile","2",20,47.75,1.51635817182589,0.198418121999084,0.0141760977263508,0.388746996271274,0.0141365941304796
"P","bimodal",3,0.1,1,0.5,"limma","expr_decile","3",20,45.5,0.866025403784439,0.236919931396482,0.0145152573224291,0.392139443206162,0.0147004397325036
"P","bimodal",3,0.1,1,0.5,"limma","expr_decile","4",20,44.25,1.42694926697704,0.283052964549675,0.0151821144513331,0.428583819424045,0.0172157756948232
"P","bimodal",3,0.1,1,0.5,"limma","expr_decile","5",20,48.6,1.51031540797906,0.313952013859338,0.0166737990783599,0.454117978799455,0.0135519993546407
"P","bimodal",3,0.1,1,0.5,"limma","expr_decile","6",20,46.65,1.38843910845767,0.343501803080558,0.0189991052105932,0.440256070333283,0.0216286396660907
"P","bimodal",3,0.1,1,0.5,"limma","expr_decile","7",20,47.55,1.81582951900922,0.385148040807252,0.018884601401048,0.476149690990482,0.0196964629673573
"P","bimodal",3,0.1,1,0.5,"limma","expr_decile","8",20,49.1,1.66053257151211,0.413688151565718,0.0188456106377115,0.499837050208783,0.0120488896500389
"P","bimodal",3,0.1,1,0.5,"limma","expr_decile","9",20,46.6,1.59340747093173,0.470911815704941,0.0134360747154869,0.532866763715967,0.0123687123293091
"P","bimodal",3,0.1,1,0.5,"TOX-log","abs_lfc_bin","(0.5,1]",20,71.45,6.00984937196301,0.00184760448521916,0.00143957238801029,0,0
"P","bimodal",3,0.1,1,0.5,"TOX-log","abs_lfc_bin","(1,2]",20,149.65,3.47492900343984,0.00248579485359821,0.00138545393378942,0,0
"P","bimodal",3,0.1,1,0.5,"TOX-log","abs_lfc_bin","(2,4]",20,119.8,4.28006394443133,0.0140631961973303,0.00387032640027863,0.000807764966451697,0.000556443924402781
"P","bimodal",3,0.1,1,0.5,"TOX-log","abs_lfc_bin","[0.25,0.5]",20,53.1,4.39371560778634,0,0,0,0
"P","bimodal",3,0.1,1,0.5,"TOX-log","expr_decile","1",20,42.85,1.13154528713707,0.00738458308967958,0.00435211015213499,0,0
"P","bimodal",3,0.1,1,0.5,"TOX-log","expr_decile","10",20,51.15,2.01608662094611,0.00283478776125835,0.00154957304450299,0,0
"P","bimodal",3,0.1,1,0.5,"TOX-log","expr_decile","2",20,47.75,1.51635817182589,0.0175483977946358,0.00579388075340973,0.000980392156862745,0.000980392156862745
"P","bimodal",3,0.1,1,0.5,"TOX-log","expr_decile","3",20,45.5,0.866025403784439,0.0164600533195734,0.00753930272407324,0.00440729274165807,0.00204059515466938
"P","bimodal",3,0.1,1,0.5,"TOX-log","expr_decile","4",20,44.25,1.42694926697704,0.0228422927492476,0.00750071025072239,0.004125,0.00323058471976498
"P","bimodal",3,0.1,1,0.5,"TOX-log","expr_decile","5",20,48.6,1.51031540797906,0.0291406491003238,0.00767142319448142,0.00462716869693614,0.00212390686856639
"P","bimodal",3,0.1,1,0.5,"TOX-log","expr_decile","6",20,46.65,1.38843910845767,0.0128476213101649,0.00505136196686377,0.00102040816326531,0.00102040816326531
"P","bimodal",3,0.1,1,0.5,"TOX-log","expr_decile","7",20,47.55,1.81582951900922,0.00956332865740531,0.00399496665944281,0.00211236933797909,0.0014730200486721
"P","bimodal",3,0.1,1,0.5,"TOX-log","expr_decile","8",20,49.1,1.66053257151211,0.00861530933127968,0.00573559433331018,0.00250589622641509,0.00178220056025842
"P","bimodal",3,0.1,1,0.5,"TOX-log","expr_decile","9",20,46.6,1.59340747093173,0.0075340606133593,0.00323259674251414,0,0
"P","bimodal",3,0.1,1,0.5,"TOX-log-blocked","abs_lfc_bin","(0.5,1]",20,71.45,6.00984937196301,0.00119047619047619,0.00119047619047619,0.00188492063492063,0.00134627765827542
"P","bimodal",3,0.1,1,0.5,"TOX-log-blocked","abs_lfc_bin","(1,2]",20,149.65,3.47492900343984,0.00105348536721086,0.000581941911684499,0.000607161200381539,0.00041899642036418
"P","bimodal",3,0.1,1,0.5,"TOX-log-blocked","abs_lfc_bin","(2,4]",20,119.8,4.28006394443133,0,0,0.000454545454545455,0.000454545454545455
"P","bimodal",3,0.1,1,0.5,"TOX-log-blocked","abs_lfc_bin","[0.25,0.5]",20,53.1,4.39371560778634,0,0,0,0
"P","bimodal",3,0.1,1,0.5,"TOX-log-blocked","expr_decile","1",20,42.85,1.13154528713707,0,0,0,0
"P","bimodal",3,0.1,1,0.5,"TOX-log-blocked","expr_decile","10",20,51.15,2.01608662094611,0.000980392156862745,0.000980392156862745,0.00194193061840121,0.00133659830123518
"P","bimodal",3,0.1,1,0.5,"TOX-log-blocked","expr_decile","2",20,47.75,1.51635817182589,0,0,0,0
"P","bimodal",3,0.1,1,0.5,"TOX-log-blocked","expr_decile","3",20,45.5,0.866025403784439,0,0,0,0
"P","bimodal",3,0.1,1,0.5,"TOX-log-blocked","expr_decile","4",20,44.25,1.42694926697704,0,0,0.001,0.001
"P","bimodal",3,0.1,1,0.5,"TOX-log-blocked","expr_decile","5",20,48.6,1.51031540797906,0,0,0,0
"P","bimodal",3,0.1,1,0.5,"TOX-log-blocked","expr_decile","6",20,46.65,1.38843910845767,0,0,0.00106382978723404,0.00106382978723404
"P","bimodal",3,0.1,1,0.5,"TOX-log-blocked","expr_decile","7",20,47.55,1.81582951900922,0.00125,0.00125,0.00125,0.00125
"P","bimodal",3,0.1,1,0.5,"TOX-log-blocked","expr_decile","8",20,49.1,1.66053257151211,0,0,0,0
"P","bimodal",3,0.1,1,0.5,"TOX-log-blocked","expr_decile","9",20,46.6,1.59340747093173,0.00323306881394173,0.00178454273629702,0.00087719298245614,0.00087719298245614
"P","bimodal",3,0.1,1,0.5,"TOX-log-boot","abs_lfc_bin","(0.5,1]",20,71.45,6.00984937196301,0,0,0.00119047619047619,0.00119047619047619
"P","bimodal",3,0.1,1,0.5,"TOX-log-boot","abs_lfc_bin","(1,2]",20,149.65,3.47492900343984,0.000617283950617284,0.000617283950617284,0,0
"P","bimodal",3,0.1,1,0.5,"TOX-log-boot","abs_lfc_bin","(2,4]",20,119.8,4.28006394443133,0.00176496604462706,0.00101741439476983,0.000454545454545455,0.000454545454545455
"P","bimodal",3,0.1,1,0.5,"TOX-log-boot","abs_lfc_bin","[0.25,0.5]",20,53.1,4.39371560778634,0.000632911392405063,0.000632911392405063,0,0
"P","bimodal",3,0.1,1,0.5,"TOX-log-boot","expr_decile","1",20,42.85,1.13154528713707,0.00151515151515152,0.00151515151515152,0,0
"P","bimodal",3,0.1,1,0.5,"TOX-log-boot","expr_decile","10",20,51.15,2.01608662094611,0.00297261700563587,0.00163407467409897,0.00196078431372549,0.00196078431372549
"P","bimodal",3,0.1,1,0.5,"TOX-log-boot","expr_decile","2",20,47.75,1.51635817182589,0.00104166666666667,0.00104166666666667,0,0
"P","bimodal",3,0.1,1,0.5,"TOX-log-boot","expr_decile","3",20,45.5,0.866025403784439,0.00111111111111111,0.00111111111111111,0,0
"P","bimodal",3,0.1,1,0.5,"TOX-log-boot","expr_decile","4",20,44.25,1.42694926697704,0.001,0.001,0,0
"P","bimodal",3,0.1,1,0.5,"TOX-log-boot","expr_decile","5",20,48.6,1.51031540797906,0.00330597355221158,0.00247578260911884,0,0
"P","bimodal",3,0.1,1,0.5,"TOX-log-boot","expr_decile","6",20,46.65,1.38843910845767,0.00188679245283019,0.00188679245283019,0.00106382978723404,0.00106382978723404
"P","bimodal",3,0.1,1,0.5,"TOX-log-boot","expr_decile","7",20,47.55,1.81582951900922,0,0,0,0
"P","bimodal",3,0.1,1,0.5,"TOX-log-boot","expr_decile","8",20,49.1,1.66053257151211,0.00188679245283019,0.00188679245283019,0,0
"P","bimodal",3,0.1,1,0.5,"TOX-log-boot","expr_decile","9",20,46.6,1.59340747093173,0.00367873651771957,0.00272962828847166,0,0
"P","bimodal",3,0.1,1,0.5,"TOX-raw","abs_lfc_bin","(0.5,1]",20,71.45,6.00984937196301,0.00496709302137437,0.0021347935285632,0.0132694340391001,0.00548931938562133
"P","bimodal",3,0.1,1,0.5,"TOX-raw","abs_lfc_bin","(1,2]",20,149.65,3.47492900343984,0.0298328577722046,0.00405411059247028,0.048913624986559,0.0141279696310479
"P","bimodal",3,0.1,1,0.5,"TOX-raw","abs_lfc_bin","(2,4]",20,119.8,4.28006394443133,0.36331764923031,0.0109729432412519,0.309583159562562,0.0672578220156961
"P","bimodal",3,0.1,1,0.5,"TOX-raw","abs_lfc_bin","[0.25,0.5]",20,53.1,4.39371560778634,0.00467968161564587,0.00252606318401293,0.00402791652791653,0.00249389179558576
"P","bimodal",3,0.1,1,0.5,"TOX-raw","expr_decile","1",20,42.85,1.13154528713707,0.0165858236634285,0.00462972218153599,0.0396346329229366,0.0134356936930367
"P","bimodal",3,0.1,1,0.5,"TOX-raw","expr_decile","10",20,51.15,2.01608662094611,0.189011468557905,0.0147985969230584,0.124050652423569,0.026340607890712
"P","bimodal",3,0.1,1,0.5,"TOX-raw","expr_decile","2",20,47.75,1.51635817182589,0.0629807800567958,0.011128878195086,0.0777578851954712,0.0207069095370048
"P","bimodal",3,0.1,1,0.5,"TOX-raw","expr_decile","3",20,45.5,0.866025403784439,0.078461538618388,0.0110472693544409,0.0872564426376893,0.0226727709428608
"P","bimodal",3,0.1,1,0.5,"TOX-raw","expr_decile","4",20,44.25,1.42694926697704,0.117713333692657,0.0118053618514882,0.108653684817689,0.0279530974524446
"P","bimodal",3,0.1,1,0.5,"TOX-raw","expr_decile","5",20,48.6,1.51031540797906,0.147321734063143,0.0117073689991971,0.117450600861096,0.0261934222205452
"P","bimodal",3,0.1,1,0.5,"TOX-raw","expr_decile","6",20,46.65,1.38843910845767,0.151805814651894,0.00871176964572126,0.121198809238452,0.0227551144209572
"P","bimodal",3,0.1,1,0.5,"TOX-raw","expr_decile","7",20,47.55,1.81582951900922,0.15977614474944,0.0123850000413201,0.119507396169799,0.0267035939565254
"P","bimodal",3,0.1,1,0.5,"TOX-raw","expr_decile","8",20,49.1,1.66053257151211,0.137885974201673,0.01697555862615,0.111820250726267,0.0281468532676682
"P","bimodal",3,0.1,1,0.5,"TOX-raw","expr_decile","9",20,46.6,1.59340747093173,0.194562809046817,0.013087417125585,0.131075735460352,0.0296566785268064
"P","bimodal",3,0.1,1,0.5,"TOX-raw-blocked","abs_lfc_bin","(0.5,1]",20,71.45,6.00984937196301,0,0,0.0034647550776583,0.00239090066922952
"P","bimodal",3,0.1,1,0.5,"TOX-raw-blocked","abs_lfc_bin","(1,2]",20,149.65,3.47492900343984,0.00464102169140023,0.00142591978135962,0.0121547840674178,0.00310843242387065
"P","bimodal",3,0.1,1,0.5,"TOX-raw-blocked","abs_lfc_bin","(2,4]",20,119.8,4.28006394443133,0.00699197041323234,0.00205029328378055,0.0499394273515371,0.0172202701474564
"P","bimodal",3,0.1,1,0.5,"TOX-raw-blocked","abs_lfc_bin","[0.25,0.5]",20,53.1,4.39371560778634,0.00227272727272727,0.00227272727272727,0.00227272727272727,0.00227272727272727
"P","bimodal",3,0.1,1,0.5,"TOX-raw-blocked","expr_decile","1",20,42.85,1.13154528713707,0,0,0.00111111111111111,0.00111111111111111
"P","bimodal",3,0.1,1,0.5,"TOX-raw-blocked","expr_decile","10",20,51.15,2.01608662094611,0.0109418767507003,0.00438081762141272,0.0405714632084822,0.00934271209184694
"P","bimodal",3,0.1,1,0.5,"TOX-raw-blocked","expr_decile","2",20,47.75,1.51635817182589,0.001,0.001,0.0055846394984326,0.00364511480125392
"P","bimodal",3,0.1,1,0.5,"TOX-raw-blocked","expr_decile","3",20,45.5,0.866025403784439,0.00106382978723404,0.00106382978723404,0.00319148936170213,0.0023281772549039
"P","bimodal",3,0.1,1,0.5,"TOX-raw-blocked","expr_decile","4",20,44.25,1.42694926697704,0.00221153846153846,0.00153640424185638,0.0110896821432536,0.00406551650013122
"P","bimodal",3,0.1,1,0.5,"TOX-raw-blocked","expr_decile","5",20,48.6,1.51031540797906,0.001875,0.00129928427216027,0.0193680017226529,0.00969673859968882
"P","bimodal",3,0.1,1,0.5,"TOX-raw-blocked","expr_decile","6",20,46.65,1.38843910845767,0.00690872915310233,0.00254522616202354,0.022303074417646,0.0071695548367749
"P","bimodal",3,0.1,1,0.5,"TOX-raw-blocked","expr_decile","7",20,47.55,1.81582951900922,0.00415535956580733,0.00266951849254382,0.0181098159212466,0.00981484822675393
"P","bimodal",3,0.1,1,0.5,"TOX-raw-blocked","expr_decile","8",20,49.1,1.66053257151211,0.00395833333333333,0.00319154298693076,0.0227452998641317,0.00849324083388525
"P","bimodal",3,0.1,1,0.5,"TOX-raw-blocked","expr_decile","9",20,46.6,1.59340747093173,0.00202020202020202,0.00139810148419577,0.0265672105672106,0.0115060740648927
"P","bimodal",5,0.1,1,0.5,"DESeq2","abs_lfc_bin","(0.5,1]",20,67.55,5.42240721451276,0.028224353911799,0.0126860650899134,0.534398213273324,0.0174454098409418
"P","bimodal",5,0.1,1,0.5,"DESeq2","abs_lfc_bin","(1,2]",20,152.3,4.21969068459813,0.257530232586751,0.0165760342266777,0.838433974828468,0.0131895433625695
"P","bimodal",5,0.1,1,0.5,"DESeq2","abs_lfc_bin","(2,4]",20,127.65,4.70401564175702,0.527435788201951,0.00828466719864367,0.975521925152918,0.0036296151785686
"P","bimodal",5,0.1,1,0.5,"DESeq2","abs_lfc_bin","[0.25,0.5]",20,49.7,4.26003459338561,0.000862068965517241,0.000862068965517241,0.224199961102868,0.0252767571877096
"P","bimodal",5,0.1,1,0.5,"DESeq2","expr_decile","1",20,42.1,1.3076696830622,0.310374442565499,0.0193178652243726,0.760417788000844,0.0168958822027861
"P","bimodal",5,0.1,1,0.5,"DESeq2","expr_decile","10",20,46.8,1.50892084128464,0.26076775317346,0.0136058542661601,0.644304474855232,0.0177358585996069
"P","bimodal",5,0.1,1,0.5,"DESeq2","expr_decile","2",20,47.05,1.69282541767804,0.282032612407017,0.0222104073719827,0.700243394676789,0.0245638932708317
"P","bimodal",5,0.1,1,0.5,"DESeq2","expr_decile","3",20,45.8,1.33298240996015,0.294775845735428,0.0157237627982609,0.727595688758546,0.0203568062641666
"P","bimodal",5,0.1,1,0.5,"DESeq2","expr_decile","4",20,48.05,1.21714722545017,0.260866325294961,0.0143152441164649,0.712535713067738,0.0163592905117069
"P","bimodal",5,0.1,1,0.5,"DESeq2","expr_decile","5",20,47.35,1.73246857645992,0.287621186615878,0.0169522982242796,0.715352513237162,0.0165783641574016
"P","bimodal",5,0.1,1,0.5,"DESeq2","expr_decile","6",20,48.3,1.29594509305392,0.284575670540214,0.0138859329355309,0.695117494279818,0.0187362275295261
"P","bimodal",5,0.1,1,0.5,"DESeq2","expr_decile","7",20,48.45,1.31083541060051,0.284653335548589,0.0213384951608039,0.690094131149859,0.0218678349202748
"P","bimodal",5,0.1,1,0.5,"DESeq2","expr_decile","8",20,44.65,1.53086662762598,0.26650349245122,0.0169092269280723,0.666390226393572,0.020675982823173
"P","bimodal",5,0.1,1,0.5,"DESeq2","expr_decile","9",20,49.8,1.2599081002409,0.270357237393069,0.015747057239197,0.666409081428222,0.0218558716634039
"P","bimodal",5,0.1,1,0.5,"edgeR","abs_lfc_bin","(0.5,1]",20,67.55,5.42240721451276,0,0,0.103620947700915,0.014320510180062
"P","bimodal",5,0.1,1,0.5,"edgeR","abs_lfc_bin","(1,2]",20,152.3,4.21969068459813,0,0,0.690089058576087,0.0237953240603119
"P","bimodal",5,0.1,1,0.5,"edgeR","abs_lfc_bin","(2,4]",20,127.65,4.70401564175702,0.000699300699300699,0.000699300699300699,0.983465287447292,0.00216974962025943
"P","bimodal",5,0.1,1,0.5,"edgeR","abs_lfc_bin","[0.25,0.5]",20,49.7,4.26003459338561,0.000862068965517241,0.000862068965517241,0.0187953220527665,0.00358533343967148
"P","bimodal",5,0.1,1,0.5,"edgeR","expr_decile","1",20,42.1,1.3076696830622,0.00804759220577907,0.00476415660845867,0.645932880995885,0.019908116080739
"P","bimodal",5,0.1,1,0.5,"edgeR","expr_decile","10",20,46.8,1.50892084128464,0,0,0.468994745655533,0.0211761617007417
"P","bimodal",5,0.1,1,0.5,"edgeR","expr_decile","2",20,47.05,1.69282541767804,0.0126459651459651,0.00733568964276119,0.591563353473184,0.0313990117133749
"P","bimodal",5,0.1,1,0.5,"edgeR","expr_decile","3",20,45.8,1.33298240996015,0.00960814203730273,0.00427492821066336,0.615507425767333,0.0213439936925053
"P","bimodal",5,0.1,1,0.5,"edgeR","expr_decile","4",20,48.05,1.21714722545017,0.00414806773773339,0.00245117475308279,0.607120089950767,0.0197801495481393
"P","bimodal",5,0.1,1,0.5,"edgeR","expr_decile","5",20,47.35,1.73246857645992,0.00232558139534884,0.00232558139534884,0.573155252290694,0.0194022485112577
"P","bimodal",5,0.1,1,0.5,"edgeR","expr_decile","6",20,48.3,1.29594509305392,0,0,0.566661215296032,0.0248556151688555
"P","bimodal",5,0.1,1,0.5,"edgeR","expr_decile","7",20,48.45,1.31083541060051,0,0,0.543634871986856,0.0282978406633281
"P","bimodal",5,0.1,1,0.5,"edgeR","expr_decile","8",20,44.65,1.53086662762598,0,0,0.504355616667622,0.0205069888534216
"P","bimodal",5,0.1,1,0.5,"edgeR","expr_decile","9",20,49.8,1.2599081002409,0,0,0.533689929357745,0.0238519464503359
"P","bimodal",5,0.1,1,0.5,"limma","abs_lfc_bin","(0.5,1]",20,67.55,5.42240721451276,0.30288350857751,0.0271136018259385,0.30941405407872,0.0275058686962327
"P","bimodal",5,0.1,1,0.5,"limma","abs_lfc_bin","(1,2]",20,152.3,4.21969068459813,0.317645312907531,0.0247077639378937,0.322622630528354,0.025069201320395
"P","bimodal",5,0.1,1,0.5,"limma","abs_lfc_bin","(2,4]",20,127.65,4.70401564175702,0.327405667809649,0.0246202878901793,0.387444963159225,0.0281364477822653
"P","bimodal",5,0.1,1,0.5,"limma","abs_lfc_bin","[0.25,0.5]",20,49.7,4.26003459338561,0.23222285576987,0.0232894047107912,0.266570390610102,0.0256262165043299
"P","bimodal",5,0.1,1,0.5,"limma","expr_decile","1",20,42.1,1.3076696830622,0.289379119474314,0.0272842205308919,0.342357404114278,0.0302031615848432
"P","bimodal",5,0.1,1,0.5,"limma","expr_decile","10",20,46.8,1.50892084128464,0.314417372788436,0.0225448466240206,0.347766002545738,0.0223084514989118
"P","bimodal",5,0.1,1,0.5,"limma","expr_decile","2",20,47.05,1.69282541767804,0.288962393528177,0.0298260753586064,0.318111626289144,0.0314420434763757
"P","bimodal",5,0.1,1,0.5,"limma","expr_decile","3",20,45.8,1.33298240996015,0.299770067703174,0.0268294396136089,0.326199270385614,0.0298957725959349
"P","bimodal",5,0.1,1,0.5,"limma","expr_decile","4",20,48.05,1.21714722545017,0.25914104832955,0.022048332044911,0.289229665020445,0.0243925367715934
"P","bimodal",5,0.1,1,0.5,"limma","expr_decile","5",20,47.35,1.73246857645992,0.298459129597019,0.0285276928960514,0.31791022536223,0.0296273463772471
"P","bimodal",5,0.1,1,0.5,"limma","expr_decile","6",20,48.3,1.29594509305392,0.310057402337605,0.0272830690697489,0.34002038481682,0.0305840398763902
"P","bimodal",5,0.1,1,0.5,"limma","expr_decile","7",20,48.45,1.31083541060051,0.29748546227386,0.0298774112759133,0.332322670583048,0.0320827393369825
"P","bimodal",5,0.1,1,0.5,"limma","expr_decile","8",20,44.65,1.53086662762598,0.308959479343538,0.0288534874631448,0.343181517152371,0.0298917322664122
"P","bimodal",5,0.1,1,0.5,"limma","expr_decile","9",20,49.8,1.2599081002409,0.29755690422078,0.0263359092796812,0.327990497749654,0.0292441351472742
"P","bimodal",5,0.1,1,0.5,"TOX-log","abs_lfc_bin","(0.5,1]",20,67.55,5.42240721451276,0.00163666661586218,0.000902007803721934,0.00261705877272492,0.00126723486997376
"P","bimodal",5,0.1,1,0.5,"TOX-log","abs_lfc_bin","(1,2]",20,152.3,4.21969068459813,0.0213796262714649,0.00341484853655557,0.0211606536187245,0.00278248973793671
"P","bimodal",5,0.1,1,0.5,"TOX-log","abs_lfc_bin","(2,4]",20,127.65,4.70401564175702,0.234494485486267,0.010310633300138,0.232350600813182,0.0106407617982278
"P","bimodal",5,0.1,1,0.5,"TOX-log","abs_lfc_bin","[0.25,0.5]",20,49.7,4.26003459338561,0.00453400923285225,0.00218075088141416,0.00464679118773946,0.00224209339281007
"P","bimodal",5,0.1,1,0.5,"TOX-log","expr_decile","1",20,42.1,1.3076696830622,0.170549576234912,0.0177242398355688,0.162385436211048,0.0169931460562909
"P","bimodal",5,0.1,1,0.5,"TOX-log","expr_decile","10",20,46.8,1.50892084128464,0.0321690022000765,0.00828061878459669,0.033248001005175,0.0072550624064747
"P","bimodal",5,0.1,1,0.5,"TOX-log","expr_decile","2",20,47.05,1.69282541767804,0.18025475924236,0.0253398137206436,0.180278267264898,0.0246328965274389
"P","bimodal",5,0.1,1,0.5,"TOX-log","expr_decile","3",20,45.8,1.33298240996015,0.198122018392581,0.0194374036235408,0.194849266935071,0.0182727174575492
"P","bimodal",5,0.1,1,0.5,"TOX-log","expr_decile","4",20,48.05,1.21714722545017,0.135432174364137,0.0126327599040178,0.134284106626404,0.0116506666400602
"P","bimodal",5,0.1,1,0.5,"TOX-log","expr_decile","5",20,47.35,1.73246857645992,0.121955765631563,0.0142454598653653,0.120305822819278,0.0129792944401595
"P","bimodal",5,0.1,1,0.5,"TOX-log","expr_decile","6",20,48.3,1.29594509305392,0.114884874341412,0.0144145064305767,0.120261977240067,0.0146729590168611
"P","bimodal",5,0.1,1,0.5,"TOX-log","expr_decile","7",20,48.45,1.31083541060051,0.0960584678831177,0.0121441212945742,0.0952519878904445,0.0110208251571255
"P","bimodal",5,0.1,1,0.5,"TOX-log","expr_decile","8",20,44.65,1.53086662762598,0.0612988098733621,0.00988360739311403,0.0569565201033315,0.0103116341752213
"P","bimodal",5,0.1,1,0.5,"TOX-log","expr_decile","9",20,49.8,1.2599081002409,0.0399932126397754,0.00719045576252124,0.0407073960352156,0.00774684992468411
"P","bimodal",5,0.1,1,0.5,"TOX-log-blocked","abs_lfc_bin","(0.5,1]",20,67.55,5.42240721451276,0,0,0.000952726612830052,0.00065584357844006
"P","bimodal",5,0.1,1,0.5,"TOX-log-blocked","abs_lfc_bin","(1,2]",20,152.3,4.21969068459813,0,0,0.0109498283283947,0.00308849410392873
"P","bimodal",5,0.1,1,0.5,"TOX-log-blocked","abs_lfc_bin","(2,4]",20,127.65,4.70401564175702,0,0,0.13207860339808,0.0249947543457274
"P","bimodal",5,0.1,1,0.5,"TOX-log-blocked","abs_lfc_bin","[0.25,0.5]",20,49.7,4.26003459338561,0,0,0.00321821975916803,0.00186282293213271
"P","bimodal",5,0.1,1,0.5,"TOX-log-blocked","expr_decile","1",20,42.1,1.3076696830622,0,0,0.105740624981911,0.0252157695259023
"P","bimodal",5,0.1,1,0.5,"TOX-log-blocked","expr_decile","10",20,46.8,1.50892084128464,0,0,0.0246784384418379,0.00743425443373498
"P","bimodal",5,0.1,1,0.5,"TOX-log-blocked","expr_decile","2",20,47.05,1.69282541767804,0,0,0.120504947481985,0.0269177346761589
"P","bimodal",5,0.1,1,0.5,"TOX-log-blocked","expr_decile","3",20,45.8,1.33298240996015,0,0,0.126283968889883,0.0242408700860995
"P","bimodal",5,0.1,1,0.5,"TOX-log-blocked","expr_decile","4",20,48.05,1.21714722545017,0,0,0.0873511431328437,0.0151485176644676
"P","bimodal",5,0.1,1,0.5,"TOX-log-blocked","expr_decile","5",20,47.35,1.73246857645992,0,0,0.0674821051321048,0.0142259023840273
"P","bimodal",5,0.1,1,0.5,"TOX-log-blocked","expr_decile","6",20,48.3,1.29594509305392,0,0,0.0727577939604408,0.0151911507807793
"P","bimodal",5,0.1,1,0.5,"TOX-log-blocked","expr_decile","7",20,48.45,1.31083541060051,0,0,0.0626741669627681,0.0138740854113173
"P","bimodal",5,0.1,1,0.5,"TOX-log-blocked","expr_decile","8",20,44.65,1.53086662762598,0,0,0.0419411393513756,0.0111122183765172
"P","bimodal",5,0.1,1,0.5,"TOX-log-blocked","expr_decile","9",20,49.8,1.2599081002409,0,0,0.026118302119501,0.00740713677691164
"P","bimodal",5,0.1,1,0.5,"TOX-log-boot","abs_lfc_bin","(0.5,1]",20,67.55,5.42240721451276,0.000467289719626168,0.000467289719626168,0.000467289719626168,0.000467289719626168
"P","bimodal",5,0.1,1,0.5,"TOX-log-boot","abs_lfc_bin","(1,2]",20,152.3,4.21969068459813,0.00706810472247495,0.00197859215678391,0.00194034854519749,0.000815593992439195
"P","bimodal",5,0.1,1,0.5,"TOX-log-boot","abs_lfc_bin","(2,4]",20,127.65,4.70401564175702,0.104382629968895,0.0152523298497665,0.0432842360688977,0.0127320091379713
"P","bimodal",5,0.1,1,0.5,"TOX-log-boot","abs_lfc_bin","[0.25,0.5]",20,49.7,4.26003459338561,0.00242456896551724,0.00174435704272542,0.000793650793650794,0.000793650793650794
"P","bimodal",5,0.1,1,0.5,"TOX-log-boot","expr_decile","1",20,42.1,1.3076696830622,0.094757160972205,0.0192885447584154,0.0426082431791469,0.0153063936160812
"P","bimodal",5,0.1,1,0.5,"TOX-log-boot","expr_decile","10",20,46.8,1.50892084128464,0.0179167843515353,0.00626420738013394,0.00636131262476265,0.00275913800717439
"P","bimodal",5,0.1,1,0.5,"TOX-log-boot","expr_decile","2",20,47.05,1.69282541767804,0.114780854884064,0.0238847395725123,0.0497882295332996,0.0166671728120459
"P","bimodal",5,0.1,1,0.5,"TOX-log-boot","expr_decile","3",20,45.8,1.33298240996015,0.10920557984862,0.0204857958080326,0.0431324991113448,0.0141572639174877
"P","bimodal",5,0.1,1,0.5,"TOX-log-boot","expr_decile","4",20,48.05,1.21714722545017,0.0762996167722269,0.0137910196786571,0.0280648972354899,0.00999643453220857
"P","bimodal",5,0.1,1,0.5,"TOX-log-boot","expr_decile","5",20,47.35,1.73246857645992,0.0638346417639021,0.0118257366469671,0.0282894902234566,0.00846794043470467
"P","bimodal",5,0.1,1,0.5,"TOX-log-boot","expr_decile","6",20,48.3,1.29594509305392,0.0565002271522242,0.0135044913788306,0.0156502113400139,0.00530273659001958
"P","bimodal",5,0.1,1,0.5,"TOX-log-boot","expr_decile","7",20,48.45,1.31083541060051,0.0481974886239478,0.00979846709755291,0.0191956619740664,0.00693337102628929
"P","bimodal",5,0.1,1,0.5,"TOX-log-boot","expr_decile","8",20,44.65,1.53086662762598,0.0326492220802645,0.0096627204128599,0.0129482061193963,0.00520408722467163
"P","bimodal",5,0.1,1,0.5,"TOX-log-boot","expr_decile","9",20,49.8,1.2599081002409,0.0256668542338404,0.00564819648703676,0.0120993787474766,0.00526846162613668
"P","bimodal",5,0.1,1,0.5,"TOX-raw","abs_lfc_bin","(0.5,1]",20,67.55,5.42240721451276,0.0514598574446966,0.00823392202880098,0.0456772126759049,0.00697478178287233
"P","bimodal",5,0.1,1,0.5,"TOX-raw","abs_lfc_bin","(1,2]",20,152.3,4.21969068459813,0.518495055409888,0.0211278986691118,0.515374436428114,0.0202816434113672
"P","bimodal",5,0.1,1,0.5,"TOX-raw","abs_lfc_bin","(2,4]",20,127.65,4.70401564175702,0.932440726512237,0.00454999631304154,0.9307471024645,0.00513661242641261
"P","bimodal",5,0.1,1,0.5,"TOX-raw","abs_lfc_bin","[0.25,0.5]",20,49.7,4.26003459338561,0.00987941163210685,0.0037263400559319,0.00987941163210685,0.0037263400559319
"P","bimodal",5,0.1,1,0.5,"TOX-raw","expr_decile","1",20,42.1,1.3076696830622,0.367661844471297,0.0225479213109106,0.365159755038683,0.0218839546429109
"P","bimodal",5,0.1,1,0.5,"TOX-raw","expr_decile","10",20,46.8,1.50892084128464,0.523047213706547,0.0181686375543248,0.522013114532286,0.0180474309101277
"P","bimodal",5,0.1,1,0.5,"TOX-raw","expr_decile","2",20,47.05,1.69282541767804,0.40188653629919,0.0278744537788097,0.393755509874996,0.0269247296034694
"P","bimodal",5,0.1,1,0.5,"TOX-raw","expr_decile","3",20,45.8,1.33298240996015,0.465857031373991,0.0198864690098912,0.463669966670197,0.020547956669918
"P","bimodal",5,0.1,1,0.5,"TOX-raw","expr_decile","4",20,48.05,1.21714722545017,0.487494779069692,0.0207324257624309,0.487732245795512,0.0198036799005024
"P","bimodal",5,0.1,1,0.5,"TOX-raw","expr_decile","5",20,47.35,1.73246857645992,0.504555810952843,0.0190743121303351,0.501460960002376,0.0179766029761797
"P","bimodal",5,0.1,1,0.5,"TOX-raw","expr_decile","6",20,48.3,1.29594509305392,0.513401021338333,0.0225183183656817,0.513458706052578,0.0236897347846609
"P","bimodal",5,0.1,1,0.5,"TOX-raw","expr_decile","7",20,48.45,1.31083541060051,0.51017489530516,0.0228752667599728,0.510785741834185,0.0229390520807211
"P","bimodal",5,0.1,1,0.5,"TOX-raw","expr_decile","8",20,44.65,1.53086662762598,0.505592606535517,0.0179045025972469,0.502798296563467,0.0178714341082414
"P","bimodal",5,0.1,1,0.5,"TOX-raw","expr_decile","9",20,49.8,1.2599081002409,0.540776778498951,0.019673853047837,0.534118745813166,0.0190409093964935
"P","bimodal",5,0.1,1,0.5,"TOX-raw-blocked","abs_lfc_bin","(0.5,1]",20,67.55,5.42240721451276,0,0,0.0302460159679568,0.00530600390897068
"P","bimodal",5,0.1,1,0.5,"TOX-raw-blocked","abs_lfc_bin","(1,2]",20,152.3,4.21969068459813,0.000970792324958992,0.000531184970284232,0.304065099504734,0.0221423396288084
"P","bimodal",5,0.1,1,0.5,"TOX-raw-blocked","abs_lfc_bin","(2,4]",20,127.65,4.70401564175702,0.0225843462303314,0.0128597740584528,0.854861615434003,0.017197750478321
"P","bimodal",5,0.1,1,0.5,"TOX-raw-blocked","abs_lfc_bin","[0.25,0.5]",20,49.7,4.26003459338561,0.000862068965517241,0.000862068965517241,0.00785691276626723,0.00347606275847847
"P","bimodal",5,0.1,1,0.5,"TOX-raw-blocked","expr_decile","1",20,42.1,1.3076696830622,0.00131578947368421,0.00131578947368421,0.27897694191116,0.0222943284725519
"P","bimodal",5,0.1,1,0.5,"TOX-raw-blocked","expr_decile","10",20,46.8,1.50892084128464,0.0194923429317303,0.00935860353010682,0.459365109608901,0.0219861947117831
"P","bimodal",5,0.1,1,0.5,"TOX-raw-blocked","expr_decile","2",20,47.05,1.69282541767804,0.0122067122067122,0.00952252254524719,0.306814536337792,0.0278581589895974
"P","bimodal",5,0.1,1,0.5,"TOX-raw-blocked","expr_decile","3",20,45.8,1.33298240996015,0.0158088235294118,0.00962240865088374,0.373438152704512,0.0221589522954954
"P","bimodal",5,0.1,1,0.5,"TOX-raw-blocked","expr_decile","4",20,48.05,1.21714722545017,0.00616666666666667,0.00452591627503812,0.36306067259075,0.0253992081483205
"P","bimodal",5,0.1,1,0.5,"TOX-raw-blocked","expr_decile","5",20,47.35,1.73246857645992,0.0130281957744338,0.00971706279402411,0.392120341643084,0.0225287968682784
"P","bimodal",5,0.1,1,0.5,"TOX-raw-blocked","expr_decile","6",20,48.3,1.29594509305392,0.0135805932383551,0.00882652246135623,0.406721497932875,0.0232838059061545
"P","bimodal",5,0.1,1,0.5,"TOX-raw-blocked","expr_decile","7",20,48.45,1.31083541060051,0.0151775270939562,0.0084725569302433,0.427591495581342,0.0300675734669681
"P","bimodal",5,0.1,1,0.5,"TOX-raw-blocked","expr_decile","8",20,44.65,1.53086662762598,0.0199365283126515,0.012267226745393,0.399659893969331,0.0257187075234123
"P","bimodal",5,0.1,1,0.5,"TOX-raw-blocked","expr_decile","9",20,49.8,1.2599081002409,0.022771076898564,0.012068876438442,0.464369054824746,0.0235311990709929
"P","bimodal",10,0.1,1,0.5,"DESeq2","abs_lfc_bin","(0.5,1]",20,77.15,5.06290690372532,0.122993345710159,0.0116527731207977,0.493516358408604,0.019894815759923
"P","bimodal",10,0.1,1,0.5,"DESeq2","abs_lfc_bin","(1,2]",20,150.15,4.08609645144682,0.309896039770242,0.0127433980844253,0.936041703833779,0.00600598912944456
"P","bimodal",10,0.1,1,0.5,"DESeq2","abs_lfc_bin","(2,4]",20,117.4,3.25447060938771,0.767095046916863,0.0120090740738601,0.999131218457102,0.000612631969932311
"P","bimodal",10,0.1,1,0.5,"DESeq2","abs_lfc_bin","[0.25,0.5]",20,52.2,3.30199301857785,0.0891866277027362,0.00806826856741508,0.220705331906491,0.0153365232817507
"P","bimodal",10,0.1,1,0.5,"DESeq2","expr_decile","1",20,42.7,1.32406868958406,0.432259131350816,0.0185710033111116,0.767235241075695,0.0175580466337512
"P","bimodal",10,0.1,1,0.5,"DESeq2","expr_decile","10",20,47.9,1.95865152323574,0.298632470972186,0.0193712466316365,0.66965570631212,0.0190512214617955
"P","bimodal",10,0.1,1,0.5,"DESeq2","expr_decile","2",20,48.25,1.16047857641397,0.439189786953198,0.0199170571805545,0.753682768439929,0.0151711971663158
"P","bimodal",10,0.1,1,0.5,"DESeq2","expr_decile","3",20,47.9,1.07090714128871,0.441330291803184,0.0227565264973918,0.746128267268017,0.0151227888889301
"P","bimodal",10,0.1,1,0.5,"DESeq2","expr_decile","4",20,48.2,1.21525392624881,0.367391702324494,0.0192923431448435,0.703359718123657,0.0214168837852907
"P","bimodal",10,0.1,1,0.5,"DESeq2","expr_decile","5",20,47.55,1.39071166938673,0.385328819026056,0.0156948857188309,0.726618504642845,0.0144255595144883
"P","bimodal",10,0.1,1,0.5,"DESeq2","expr_decile","6",20,46.7,1.56289205607661,0.356306461750777,0.0218543974139669,0.701339278112862,0.0163047428548785
"P","bimodal",10,0.1,1,0.5,"DESeq2","expr_decile","7",20,44.2,1.09207672759169,0.329913675794163,0.0224662827401423,0.698602348061469,0.0167426576456947
"P","bimodal",10,0.1,1,0.5,"DESeq2","expr_decile","8",20,46.5,1.25341638395983,0.311185924635322,0.0162301261284129,0.669983774518661,0.0185163553915296
"P","bimodal",10,0.1,1,0.5,"DESeq2","expr_decile","9",20,48.1,0.797694045028346,0.341673094584183,0.0226398871882437,0.708672856253083,0.0186545482839365
"P","bimodal",10,0.1,1,0.5,"edgeR","abs_lfc_bin","(0.5,1]",20,77.15,5.06290690372532,0.00204042715484363,0.00146834477498093,0.594592319067999,0.0216710713693139
"P","bimodal",10,0.1,1,0.5,"edgeR","abs_lfc_bin","(1,2]",20,150.15,4.08609645144682,0.0761784185646895,0.00843845287033382,0.976408474598046,0.00276031928927225
"P","bimodal",10,0.1,1,0.5,"edgeR","abs_lfc_bin","(2,4]",20,117.4,3.25447060938771,0.504557822755958,0.0202558606302193,0.998764392300802,0.000680498985124991
"P","bimodal",10,0.1,1,0.5,"edgeR","abs_lfc_bin","[0.25,0.5]",20,52.2,3.30199301857785,0,0,0.212042824000056,0.0161247309879473
"P","bimodal",10,0.1,1,0.5,"edgeR","expr_decile","1",20,42.7,1.32406868958406,0.24412546369444,0.0141185164753731,0.772093973801425,0.0172357708711508
"P","bimodal",10,0.1,1,0.5,"edgeR","expr_decile","10",20,47.9,1.95865152323574,0.125563393748875,0.0134114885245005,0.693129552022948,0.0175053973720492
"P","bimodal",10,0.1,1,0.5,"edgeR","expr_decile","2",20,48.25,1.16047857641397,0.258272212552063,0.0207605032080735,0.77092530585392,0.015791851542109
"P","bimodal",10,0.1,1,0.5,"edgeR","expr_decile","3",20,47.9,1.07090714128871,0.264834456899277,0.0242221200559765,0.757553938010062,0.0126226284869282
"P","bimodal",10,0.1,1,0.5,"edgeR","expr_decile","4",20,48.2,1.21525392624881,0.210193377454952,0.0195229973947275,0.731596107005329,0.0200082671887927
"P","bimodal",10,0.1,1,0.5,"edgeR","expr_decile","5",20,47.55,1.39071166938673,0.216156884288281,0.0196985337445788,0.754436443898214,0.0147412563056997
"P","bimodal",10,0.1,1,0.5,"edgeR","expr_decile","6",20,46.7,1.56289205607661,0.194702415105993,0.0173142357222523,0.735056670427142,0.0155346597553656
"P","bimodal",10,0.1,1,0.5,"edgeR","expr_decile","7",20,44.2,1.09207672759169,0.172846296973047,0.0172685594667776,0.729756203725592,0.0171085901368869
"P","bimodal",10,0.1,1,0.5,"edgeR","expr_decile","8",20,46.5,1.25341638395983,0.151473833398394,0.0171794628835986,0.691611690342703,0.0172989766981248
"P","bimodal",10,0.1,1,0.5,"edgeR","expr_decile","9",20,48.1,0.797694045028346,0.147282889618285,0.0175790921269157,0.739401776261687,0.0175767030548376
"P","bimodal",10,0.1,1,0.5,"limma","abs_lfc_bin","(0.5,1]",20,77.15,5.06290690372532,0.121196661321027,0.0112445304535699,0.139078142204147,0.0134556950546744
"P","bimodal",10,0.1,1,0.5,"limma","abs_lfc_bin","(1,2]",20,150.15,4.08609645144682,0.12271637612241,0.00564135045392363,0.303308119254487,0.0109150865232384
"P","bimodal",10,0.1,1,0.5,"limma","abs_lfc_bin","(2,4]",20,117.4,3.25447060938771,0.17462487580686,0.0122273033503519,0.476701782639706,0.0143002667817756
"P","bimodal",10,0.1,1,0.5,"limma","abs_lfc_bin","[0.25,0.5]",20,52.2,3.30199301857785,0.0478625827383968,0.00683091196835108,0.120846760757712,0.00986203160726468
"P","bimodal",10,0.1,1,0.5,"limma","expr_decile","1",20,42.7,1.32406868958406,0.158153916573242,0.0108124188218799,0.371400493791469,0.0177905345371706
"P","bimodal",10,0.1,1,0.5,"limma","expr_decile","10",20,47.9,1.95865152323574,0.100435632228422,0.00873718765954206,0.206833901088672,0.0165607318001093
"P","bimodal",10,0.1,1,0.5,"limma","expr_decile","2",20,48.25,1.16047857641397,0.154904093396201,0.0144998842379617,0.336858212106573,0.0178716820237778
"P","bimodal",10,0.1,1,0.5,"limma","expr_decile","3",20,47.9,1.07090714128871,0.173886707288929,0.0157919900080519,0.360495258804594,0.0247525680459761
"P","bimodal",10,0.1,1,0.5,"limma","expr_decile","4",20,48.2,1.21525392624881,0.120696944425702,0.0123966836123113,0.298689371051977,0.0164401249148348
"P","bimodal",10,0.1,1,0.5,"limma","expr_decile","5",20,47.55,1.39071166938673,0.12617339962858,0.0097602129403135,0.309242346408136,0.0147293905150331
"P","bimodal",10,0.1,1,0.5,"limma","expr_decile","6",20,46.7,1.56289205607661,0.125897866506556,0.0102946045146082,0.288904710623468,0.0179960605860426
"P","bimodal",10,0.1,1,0.5,"limma","expr_decile","7",20,44.2,1.09207672759169,0.107864808062069,0.0125300447470133,0.249838642960559,0.0198579957703146
"P","bimodal",10,0.1,1,0.5,"limma","expr_decile","8",20,46.5,1.25341638395983,0.106143678588698,0.0132060904094293,0.250021368536409,0.0143088868938287
"P","bimodal",10,0.1,1,0.5,"limma","expr_decile","9",20,48.1,0.797694045028346,0.110110374539601,0.0100890912442048,0.264059294725485,0.0185525710095414
"P","bimodal",10,0.1,1,0.5,"TOX-log","abs_lfc_bin","(0.5,1]",20,77.15,5.06290690372532,0.0216469270659617,0.00504629045804768,0.0167420658580012,0.00526726172298615
"P","bimodal",10,0.1,1,0.5,"TOX-log","abs_lfc_bin","(1,2]",20,150.15,4.08609645144682,0.217917171993784,0.0122485761524142,0.148227989097024,0.026005391235761
"P","bimodal",10,0.1,1,0.5,"TOX-log","abs_lfc_bin","(2,4]",20,117.4,3.25447060938771,0.623163633427375,0.0138508072136499,0.411319728105111,0.0702054755329893
"P","bimodal",10,0.1,1,0.5,"TOX-log","abs_lfc_bin","[0.25,0.5]",20,52.2,3.30199301857785,0.00588226818638868,0.00222529645730851,0.00266512075049124,0.00148657582887664
"P","bimodal",10,0.1,1,0.5,"TOX-log","expr_decile","1",20,42.7,1.32406868958406,0.471593116942456,0.0190620696979118,0.317062169270001,0.0549271422885272
"P","bimodal",10,0.1,1,0.5,"TOX-log","expr_decile","10",20,47.9,1.95865152323574,0.0900930182149088,0.0106804550471874,0.0586241505111994,0.0134834536745138
"P","bimodal",10,0.1,1,0.5,"TOX-log","expr_decile","2",20,48.25,1.16047857641397,0.446474492417693,0.0253393110963866,0.318432714033969,0.0557238643458762
"P","bimodal",10,0.1,1,0.5,"TOX-log","expr_decile","3",20,47.9,1.07090714128871,0.401104342316199,0.0223337795883427,0.27290050306396,0.0487080940106764
"P","bimodal",10,0.1,1,0.5,"TOX-log","expr_decile","4",20,48.2,1.21525392624881,0.327686374616138,0.0220070958076926,0.23092300047189,0.0424834064919296
"P","bimodal",10,0.1,1,0.5,"TOX-log","expr_decile","5",20,47.55,1.39071166938673,0.289846714069,0.023110200178162,0.196522968004786,0.0382684178680666
"P","bimodal",10,0.1,1,0.5,"TOX-log","expr_decile","6",20,46.7,1.56289205607661,0.236566410121133,0.0170973983574468,0.169879363167178,0.0312373402779033
"P","bimodal",10,0.1,1,0.5,"TOX-log","expr_decile","7",20,44.2,1.09207672759169,0.218094379580109,0.0173332721172056,0.152869359447891,0.0296595766619139
"P","bimodal",10,0.1,1,0.5,"TOX-log","expr_decile","8",20,46.5,1.25341638395983,0.16787511666813,0.015373132797479,0.109611684977869,0.0226267220883094
"P","bimodal",10,0.1,1,0.5,"TOX-log","expr_decile","9",20,48.1,0.797694045028346,0.136041390228989,0.0124906772790646,0.0972341164123985,0.018674079658924
"P","bimodal",10,0.1,1,0.5,"TOX-log-blocked","abs_lfc_bin","(0.5,1]",20,77.15,5.06290690372532,0.00115920664701153,0.000799019400515746,0.0153063525847485,0.00547894239750411
"P","bimodal",10,0.1,1,0.5,"TOX-log-blocked","abs_lfc_bin","(1,2]",20,150.15,4.08609645144682,0.0459605674978137,0.00914899311113863,0.168587133476966,0.0217956144963005
"P","bimodal",10,0.1,1,0.5,"TOX-log-blocked","abs_lfc_bin","(2,4]",20,117.4,3.25447060938771,0.341383877950755,0.0249698984084009,0.543636562602164,0.0345506163222229
"P","bimodal",10,0.1,1,0.5,"TOX-log-blocked","abs_lfc_bin","[0.25,0.5]",20,52.2,3.30199301857785,0,0,0.00433178741715791,0.00212605748483719
"P","bimodal",10,0.1,1,0.5,"TOX-log-blocked","expr_decile","1",20,42.7,1.32406868958406,0.267291226076541,0.0232433872205608,0.419736763455209,0.0299395248893224
"P","bimodal",10,0.1,1,0.5,"TOX-log-blocked","expr_decile","10",20,47.9,1.95865152323574,0.022467407533366,0.00480441246225306,0.0758008728084355,0.0136442531731643
"P","bimodal",10,0.1,1,0.5,"TOX-log-blocked","expr_decile","2",20,48.25,1.16047857641397,0.271039974302083,0.0266200397412683,0.399171132428679,0.0314577075665252
"P","bimodal",10,0.1,1,0.5,"TOX-log-blocked","expr_decile","3",20,47.9,1.07090714128871,0.225983398110669,0.0254274625830112,0.354214103577336,0.033035600924504
"P","bimodal",10,0.1,1,0.5,"TOX-log-blocked","expr_decile","4",20,48.2,1.21525392624881,0.17307807201405,0.0190417239781502,0.291258667911392,0.0266959334885702
"P","bimodal",10,0.1,1,0.5,"TOX-log-blocked","expr_decile","5",20,47.55,1.39071166938673,0.144506039786935,0.0178818093945327,0.234132663563277,0.0272977046241909
"P","bimodal",10,0.1,1,0.5,"TOX-log-blocked","expr_decile","6",20,46.7,1.56289205607661,0.110894629848075,0.0157100859565269,0.197421081148298,0.0212892551220931
"P","bimodal",10,0.1,1,0.5,"TOX-log-blocked","expr_decile","7",20,44.2,1.09207672759169,0.0987149124946035,0.0157119687004279,0.183048244445332,0.0234674481542314
"P","bimodal",10,0.1,1,0.5,"TOX-log-blocked","expr_decile","8",20,46.5,1.25341638395983,0.0562673863278631,0.0131434301135822,0.134767438557909,0.0186362036596623
"P","bimodal",10,0.1,1,0.5,"TOX-log-blocked","expr_decile","9",20,48.1,0.797694045028346,0.0571134877949787,0.0098378105518877,0.114847241748844,0.0145822809010972
"P","bimodal",10,0.1,1,0.5,"TOX-log-boot","abs_lfc_bin","(0.5,1]",20,77.15,5.06290690372532,0.0120705903509289,0.00339009765436606,0.0124724753731996,0.00410641268922461
"P","bimodal",10,0.1,1,0.5,"TOX-log-boot","abs_lfc_bin","(1,2]",20,150.15,4.08609645144682,0.149667435389199,0.0148727404371136,0.134547552588752,0.0194386824920067
"P","bimodal",10,0.1,1,0.5,"TOX-log-boot","abs_lfc_bin","(2,4]",20,117.4,3.25447060938771,0.543275125181593,0.0226485524680931,0.480960181188981,0.0357074822335517
"P","bimodal",10,0.1,1,0.5,"TOX-log-boot","abs_lfc_bin","[0.25,0.5]",20,52.2,3.30199301857785,0.00321714743589744,0.00190907622615152,0.00326795762992387,0.00193761175542081
"P","bimodal",10,0.1,1,0.5,"TOX-log-boot","expr_decile","1",20,42.7,1.32406868958406,0.414318525672625,0.0236075757700091,0.383587828079626,0.0272591718618253
"P","bimodal",10,0.1,1,0.5,"TOX-log-boot","expr_decile","10",20,47.9,1.95865152323574,0.0714200500661993,0.00989452236861951,0.0563479665329696,0.0118106246960964
"P","bimodal",10,0.1,1,0.5,"TOX-log-boot","expr_decile","2",20,48.25,1.16047857641397,0.395497424029596,0.0287513458189156,0.363360243946834,0.0326416312694451
"P","bimodal",10,0.1,1,0.5,"TOX-log-boot","expr_decile","3",20,47.9,1.07090714128871,0.338249844031303,0.0280344878352578,0.31689247198725,0.0307635840930933
"P","bimodal",10,0.1,1,0.5,"TOX-log-boot","expr_decile","4",20,48.2,1.21525392624881,0.275654909047402,0.0236903465695522,0.256811748485941,0.0265315234101529
"P","bimodal",10,0.1,1,0.5,"TOX-log-boot","expr_decile","5",20,47.55,1.39071166938673,0.231308105084269,0.0231729732712825,0.203720192778561,0.026661291587881
"P","bimodal",10,0.1,1,0.5,"TOX-log-boot","expr_decile","6",20,46.7,1.56289205607661,0.193776405200683,0.0191479048106169,0.165541583156849,0.0222650377087484
"P","bimodal",10,0.1,1,0.5,"TOX-log-boot","expr_decile","7",20,44.2,1.09207672759169,0.17549432691014,0.0192187418956186,0.159835581086606,0.0231550877355639
"P","bimodal",10,0.1,1,0.5,"TOX-log-boot","expr_decile","8",20,46.5,1.25341638395983,0.135541664155232,0.0152329820835429,0.113780160097712,0.0177737613208871
"P","bimodal",10,0.1,1,0.5,"TOX-log-boot","expr_decile","9",20,48.1,0.797694045028346,0.111669979532177,0.0130799006439489,0.097881162590188,0.0160584163408505
"P","bimodal",10,0.1,1,0.5,"TOX-raw","abs_lfc_bin","(0.5,1]",20,77.15,5.06290690372532,0.429144197040516,0.0248463998220995,0.441071297031341,0.0239857130302481
"P","bimodal",10,0.1,1,0.5,"TOX-raw","abs_lfc_bin","(1,2]",20,150.15,4.08609645144682,0.977286940009331,0.00348546444979138,0.978963401502135,0.00337033251326847
"P","bimodal",10,0.1,1,0.5,"TOX-raw","abs_lfc_bin","(2,4]",20,117.4,3.25447060938771,1,0,1,0
"P","bimodal",10,0.1,1,0.5,"TOX-raw","abs_lfc_bin","[0.25,0.5]",20,52.2,3.30199301857785,0.0488499516630039,0.0066307179984158,0.0505598798072222,0.0066144853499546
"P","bimodal",10,0.1,1,0.5,"TOX-raw","expr_decile","1",20,42.7,1.32406868958406,0.635866691242504,0.0236273248044421,0.643055747889992,0.0249701317057603
"P","bimodal",10,0.1,1,0.5,"TOX-raw","expr_decile","10",20,47.9,1.95865152323574,0.695488105159622,0.0189161531255868,0.700438760046918,0.0196180118292868
"P","bimodal",10,0.1,1,0.5,"TOX-raw","expr_decile","2",20,48.25,1.16047857641397,0.682949923163455,0.0111538859781209,0.686000684074874,0.0121870321660369
"P","bimodal",10,0.1,1,0.5,"TOX-raw","expr_decile","3",20,47.9,1.07090714128871,0.691647725084705,0.0164480104758523,0.697040289631719,0.0154243190101837
"P","bimodal",10,0.1,1,0.5,"TOX-raw","expr_decile","4",20,48.2,1.21525392624881,0.674468795923412,0.0157284460929135,0.675651994784352,0.0158379588819249
"P","bimodal",10,0.1,1,0.5,"TOX-raw","expr_decile","5",20,47.55,1.39071166938673,0.708978379607381,0.0178302885848986,0.710406168619851,0.0171267494575523
"P","bimodal",10,0.1,1,0.5,"TOX-raw","expr_decile","6",20,46.7,1.56289205607661,0.687642828141976,0.0119354062744587,0.68890748808916,0.011574185762903
"P","bimodal",10,0.1,1,0.5,"TOX-raw","expr_decile","7",20,44.2,1.09207672759169,0.699165126770024,0.0151809630716099,0.698858522996439,0.0153510764704829
"P","bimodal",10,0.1,1,0.5,"TOX-raw","expr_decile","8",20,46.5,1.25341638395983,0.69092210640615,0.0156556500300575,0.694237895879834,0.0161834509203105
"P","bimodal",10,0.1,1,0.5,"TOX-raw","expr_decile","9",20,48.1,0.797694045028346,0.724222434762349,0.0151784949677357,0.728390910663348,0.015654772626044
"P","bimodal",10,0.1,1,0.5,"TOX-raw-blocked","abs_lfc_bin","(0.5,1]",20,77.15,5.06290690372532,0.156230341612081,0.0150373293606115,0.392278713883614,0.0251942531690845
"P","bimodal",10,0.1,1,0.5,"TOX-raw-blocked","abs_lfc_bin","(1,2]",20,150.15,4.08609645144682,0.883314557240845,0.0107643319435145,0.966911353025092,0.00538182703171723
"P","bimodal",10,0.1,1,0.5,"TOX-raw-blocked","abs_lfc_bin","(2,4]",20,117.4,3.25447060938771,1,0,1,0
"P","bimodal",10,0.1,1,0.5,"TOX-raw-blocked","abs_lfc_bin","[0.25,0.5]",20,52.2,3.30199301857785,0.00710986614198378,0.00264840062593367,0.043464309187532,0.00597462487680538
"P","bimodal",10,0.1,1,0.5,"TOX-raw-blocked","expr_decile","1",20,42.7,1.32406868958406,0.538033337298472,0.0214720976218858,0.627025486907879,0.026319593074061
"P","bimodal",10,0.1,1,0.5,"TOX-raw-blocked","expr_decile","10",20,47.9,1.95865152323574,0.643669659825843,0.0202502096651458,0.712721485705565,0.0196046695507316
"P","bimodal",10,0.1,1,0.5,"TOX-raw-blocked","expr_decile","2",20,48.25,1.16047857641397,0.602039563355142,0.0163890341118142,0.670494968815176,0.0145274898365383
"P","bimodal",10,0.1,1,0.5,"TOX-raw-blocked","expr_decile","3",20,47.9,1.07090714128871,0.609316009183394,0.0203881231841892,0.67807975884907,0.0186317811443514
"P","bimodal",10,0.1,1,0.5,"TOX-raw-blocked","expr_decile","4",20,48.2,1.21525392624881,0.589464279692548,0.0177197886435308,0.65260405868154,0.0168195944529123
"P","bimodal",10,0.1,1,0.5,"TOX-raw-blocked","expr_decile","5",20,47.55,1.39071166938673,0.61321938723413,0.0187834067897158,0.688574458022614,0.0162157928904148
"P","bimodal",10,0.1,1,0.5,"TOX-raw-blocked","expr_decile","6",20,46.7,1.56289205607661,0.608405598026482,0.0165810769958819,0.673748883108904,0.0127824959462514
"P","bimodal",10,0.1,1,0.5,"TOX-raw-blocked","expr_decile","7",20,44.2,1.09207672759169,0.597363965760006,0.0206047648730518,0.680420635909453,0.0177512272408084
"P","bimodal",10,0.1,1,0.5,"TOX-raw-blocked","expr_decile","8",20,46.5,1.25341638395983,0.614804327673371,0.0141547470690293,0.679294160324653,0.016809389836223
"P","bimodal",10,0.1,1,0.5,"TOX-raw-blocked","expr_decile","9",20,48.1,0.797694045028346,0.660933524075959,0.0186794531062597,0.717963832666851,0.0164145741053323
"P","lnpois",3,0.1,1,0.5,"DESeq2","abs_lfc_bin","(0.5,1]",20,79.9,7.27247876369681,0.0877750191393163,0.00767549439228819,0.0519152276515273,0.00724322657646254
"P","lnpois",3,0.1,1,0.5,"DESeq2","abs_lfc_bin","(1,2]",20,151.05,4.67100518878798,0.484820423043355,0.014159149035369,0.369977939192842,0.0154919510649507
"P","lnpois",3,0.1,1,0.5,"DESeq2","abs_lfc_bin","(2,4]",20,117.2,3.95141546923711,0.951958192073606,0.00585142731377325,0.916414560758735,0.00854681838373537
"P","lnpois",3,0.1,1,0.5,"DESeq2","abs_lfc_bin","[0.25,0.5]",20,46.65,4.05701147462799,0.0127154947809481,0.00339658962276174,0.00444717873708623,0.00214316242819346
"P","lnpois",3,0.1,1,0.5,"DESeq2","expr_decile","1",20,42.2,1.3814561348923,0.37006172345288,0.0204383561987951,0.324331825511602,0.0205195490143651
"P","lnpois",3,0.1,1,0.5,"DESeq2","expr_decile","10",20,48.3,1.16325315161268,0.459760562176988,0.0187611442129775,0.412122228222755,0.0155573086790916
"P","lnpois",3,0.1,1,0.5,"DESeq2","expr_decile","2",20,47.1,1.31769335942536,0.428659154806192,0.0216982727499387,0.372639262833896,0.0210916354420073
"P","lnpois",3,0.1,1,0.5,"DESeq2","expr_decile","3",20,49.6,1.39056974313636,0.437712621892575,0.0195457128680722,0.388067827481784,0.0184214020928136
"P","lnpois",3,0.1,1,0.5,"DESeq2","expr_decile","4",20,47.3,1.47452043943643,0.464589157796968,0.0154239081799294,0.429524049947274,0.015108435007623
"P","lnpois",3,0.1,1,0.5,"DESeq2","expr_decile","5",20,47.15,1.17490201159165,0.479329770562993,0.0240629170620877,0.415669423703966,0.022286503558275
"P","lnpois",3,0.1,1,0.5,"DESeq2","expr_decile","6",20,48.55,1.51739909054935,0.447851679233134,0.026852228537211,0.404122475405891,0.0270794400777981
"P","lnpois",3,0.1,1,0.5,"DESeq2","expr_decile","7",20,44.55,0.958274216330697,0.476989262763662,0.0211377360902321,0.404239322262331,0.0238332217865249
"P","lnpois",3,0.1,1,0.5,"DESeq2","expr_decile","8",20,46.55,1.17086337914873,0.475205802944237,0.019327767191202,0.423601071784048,0.022910231624719
"P","lnpois",3,0.1,1,0.5,"DESeq2","expr_decile","9",20,49.3,1.01333217913138,0.477595557722519,0.0161413432182974,0.410015943956743,0.0159611251107442
"P","lnpois",3,0.1,1,0.5,"edgeR","abs_lfc_bin","(0.5,1]",20,79.9,7.27247876369681,0.0622080602566209,0.00688524739893375,0.0573162430206756,0.00633788602333542
"P","lnpois",3,0.1,1,0.5,"edgeR","abs_lfc_bin","(1,2]",20,151.05,4.67100518878798,0.415758815826922,0.0155745448697275,0.405887857682042,0.0165495771066315
"P","lnpois",3,0.1,1,0.5,"edgeR","abs_lfc_bin","(2,4]",20,117.2,3.95141546923711,0.949228876296587,0.00549331623225516,0.947243085729869,0.00666982569635097
"P","lnpois",3,0.1,1,0.5,"edgeR","abs_lfc_bin","[0.25,0.5]",20,46.65,4.05701147462799,0.00308040433403806,0.00171043593707315,0.00455099256933217,0.00214741194847423
"P","lnpois",3,0.1,1,0.5,"edgeR","expr_decile","1",20,42.2,1.3814561348923,0.373105737647526,0.0211404346411578,0.364619693503587,0.0209959461939482
"P","lnpois",3,0.1,1,0.5,"edgeR","expr_decile","10",20,48.3,1.16325315161268,0.421921752505078,0.0194994774735422,0.421386756683157,0.0191518255864014
"P","lnpois",3,0.1,1,0.5,"edgeR","expr_decile","2",20,47.1,1.31769335942536,0.411868597146069,0.0201344939946766,0.401859903137375,0.0188831567312563
"P","lnpois",3,0.1,1,0.5,"edgeR","expr_decile","3",20,49.6,1.39056974313636,0.418754569365202,0.0174156834548437,0.415390416223771,0.0189740314012883
"P","lnpois",3,0.1,1,0.5,"edgeR","expr_decile","4",20,47.3,1.47452043943643,0.440599061478622,0.014401634322814,0.442052897864776,0.0158692832432805
"P","lnpois",3,0.1,1,0.5,"edgeR","expr_decile","5",20,47.15,1.17490201159165,0.440033516407786,0.0237361230774768,0.440144511795377,0.0237573975337984
"P","lnpois",3,0.1,1,0.5,"edgeR","expr_decile","6",20,48.55,1.51739909054935,0.413112620108766,0.0256969605801284,0.406399699672441,0.0256238838294581
"P","lnpois",3,0.1,1,0.5,"edgeR","expr_decile","7",20,44.55,0.958274216330697,0.435395898302141,0.0247593730725905,0.432782216638246,0.0250448916476391
"P","lnpois",3,0.1,1,0.5,"edgeR","expr_decile","8",20,46.55,1.17086337914873,0.43732788698492,0.0213261724788371,0.43286720393412,0.0217019126603637
"P","lnpois",3,0.1,1,0.5,"edgeR","expr_decile","9",20,49.3,1.01333217913138,0.441987641098582,0.0166949881305803,0.433853858853547,0.0161984522244419
"P","lnpois",3,0.1,1,0.5,"limma","abs_lfc_bin","(0.5,1]",20,79.9,7.27247876369681,0.0540120542132557,0.00628299328275956,0.0628227007139994,0.00752435394279287
"P","lnpois",3,0.1,1,0.5,"limma","abs_lfc_bin","(1,2]",20,151.05,4.67100518878798,0.407696564535759,0.0157220670748675,0.433667969019698,0.0148798468414844
"P","lnpois",3,0.1,1,0.5,"limma","abs_lfc_bin","(2,4]",20,117.2,3.95141546923711,0.948417245438785,0.00544185314770863,0.95373924524149,0.00608256383839045
"P","lnpois",3,0.1,1,0.5,"limma","abs_lfc_bin","[0.25,0.5]",20,46.65,4.05701147462799,0,0,0.00210700757575758,0.00116308533572241
"P","lnpois",3,0.1,1,0.5,"limma","expr_decile","1",20,42.2,1.3814561348923,0.352301180894144,0.019165767784561,0.361228043741454,0.0199041911095658
"P","lnpois",3,0.1,1,0.5,"limma","expr_decile","10",20,48.3,1.16325315161268,0.418734526273123,0.0198552362075195,0.430502524323098,0.0187725464100747
"P","lnpois",3,0.1,1,0.5,"limma","expr_decile","2",20,47.1,1.31769335942536,0.402375181003427,0.0197835067945564,0.412974304906898,0.0182233650106642
"P","lnpois",3,0.1,1,0.5,"limma","expr_decile","3",20,49.6,1.39056974313636,0.408477414463268,0.0172387826233132,0.426902202386471,0.018311638195955
"P","lnpois",3,0.1,1,0.5,"limma","expr_decile","4",20,47.3,1.47452043943643,0.427695378537539,0.0152424015195815,0.445578253339392,0.0158732482703885
"P","lnpois",3,0.1,1,0.5,"limma","expr_decile","5",20,47.15,1.17490201159165,0.442936616983619,0.0247417119638746,0.45251133409151,0.0238811690910828
"P","lnpois",3,0.1,1,0.5,"limma","expr_decile","6",20,48.55,1.51739909054935,0.414239057776335,0.0250026841467904,0.429294518003228,0.0244745988800172
"P","lnpois",3,0.1,1,0.5,"limma","expr_decile","7",20,44.55,0.958274216330697,0.438319675625817,0.0242192976376782,0.44685696704185,0.0216725621670943
"P","lnpois",3,0.1,1,0.5,"limma","expr_decile","8",20,46.55,1.17086337914873,0.440838815313751,0.0212986025061841,0.444628943296781,0.0214946114564183
"P","lnpois",3,0.1,1,0.5,"limma","expr_decile","9",20,49.3,1.01333217913138,0.43688562929374,0.0182855100783466,0.446410173575694,0.0151112707863193
"P","lnpois",3,0.1,1,0.5,"TOX-log","abs_lfc_bin","(0.5,1]",20,79.9,7.27247876369681,0.0647174007588326,0.00835033775887972,0.0543962430064115,0.00858692922876626
"P","lnpois",3,0.1,1,0.5,"TOX-log","abs_lfc_bin","(1,2]",20,151.05,4.67100518878798,0.448007800944342,0.0163164130848456,0.422386316198289,0.0163987289453806
"P","lnpois",3,0.1,1,0.5,"TOX-log","abs_lfc_bin","(2,4]",20,117.2,3.95141546923711,0.960922904397808,0.00505593234274816,0.952677295950287,0.0060507452987577
"P","lnpois",3,0.1,1,0.5,"TOX-log","abs_lfc_bin","[0.25,0.5]",20,46.65,4.05701147462799,0.00550188636078324,0.00240405567449265,0.0024160187400319,0.00132263007193503
"P","lnpois",3,0.1,1,0.5,"TOX-log","expr_decile","1",20,42.2,1.3814561348923,0.380714867349207,0.0217646668748479,0.365996468603348,0.0234699455174353
"P","lnpois",3,0.1,1,0.5,"TOX-log","expr_decile","10",20,48.3,1.16325315161268,0.41722506425677,0.0186215363608974,0.396382222518681,0.018108470761055
"P","lnpois",3,0.1,1,0.5,"TOX-log","expr_decile","2",20,47.1,1.31769335942536,0.436369233385836,0.0208674580751339,0.425757145227712,0.0205859073720857
"P","lnpois",3,0.1,1,0.5,"TOX-log","expr_decile","3",20,49.6,1.39056974313636,0.438896155662939,0.0188256812767884,0.426745302265274,0.0207306224880702
"P","lnpois",3,0.1,1,0.5,"TOX-log","expr_decile","4",20,47.3,1.47452043943643,0.458010528983298,0.0156163495754777,0.449793324555816,0.0188975973593272
"P","lnpois",3,0.1,1,0.5,"TOX-log","expr_decile","5",20,47.15,1.17490201159165,0.460293436545002,0.0242745161296605,0.454070358552298,0.0243579416270753
"P","lnpois",3,0.1,1,0.5,"TOX-log","expr_decile","6",20,48.55,1.51739909054935,0.437011317020087,0.0264676802501186,0.429357886751212,0.0262324473218453
"P","lnpois",3,0.1,1,0.5,"TOX-log","expr_decile","7",20,44.55,0.958274216330697,0.46319692216118,0.0227711168436512,0.449919752671386,0.0232719423375892
"P","lnpois",3,0.1,1,0.5,"TOX-log","expr_decile","8",20,46.55,1.17086337914873,0.436366798394925,0.0185743062862891,0.424558072147026,0.0217728100495974
"P","lnpois",3,0.1,1,0.5,"TOX-log","expr_decile","9",20,49.3,1.01333217913138,0.44689920085922,0.0177996320655608,0.433667261561365,0.0173074929398851
"P","lnpois",3,0.1,1,0.5,"TOX-log-blocked","abs_lfc_bin","(0.5,1]",20,79.9,7.27247876369681,0.0127974934135499,0.0026552807085922,0.0570274948236792,0.0101487386118357
"P","lnpois",3,0.1,1,0.5,"TOX-log-blocked","abs_lfc_bin","(1,2]",20,151.05,4.67100518878798,0.232500721343096,0.0135946349549767,0.427759142222373,0.0166122862743698
"P","lnpois",3,0.1,1,0.5,"TOX-log-blocked","abs_lfc_bin","(2,4]",20,117.2,3.95141546923711,0.870062928698537,0.00777521599925762,0.953937970392962,0.00553557466907347
"P","lnpois",3,0.1,1,0.5,"TOX-log-blocked","abs_lfc_bin","[0.25,0.5]",20,46.65,4.05701147462799,0,0,0.00509667142068458,0.00252876609777348
"P","lnpois",3,0.1,1,0.5,"TOX-log-blocked","expr_decile","1",20,42.2,1.3814561348923,0.273240997343406,0.0200657151642309,0.36822050696011,0.0232523064042299
"P","lnpois",3,0.1,1,0.5,"TOX-log-blocked","expr_decile","10",20,48.3,1.16325315161268,0.310165807603644,0.0165903955532223,0.403572408687757,0.0177282393635617
"P","lnpois",3,0.1,1,0.5,"TOX-log-blocked","expr_decile","2",20,47.1,1.31769335942536,0.335819458075971,0.0201315052618654,0.426915402997223,0.0203310003409011
"P","lnpois",3,0.1,1,0.5,"TOX-log-blocked","expr_decile","3",20,49.6,1.39056974313636,0.341399388850983,0.0169212158349806,0.427178544568472,0.0204106314570252
"P","lnpois",3,0.1,1,0.5,"TOX-log-blocked","expr_decile","4",20,47.3,1.47452043943643,0.371040868251277,0.0165854273242384,0.449989567199303,0.0179934549125266
"P","lnpois",3,0.1,1,0.5,"TOX-log-blocked","expr_decile","5",20,47.15,1.17490201159165,0.356582524120987,0.0230322191283631,0.455283109841264,0.0252094566218069
"P","lnpois",3,0.1,1,0.5,"TOX-log-blocked","expr_decile","6",20,48.55,1.51739909054935,0.325777204580856,0.0241715482110254,0.43141476505809,0.027156712332889
"P","lnpois",3,0.1,1,0.5,"TOX-log-blocked","expr_decile","7",20,44.55,0.958274216330697,0.358612347671463,0.0223504987216172,0.448783389035022,0.0229113975841992
"P","lnpois",3,0.1,1,0.5,"TOX-log-blocked","expr_decile","8",20,46.55,1.17086337914873,0.342729142133299,0.0209975333943666,0.43426412866912,0.021216587249799
"P","lnpois",3,0.1,1,0.5,"TOX-log-blocked","expr_decile","9",20,49.3,1.01333217913138,0.339675812702979,0.0201165665124354,0.436117987986588,0.0174543865771532
"P","lnpois",3,0.1,1,0.5,"TOX-log-boot","abs_lfc_bin","(0.5,1]",20,79.9,7.27247876369681,0.0569926663472028,0.00809171624908028,0.0558910877180389,0.01012179370992
"P","lnpois",3,0.1,1,0.5,"TOX-log-boot","abs_lfc_bin","(1,2]",20,151.05,4.67100518878798,0.430217316182247,0.016295011588069,0.427655468295306,0.0153524988794025
"P","lnpois",3,0.1,1,0.5,"TOX-log-boot","abs_lfc_bin","(2,4]",20,117.2,3.95141546923711,0.957223919308726,0.00506995240250144,0.95203484366631,0.00616910415118118
"P","lnpois",3,0.1,1,0.5,"TOX-log-boot","abs_lfc_bin","[0.25,0.5]",20,46.65,4.05701147462799,0.00386711762075134,0.00227409407909192,0.00229640151515152,0.0016677632926914
"P","lnpois",3,0.1,1,0.5,"TOX-log-boot","expr_decile","1",20,42.2,1.3814561348923,0.375323254965907,0.0218222575054376,0.371438818820441,0.0237146873703363
"P","lnpois",3,0.1,1,0.5,"TOX-log-boot","expr_decile","10",20,48.3,1.16325315161268,0.404084972814828,0.0180332411746971,0.403908125880617,0.0188011466102544
"P","lnpois",3,0.1,1,0.5,"TOX-log-boot","expr_decile","2",20,47.1,1.31769335942536,0.425860303507341,0.0213151106164495,0.422200415282235,0.0194489280650735
"P","lnpois",3,0.1,1,0.5,"TOX-log-boot","expr_decile","3",20,49.6,1.39056974313636,0.43449241561432,0.0182714481363234,0.429492374355706,0.0203237537209669
"P","lnpois",3,0.1,1,0.5,"TOX-log-boot","expr_decile","4",20,47.3,1.47452043943643,0.45077170669172,0.015630176823286,0.449552835361131,0.0190933480225291
"P","lnpois",3,0.1,1,0.5,"TOX-log-boot","expr_decile","5",20,47.15,1.17490201159165,0.458440225365422,0.0246722773910895,0.456154932678203,0.024338821774123
"P","lnpois",3,0.1,1,0.5,"TOX-log-boot","expr_decile","6",20,48.55,1.51739909054935,0.42670614682375,0.0252300359394294,0.431600935270856,0.0270638520357276
"P","lnpois",3,0.1,1,0.5,"TOX-log-boot","expr_decile","7",20,44.55,0.958274216330697,0.453297550172142,0.0247552698746818,0.448573400198823,0.0237376593514151
"P","lnpois",3,0.1,1,0.5,"TOX-log-boot","expr_decile","8",20,46.55,1.17086337914873,0.431113931892059,0.0190004338462898,0.430336164559059,0.0216755056877054
"P","lnpois",3,0.1,1,0.5,"TOX-log-boot","expr_decile","9",20,49.3,1.01333217913138,0.439282718051952,0.0195790926127445,0.431815592316622,0.0183632539414761
"P","lnpois",3,0.1,1,0.5,"TOX-raw","abs_lfc_bin","(0.5,1]",20,79.9,7.27247876369681,0.021313862580892,0.0039271650447515,0.0403224469078536,0.00787464337493547
"P","lnpois",3,0.1,1,0.5,"TOX-raw","abs_lfc_bin","(1,2]",20,151.05,4.67100518878798,0.218332040980028,0.0120272407070282,0.288546500703934,0.0213368774433605
"P","lnpois",3,0.1,1,0.5,"TOX-raw","abs_lfc_bin","(2,4]",20,117.2,3.95141546923711,0.763472956532494,0.0131137438700506,0.837705288901195,0.0152925127840578
"P","lnpois",3,0.1,1,0.5,"TOX-raw","abs_lfc_bin","[0.25,0.5]",20,46.65,4.05701147462799,0.00138888888888889,0.00138888888888889,0.00138888888888889,0.00138888888888889
"P","lnpois",3,0.1,1,0.5,"TOX-raw","expr_decile","1",20,42.2,1.3814561348923,0.255224563514493,0.0233588990925181,0.30159255015029,0.026119291900977
"P","lnpois",3,0.1,1,0.5,"TOX-raw","expr_decile","10",20,48.3,1.16325315161268,0.292296826065565,0.0160305210003563,0.336521956136009,0.0199615290306481
"P","lnpois",3,0.1,1,0.5,"TOX-raw","expr_decile","2",20,47.1,1.31769335942536,0.303529784718913,0.0198569561302902,0.343205363108935,0.0209241415282719
"P","lnpois",3,0.1,1,0.5,"TOX-raw","expr_decile","3",20,49.6,1.39056974313636,0.316776013092371,0.0137326967258446,0.35535051411309,0.0188826887339111
"P","lnpois",3,0.1,1,0.5,"TOX-raw","expr_decile","4",20,47.3,1.47452043943643,0.335999688357796,0.0161880992931742,0.386811611887389,0.0209515450913383
"P","lnpois",3,0.1,1,0.5,"TOX-raw","expr_decile","5",20,47.15,1.17490201159165,0.320499266564681,0.0204775018074029,0.371175770642764,0.024386727388889
"P","lnpois",3,0.1,1,0.5,"TOX-raw","expr_decile","6",20,48.55,1.51739909054935,0.308646503971994,0.0224719792901157,0.357243438569277,0.031397700733754
"P","lnpois",3,0.1,1,0.5,"TOX-raw","expr_decile","7",20,44.55,0.958274216330697,0.317707274905639,0.018701643877079,0.36324436254678,0.0258402106319345
"P","lnpois",3,0.1,1,0.5,"TOX-raw","expr_decile","8",20,46.55,1.17086337914873,0.307370958146337,0.022284319983874,0.361751633405967,0.0237527656701318
"P","lnpois",3,0.1,1,0.5,"TOX-raw","expr_decile","9",20,49.3,1.01333217913138,0.29744995606287,0.0207612352445499,0.342382587777171,0.0245154032381531
"P","lnpois",3,0.1,1,0.5,"TOX-raw-blocked","abs_lfc_bin","(0.5,1]",20,79.9,7.27247876369681,0,0,0.0405586085910293,0.00727921749479488
"P","lnpois",3,0.1,1,0.5,"TOX-raw-blocked","abs_lfc_bin","(1,2]",20,151.05,4.67100518878798,0.0007834281253485,0.000565938067654705,0.32669868492536,0.0164870332678703
"P","lnpois",3,0.1,1,0.5,"TOX-raw-blocked","abs_lfc_bin","(2,4]",20,117.2,3.95141546923711,0.00588972368050294,0.0018069724275036,0.906689822294308,0.00824639938369005
"P","lnpois",3,0.1,1,0.5,"TOX-raw-blocked","abs_lfc_bin","[0.25,0.5]",20,46.65,4.05701147462799,0,0,0.00078125,0.00078125
"P","lnpois",3,0.1,1,0.5,"TOX-raw-blocked","expr_decile","1",20,42.2,1.3814561348923,0.00119047619047619,0.00119047619047619,0.326432832638238,0.0219927853814232
"P","lnpois",3,0.1,1,0.5,"TOX-raw-blocked","expr_decile","10",20,48.3,1.16325315161268,0.00886892035644383,0.00320416234659501,0.374677992362472,0.01872573738343
"P","lnpois",3,0.1,1,0.5,"TOX-raw-blocked","expr_decile","2",20,47.1,1.31769335942536,0.00113636363636364,0.00113636363636364,0.375699829216822,0.0209443519653016
"P","lnpois",3,0.1,1,0.5,"TOX-raw-blocked","expr_decile","3",20,49.6,1.39056974313636,0,0,0.388146029262983,0.019512299160286
"P","lnpois",3,0.1,1,0.5,"TOX-raw-blocked","expr_decile","4",20,47.3,1.47452043943643,0.00460179980155724,0.00183448100028939,0.412561263236188,0.0183146733605388
"P","lnpois",3,0.1,1,0.5,"TOX-raw-blocked","expr_decile","5",20,47.15,1.17490201159165,0.00669175869630875,0.00290223829694895,0.394346644918198,0.0219787557383023
"P","lnpois",3,0.1,1,0.5,"TOX-raw-blocked","expr_decile","6",20,48.55,1.51739909054935,0.00286932215234102,0.00156799730787238,0.375099972379663,0.0277483304680688
"P","lnpois",3,0.1,1,0.5,"TOX-raw-blocked","expr_decile","7",20,44.55,0.958274216330697,0.00241841491841492,0.00166781965072534,0.390693456261699,0.0251044028782816
"P","lnpois",3,0.1,1,0.5,"TOX-raw-blocked","expr_decile","8",20,46.55,1.17086337914873,0,0,0.382430056074846,0.0220867390409792
"P","lnpois",3,0.1,1,0.5,"TOX-raw-blocked","expr_decile","9",20,49.3,1.01333217913138,0.00301884076514618,0.00166070627231169,0.384421286947479,0.0221064645111889
"P","lnpois",5,0.1,1,0.5,"DESeq2","abs_lfc_bin","(0.5,1]",20,72.35,5.55227549369578,0.184839881606258,0.00923775214672172,0.108893042721304,0.00775939145093103
"P","lnpois",5,0.1,1,0.5,"DESeq2","abs_lfc_bin","(1,2]",20,152.05,3.27629042475914,0.733472647827952,0.0163752853297272,0.61201296773645,0.0160015402925638
"P","lnpois",5,0.1,1,0.5,"DESeq2","abs_lfc_bin","(2,4]",20,116.95,4.52389852834221,0.992373354640002,0.00168328032162423,0.986047964423405,0.00226913612317912
"P","lnpois",5,0.1,1,0.5,"DESeq2","abs_lfc_bin","[0.25,0.5]",20,51.55,4.66085320854229,0.0411065020615761,0.00635933780342043,0.0189155267055697,0.00468487990111552
"P","lnpois",5,0.1,1,0.5,"DESeq2","expr_decile","1",20,42.2,1.35452458158029,0.491378713661837,0.0157936666397057,0.421413905502248,0.0129188874488429
"P","lnpois",5,0.1,1,0.5,"DESeq2","expr_decile","10",20,47.1,1.47594751012073,0.562556611497808,0.0151171491123062,0.497101236886352,0.0175057034042758
"P","lnpois",5,0.1,1,0.5,"DESeq2","expr_decile","2",20,48,1.45095250022002,0.559114708200104,0.0155665114153017,0.507957704418732,0.0172516065621811
"P","lnpois",5,0.1,1,0.5,"DESeq2","expr_decile","3",20,47.35,1.29832888542805,0.58793005398876,0.0156698361621982,0.52760483960653,0.0170455595758093
"P","lnpois",5,0.1,1,0.5,"DESeq2","expr_decile","4",20,47.6,1.65179328386804,0.580017682474224,0.0240009457033308,0.523858077087663,0.0249258889828037
"P","lnpois",5,0.1,1,0.5,"DESeq2","expr_decile","5",20,47.1,1.45077111982051,0.59311077804772,0.0212290845494233,0.524655191739122,0.020650409755084
"P","lnpois",5,0.1,1,0.5,"DESeq2","expr_decile","6",20,47.4,1.58180443265212,0.580573525687604,0.022592636704509,0.539230710070292,0.0250824481237359
"P","lnpois",5,0.1,1,0.5,"DESeq2","expr_decile","7",20,47.9,1.13299788637328,0.576303651394733,0.0185401134256311,0.519737831042585,0.0233769501992053
"P","lnpois",5,0.1,1,0.5,"DESeq2","expr_decile","8",20,49.25,1.77092750007625,0.579976106680053,0.02646545090327,0.533394246777898,0.0280689712865117
"P","lnpois",5,0.1,1,0.5,"DESeq2","expr_decile","9",20,45.2,1.49490362301563,0.553269822706807,0.0228233879256579,0.500526570298351,0.0243282120857146
"P","lnpois",5,0.1,1,0.5,"edgeR","abs_lfc_bin","(0.5,1]",20,72.35,5.55227549369578,0.148850346083792,0.00841015563288719,0.116122389794189,0.00748589736334521
"P","lnpois",5,0.1,1,0.5,"edgeR","abs_lfc_bin","(1,2]",20,152.05,3.27629042475914,0.71493556700396,0.0178890651338757,0.671618206871952,0.0157804718838949
"P","lnpois",5,0.1,1,0.5,"edgeR","abs_lfc_bin","(2,4]",20,116.95,4.52389852834221,0.993023614426687,0.00184482231314312,0.991503358772803,0.00192378316124638
"P","lnpois",5,0.1,1,0.5,"edgeR","abs_lfc_bin","[0.25,0.5]",20,51.55,4.66085320854229,0.0274701867614789,0.00688517295869933,0.0257214254673955,0.0070447569638704
"P","lnpois",5,0.1,1,0.5,"edgeR","expr_decile","1",20,42.2,1.35452458158029,0.495795451976823,0.0170650348069454,0.467129974010852,0.0156440529529702
"P","lnpois",5,0.1,1,0.5,"edgeR","expr_decile","10",20,47.1,1.47594751012073,0.54719441829359,0.0171683324803804,0.52469719760517,0.0167087405379008
"P","lnpois",5,0.1,1,0.5,"edgeR","expr_decile","2",20,48,1.45095250022002,0.540358784797051,0.0178372686203209,0.525664152418084,0.0171418509057042
"P","lnpois",5,0.1,1,0.5,"edgeR","expr_decile","3",20,47.35,1.29832888542805,0.571873006977755,0.0163359682628623,0.554724225391447,0.0163542583772194
"P","lnpois",5,0.1,1,0.5,"edgeR","expr_decile","4",20,47.6,1.65179328386804,0.571536658030477,0.0213374802336296,0.54902339858855,0.0222936749182999
"P","lnpois",5,0.1,1,0.5,"edgeR","expr_decile","5",20,47.1,1.45077111982051,0.575299534027551,0.0194433646479968,0.54980833779065,0.0197436257391199
"P","lnpois",5,0.1,1,0.5,"edgeR","expr_decile","6",20,47.4,1.58180443265212,0.568571210320259,0.0247331790511769,0.548678678472344,0.0237722325043277
"P","lnpois",5,0.1,1,0.5,"edgeR","expr_decile","7",20,47.9,1.13299788637328,0.559754092766927,0.0202758745253441,0.546442245122059,0.0196150779212502
"P","lnpois",5,0.1,1,0.5,"edgeR","expr_decile","8",20,49.25,1.77092750007625,0.563278347535147,0.0255526920356033,0.544134509586577,0.0252433289153572
"P","lnpois",5,0.1,1,0.5,"edgeR","expr_decile","9",20,45.2,1.49490362301563,0.544191921904502,0.0238962623251054,0.525047029383728,0.0232967245401585
"P","lnpois",5,0.1,1,0.5,"limma","abs_lfc_bin","(0.5,1]",20,72.35,5.55227549369578,0.127795645537417,0.00675036455962215,0.137594075397668,0.00721308993826848
"P","lnpois",5,0.1,1,0.5,"limma","abs_lfc_bin","(1,2]",20,152.05,3.27629042475914,0.701174422431104,0.0189210115331506,0.703394451750401,0.015414403129235
"P","lnpois",5,0.1,1,0.5,"limma","abs_lfc_bin","(2,4]",20,116.95,4.52389852834221,0.993709612159113,0.00162438717110105,0.993756040730542,0.00148604178622934
"P","lnpois",5,0.1,1,0.5,"limma","abs_lfc_bin","[0.25,0.5]",20,51.55,4.66085320854229,0.024400380133821,0.00523939005339718,0.0257385111309007,0.00633988790926507
"P","lnpois",5,0.1,1,0.5,"limma","expr_decile","1",20,42.2,1.35452458158029,0.48602325151194,0.0180594882550362,0.479051551900921,0.0175023320105921
"P","lnpois",5,0.1,1,0.5,"limma","expr_decile","10",20,47.1,1.47594751012073,0.543096963664885,0.0170707935944488,0.545266136026212,0.016060113120952
"P","lnpois",5,0.1,1,0.5,"limma","expr_decile","2",20,48,1.45095250022002,0.533464788868393,0.0170188173409174,0.534536897449051,0.0160989092472404
"P","lnpois",5,0.1,1,0.5,"limma","expr_decile","3",20,47.35,1.29832888542805,0.559190507124058,0.0174399026762346,0.561410681831253,0.0162185751949275
"P","lnpois",5,0.1,1,0.5,"limma","expr_decile","4",20,47.6,1.65179328386804,0.557063622634842,0.0225726412046108,0.563165188067852,0.0215813218275806
"P","lnpois",5,0.1,1,0.5,"limma","expr_decile","5",20,47.1,1.45077111982051,0.563102429168342,0.0185169602001986,0.566372114070075,0.0193400108929472
"P","lnpois",5,0.1,1,0.5,"limma","expr_decile","6",20,47.4,1.58180443265212,0.564366552187983,0.0248199182699341,0.565497224636246,0.025407826413025
"P","lnpois",5,0.1,1,0.5,"limma","expr_decile","7",20,47.9,1.13299788637328,0.554610981689652,0.02232927530732,0.55826780665434,0.0208787764351244
"P","lnpois",5,0.1,1,0.5,"limma","expr_decile","8",20,49.25,1.77092750007625,0.554697074483165,0.0254335184414075,0.552933201357249,0.0246189851799593
"P","lnpois",5,0.1,1,0.5,"limma","expr_decile","9",20,45.2,1.49490362301563,0.535310819502634,0.0237850207027007,0.540899407507558,0.0233756034052397
"P","lnpois",5,0.1,1,0.5,"TOX-log","abs_lfc_bin","(0.5,1]",20,72.35,5.55227549369578,0.15356273550225,0.0144913070511079,0.141050897625372,0.0113610060080897
"P","lnpois",5,0.1,1,0.5,"TOX-log","abs_lfc_bin","(1,2]",20,152.05,3.27629042475914,0.729261548464071,0.0185271459966466,0.710880133650231,0.015849823001984
"P","lnpois",5,0.1,1,0.5,"TOX-log","abs_lfc_bin","(2,4]",20,116.95,4.52389852834221,0.99566606861557,0.00119829530362285,0.995725822246752,0.00135267491792266
"P","lnpois",5,0.1,1,0.5,"TOX-log","abs_lfc_bin","[0.25,0.5]",20,51.55,4.66085320854229,0.0328769640850137,0.00594660240323667,0.0324279538933294,0.00552195062422395
"P","lnpois",5,0.1,1,0.5,"TOX-log","expr_decile","1",20,42.2,1.35452458158029,0.504171768463883,0.0187515910366977,0.489802437142989,0.0171630685282689
"P","lnpois",5,0.1,1,0.5,"TOX-log","expr_decile","10",20,47.1,1.47594751012073,0.554347189574587,0.0155910248483149,0.544544344046132,0.0160330708575744
"P","lnpois",5,0.1,1,0.5,"TOX-log","expr_decile","2",20,48,1.45095250022002,0.557291760495692,0.0177680562130299,0.548886201258382,0.0167681037886365
"P","lnpois",5,0.1,1,0.5,"TOX-log","expr_decile","3",20,47.35,1.29832888542805,0.586064963119814,0.0176209396839687,0.580161267781336,0.0164108244043144
"P","lnpois",5,0.1,1,0.5,"TOX-log","expr_decile","4",20,47.6,1.65179328386804,0.573157432989435,0.0231787711443097,0.56764514328102,0.0231496491102945
"P","lnpois",5,0.1,1,0.5,"TOX-log","expr_decile","5",20,47.1,1.45077111982051,0.579918077768119,0.019791583398942,0.571378617228659,0.0199224863312426
"P","lnpois",5,0.1,1,0.5,"TOX-log","expr_decile","6",20,47.4,1.58180443265212,0.576498035683718,0.024304353225901,0.564006632135228,0.0255386487962847
"P","lnpois",5,0.1,1,0.5,"TOX-log","expr_decile","7",20,47.9,1.13299788637328,0.565785584739413,0.0224886396682919,0.56194466626889,0.0225537302728208
"P","lnpois",5,0.1,1,0.5,"TOX-log","expr_decile","8",20,49.25,1.77092750007625,0.559099762459071,0.0272488406094528,0.554427491227478,0.0270047183111539
"P","lnpois",5,0.1,1,0.5,"TOX-log","expr_decile","9",20,45.2,1.49490362301563,0.551532788696734,0.025614277297236,0.537272862247851,0.0243020749993995
"P","lnpois",5,0.1,1,0.5,"TOX-log-blocked","abs_lfc_bin","(0.5,1]",20,72.35,5.55227549369578,0.0811268129685,0.0103148815497326,0.145828707657763,0.0100479270858137
"P","lnpois",5,0.1,1,0.5,"TOX-log-blocked","abs_lfc_bin","(1,2]",20,152.05,3.27629042475914,0.610131287778026,0.0204200666769492,0.713486926113613,0.0164129831339187
"P","lnpois",5,0.1,1,0.5,"TOX-log-blocked","abs_lfc_bin","(2,4]",20,116.95,4.52389852834221,0.989908334755078,0.00207414366058162,0.995270421301252,0.00163921708881085
"P","lnpois",5,0.1,1,0.5,"TOX-log-blocked","abs_lfc_bin","[0.25,0.5]",20,51.55,4.66085320854229,0.0121616653522472,0.00388978254782822,0.031168309742802,0.0056730663258062
"P","lnpois",5,0.1,1,0.5,"TOX-log-blocked","expr_decile","1",20,42.2,1.35452458158029,0.441117782970392,0.0164778406795634,0.491083989593164,0.0163835684757445
"P","lnpois",5,0.1,1,0.5,"TOX-log-blocked","expr_decile","10",20,47.1,1.47594751012073,0.488172695950543,0.0191839116644757,0.543303085304873,0.0153861371258951
"P","lnpois",5,0.1,1,0.5,"TOX-log-blocked","expr_decile","2",20,48,1.45095250022002,0.499443836218562,0.0175690290789031,0.553428882346114,0.0156336938477531
"P","lnpois",5,0.1,1,0.5,"TOX-log-blocked","expr_decile","3",20,47.35,1.29832888542805,0.520272243982453,0.0195706922429168,0.578573246247336,0.0166359081573226
"P","lnpois",5,0.1,1,0.5,"TOX-log-blocked","expr_decile","4",20,47.6,1.65179328386804,0.522142493850568,0.0217414806071868,0.567384405228993,0.0236374676878381
"P","lnpois",5,0.1,1,0.5,"TOX-log-blocked","expr_decile","5",20,47.1,1.45077111982051,0.526075873418139,0.0208515985434522,0.570694302093124,0.0183528179796596
"P","lnpois",5,0.1,1,0.5,"TOX-log-blocked","expr_decile","6",20,47.4,1.58180443265212,0.519325935271246,0.0272768943121019,0.564088282291002,0.0255606938533843
"P","lnpois",5,0.1,1,0.5,"TOX-log-blocked","expr_decile","7",20,47.9,1.13299788637328,0.517360223545112,0.0224702852005606,0.561035369216736,0.0227890823721834
"P","lnpois",5,0.1,1,0.5,"TOX-log-blocked","expr_decile","8",20,49.25,1.77092750007625,0.520722048997793,0.0264461040199685,0.556292570592557,0.0266019434488367
"P","lnpois",5,0.1,1,0.5,"TOX-log-blocked","expr_decile","9",20,45.2,1.49490362301563,0.500776027841806,0.0259651573291782,0.544652708042639,0.0242218003035816
"P","lnpois",5,0.1,1,0.5,"TOX-log-boot","abs_lfc_bin","(0.5,1]",20,72.35,5.55227549369578,0.144399759772385,0.0133464069740782,0.139282585433438,0.0108034215300975
"P","lnpois",5,0.1,1,0.5,"TOX-log-boot","abs_lfc_bin","(1,2]",20,152.05,3.27629042475914,0.719221397278113,0.0196546863581379,0.716616984142866,0.0160314884298124
"P","lnpois",5,0.1,1,0.5,"TOX-log-boot","abs_lfc_bin","(2,4]",20,116.95,4.52389852834221,0.995162046736548,0.00121126117093333,0.996163278444109,0.00150014429902301
"P","lnpois",5,0.1,1,0.5,"TOX-log-boot","abs_lfc_bin","[0.25,0.5]",20,51.55,4.66085320854229,0.0309564403896421,0.00626817995560981,0.0286996577051844,0.00580726693586935
"P","lnpois",5,0.1,1,0.5,"TOX-log-boot","expr_decile","1",20,42.2,1.35452458158029,0.498223286993257,0.0200295628728588,0.492117296218342,0.0171687946719338
"P","lnpois",5,0.1,1,0.5,"TOX-log-boot","expr_decile","10",20,47.1,1.47594751012073,0.546639195299951,0.015938245364148,0.541835422396077,0.0158510098891926
"P","lnpois",5,0.1,1,0.5,"TOX-log-boot","expr_decile","2",20,48,1.45095250022002,0.54802800669023,0.0177771976271213,0.546609706422703,0.0165156927456675
"P","lnpois",5,0.1,1,0.5,"TOX-log-boot","expr_decile","3",20,47.35,1.29832888542805,0.576944400116625,0.0185481874505569,0.578687943288944,0.0170234839603092
"P","lnpois",5,0.1,1,0.5,"TOX-log-boot","expr_decile","4",20,47.6,1.65179328386804,0.57072544722793,0.0230149828852816,0.569337123905116,0.0226342845004152
"P","lnpois",5,0.1,1,0.5,"TOX-log-boot","expr_decile","5",20,47.1,1.45077111982051,0.573832217847411,0.0191856217754096,0.571883326483368,0.0191396765442751
"P","lnpois",5,0.1,1,0.5,"TOX-log-boot","expr_decile","6",20,47.4,1.58180443265212,0.570790750188863,0.0249175826675108,0.569753002678611,0.024181427029763
"P","lnpois",5,0.1,1,0.5,"TOX-log-boot","expr_decile","7",20,47.9,1.13299788637328,0.559706250612772,0.0233314379500677,0.560777472524056,0.0223600601222695
"P","lnpois",5,0.1,1,0.5,"TOX-log-boot","expr_decile","8",20,49.25,1.77092750007625,0.558290238649548,0.0267845808439415,0.558431820231807,0.0263512716582599
"P","lnpois",5,0.1,1,0.5,"TOX-log-boot","expr_decile","9",20,45.2,1.49490362301563,0.551554510318556,0.0256468889972933,0.543463490283653,0.0242772977097818
"P","lnpois",5,0.1,1,0.5,"TOX-raw","abs_lfc_bin","(0.5,1]",20,72.35,5.55227549369578,0.0316040910202011,0.00407848936421268,0.0994125689864178,0.00902176271230942
"P","lnpois",5,0.1,1,0.5,"TOX-raw","abs_lfc_bin","(1,2]",20,152.05,3.27629042475914,0.283429972453078,0.0159013165993843,0.615464484753848,0.0150323125771422
"P","lnpois",5,0.1,1,0.5,"TOX-raw","abs_lfc_bin","(2,4]",20,116.95,4.52389852834221,0.805274663099158,0.0101587267222845,0.978906114651224,0.0068128769018227
"P","lnpois",5,0.1,1,0.5,"TOX-raw","abs_lfc_bin","[0.25,0.5]",20,51.55,4.66085320854229,0.00474439775910364,0.00232205444197421,0.0228274779197244,0.00452211106397329
"P","lnpois",5,0.1,1,0.5,"TOX-raw","expr_decile","1",20,42.2,1.35452458158029,0.304316907756966,0.0193856756835447,0.464372804350598,0.0182991079634699
"P","lnpois",5,0.1,1,0.5,"TOX-raw","expr_decile","10",20,47.1,1.47594751012073,0.321398635023312,0.0162810793931414,0.497220305129267,0.0173812295104353
"P","lnpois",5,0.1,1,0.5,"TOX-raw","expr_decile","2",20,48,1.45095250022002,0.352762922489515,0.0220643904651513,0.513617856981677,0.0173068774088108
"P","lnpois",5,0.1,1,0.5,"TOX-raw","expr_decile","3",20,47.35,1.29832888542805,0.346787088017364,0.0180979943328197,0.535440468917235,0.0176325178502079
"P","lnpois",5,0.1,1,0.5,"TOX-raw","expr_decile","4",20,47.6,1.65179328386804,0.373917028684769,0.0208073820432757,0.533442632000294,0.0200591155880638
"P","lnpois",5,0.1,1,0.5,"TOX-raw","expr_decile","5",20,47.1,1.45077111982051,0.351333575987413,0.0184530930463571,0.520865955023881,0.0190928961032274
"P","lnpois",5,0.1,1,0.5,"TOX-raw","expr_decile","6",20,47.4,1.58180443265212,0.359713423637373,0.0231604694264268,0.518284108936183,0.0246498193361989
"P","lnpois",5,0.1,1,0.5,"TOX-raw","expr_decile","7",20,47.9,1.13299788637328,0.335637419893608,0.0255502812839706,0.506083507589003,0.0207578280108731
"P","lnpois",5,0.1,1,0.5,"TOX-raw","expr_decile","8",20,49.25,1.77092750007625,0.36435453808824,0.0263746406501904,0.507725290098028,0.0274895633549487
"P","lnpois",5,0.1,1,0.5,"TOX-raw","expr_decile","9",20,45.2,1.49490362301563,0.332213574311163,0.0228569705494593,0.501281179114386,0.0260829201938139
"P","lnpois",5,0.1,1,0.5,"TOX-raw-blocked","abs_lfc_bin","(0.5,1]",20,72.35,5.55227549369578,0.00375964994880763,0.00230744329312865,0.122357753375457,0.00992093234532766
"P","lnpois",5,0.1,1,0.5,"TOX-raw-blocked","abs_lfc_bin","(1,2]",20,152.05,3.27629042475914,0.0422874048380523,0.013305380855957,0.673767541828573,0.0150775841264457
"P","lnpois",5,0.1,1,0.5,"TOX-raw-blocked","abs_lfc_bin","(2,4]",20,116.95,4.52389852834221,0.290121398332051,0.0673682493740187,0.99086127520211,0.00202210569108931
"P","lnpois",5,0.1,1,0.5,"TOX-raw-blocked","abs_lfc_bin","[0.25,0.5]",20,51.55,4.66085320854229,0,0,0.0248547715958155,0.00539999245341713
"P","lnpois",5,0.1,1,0.5,"TOX-raw-blocked","expr_decile","1",20,42.2,1.35452458158029,0.0945683592414974,0.025556836240959,0.480387233964426,0.0172539947696123
"P","lnpois",5,0.1,1,0.5,"TOX-raw-blocked","expr_decile","10",20,47.1,1.47594751012073,0.107543346113867,0.0292750447155758,0.535395486546327,0.0157047902901413
"P","lnpois",5,0.1,1,0.5,"TOX-raw-blocked","expr_decile","2",20,48,1.45095250022002,0.120126844998113,0.0328935748205658,0.534641914299043,0.0165219684128921
"P","lnpois",5,0.1,1,0.5,"TOX-raw-blocked","expr_decile","3",20,47.35,1.29832888542805,0.127668528947065,0.0332086424893466,0.556581500883062,0.0160328026547377
"P","lnpois",5,0.1,1,0.5,"TOX-raw-blocked","expr_decile","4",20,47.6,1.65179328386804,0.136621754486479,0.0344949287896691,0.553242195113571,0.0215817412668661
"P","lnpois",5,0.1,1,0.5,"TOX-raw-blocked","expr_decile","5",20,47.1,1.45077111982051,0.128498375167843,0.0337264095903682,0.548027452609295,0.019253825475134
"P","lnpois",5,0.1,1,0.5,"TOX-raw-blocked","expr_decile","6",20,47.4,1.58180443265212,0.128747121713661,0.035641995304655,0.54057336985016,0.0257464702764671
"P","lnpois",5,0.1,1,0.5,"TOX-raw-blocked","expr_decile","7",20,47.9,1.13299788637328,0.133449484028791,0.0377419238470739,0.537212286335887,0.0230045386339867
"P","lnpois",5,0.1,1,0.5,"TOX-raw-blocked","expr_decile","8",20,49.25,1.77092750007625,0.134043670289423,0.0359513048932504,0.542440850604836,0.0260052415193145
"P","lnpois",5,0.1,1,0.5,"TOX-raw-blocked","expr_decile","9",20,45.2,1.49490362301563,0.116206307078901,0.0335651368990849,0.523316374474397,0.0238282448198704
"P","lnpois",10,0.1,1,0.5,"DESeq2","abs_lfc_bin","(0.5,1]",20,81.95,6.80111252509083,0.40346233307917,0.0186775874039083,0.287405553215844,0.0193107648139123
"P","lnpois",10,0.1,1,0.5,"DESeq2","abs_lfc_bin","(1,2]",20,145.75,4.09613103717205,0.949131452751534,0.00499220360341234,0.907845743638229,0.00853919113016192
"P","lnpois",10,0.1,1,0.5,"DESeq2","abs_lfc_bin","(2,4]",20,122.05,3.83849956980178,0.999537037037037,0.000462962962962965,0.999537037037037,0.000462962962962965
"P","lnpois",10,0.1,1,0.5,"DESeq2","abs_lfc_bin","[0.25,0.5]",20,50.6,5.72593361727794,0.0941398673736846,0.0133978989146806,0.0381219811143049,0.00675001608700451
"P","lnpois",10,0.1,1,0.5,"DESeq2","expr_decile","1",20,41.4,1.43343532888835,0.645055870260132,0.016897577429119,0.605060803181906,0.0176753123598994
"P","lnpois",10,0.1,1,0.5,"DESeq2","expr_decile","10",20,47.05,1.32679867984638,0.713996136168117,0.024260789375987,0.663228773405708,0.0229723615677061
"P","lnpois",10,0.1,1,0.5,"DESeq2","expr_decile","2",20,47.55,1.5208636742948,0.717113300915999,0.0236681719741272,0.677562835720636,0.0250862667293425
"P","lnpois",10,0.1,1,0.5,"DESeq2","expr_decile","3",20,46.8,1.68679078664034,0.676414090192641,0.0197569258486677,0.642009539280804,0.0186549364577509
"P","lnpois",10,0.1,1,0.5,"DESeq2","expr_decile","4",20,48.1,1.23522851071541,0.696482348856178,0.0145307999884098,0.661990589666393,0.0143309435198034
"P","lnpois",10,0.1,1,0.5,"DESeq2","expr_decile","5",20,46.85,1.39033316719032,0.710667874222647,0.0176542794875648,0.675023004361674,0.0192122462752265
"P","lnpois",10,0.1,1,0.5,"DESeq2","expr_decile","6",20,48.6,1.57011565112088,0.701961075362685,0.0152895788750682,0.664896445538168,0.016703460208811
"P","lnpois",10,0.1,1,0.5,"DESeq2","expr_decile","7",20,44.65,1.38274136562501,0.691788657651763,0.0256716147295489,0.656555337834121,0.023567321710703
"P","lnpois",10,0.1,1,0.5,"DESeq2","expr_decile","8",20,49.85,1.4460017471053,0.681834910916589,0.0213981965936572,0.642672403107384,0.0218128280629722
"P","lnpois",10,0.1,1,0.5,"DESeq2","expr_decile","9",20,47.5,1.66306628661765,0.68801434882525,0.0203974666784504,0.647553729145739,0.0205113624691458
"P","lnpois",10,0.1,1,0.5,"edgeR","abs_lfc_bin","(0.5,1]",20,81.95,6.80111252509083,0.374363768142988,0.0180568757350835,0.33736115463434,0.0159282049540813
"P","lnpois",10,0.1,1,0.5,"edgeR","abs_lfc_bin","(1,2]",20,145.75,4.09613103717205,0.945948024157955,0.0061853472159587,0.926988896434286,0.00772681780236467
"P","lnpois",10,0.1,1,0.5,"edgeR","abs_lfc_bin","(2,4]",20,122.05,3.83849956980178,0.999537037037037,0.000462962962962965,0.999537037037037,0.000462962962962965
"P","lnpois",10,0.1,1,0.5,"edgeR","abs_lfc_bin","[0.25,0.5]",20,50.6,5.72593361727794,0.0700276578225796,0.0101596687796178,0.0448792929930766,0.00792611643006953
"P","lnpois",10,0.1,1,0.5,"edgeR","expr_decile","1",20,41.4,1.43343532888835,0.637863524126753,0.0178457862734041,0.613564054281906,0.018631577089937
"P","lnpois",10,0.1,1,0.5,"edgeR","expr_decile","10",20,47.05,1.32679867984638,0.704681634164204,0.0219955062271866,0.689666502690605,0.0222149713693198
"P","lnpois",10,0.1,1,0.5,"edgeR","expr_decile","2",20,47.55,1.5208636742948,0.707307786977384,0.0228381644501456,0.68861077143844,0.0240108806261018
"P","lnpois",10,0.1,1,0.5,"edgeR","expr_decile","3",20,46.8,1.68679078664034,0.66894814979568,0.0205254854953717,0.654727705778741,0.0197034475071261
"P","lnpois",10,0.1,1,0.5,"edgeR","expr_decile","4",20,48.1,1.23522851071541,0.683605566393452,0.0144284315727061,0.673068747158569,0.0141588921449564
"P","lnpois",10,0.1,1,0.5,"edgeR","expr_decile","5",20,46.85,1.39033316719032,0.700478258809311,0.0192905298490088,0.686693092812458,0.0181511675342064
"P","lnpois",10,0.1,1,0.5,"edgeR","expr_decile","6",20,48.6,1.57011565112088,0.695267821690219,0.01435872331022,0.684450798532274,0.014597787502302
"P","lnpois",10,0.1,1,0.5,"edgeR","expr_decile","7",20,44.65,1.38274136562501,0.680604581370477,0.0239209184631682,0.675601814947889,0.0232629279265043
"P","lnpois",10,0.1,1,0.5,"edgeR","expr_decile","8",20,49.85,1.4460017471053,0.673517594220671,0.0204347474124955,0.658430650571283,0.0210741085492919
"P","lnpois",10,0.1,1,0.5,"edgeR","expr_decile","9",20,47.5,1.66306628661765,0.675976938468153,0.0201272484990407,0.657672152444223,0.0198357006323718
"P","lnpois",10,0.1,1,0.5,"limma","abs_lfc_bin","(0.5,1]",20,81.95,6.80111252509083,0.359807395439351,0.0182750414909049,0.35917843716093,0.0180583000020433
"P","lnpois",10,0.1,1,0.5,"limma","abs_lfc_bin","(1,2]",20,145.75,4.09613103717205,0.943865475431275,0.00589095517947172,0.944972304015966,0.00559056048503266
"P","lnpois",10,0.1,1,0.5,"limma","abs_lfc_bin","(2,4]",20,122.05,3.83849956980178,1,0,1,0
"P","lnpois",10,0.1,1,0.5,"limma","abs_lfc_bin","[0.25,0.5]",20,50.6,5.72593361727794,0.056019617834907,0.0087999824979742,0.054871403411756,0.00797994048065291
"P","lnpois",10,0.1,1,0.5,"limma","expr_decile","1",20,41.4,1.43343532888835,0.635393315017458,0.0192047391198143,0.635209529536523,0.0177855524301803
"P","lnpois",10,0.1,1,0.5,"limma","expr_decile","10",20,47.05,1.32679867984638,0.70062291850692,0.0237001659603368,0.702028889986421,0.0228241288589557
"P","lnpois",10,0.1,1,0.5,"limma","expr_decile","2",20,47.55,1.5208636742948,0.698994663607762,0.0238317048581064,0.700509116709529,0.0242676767702668
"P","lnpois",10,0.1,1,0.5,"limma","expr_decile","3",20,46.8,1.68679078664034,0.668740105446049,0.0189696932312831,0.667061367281207,0.0191316345750361
"P","lnpois",10,0.1,1,0.5,"limma","expr_decile","4",20,48.1,1.23522851071541,0.676490865218316,0.0146044138391733,0.679173690493943,0.0144922630996387
"P","lnpois",10,0.1,1,0.5,"limma","expr_decile","5",20,46.85,1.39033316719032,0.692348211794118,0.0183795987256788,0.695475871368586,0.0180261552875065
"P","lnpois",10,0.1,1,0.5,"limma","expr_decile","6",20,48.6,1.57011565112088,0.685069068953701,0.016968951010715,0.684069919293837,0.0164221829722415
"P","lnpois",10,0.1,1,0.5,"limma","expr_decile","7",20,44.65,1.38274136562501,0.678475896726768,0.0230551856167014,0.680996304890033,0.0213384874545854
"P","lnpois",10,0.1,1,0.5,"limma","expr_decile","8",20,49.85,1.4460017471053,0.6704487591145,0.0194706481677741,0.664749214230633,0.0201609849452196
"P","lnpois",10,0.1,1,0.5,"limma","expr_decile","9",20,47.5,1.66306628661765,0.676236216604853,0.0202952059698918,0.677814110597699,0.0204543360458638
"P","lnpois",10,0.1,1,0.5,"TOX-log","abs_lfc_bin","(0.5,1]",20,81.95,6.80111252509083,0.372376470764938,0.0211480257148988,0.381454800459497,0.0188510183250372
"P","lnpois",10,0.1,1,0.5,"TOX-log","abs_lfc_bin","(1,2]",20,145.75,4.09613103717205,0.955434923283956,0.00525694376446372,0.956988876424638,0.00542886164150992
"P","lnpois",10,0.1,1,0.5,"TOX-log","abs_lfc_bin","(2,4]",20,122.05,3.83849956980178,1,0,1,0
"P","lnpois",10,0.1,1,0.5,"TOX-log","abs_lfc_bin","[0.25,0.5]",20,50.6,5.72593361727794,0.0594018266921793,0.00771698641792326,0.0642620704253739,0.00858747765952341
"P","lnpois",10,0.1,1,0.5,"TOX-log","expr_decile","1",20,41.4,1.43343532888835,0.637122022568418,0.0179890706763654,0.637533796078596,0.0177654823179561
"P","lnpois",10,0.1,1,0.5,"TOX-log","expr_decile","10",20,47.05,1.32679867984638,0.708624119417114,0.0241171313617239,0.712667804663866,0.0237546406610312
"P","lnpois",10,0.1,1,0.5,"TOX-log","expr_decile","2",20,47.55,1.5208636742948,0.716745422072939,0.0246738979450697,0.719335532710447,0.0245776287425335
"P","lnpois",10,0.1,1,0.5,"TOX-log","expr_decile","3",20,46.8,1.68679078664034,0.670239146276065,0.0206195361741546,0.673698032775803,0.0195421356713294
"P","lnpois",10,0.1,1,0.5,"TOX-log","expr_decile","4",20,48.1,1.23522851071541,0.684251895609742,0.0147243009838201,0.686747087993217,0.0141189346084731
"P","lnpois",10,0.1,1,0.5,"TOX-log","expr_decile","5",20,46.85,1.39033316719032,0.700110674335182,0.0181546596616833,0.701924953518566,0.0183855241042296
"P","lnpois",10,0.1,1,0.5,"TOX-log","expr_decile","6",20,48.6,1.57011565112088,0.694307291515453,0.0165918240111652,0.69620127569383,0.0158927712243789
"P","lnpois",10,0.1,1,0.5,"TOX-log","expr_decile","7",20,44.65,1.38274136562501,0.685484076406496,0.0218203546559559,0.687295946507279,0.0223124529877014
"P","lnpois",10,0.1,1,0.5,"TOX-log","expr_decile","8",20,49.85,1.4460017471053,0.676894628060369,0.0211436649084283,0.678301959563548,0.0216079121107743
"P","lnpois",10,0.1,1,0.5,"TOX-log","expr_decile","9",20,47.5,1.66306628661765,0.682253914741018,0.0196916436693437,0.688496085131633,0.0188585385999483
"P","lnpois",10,0.1,1,0.5,"TOX-log-blocked","abs_lfc_bin","(0.5,1]",20,81.95,6.80111252509083,0.306550377889623,0.0197879211437354,0.377578737188489,0.0189395383553948
"P","lnpois",10,0.1,1,0.5,"TOX-log-blocked","abs_lfc_bin","(1,2]",20,145.75,4.09613103717205,0.933243793814648,0.00723562910820937,0.957013056244609,0.00544646787456288
"P","lnpois",10,0.1,1,0.5,"TOX-log-blocked","abs_lfc_bin","(2,4]",20,122.05,3.83849956980178,1,0,1,0
"P","lnpois",10,0.1,1,0.5,"TOX-log-blocked","abs_lfc_bin","[0.25,0.5]",20,50.6,5.72593361727794,0.0367546017617967,0.00702857810266604,0.0590310226328507,0.00842577451278674
"P","lnpois",10,0.1,1,0.5,"TOX-log-blocked","expr_decile","1",20,41.4,1.43343532888835,0.618699216473001,0.0190922032684244,0.639074132958028,0.0180086650646238
"P","lnpois",10,0.1,1,0.5,"TOX-log-blocked","expr_decile","10",20,47.05,1.32679867984638,0.684621742848747,0.0246265348807728,0.712254230143148,0.0234915854458792
"P","lnpois",10,0.1,1,0.5,"TOX-log-blocked","expr_decile","2",20,47.55,1.5208636742948,0.679294690049905,0.0269022041498708,0.714713925004817,0.0241880712655243
"P","lnpois",10,0.1,1,0.5,"TOX-log-blocked","expr_decile","3",20,46.8,1.68679078664034,0.652190926219996,0.0210371205707201,0.669414436527091,0.0196341287557919
"P","lnpois",10,0.1,1,0.5,"TOX-log-blocked","expr_decile","4",20,48.1,1.23522851071541,0.671484558891645,0.0154033235777029,0.686981006121872,0.0140263139916314
"P","lnpois",10,0.1,1,0.5,"TOX-log-blocked","expr_decile","5",20,46.85,1.39033316719032,0.682501605613741,0.0195391588830839,0.698240282551169,0.0188095907538747
"P","lnpois",10,0.1,1,0.5,"TOX-log-blocked","expr_decile","6",20,48.6,1.57011565112088,0.668525055122234,0.0176843252266657,0.696411359727443,0.0155773052212867
"P","lnpois",10,0.1,1,0.5,"TOX-log-blocked","expr_decile","7",20,44.65,1.38274136562501,0.666657310466883,0.0239087183280348,0.688611735980964,0.021930008796468
"P","lnpois",10,0.1,1,0.5,"TOX-log-blocked","expr_decile","8",20,49.85,1.4460017471053,0.659098834408855,0.0219799096965176,0.68066063770711,0.0216475553592134
"P","lnpois",10,0.1,1,0.5,"TOX-log-blocked","expr_decile","9",20,47.5,1.66306628661765,0.657810234302327,0.0225401739073911,0.685879062884567,0.0193661078671184
"P","lnpois",10,0.1,1,0.5,"TOX-log-boot","abs_lfc_bin","(0.5,1]",20,81.95,6.80111252509083,0.371205782198856,0.0203761431162481,0.379947991593075,0.0188266561755906
"P","lnpois",10,0.1,1,0.5,"TOX-log-boot","abs_lfc_bin","(1,2]",20,145.75,4.09613103717205,0.953622916604507,0.00526101965303948,0.956951827900467,0.0050023953758938
"P","lnpois",10,0.1,1,0.5,"TOX-log-boot","abs_lfc_bin","(2,4]",20,122.05,3.83849956980178,1,0,1,0
"P","lnpois",10,0.1,1,0.5,"TOX-log-boot","abs_lfc_bin","[0.25,0.5]",20,50.6,5.72593361727794,0.053866112406465,0.00790546244746418,0.0578557127702728,0.00739083431375768
"P","lnpois",10,0.1,1,0.5,"TOX-log-boot","expr_decile","1",20,41.4,1.43343532888835,0.631586937498449,0.0188058443340587,0.638917724650024,0.018113652220485
"P","lnpois",10,0.1,1,0.5,"TOX-log-boot","expr_decile","10",20,47.05,1.32679867984638,0.707302686588664,0.024792642946689,0.711800394762842,0.0248749379257959
"P","lnpois",10,0.1,1,0.5,"TOX-log-boot","expr_decile","2",20,47.55,1.5208636742948,0.710790727571389,0.024468551283584,0.71562687147483,0.0243949666486568
"P","lnpois",10,0.1,1,0.5,"TOX-log-boot","expr_decile","3",20,46.8,1.68679078664034,0.672367749380278,0.0203193648540105,0.671224566525741,0.0197146401147272
"P","lnpois",10,0.1,1,0.5,"TOX-log-boot","expr_decile","4",20,48.1,1.23522851071541,0.681078709668699,0.0149190925001697,0.68579288307391,0.014195047520417
"P","lnpois",10,0.1,1,0.5,"TOX-log-boot","expr_decile","5",20,46.85,1.39033316719032,0.698222513655335,0.0184475225275898,0.699368905739575,0.0186701567649463
"P","lnpois",10,0.1,1,0.5,"TOX-log-boot","expr_decile","6",20,48.6,1.57011565112088,0.69309895818212,0.0160556115370045,0.694353459294543,0.0159011289480821
"P","lnpois",10,0.1,1,0.5,"TOX-log-boot","expr_decile","7",20,44.65,1.38274136562501,0.685232116720045,0.0219964731312232,0.686008424943162,0.021848157301317
"P","lnpois",10,0.1,1,0.5,"TOX-log-boot","expr_decile","8",20,49.85,1.4460017471053,0.678041108391632,0.0210973340984926,0.677250372261961,0.0213613784221926
"P","lnpois",10,0.1,1,0.5,"TOX-log-boot","expr_decile","9",20,47.5,1.66306628661765,0.681877808743063,0.0193676553461915,0.689045905059604,0.0187346150816586
"P","lnpois",10,0.1,1,0.5,"TOX-raw","abs_lfc_bin","(0.5,1]",20,81.95,6.80111252509083,0.090612168010473,0.0101064219829448,0.327144892576668,0.0200790390129989
"P","lnpois",10,0.1,1,0.5,"TOX-raw","abs_lfc_bin","(1,2]",20,145.75,4.09613103717205,0.688370117831046,0.0168904176569619,0.933737533202399,0.00753536121784665
"P","lnpois",10,0.1,1,0.5,"TOX-raw","abs_lfc_bin","(2,4]",20,122.05,3.83849956980178,0.990495040398878,0.00188700979718176,1,0
"P","lnpois",10,0.1,1,0.5,"TOX-raw","abs_lfc_bin","[0.25,0.5]",20,50.6,5.72593361727794,0.00457392942561026,0.00240507663015374,0.0522526016648729,0.0066884607091874
"P","lnpois",10,0.1,1,0.5,"TOX-raw","expr_decile","1",20,41.4,1.43343532888835,0.493974393507472,0.0200171983643353,0.625282273488855,0.0189858158626734
"P","lnpois",10,0.1,1,0.5,"TOX-raw","expr_decile","10",20,47.05,1.32679867984638,0.533651370068162,0.0251453208470513,0.699834598291854,0.0252969754273782
"P","lnpois",10,0.1,1,0.5,"TOX-raw","expr_decile","2",20,47.55,1.5208636742948,0.554437581586997,0.0322538599144474,0.691288138685948,0.0264089223083428
"P","lnpois",10,0.1,1,0.5,"TOX-raw","expr_decile","3",20,46.8,1.68679078664034,0.55066810470499,0.0244932067871343,0.653478435017998,0.0216585007659622
"P","lnpois",10,0.1,1,0.5,"TOX-raw","expr_decile","4",20,48.1,1.23522851071541,0.548911003671587,0.0205749756394018,0.673661008482121,0.0143016423414822
"P","lnpois",10,0.1,1,0.5,"TOX-raw","expr_decile","5",20,46.85,1.39033316719032,0.562276983118092,0.0241873967407381,0.685770340049959,0.0190193792305139
"P","lnpois",10,0.1,1,0.5,"TOX-raw","expr_decile","6",20,48.6,1.57011565112088,0.553413575252852,0.0220779009742703,0.672083780937365,0.0164158991282194
"P","lnpois",10,0.1,1,0.5,"TOX-raw","expr_decile","7",20,44.65,1.38274136562501,0.5411254100601,0.0276728403099365,0.667731090405423,0.0229460873415173
"P","lnpois",10,0.1,1,0.5,"TOX-raw","expr_decile","8",20,49.85,1.4460017471053,0.526112232122679,0.0234990613558434,0.657034259269111,0.0210860419593427
"P","lnpois",10,0.1,1,0.5,"TOX-raw","expr_decile","9",20,47.5,1.66306628661765,0.557302167315019,0.0242917221125067,0.665949230089767,0.0208540684510795
"P","lnpois",10,0.1,1,0.5,"TOX-raw-blocked","abs_lfc_bin","(0.5,1]",20,81.95,6.80111252509083,0.168335537344948,0.0143664411344918,0.336823807309386,0.019161447345326
"P","lnpois",10,0.1,1,0.5,"TOX-raw-blocked","abs_lfc_bin","(1,2]",20,145.75,4.09613103717205,0.836995705005357,0.0117397295471423,0.939457425317291,0.00741718657580186
"P","lnpois",10,0.1,1,0.5,"TOX-raw-blocked","abs_lfc_bin","(2,4]",20,122.05,3.83849956980178,1,0,1,0
"P","lnpois",10,0.1,1,0.5,"TOX-raw-blocked","abs_lfc_bin","[0.25,0.5]",20,50.6,5.72593361727794,0.00989575971795943,0.0036772579131133,0.0518686807918838,0.00802836947728108
"P","lnpois",10,0.1,1,0.5,"TOX-raw-blocked","expr_decile","1",20,41.4,1.43343532888835,0.559271503694721,0.0210439923045904,0.621596122839191,0.0190481069901764
"P","lnpois",10,0.1,1,0.5,"TOX-raw-blocked","expr_decile","10",20,47.05,1.32679867984638,0.609343015840952,0.0259145348565996,0.701958398239183,0.0254319471007838
"P","lnpois",10,0.1,1,0.5,"TOX-raw-blocked","expr_decile","2",20,47.55,1.5208636742948,0.632748875676151,0.0307595158849199,0.698747628865094,0.0251151134195773
"P","lnpois",10,0.1,1,0.5,"TOX-raw-blocked","expr_decile","3",20,46.8,1.68679078664034,0.596786940482426,0.0220643323595406,0.657599534169017,0.0201325939234774
"P","lnpois",10,0.1,1,0.5,"TOX-raw-blocked","expr_decile","4",20,48.1,1.23522851071541,0.608696021164941,0.020120036727144,0.676908483229596,0.014206965334914
"P","lnpois",10,0.1,1,0.5,"TOX-raw-blocked","expr_decile","5",20,46.85,1.39033316719032,0.624893250345384,0.0211352150488649,0.692851647449707,0.0191192916286598
"P","lnpois",10,0.1,1,0.5,"TOX-raw-blocked","expr_decile","6",20,48.6,1.57011565112088,0.622302101230374,0.0200508803024487,0.678619570416703,0.0162743452819497
"P","lnpois",10,0.1,1,0.5,"TOX-raw-blocked","expr_decile","7",20,44.65,1.38274136562501,0.606213072837893,0.027961216484707,0.667945569001761,0.0230251191909011
"P","lnpois",10,0.1,1,0.5,"TOX-raw-blocked","expr_decile","8",20,49.85,1.4460017471053,0.588187461288209,0.0222203293773604,0.661855334375077,0.0194282544242075
"P","lnpois",10,0.1,1,0.5,"TOX-raw-blocked","expr_decile","9",20,47.5,1.66306628661765,0.601538379405928,0.0249548453754103,0.672862468222715,0.0195526965704057
"P","nb",3,0.1,1,0.5,"DESeq2","abs_lfc_bin","(0.5,1]",20,74.3,6.37226721612365,0.0691318072029819,0.00772754339068106,0.0349008811972886,0.00457566066337153
"P","nb",3,0.1,1,0.5,"DESeq2","abs_lfc_bin","(1,2]",20,149.15,4.42378440038081,0.392080536089353,0.0137626743206098,0.281590335014799,0.0118066225251108
"P","nb",3,0.1,1,0.5,"DESeq2","abs_lfc_bin","(2,4]",20,119.95,4.8397884903763,0.920948537010665,0.00622105277529137,0.875860957537337,0.00865255859291133
"P","nb",3,0.1,1,0.5,"DESeq2","abs_lfc_bin","[0.25,0.5]",20,50.95,4.35797816472393,0.0135138869701094,0.00440483579787037,0.00280407001029242,0.00164450156547629
"P","nb",3,0.1,1,0.5,"DESeq2","expr_decile","1",20,43.65,1.6784626424515,0.339482017950267,0.024565301923588,0.286557971383226,0.0214104290545084
"P","nb",3,0.1,1,0.5,"DESeq2","expr_decile","10",20,48.55,1.05500062359672,0.442438556413563,0.0140422072763801,0.380457186349898,0.0165109080141287
"P","nb",3,0.1,1,0.5,"DESeq2","expr_decile","2",20,48.8,1.3814561348923,0.392135762533293,0.0208058232426002,0.336063263395853,0.0166097551477137
"P","nb",3,0.1,1,0.5,"DESeq2","expr_decile","3",20,46.25,1.55745237318412,0.430787230302887,0.0250730949359001,0.378186759777756,0.023914999907697
"P","nb",3,0.1,1,0.5,"DESeq2","expr_decile","4",20,48.65,1.80682186813141,0.393210915422887,0.0229226191964314,0.346968688818416,0.0207297970110958
"P","nb",3,0.1,1,0.5,"DESeq2","expr_decile","5",20,48.65,0.984818978824348,0.450946548134531,0.0248752899626586,0.391658502523233,0.0239757107654302
"P","nb",3,0.1,1,0.5,"DESeq2","expr_decile","6",20,45.8,0.902044461501935,0.423983736552686,0.0163557888286703,0.381160516053073,0.017159014369142
"P","nb",3,0.1,1,0.5,"DESeq2","expr_decile","7",20,48.7,1.36130742109813,0.453369585630822,0.0232899358026403,0.399630683037915,0.0213299079752716
"P","nb",3,0.1,1,0.5,"DESeq2","expr_decile","8",20,46.5,1.17091956665646,0.444114986951591,0.0202365094422453,0.387658945466998,0.0178563558734531
"P","nb",3,0.1,1,0.5,"DESeq2","expr_decile","9",20,44.5,1.4207114600198,0.42689573976395,0.02055670260397,0.372818883352445,0.0205491041913917
"P","nb",3,0.1,1,0.5,"edgeR","abs_lfc_bin","(0.5,1]",20,74.3,6.37226721612365,0.042492589182568,0.00525771307818528,0.0519779639221217,0.00674735442252119
"P","nb",3,0.1,1,0.5,"edgeR","abs_lfc_bin","(1,2]",20,149.15,4.42378440038081,0.311896247651955,0.0154699126149061,0.344849354204483,0.0146144168694499
"P","nb",3,0.1,1,0.5,"edgeR","abs_lfc_bin","(2,4]",20,119.95,4.8397884903763,0.905194839987046,0.00657057868297608,0.915858273739488,0.0062940214180163
"P","nb",3,0.1,1,0.5,"edgeR","abs_lfc_bin","[0.25,0.5]",20,50.95,4.35797816472393,0.00169101731601732,0.00119813395793671,0.00373071275360008,0.00152174246842339
"P","nb",3,0.1,1,0.5,"edgeR","expr_decile","1",20,43.65,1.6784626424515,0.325517867147736,0.021564106266809,0.33894975971162,0.023172495562241
"P","nb",3,0.1,1,0.5,"edgeR","expr_decile","10",20,48.55,1.05500062359672,0.394167781117688,0.0159273389082147,0.414209209806092,0.0175733759686732
"P","nb",3,0.1,1,0.5,"edgeR","expr_decile","2",20,48.8,1.3814561348923,0.3679836797128,0.0217425867557721,0.378471690137691,0.0208435450465306
"P","nb",3,0.1,1,0.5,"edgeR","expr_decile","3",20,46.25,1.55745237318412,0.398822492193318,0.0236991076872077,0.416914875655266,0.0222873362105224
"P","nb",3,0.1,1,0.5,"edgeR","expr_decile","4",20,48.65,1.80682186813141,0.369615346927354,0.0219266079656759,0.38744115460261,0.020720651205694
"P","nb",3,0.1,1,0.5,"edgeR","expr_decile","5",20,48.65,0.984818978824348,0.408504111211439,0.0250812926609388,0.420412048434502,0.0267050458855171
"P","nb",3,0.1,1,0.5,"edgeR","expr_decile","6",20,45.8,0.902044461501935,0.388405562846707,0.0188034681170692,0.403841008342735,0.0190891085339049
"P","nb",3,0.1,1,0.5,"edgeR","expr_decile","7",20,48.7,1.36130742109813,0.415903380182101,0.0198173143753455,0.431585608549728,0.0203679291769653
"P","nb",3,0.1,1,0.5,"edgeR","expr_decile","8",20,46.5,1.17091956665646,0.39386978570461,0.0200208998333897,0.409828370648372,0.0210730863120855
"P","nb",3,0.1,1,0.5,"edgeR","expr_decile","9",20,44.5,1.4207114600198,0.386776207775193,0.0216519747097409,0.398282039290965,0.0218263151653729
"P","nb",3,0.1,1,0.5,"limma","abs_lfc_bin","(0.5,1]",20,74.3,6.37226721612365,0.0327698461945711,0.00521922782948803,0.0447400498042235,0.00566485965886946
"P","nb",3,0.1,1,0.5,"limma","abs_lfc_bin","(1,2]",20,149.15,4.42378440038081,0.276321836158794,0.0157716416296255,0.307718474345524,0.0139946723094825
"P","nb",3,0.1,1,0.5,"limma","abs_lfc_bin","(2,4]",20,119.95,4.8397884903763,0.881242283145557,0.0078078179721221,0.896269482021516,0.00877138275052721
"P","nb",3,0.1,1,0.5,"limma","abs_lfc_bin","[0.25,0.5]",20,50.95,4.35797816472393,0.00282738095238095,0.00201941648741313,0.0039246160725034,0.00204047820650211
"P","nb",3,0.1,1,0.5,"limma","expr_decile","1",20,43.65,1.6784626424515,0.302468478077221,0.0200966632197756,0.31572657023029,0.0205940007925071
"P","nb",3,0.1,1,0.5,"limma","expr_decile","10",20,48.55,1.05500062359672,0.388522017451496,0.0139842879379788,0.401180871661875,0.0159219323740121
"P","nb",3,0.1,1,0.5,"limma","expr_decile","2",20,48.8,1.3814561348923,0.346987275705247,0.019986175844472,0.359558566827226,0.0194521412435348
"P","nb",3,0.1,1,0.5,"limma","expr_decile","3",20,46.25,1.55745237318412,0.374879430240506,0.0224533862146248,0.391068796445235,0.0235606953110567
"P","nb",3,0.1,1,0.5,"limma","expr_decile","4",20,48.65,1.80682186813141,0.350713201906696,0.0222871778143697,0.363747384130253,0.020991639909913
"P","nb",3,0.1,1,0.5,"limma","expr_decile","5",20,48.65,0.984818978824348,0.375360142354531,0.0233184942905709,0.395229048527438,0.0247685406618989
"P","nb",3,0.1,1,0.5,"limma","expr_decile","6",20,45.8,0.902044461501935,0.368086287604111,0.0192868520079423,0.38735143797659,0.0186117477136638
"P","nb",3,0.1,1,0.5,"limma","expr_decile","7",20,48.7,1.36130742109813,0.40628820493927,0.0203547393809498,0.422836090419771,0.019142486162015
"P","nb",3,0.1,1,0.5,"limma","expr_decile","8",20,46.5,1.17091956665646,0.377125167491349,0.0190604876894076,0.395347925946472,0.0165273420754717
"P","nb",3,0.1,1,0.5,"limma","expr_decile","9",20,44.5,1.4207114600198,0.371641712438035,0.023022240019421,0.387582218767168,0.02322377303291
"P","nb",3,0.1,1,0.5,"TOX-log","abs_lfc_bin","(0.5,1]",20,74.3,6.37226721612365,0.0495244760977805,0.00598522582940618,0.0408433960685213,0.00553689122676795
"P","nb",3,0.1,1,0.5,"TOX-log","abs_lfc_bin","(1,2]",20,149.15,4.42378440038081,0.337578086775598,0.0166593372081917,0.31427159658009,0.0157021408218073
"P","nb",3,0.1,1,0.5,"TOX-log","abs_lfc_bin","(2,4]",20,119.95,4.8397884903763,0.906962890054619,0.00681475894746336,0.890706318046838,0.0105168680696823
"P","nb",3,0.1,1,0.5,"TOX-log","abs_lfc_bin","[0.25,0.5]",20,50.95,4.35797816472393,0.00758702827036335,0.00237837944325754,0.00359549615383124,0.00173584582204225
"P","nb",3,0.1,1,0.5,"TOX-log","expr_decile","1",20,43.65,1.6784626424515,0.341399164513939,0.0236876584169162,0.329691359209453,0.0224289847201838
"P","nb",3,0.1,1,0.5,"TOX-log","expr_decile","10",20,48.55,1.05500062359672,0.401211667219142,0.0136257446145617,0.387043336533159,0.0144047707101134
"P","nb",3,0.1,1,0.5,"TOX-log","expr_decile","2",20,48.8,1.3814561348923,0.394950282454508,0.0221881022225173,0.387199144290701,0.0208540162771467
"P","nb",3,0.1,1,0.5,"TOX-log","expr_decile","3",20,46.25,1.55745237318412,0.414962116328718,0.0269403296154058,0.399711234951469,0.0235855141655459
"P","nb",3,0.1,1,0.5,"TOX-log","expr_decile","4",20,48.65,1.80682186813141,0.384585121875932,0.0234639084297145,0.376441421609065,0.0216886217112043
"P","nb",3,0.1,1,0.5,"TOX-log","expr_decile","5",20,48.65,0.984818978824348,0.40994161759913,0.0234306092118673,0.401509474979236,0.0238867311468725
"P","nb",3,0.1,1,0.5,"TOX-log","expr_decile","6",20,45.8,0.902044461501935,0.387781749533739,0.0201319683040268,0.379366134161456,0.0198951276826809
"P","nb",3,0.1,1,0.5,"TOX-log","expr_decile","7",20,48.7,1.36130742109813,0.437396037783577,0.0187795131560435,0.419621492292866,0.019929700684686
"P","nb",3,0.1,1,0.5,"TOX-log","expr_decile","8",20,46.5,1.17091956665646,0.400609795936394,0.0175772417630528,0.384532026600107,0.0154134324441171
"P","nb",3,0.1,1,0.5,"TOX-log","expr_decile","9",20,44.5,1.4207114600198,0.383477532545079,0.0225278688314491,0.359977349915198,0.0242686899773492
"P","nb",3,0.1,1,0.5,"TOX-log-blocked","abs_lfc_bin","(0.5,1]",20,74.3,6.37226721612365,0.00894140369862569,0.00236002425802495,0.0440501631873885,0.00669884855759891
"P","nb",3,0.1,1,0.5,"TOX-log-blocked","abs_lfc_bin","(1,2]",20,149.15,4.42378440038081,0.134880166179459,0.00887356416184382,0.314630812931753,0.0168501155653031
"P","nb",3,0.1,1,0.5,"TOX-log-blocked","abs_lfc_bin","(2,4]",20,119.95,4.8397884903763,0.751434730965262,0.0124689011567803,0.894696258346093,0.0104327970615687
"P","nb",3,0.1,1,0.5,"TOX-log-blocked","abs_lfc_bin","[0.25,0.5]",20,50.95,4.35797816472393,0,0,0.0035608461191812,0.00142023054975918
"P","nb",3,0.1,1,0.5,"TOX-log-blocked","expr_decile","1",20,43.65,1.6784626424515,0.224247897378905,0.0215995523282571,0.315827114030663,0.0228832048682019
"P","nb",3,0.1,1,0.5,"TOX-log-blocked","expr_decile","10",20,48.55,1.05500062359672,0.283685756028561,0.0129799198492281,0.389612580946609,0.0139706585114866
"P","nb",3,0.1,1,0.5,"TOX-log-blocked","expr_decile","2",20,48.8,1.3814561348923,0.291587722572075,0.018771728542646,0.381605537131764,0.0214696326483659
"P","nb",3,0.1,1,0.5,"TOX-log-blocked","expr_decile","3",20,46.25,1.55745237318412,0.30852706726916,0.024480971209623,0.40201609474533,0.023585965340934
"P","nb",3,0.1,1,0.5,"TOX-log-blocked","expr_decile","4",20,48.65,1.80682186813141,0.287289925334584,0.020777274022078,0.380573229841483,0.0212880764987023
"P","nb",3,0.1,1,0.5,"TOX-log-blocked","expr_decile","5",20,48.65,0.984818978824348,0.298423629077243,0.0207333155154712,0.399226602428506,0.023706871529114
"P","nb",3,0.1,1,0.5,"TOX-log-blocked","expr_decile","6",20,45.8,0.902044461501935,0.276676205034373,0.0193655706004667,0.385166997337308,0.0195151829053772
"P","nb",3,0.1,1,0.5,"TOX-log-blocked","expr_decile","7",20,48.7,1.36130742109813,0.318849942828271,0.0202281031445324,0.420988962255261,0.0199905752967896
"P","nb",3,0.1,1,0.5,"TOX-log-blocked","expr_decile","8",20,46.5,1.17091956665646,0.292050823612269,0.0185864507333592,0.393886725831303,0.015977580466321
"P","nb",3,0.1,1,0.5,"TOX-log-blocked","expr_decile","9",20,44.5,1.4207114600198,0.259032774633066,0.0204741679262087,0.372896862223081,0.0241183428502659
"P","nb",3,0.1,1,0.5,"TOX-log-boot","abs_lfc_bin","(0.5,1]",20,74.3,6.37226721612365,0.0445007787690617,0.00662671584907228,0.041570239218249,0.00608885777376877
"P","nb",3,0.1,1,0.5,"TOX-log-boot","abs_lfc_bin","(1,2]",20,149.15,4.42378440038081,0.33340122651931,0.0171305242671059,0.315678110080691,0.0163488985013498
"P","nb",3,0.1,1,0.5,"TOX-log-boot","abs_lfc_bin","(2,4]",20,119.95,4.8397884903763,0.906048886195957,0.0071233349140968,0.890013481152686,0.00994889160008064
"P","nb",3,0.1,1,0.5,"TOX-log-boot","abs_lfc_bin","[0.25,0.5]",20,50.95,4.35797816472393,0.00555777659322435,0.0023694176437503,0.00285662076706853,0.00131638894870924
"P","nb",3,0.1,1,0.5,"TOX-log-boot","expr_decile","1",20,43.65,1.6784626424515,0.328701317120157,0.0240578934920081,0.321780043671149,0.0221012342722345
"P","nb",3,0.1,1,0.5,"TOX-log-boot","expr_decile","10",20,48.55,1.05500062359672,0.400809171316478,0.0140426038385934,0.379407019583534,0.0142273003263473
"P","nb",3,0.1,1,0.5,"TOX-log-boot","expr_decile","2",20,48.8,1.3814561348923,0.384203371157567,0.0225443528974479,0.383050707134732,0.0212381885584051
"P","nb",3,0.1,1,0.5,"TOX-log-boot","expr_decile","3",20,46.25,1.55745237318412,0.404555227649394,0.0240315051034337,0.393823612397519,0.0234304744071375
"P","nb",3,0.1,1,0.5,"TOX-log-boot","expr_decile","4",20,48.65,1.80682186813141,0.382715174067968,0.0223193268829393,0.376512479936702,0.0199634000337962
"P","nb",3,0.1,1,0.5,"TOX-log-boot","expr_decile","5",20,48.65,0.984818978824348,0.410289670607029,0.0252255288326646,0.402889778832138,0.0237432140854576
"P","nb",3,0.1,1,0.5,"TOX-log-boot","expr_decile","6",20,45.8,0.902044461501935,0.389088237369763,0.018852550259358,0.383941448263643,0.0184955275370341
"P","nb",3,0.1,1,0.5,"TOX-log-boot","expr_decile","7",20,48.7,1.36130742109813,0.435024327662688,0.0190704144865854,0.420138475604719,0.0197031654961039
"P","nb",3,0.1,1,0.5,"TOX-log-boot","expr_decile","8",20,46.5,1.17091956665646,0.405775569082015,0.0173202683674883,0.392069947771339,0.0166038118652613
"P","nb",3,0.1,1,0.5,"TOX-log-boot","expr_decile","9",20,44.5,1.4207114600198,0.394319641007988,0.0239037915075133,0.378780725258007,0.0231671720911908
"P","nb",3,0.1,1,0.5,"TOX-raw","abs_lfc_bin","(0.5,1]",20,74.3,6.37226721612365,0.0180205473887814,0.00356451522528147,0.0348637311945268,0.00577065593424875
"P","nb",3,0.1,1,0.5,"TOX-raw","abs_lfc_bin","(1,2]",20,149.15,4.42378440038081,0.167485127528621,0.0113653771224869,0.236478105472629,0.0190413322915263
"P","nb",3,0.1,1,0.5,"TOX-raw","abs_lfc_bin","(2,4]",20,119.95,4.8397884903763,0.713622846156277,0.0130790415487323,0.789104380576349,0.0189489845078506
"P","nb",3,0.1,1,0.5,"TOX-raw","abs_lfc_bin","[0.25,0.5]",20,50.95,4.35797816472393,0.00139866979655712,0.00096265672571599,0.00284916380538621,0.00165974527568598
"P","nb",3,0.1,1,0.5,"TOX-raw","expr_decile","1",20,43.65,1.6784626424515,0.222299481022849,0.0208310041408609,0.25719559790984,0.0266897913951263
"P","nb",3,0.1,1,0.5,"TOX-raw","expr_decile","10",20,48.55,1.05500062359672,0.308761006202411,0.0111600106529835,0.368183773079773,0.0190747890671499
"P","nb",3,0.1,1,0.5,"TOX-raw","expr_decile","2",20,48.8,1.3814561348923,0.271786602972783,0.0170340855015482,0.314538065092834,0.0225619068558243
"P","nb",3,0.1,1,0.5,"TOX-raw","expr_decile","3",20,46.25,1.55745237318412,0.311758962949447,0.0247969181752871,0.349185102829442,0.0256412374211564
"P","nb",3,0.1,1,0.5,"TOX-raw","expr_decile","4",20,48.65,1.80682186813141,0.282380031516888,0.0179969047387731,0.330406201365955,0.022403045420062
"P","nb",3,0.1,1,0.5,"TOX-raw","expr_decile","5",20,48.65,0.984818978824348,0.300499658678533,0.0203923486307608,0.348945175441202,0.0253144213361325
"P","nb",3,0.1,1,0.5,"TOX-raw","expr_decile","6",20,45.8,0.902044461501935,0.266048010331285,0.018359111543428,0.320016520210872,0.0233916239648022
"P","nb",3,0.1,1,0.5,"TOX-raw","expr_decile","7",20,48.7,1.36130742109813,0.308605044935568,0.0206690513379484,0.345240162023941,0.0239722222603214
"P","nb",3,0.1,1,0.5,"TOX-raw","expr_decile","8",20,46.5,1.17091956665646,0.292098353129149,0.0174689577642757,0.337364671804703,0.0225735764097254
"P","nb",3,0.1,1,0.5,"TOX-raw","expr_decile","9",20,44.5,1.4207114600198,0.277061682427451,0.0197551871876544,0.326949075764364,0.0261863928558085
"P","nb",3,0.1,1,0.5,"TOX-raw-blocked","abs_lfc_bin","(0.5,1]",20,74.3,6.37226721612365,0,0,0.0346008154785163,0.00560637020701658
"P","nb",3,0.1,1,0.5,"TOX-raw-blocked","abs_lfc_bin","(1,2]",20,149.15,4.42378440038081,0.00177055794447099,0.000713160572265308,0.272287812048058,0.0198419862187325
"P","nb",3,0.1,1,0.5,"TOX-raw-blocked","abs_lfc_bin","(2,4]",20,119.95,4.8397884903763,0.00173145363408521,0.0007965972227272,0.850884808781963,0.0201366482393314
"P","nb",3,0.1,1,0.5,"TOX-raw-blocked","abs_lfc_bin","[0.25,0.5]",20,50.95,4.35797816472393,0,0,0.00354360824983066,0.00201097113708928
"P","nb",3,0.1,1,0.5,"TOX-raw-blocked","expr_decile","1",20,43.65,1.6784626424515,0,0,0.288584814994411,0.027080380219536
"P","nb",3,0.1,1,0.5,"TOX-raw-blocked","expr_decile","10",20,48.55,1.05500062359672,0.0126176371894457,0.0034883651774033,0.38581198913769,0.0193120646589351
"P","nb",3,0.1,1,0.5,"TOX-raw-blocked","expr_decile","2",20,48.8,1.3814561348923,0,0,0.352410876704522,0.0225602304692162
"P","nb",3,0.1,1,0.5,"TOX-raw-blocked","expr_decile","3",20,46.25,1.55745237318412,0,0,0.373721725752512,0.0254245221924415
"P","nb",3,0.1,1,0.5,"TOX-raw-blocked","expr_decile","4",20,48.65,1.80682186813141,0.000961538461538462,0.000961538461538461,0.344751805224699,0.0229205658171866
"P","nb",3,0.1,1,0.5,"TOX-raw-blocked","expr_decile","5",20,48.65,0.984818978824348,0.00188948306595365,0.00130145980765869,0.365851903680026,0.0273960427165204
"P","nb",3,0.1,1,0.5,"TOX-raw-blocked","expr_decile","6",20,45.8,0.902044461501935,0.000980392156862745,0.000980392156862745,0.364360908771256,0.0221367824257958
"P","nb",3,0.1,1,0.5,"TOX-raw-blocked","expr_decile","7",20,48.7,1.36130742109813,0.00178628389154705,0.00122962266458669,0.390416320002451,0.0232192200268727
"P","nb",3,0.1,1,0.5,"TOX-raw-blocked","expr_decile","8",20,46.5,1.17091956665646,0.000943396226415094,0.000943396226415094,0.363704273658845,0.021688445400286
"P","nb",3,0.1,1,0.5,"TOX-raw-blocked","expr_decile","9",20,44.5,1.4207114600198,0.00251414204902577,0.00173575015460882,0.353455589631597,0.0272707521455128
"P","nb",5,0.1,1,0.5,"DESeq2","abs_lfc_bin","(0.5,1]",20,82.65,4.77949292619823,0.151719722406783,0.0123184239496154,0.102822316891887,0.0104427516570821
"P","nb",5,0.1,1,0.5,"DESeq2","abs_lfc_bin","(1,2]",20,147.95,3.26824836394376,0.674353353095606,0.0140109771401809,0.568818977987477,0.0138050982860054
"P","nb",5,0.1,1,0.5,"DESeq2","abs_lfc_bin","(2,4]",20,116.15,2.82682172282434,0.993586941820595,0.00180488074869595,0.984462424510474,0.00312231712478189
"P","nb",5,0.1,1,0.5,"DESeq2","abs_lfc_bin","[0.25,0.5]",20,49.3,3.24045156047571,0.0262803825697769,0.00442258544275065,0.0135790918071038,0.00330823645062048
"P","nb",5,0.1,1,0.5,"DESeq2","expr_decile","1",20,42.6,1.7280960012319,0.480252844356453,0.0157615369584234,0.431175888968467,0.0158369542179674
"P","nb",5,0.1,1,0.5,"DESeq2","expr_decile","10",20,48,1.23969435961577,0.555791129710466,0.0176841783391242,0.520115125487955,0.0184636967648032
"P","nb",5,0.1,1,0.5,"DESeq2","expr_decile","2",20,48.1,1.35316393374157,0.544933266991506,0.0172826301312403,0.485973674285365,0.0167724399998735
"P","nb",5,0.1,1,0.5,"DESeq2","expr_decile","3",20,45.15,1.13850086101255,0.548375335420777,0.0220957071130955,0.502038470404523,0.0252857959611839
"P","nb",5,0.1,1,0.5,"DESeq2","expr_decile","4",20,47.9,1.33948143933232,0.53754935530551,0.0164502958732945,0.488459933940401,0.0196006518440231
"P","nb",5,0.1,1,0.5,"DESeq2","expr_decile","5",20,46.9,1.34144462584578,0.520654176299555,0.0204119363584805,0.469853050859316,0.0195912184988317
"P","nb",5,0.1,1,0.5,"DESeq2","expr_decile","6",20,46.55,1.37357581746178,0.536406168727079,0.0161748897955729,0.490581127778818,0.0178832046364595
"P","nb",5,0.1,1,0.5,"DESeq2","expr_decile","7",20,48.85,1.80827774997444,0.533300189976157,0.0141108324567484,0.485249039929796,0.0136758643440039
"P","nb",5,0.1,1,0.5,"DESeq2","expr_decile","8",20,46.65,1.66112675773499,0.530933877190861,0.0171678665587109,0.497344570705455,0.0176627559056858
"P","nb",5,0.1,1,0.5,"DESeq2","expr_decile","9",20,47.95,1.19753035342258,0.547754255238999,0.0198166225976519,0.502182988477485,0.018608797842339
"P","nb",5,0.1,1,0.5,"edgeR","abs_lfc_bin","(0.5,1]",20,82.65,4.77949292619823,0.114958021998729,0.0103339974262306,0.115476796223959,0.0112053891205338
"P","nb",5,0.1,1,0.5,"edgeR","abs_lfc_bin","(1,2]",20,147.95,3.26824836394376,0.645226192309901,0.0142428266889366,0.648440313803587,0.0141360600198138
"P","nb",5,0.1,1,0.5,"edgeR","abs_lfc_bin","(2,4]",20,116.15,2.82682172282434,0.996099738373502,0.00152630336640705,0.995295890233006,0.00163260832731561
"P","nb",5,0.1,1,0.5,"edgeR","abs_lfc_bin","[0.25,0.5]",20,49.3,3.24045156047571,0.0155765692868258,0.00429640531623494,0.0172568486917154,0.0045390665538927
"P","nb",5,0.1,1,0.5,"edgeR","expr_decile","1",20,42.6,1.7280960012319,0.471519358000181,0.0174692884651272,0.471514360324384,0.0176095296739625
"P","nb",5,0.1,1,0.5,"edgeR","expr_decile","10",20,48,1.23969435961577,0.536207437374482,0.0198835787234612,0.537049362390263,0.019471670330563
"P","nb",5,0.1,1,0.5,"edgeR","expr_decile","2",20,48.1,1.35316393374157,0.52743512326531,0.0171881334058582,0.531474639347194,0.0171860521243813
"P","nb",5,0.1,1,0.5,"edgeR","expr_decile","3",20,45.15,1.13850086101255,0.523945321764398,0.0241777333102129,0.524362535500614,0.0241393303609816
"P","nb",5,0.1,1,0.5,"edgeR","expr_decile","4",20,47.9,1.33948143933232,0.530918257942186,0.014500750234625,0.534110394393987,0.0160207957862092
"P","nb",5,0.1,1,0.5,"edgeR","expr_decile","5",20,46.9,1.34144462584578,0.499635975369809,0.0197366017197175,0.499485659274064,0.0176532060131399
"P","nb",5,0.1,1,0.5,"edgeR","expr_decile","6",20,46.55,1.37357581746178,0.520129839246677,0.0176966174511252,0.523235723876952,0.018163532917468
"P","nb",5,0.1,1,0.5,"edgeR","expr_decile","7",20,48.85,1.80827774997444,0.515792963048446,0.0142638625844276,0.518274898309018,0.0129013138329604
"P","nb",5,0.1,1,0.5,"edgeR","expr_decile","8",20,46.65,1.66112675773499,0.512200403935025,0.0155923758806285,0.509236632231465,0.0161472606552589
"P","nb",5,0.1,1,0.5,"edgeR","expr_decile","9",20,47.95,1.19753035342258,0.524168734022314,0.0200467039440844,0.528104925470736,0.0198969417681492
"P","nb",5,0.1,1,0.5,"limma","abs_lfc_bin","(0.5,1]",20,82.65,4.77949292619823,0.093560281889634,0.0101583461147478,0.104103974741683,0.0115593915548069
"P","nb",5,0.1,1,0.5,"limma","abs_lfc_bin","(1,2]",20,147.95,3.26824836394376,0.584106997963856,0.0137611900996534,0.606220076558002,0.0127910246060388
"P","nb",5,0.1,1,0.5,"limma","abs_lfc_bin","(2,4]",20,116.15,2.82682172282434,0.988523699786287,0.00282291432803919,0.990434551338648,0.00250539194995787
"P","nb",5,0.1,1,0.5,"limma","abs_lfc_bin","[0.25,0.5]",20,49.3,3.24045156047571,0.0149303493255249,0.00348132153372925,0.0168171417783551,0.00449543986370315
"P","nb",5,0.1,1,0.5,"limma","expr_decile","1",20,42.6,1.7280960012319,0.453741373310278,0.0179450278604736,0.463806102469754,0.0198700583118181
"P","nb",5,0.1,1,0.5,"limma","expr_decile","10",20,48,1.23969435961577,0.513941461639143,0.0212843814733577,0.521288871433838,0.0187693104775889
"P","nb",5,0.1,1,0.5,"limma","expr_decile","2",20,48.1,1.35316393374157,0.502516121628387,0.0163932350773117,0.51067024461735,0.016278693120519
"P","nb",5,0.1,1,0.5,"limma","expr_decile","3",20,45.15,1.13850086101255,0.498617548631825,0.0255015546974311,0.50930711141346,0.0224938075684703
"P","nb",5,0.1,1,0.5,"limma","expr_decile","4",20,47.9,1.33948143933232,0.489248692169306,0.0166084509630165,0.499546488725812,0.0175716909818156
"P","nb",5,0.1,1,0.5,"limma","expr_decile","5",20,46.9,1.34144462584578,0.464800606200594,0.0202653009020315,0.469448497823086,0.0199705571893243
"P","nb",5,0.1,1,0.5,"limma","expr_decile","6",20,46.55,1.37357581746178,0.4949130697718,0.018537423424778,0.505377098306105,0.01806391058235
"P","nb",5,0.1,1,0.5,"limma","expr_decile","7",20,48.85,1.80827774997444,0.497066062900358,0.0135410702197584,0.509474677458871,0.0124455592256917
"P","nb",5,0.1,1,0.5,"limma","expr_decile","8",20,46.65,1.66112675773499,0.487448191963475,0.0152347994668426,0.494060631560968,0.0172136559611919
"P","nb",5,0.1,1,0.5,"limma","expr_decile","9",20,47.95,1.19753035342258,0.510062794379887,0.0202392537020597,0.525691233068737,0.0190829139727984
"P","nb",5,0.1,1,0.5,"TOX-log","abs_lfc_bin","(0.5,1]",20,82.65,4.77949292619823,0.106604334137292,0.0117877536491496,0.104853510129777,0.0126758308093935
"P","nb",5,0.1,1,0.5,"TOX-log","abs_lfc_bin","(1,2]",20,147.95,3.26824836394376,0.622175976927376,0.014694337413414,0.615209454997997,0.0158448337159047
"P","nb",5,0.1,1,0.5,"TOX-log","abs_lfc_bin","(2,4]",20,116.15,2.82682172282434,0.991186851504979,0.00207774550596089,0.992076265121665,0.00183516203994864
"P","nb",5,0.1,1,0.5,"TOX-log","abs_lfc_bin","[0.25,0.5]",20,49.3,3.24045156047571,0.0167440748157209,0.00385820690124421,0.0168210867525712,0.00361043371977305
"P","nb",5,0.1,1,0.5,"TOX-log","expr_decile","1",20,42.6,1.7280960012319,0.482652041533057,0.019640762496163,0.482885171483168,0.0201224639362988
"P","nb",5,0.1,1,0.5,"TOX-log","expr_decile","10",20,48,1.23969435961577,0.514696104886039,0.0185007591759298,0.51211699871101,0.0193759675495956
"P","nb",5,0.1,1,0.5,"TOX-log","expr_decile","2",20,48.1,1.35316393374157,0.540996302502982,0.0190612279552302,0.541677517909282,0.0194135346025331
"P","nb",5,0.1,1,0.5,"TOX-log","expr_decile","3",20,45.15,1.13850086101255,0.527707957453136,0.0234648672156152,0.52604689972861,0.0239035312891092
"P","nb",5,0.1,1,0.5,"TOX-log","expr_decile","4",20,47.9,1.33948143933232,0.508986984982836,0.0174976432195101,0.502733015515267,0.0176923291968811
"P","nb",5,0.1,1,0.5,"TOX-log","expr_decile","5",20,46.9,1.34144462584578,0.482525045810551,0.0201967299653562,0.474733570536102,0.0185108298537107
"P","nb",5,0.1,1,0.5,"TOX-log","expr_decile","6",20,46.55,1.37357581746178,0.50106074142776,0.0169439119651093,0.499166802033821,0.0181360211752117
"P","nb",5,0.1,1,0.5,"TOX-log","expr_decile","7",20,48.85,1.80827774997444,0.506332113111985,0.0134686380249537,0.502562360345106,0.014364788883446
"P","nb",5,0.1,1,0.5,"TOX-log","expr_decile","8",20,46.65,1.66112675773499,0.497513433883134,0.0163082495199361,0.498477464757072,0.0160221326041789
"P","nb",5,0.1,1,0.5,"TOX-log","expr_decile","9",20,47.95,1.19753035342258,0.502052456476252,0.0208399180367878,0.501034945069174,0.0209604028294191
"P","nb",5,0.1,1,0.5,"TOX-log-blocked","abs_lfc_bin","(0.5,1]",20,82.65,4.77949292619823,0.0560238360235913,0.00960007828076448,0.11087959925454,0.0127364806484293
"P","nb",5,0.1,1,0.5,"TOX-log-blocked","abs_lfc_bin","(1,2]",20,147.95,3.26824836394376,0.482433971070569,0.0164558190178025,0.621873831665756,0.0163549530697744
"P","nb",5,0.1,1,0.5,"TOX-log-blocked","abs_lfc_bin","(2,4]",20,116.15,2.82682172282434,0.980739356603021,0.00268569350188535,0.992977213597751,0.00214571724430973
"P","nb",5,0.1,1,0.5,"TOX-log-blocked","abs_lfc_bin","[0.25,0.5]",20,49.3,3.24045156047571,0.00524988835308881,0.00187252489778111,0.0168210867525712,0.00361043371977305
"P","nb",5,0.1,1,0.5,"TOX-log-blocked","expr_decile","1",20,42.6,1.7280960012319,0.39725289573215,0.0195604364590625,0.477188300235421,0.0200651715228995
"P","nb",5,0.1,1,0.5,"TOX-log-blocked","expr_decile","10",20,48,1.23969435961577,0.463761025762775,0.0199957853599516,0.519170924546125,0.0187484249370089
"P","nb",5,0.1,1,0.5,"TOX-log-blocked","expr_decile","2",20,48.1,1.35316393374157,0.474474127398355,0.0158441747542563,0.541609723182823,0.0184009201413338
"P","nb",5,0.1,1,0.5,"TOX-log-blocked","expr_decile","3",20,45.15,1.13850086101255,0.475526320847089,0.0249839345130614,0.523483258972973,0.023500737583457
"P","nb",5,0.1,1,0.5,"TOX-log-blocked","expr_decile","4",20,47.9,1.33948143933232,0.450229761634376,0.0203945615515175,0.509086149333468,0.0162856185090287
"P","nb",5,0.1,1,0.5,"TOX-log-blocked","expr_decile","5",20,46.9,1.34144462584578,0.426183771510744,0.0194435029791531,0.481852589865881,0.0188982389090029
"P","nb",5,0.1,1,0.5,"TOX-log-blocked","expr_decile","6",20,46.55,1.37357581746178,0.45399482042391,0.0194813199324034,0.500542682721689,0.0180263432846817
"P","nb",5,0.1,1,0.5,"TOX-log-blocked","expr_decile","7",20,48.85,1.80827774997444,0.435745456200266,0.0149019125093826,0.509493386119674,0.0131186079771155
"P","nb",5,0.1,1,0.5,"TOX-log-blocked","expr_decile","8",20,46.65,1.66112675773499,0.446810819365039,0.015731492454381,0.504174314016394,0.0167997739700873
"P","nb",5,0.1,1,0.5,"TOX-log-blocked","expr_decile","9",20,47.95,1.19753035342258,0.463424082278608,0.0212791001468297,0.510538212620386,0.0222567544049602
"P","nb",5,0.1,1,0.5,"TOX-log-boot","abs_lfc_bin","(0.5,1]",20,82.65,4.77949292619823,0.110671725886231,0.0113999499016196,0.111795793575911,0.0119621449950685
"P","nb",5,0.1,1,0.5,"TOX-log-boot","abs_lfc_bin","(1,2]",20,147.95,3.26824836394376,0.625005319891848,0.0145048400702409,0.622028802691867,0.0157277392398464
"P","nb",5,0.1,1,0.5,"TOX-log-boot","abs_lfc_bin","(2,4]",20,116.15,2.82682172282434,0.992588515800517,0.00199460641381479,0.992175292660021,0.00204604747447022
"P","nb",5,0.1,1,0.5,"TOX-log-boot","abs_lfc_bin","[0.25,0.5]",20,49.3,3.24045156047571,0.0148903333191223,0.00401810323909965,0.0168210867525712,0.00361043371977305
"P","nb",5,0.1,1,0.5,"TOX-log-boot","expr_decile","1",20,42.6,1.7280960012319,0.478971035039551,0.0196829613742839,0.475036319616459,0.0199943141613687
"P","nb",5,0.1,1,0.5,"TOX-log-boot","expr_decile","10",20,48,1.23969435961577,0.520820196590781,0.0175912850848943,0.525029550934042,0.0170182281491727
"P","nb",5,0.1,1,0.5,"TOX-log-boot","expr_decile","2",20,48.1,1.35316393374157,0.535080740906332,0.0193001837972148,0.53420312415915,0.0177597631273239
"P","nb",5,0.1,1,0.5,"TOX-log-boot","expr_decile","3",20,45.15,1.13850086101255,0.51994596707346,0.0233724921728593,0.524227207748656,0.0232197754325313
"P","nb",5,0.1,1,0.5,"TOX-log-boot","expr_decile","4",20,47.9,1.33948143933232,0.506750922653651,0.0161772916715836,0.509371032126149,0.0156023382178109
"P","nb",5,0.1,1,0.5,"TOX-log-boot","expr_decile","5",20,46.9,1.34144462584578,0.483936557351623,0.0191584017332555,0.481316838795247,0.0190798704779629
"P","nb",5,0.1,1,0.5,"TOX-log-boot","expr_decile","6",20,46.55,1.37357581746178,0.504736812058279,0.0189188802707039,0.505150020181842,0.0183612521089393
"P","nb",5,0.1,1,0.5,"TOX-log-boot","expr_decile","7",20,48.85,1.80827774997444,0.515637438738413,0.0133882636498105,0.510235658790597,0.0128963636135917
"P","nb",5,0.1,1,0.5,"TOX-log-boot","expr_decile","8",20,46.65,1.66112675773499,0.50330135499772,0.0169496657494776,0.50130425962783,0.0167748094861839
"P","nb",5,0.1,1,0.5,"TOX-log-boot","expr_decile","9",20,47.95,1.19753035342258,0.514895548115424,0.0205081434221792,0.51414292557475,0.0212822503536114
"P","nb",5,0.1,1,0.5,"TOX-raw","abs_lfc_bin","(0.5,1]",20,82.65,4.77949292619823,0.0303660220846866,0.00446886214474697,0.103032003469035,0.00928907984052951
"P","nb",5,0.1,1,0.5,"TOX-raw","abs_lfc_bin","(1,2]",20,147.95,3.26824836394376,0.343800377165498,0.0136342786485338,0.585943526836959,0.0165991859315202
"P","nb",5,0.1,1,0.5,"TOX-raw","abs_lfc_bin","(2,4]",20,116.15,2.82682172282434,0.872628266057388,0.00909463188712184,0.984923882342026,0.00253758806353242
"P","nb",5,0.1,1,0.5,"TOX-raw","abs_lfc_bin","[0.25,0.5]",20,49.3,3.24045156047571,0.00432121926549555,0.00206143919796518,0.0170238858855243,0.00361331674717539
"P","nb",5,0.1,1,0.5,"TOX-raw","expr_decile","1",20,42.6,1.7280960012319,0.317940350643949,0.021846561423545,0.438870569933232,0.0221254725693771
"P","nb",5,0.1,1,0.5,"TOX-raw","expr_decile","10",20,48,1.23969435961577,0.373338880127051,0.021020951613756,0.516243444563894,0.0201253847765687
"P","nb",5,0.1,1,0.5,"TOX-raw","expr_decile","2",20,48.1,1.35316393374157,0.390519845258789,0.0168283940244854,0.50793646919403,0.0184577206248417
"P","nb",5,0.1,1,0.5,"TOX-raw","expr_decile","3",20,45.15,1.13850086101255,0.396548802647622,0.0237314273253912,0.505163636979274,0.0251805002525494
"P","nb",5,0.1,1,0.5,"TOX-raw","expr_decile","4",20,47.9,1.33948143933232,0.377938744343549,0.0187997279321047,0.492443564453022,0.0161293923502732
"P","nb",5,0.1,1,0.5,"TOX-raw","expr_decile","5",20,46.9,1.34144462584578,0.355743699118006,0.0188774318836645,0.468875317310061,0.0189177742403243
"P","nb",5,0.1,1,0.5,"TOX-raw","expr_decile","6",20,46.55,1.37357581746178,0.37573251274026,0.018717145240492,0.504407908325435,0.0171982561835974
"P","nb",5,0.1,1,0.5,"TOX-raw","expr_decile","7",20,48.85,1.80827774997444,0.35816417336787,0.0204298762022541,0.491009672720245,0.0177753949059272
"P","nb",5,0.1,1,0.5,"TOX-raw","expr_decile","8",20,46.65,1.66112675773499,0.38074682746209,0.0174953367216306,0.488966413758814,0.0157151258545858
"P","nb",5,0.1,1,0.5,"TOX-raw","expr_decile","9",20,47.95,1.19753035342258,0.404262262193959,0.0170085756209781,0.52116071060334,0.0207248068058326
"P","nb",5,0.1,1,0.5,"TOX-raw-blocked","abs_lfc_bin","(0.5,1]",20,82.65,4.77949292619823,0,0,0.117594201662954,0.0136194683914354
"P","nb",5,0.1,1,0.5,"TOX-raw-blocked","abs_lfc_bin","(1,2]",20,147.95,3.26824836394376,0.0509684225819018,0.0137564556009686,0.630691766258009,0.0155334186414008
"P","nb",5,0.1,1,0.5,"TOX-raw-blocked","abs_lfc_bin","(2,4]",20,116.15,2.82682172282434,0.384487126995984,0.0615917830299112,0.994457881817859,0.00149135700508484
"P","nb",5,0.1,1,0.5,"TOX-raw-blocked","abs_lfc_bin","[0.25,0.5]",20,49.3,3.24045156047571,0,0,0.0185914252654907,0.00463374475527885
"P","nb",5,0.1,1,0.5,"TOX-raw-blocked","expr_decile","1",20,42.6,1.7280960012319,0.112989078762237,0.024196116001796,0.45905385886578,0.0197288640447457
"P","nb",5,0.1,1,0.5,"TOX-raw-blocked","expr_decile","10",20,48,1.23969435961577,0.169505350275571,0.0324151294112996,0.54198895393848,0.0210661579179031
"P","nb",5,0.1,1,0.5,"TOX-raw-blocked","expr_decile","2",20,48.1,1.35316393374157,0.143909923085762,0.0240265296786473,0.527324910290223,0.0169657943439453
"P","nb",5,0.1,1,0.5,"TOX-raw-blocked","expr_decile","3",20,45.15,1.13850086101255,0.156737463219869,0.0273758365051641,0.514902127622047,0.0242431325153376
"P","nb",5,0.1,1,0.5,"TOX-raw-blocked","expr_decile","4",20,47.9,1.33948143933232,0.146946571698154,0.0272005741384594,0.504878166793718,0.0177640862473805
"P","nb",5,0.1,1,0.5,"TOX-raw-blocked","expr_decile","5",20,46.9,1.34144462584578,0.145526702344847,0.0285327718468733,0.493501538529655,0.0186709138583277
"P","nb",5,0.1,1,0.5,"TOX-raw-blocked","expr_decile","6",20,46.55,1.37357581746178,0.159091778279556,0.0320367627382416,0.522666712383651,0.0162456124450759
"P","nb",5,0.1,1,0.5,"TOX-raw-blocked","expr_decile","7",20,48.85,1.80827774997444,0.133959411139087,0.0251909727494646,0.515363906374073,0.0150934797577501
"P","nb",5,0.1,1,0.5,"TOX-raw-blocked","expr_decile","8",20,46.65,1.66112675773499,0.144992851500298,0.0252378265065362,0.514740207973795,0.0153688381097106
"P","nb",5,0.1,1,0.5,"TOX-raw-blocked","expr_decile","9",20,47.95,1.19753035342258,0.169861659903241,0.0307123231916125,0.526214851680135,0.0193214406230452
"P","nb",10,0.1,1,0.5,"DESeq2","abs_lfc_bin","(0.5,1]",20,82.25,6.09826334208959,0.364697540815634,0.020716027703313,0.274873351624245,0.024393423838654
"P","nb",10,0.1,1,0.5,"DESeq2","abs_lfc_bin","(1,2]",20,145.75,3.94226424386051,0.927577762432285,0.00711604392028069,0.889133686764413,0.0103981947783693
"P","nb",10,0.1,1,0.5,"DESeq2","abs_lfc_bin","(2,4]",20,114.3,2.02757308908432,1,0,1,0
"P","nb",10,0.1,1,0.5,"DESeq2","abs_lfc_bin","[0.25,0.5]",20,54.05,2.98987325906353,0.0669095480742467,0.00709759940140917,0.0343470846962068,0.00591204445166776
"P","nb",10,0.1,1,0.5,"DESeq2","expr_decile","1",20,42.05,1.344530831887,0.618577934668547,0.016409762882137,0.573394380230808,0.0167813436751992
"P","nb",10,0.1,1,0.5,"DESeq2","expr_decile","10",20,45.75,1.50940036891615,0.653649901509805,0.012881442618805,0.630541893524018,0.0145597236218783
"P","nb",10,0.1,1,0.5,"DESeq2","expr_decile","2",20,47,1.49736610859131,0.632597141042951,0.0182328968110822,0.600871655325257,0.0183849105651178
"P","nb",10,0.1,1,0.5,"DESeq2","expr_decile","3",20,49.05,0.844408855821322,0.670196247029164,0.0153898627439314,0.642500378342973,0.012619720319098
"P","nb",10,0.1,1,0.5,"DESeq2","expr_decile","4",20,47.6,1.56675998228997,0.657677150857455,0.0149034272020808,0.619121658744081,0.0153408714294946
"P","nb",10,0.1,1,0.5,"DESeq2","expr_decile","5",20,47.05,1.23218889529334,0.653481756281693,0.0160492110086068,0.611865233088415,0.0184248649971409
"P","nb",10,0.1,1,0.5,"DESeq2","expr_decile","6",20,47.5,0.996044809814245,0.67148969296027,0.0145485211917934,0.637627046239503,0.0141374700593449
"P","nb",10,0.1,1,0.5,"DESeq2","expr_decile","7",20,46,1.20525166622883,0.633327197181412,0.015017424472727,0.60529449710327,0.0144285840471444
"P","nb",10,0.1,1,0.5,"DESeq2","expr_decile","8",20,47.85,0.97946010907191,0.659924321709352,0.0234369667863148,0.625593346284554,0.0224771777343952
"P","nb",10,0.1,1,0.5,"DESeq2","expr_decile","9",20,47.7,1.05904624420675,0.633453845847319,0.0169564312042293,0.60643828035418,0.0184665968102264
"P","nb",10,0.1,1,0.5,"edgeR","abs_lfc_bin","(0.5,1]",20,82.25,6.09826334208959,0.330889867478313,0.0209587219862333,0.330067069706439,0.0224250537766533
"P","nb",10,0.1,1,0.5,"edgeR","abs_lfc_bin","(1,2]",20,145.75,3.94226424386051,0.926294775952522,0.00776661186795165,0.928693785783148,0.00737689998251626
"P","nb",10,0.1,1,0.5,"edgeR","abs_lfc_bin","(2,4]",20,114.3,2.02757308908432,1,0,1,0
"P","nb",10,0.1,1,0.5,"edgeR","abs_lfc_bin","[0.25,0.5]",20,54.05,2.98987325906353,0.0508561074061097,0.00583211671086885,0.0543548399366169,0.00566783621627288
"P","nb",10,0.1,1,0.5,"edgeR","expr_decile","1",20,42.05,1.344530831887,0.608364110718487,0.0158243864024304,0.608825899145391,0.015965933407119
"P","nb",10,0.1,1,0.5,"edgeR","expr_decile","10",20,45.75,1.50940036891615,0.644688808647947,0.0137872236397069,0.64701433460301,0.0151128518733615
"P","nb",10,0.1,1,0.5,"edgeR","expr_decile","2",20,47,1.49736610859131,0.622263923013,0.0200764027864303,0.627019164899665,0.0202741853884858
"P","nb",10,0.1,1,0.5,"edgeR","expr_decile","3",20,49.05,0.844408855821322,0.660945939156596,0.0142226822597364,0.660566661761988,0.0141067614314745
"P","nb",10,0.1,1,0.5,"edgeR","expr_decile","4",20,47.6,1.56675998228997,0.644158756104024,0.014876617901746,0.642591330353236,0.0140060750963245
"P","nb",10,0.1,1,0.5,"edgeR","expr_decile","5",20,47.05,1.23218889529334,0.636553905124226,0.0165146091967911,0.636782723924474,0.017805651010983
"P","nb",10,0.1,1,0.5,"edgeR","expr_decile","6",20,47.5,0.996044809814245,0.663773884699094,0.0160590691221611,0.666516336296541,0.0140013397475151
"P","nb",10,0.1,1,0.5,"edgeR","expr_decile","7",20,46,1.20525166622883,0.632397411254929,0.015756689706437,0.636508453651686,0.0149846604199958
"P","nb",10,0.1,1,0.5,"edgeR","expr_decile","8",20,47.85,0.97946010907191,0.650127335852372,0.0231481675548403,0.64861218433722,0.0213396544002036
"P","nb",10,0.1,1,0.5,"edgeR","expr_decile","9",20,47.7,1.05904624420675,0.626173704250377,0.017766531572076,0.627198667704016,0.0170918215799401
"P","nb",10,0.1,1,0.5,"limma","abs_lfc_bin","(0.5,1]",20,82.25,6.09826334208959,0.274607244795045,0.0201053720790214,0.289088586227181,0.0217558819592103
"P","nb",10,0.1,1,0.5,"limma","abs_lfc_bin","(1,2]",20,145.75,3.94226424386051,0.895302224152591,0.00996889122911186,0.907095723143554,0.00943732849567583
"P","nb",10,0.1,1,0.5,"limma","abs_lfc_bin","(2,4]",20,114.3,2.02757308908432,1,0,1,0
"P","nb",10,0.1,1,0.5,"limma","abs_lfc_bin","[0.25,0.5]",20,54.05,2.98987325906353,0.0381937724169692,0.00560535460829199,0.0451439883469977,0.00690541582365977
"P","nb",10,0.1,1,0.5,"limma","expr_decile","1",20,42.05,1.344530831887,0.577420026606476,0.0153001756149179,0.588287344181062,0.0156319945603199
"P","nb",10,0.1,1,0.5,"limma","expr_decile","10",20,45.75,1.50940036891615,0.632591135407616,0.0139729920195314,0.638676776519852,0.0167734938834795
"P","nb",10,0.1,1,0.5,"limma","expr_decile","2",20,47,1.49736610859131,0.598483742896666,0.0183533126138232,0.607710804514897,0.0194689429207037
"P","nb",10,0.1,1,0.5,"limma","expr_decile","3",20,49.05,0.844408855821322,0.641514005084554,0.0123883674349731,0.648335937996603,0.0136798143122696
"P","nb",10,0.1,1,0.5,"limma","expr_decile","4",20,47.6,1.56675998228997,0.622043217314804,0.0134136031090916,0.626045089802929,0.0142659559386507
"P","nb",10,0.1,1,0.5,"limma","expr_decile","5",20,47.05,1.23218889529334,0.621098257045239,0.0180494187110416,0.626896944468927,0.0171209841001748
"P","nb",10,0.1,1,0.5,"limma","expr_decile","6",20,47.5,0.996044809814245,0.646437770283526,0.0153129962882399,0.650450357503583,0.0147367292811492
"P","nb",10,0.1,1,0.5,"limma","expr_decile","7",20,46,1.20525166622883,0.61356042237332,0.0163320537469041,0.62677882277941,0.0149792910380425
"P","nb",10,0.1,1,0.5,"limma","expr_decile","8",20,47.85,0.97946010907191,0.626441301431111,0.0201510050537836,0.634178724886336,0.0202424775272606
"P","nb",10,0.1,1,0.5,"limma","expr_decile","9",20,47.7,1.05904624420675,0.610314815070381,0.0168133341456416,0.613399827648376,0.018758312483784
"P","nb",10,0.1,1,0.5,"TOX-log","abs_lfc_bin","(0.5,1]",20,82.25,6.09826334208959,0.293503161235673,0.0207808254821706,0.316181211338286,0.0241801596524709
"P","nb",10,0.1,1,0.5,"TOX-log","abs_lfc_bin","(1,2]",20,145.75,3.94226424386051,0.90981542570365,0.0102846879820692,0.920321579437243,0.00926057621364196
"P","nb",10,0.1,1,0.5,"TOX-log","abs_lfc_bin","(2,4]",20,114.3,2.02757308908432,1,0,1,0
"P","nb",10,0.1,1,0.5,"TOX-log","abs_lfc_bin","[0.25,0.5]",20,54.05,2.98987325906353,0.0439928699771421,0.00642751583702771,0.0538457191589833,0.00751427541604045
"P","nb",10,0.1,1,0.5,"TOX-log","expr_decile","1",20,42.05,1.344530831887,0.615116182360976,0.0166145835534844,0.621788251545886,0.0161868826703969
"P","nb",10,0.1,1,0.5,"TOX-log","expr_decile","10",20,45.75,1.50940036891615,0.625383193665902,0.0143760710127715,0.636554635756256,0.0158600836881529
"P","nb",10,0.1,1,0.5,"TOX-log","expr_decile","2",20,47,1.49736610859131,0.625257150259964,0.0191526701337954,0.634734059730033,0.0193800922204657
"P","nb",10,0.1,1,0.5,"TOX-log","expr_decile","3",20,49.05,0.844408855821322,0.656661699340325,0.0126892190456002,0.664022341460537,0.0140566473949585
"P","nb",10,0.1,1,0.5,"TOX-log","expr_decile","4",20,47.6,1.56675998228997,0.62781548956548,0.0140575761556395,0.6353940400737,0.0123902942362358
"P","nb",10,0.1,1,0.5,"TOX-log","expr_decile","5",20,47.05,1.23218889529334,0.627153575412037,0.0174288337570918,0.636250175999899,0.0179859266677536
"P","nb",10,0.1,1,0.5,"TOX-log","expr_decile","6",20,47.5,0.996044809814245,0.646520918842284,0.0160498999824586,0.655398200677076,0.0159783337429565
"P","nb",10,0.1,1,0.5,"TOX-log","expr_decile","7",20,46,1.20525166622883,0.613961405654738,0.0170785999939243,0.621436406165452,0.0148460769198805
"P","nb",10,0.1,1,0.5,"TOX-log","expr_decile","8",20,47.85,0.97946010907191,0.629011900987548,0.0229179025449169,0.63949546934342,0.0212400607578393
"P","nb",10,0.1,1,0.5,"TOX-log","expr_decile","9",20,47.7,1.05904624420675,0.59827408443577,0.0178405876685152,0.607682317864066,0.0186794773945771
"P","nb",10,0.1,1,0.5,"TOX-log-blocked","abs_lfc_bin","(0.5,1]",20,82.25,6.09826334208959,0.238340233224634,0.0194009339308787,0.316125211449012,0.0236956882067063
"P","nb",10,0.1,1,0.5,"TOX-log-blocked","abs_lfc_bin","(1,2]",20,145.75,3.94226424386051,0.882791445476132,0.0120124800941343,0.919652445266376,0.0091849409226251
"P","nb",10,0.1,1,0.5,"TOX-log-blocked","abs_lfc_bin","(2,4]",20,114.3,2.02757308908432,1,0,1,0
"P","nb",10,0.1,1,0.5,"TOX-log-blocked","abs_lfc_bin","[0.25,0.5]",20,54.05,2.98987325906353,0.0273894634968887,0.00443502840310043,0.0565123747298066,0.00726341206806743
"P","nb",10,0.1,1,0.5,"TOX-log-blocked","expr_decile","1",20,42.05,1.344530831887,0.578288195145962,0.0159221312038648,0.613620967049971,0.016482798442395
"P","nb",10,0.1,1,0.5,"TOX-log-blocked","expr_decile","10",20,45.75,1.50940036891615,0.614984262313155,0.016483109607961,0.639630966512415,0.0161045304122306
"P","nb",10,0.1,1,0.5,"TOX-log-blocked","expr_decile","2",20,47,1.49736610859131,0.593936896908199,0.0188919304437642,0.621752657672868,0.0199798170494244
"P","nb",10,0.1,1,0.5,"TOX-log-blocked","expr_decile","3",20,49.05,0.844408855821322,0.633204051019996,0.0118916776747106,0.661649987581141,0.0141850523534956
"P","nb",10,0.1,1,0.5,"TOX-log-blocked","expr_decile","4",20,47.6,1.56675998228997,0.612134496839391,0.0147961352038764,0.639768314173584,0.0127342071517299
"P","nb",10,0.1,1,0.5,"TOX-log-blocked","expr_decile","5",20,47.05,1.23218889529334,0.611345303237503,0.0178376142663835,0.63210582108478,0.0177699456088868
"P","nb",10,0.1,1,0.5,"TOX-log-blocked","expr_decile","6",20,47.5,0.996044809814245,0.633923562730943,0.0173100915424253,0.655516659802749,0.0154968473704698
"P","nb",10,0.1,1,0.5,"TOX-log-blocked","expr_decile","7",20,46,1.20525166622883,0.597083530928079,0.0151567659209047,0.630979267571668,0.0127969113073693
"P","nb",10,0.1,1,0.5,"TOX-log-blocked","expr_decile","8",20,47.85,0.97946010907191,0.606746587215524,0.0226900368545338,0.642633516157343,0.0218177451650611
"P","nb",10,0.1,1,0.5,"TOX-log-blocked","expr_decile","9",20,47.7,1.05904624420675,0.583776759120963,0.0170490625420938,0.614672429702582,0.0179128470748939
"P","nb",10,0.1,1,0.5,"TOX-log-boot","abs_lfc_bin","(0.5,1]",20,82.25,6.09826334208959,0.304491500950599,0.0224773334353824,0.314600242085293,0.0247804076017721
"P","nb",10,0.1,1,0.5,"TOX-log-boot","abs_lfc_bin","(1,2]",20,145.75,3.94226424386051,0.916215891223274,0.0100610575527468,0.919869416214006,0.00926884574347822
"P","nb",10,0.1,1,0.5,"TOX-log-boot","abs_lfc_bin","(2,4]",20,114.3,2.02757308908432,1,0,1,0
"P","nb",10,0.1,1,0.5,"TOX-log-boot","abs_lfc_bin","[0.25,0.5]",20,54.05,2.98987325906353,0.0517838493469429,0.00550479806839858,0.0585918534260379,0.00735229354387971
"P","nb",10,0.1,1,0.5,"TOX-log-boot","expr_decile","1",20,42.05,1.344530831887,0.608318921774521,0.0156870157977718,0.60863558968143,0.0160319115516598
"P","nb",10,0.1,1,0.5,"TOX-log-boot","expr_decile","10",20,45.75,1.50940036891615,0.639319460554099,0.0157204217966011,0.641572452660033,0.0161613310739193
"P","nb",10,0.1,1,0.5,"TOX-log-boot","expr_decile","2",20,47,1.49736610859131,0.622896039148853,0.0187301356505894,0.629520585880092,0.0199064233702235
"P","nb",10,0.1,1,0.5,"TOX-log-boot","expr_decile","3",20,49.05,0.844408855821322,0.656688943334382,0.0127058340067541,0.661796517463552,0.0136822587123452
"P","nb",10,0.1,1,0.5,"TOX-log-boot","expr_decile","4",20,47.6,1.56675998228997,0.631212516958812,0.0140577352977089,0.631183781326628,0.0139813392667777
"P","nb",10,0.1,1,0.5,"TOX-log-boot","expr_decile","5",20,47.05,1.23218889529334,0.635670574872938,0.0177516243990664,0.638531267923848,0.0182455821809669
"P","nb",10,0.1,1,0.5,"TOX-log-boot","expr_decile","6",20,47.5,0.996044809814245,0.65068265072742,0.0157967364247173,0.657565436055081,0.0155529903456559
"P","nb",10,0.1,1,0.5,"TOX-log-boot","expr_decile","7",20,46,1.20525166622883,0.626911549575379,0.0166637819277035,0.632504170677118,0.0146669758677088
"P","nb",10,0.1,1,0.5,"TOX-log-boot","expr_decile","8",20,47.85,0.97946010907191,0.637155402327477,0.0221333562456453,0.642015272180814,0.0216768310444194
"P","nb",10,0.1,1,0.5,"TOX-log-boot","expr_decile","9",20,47.7,1.05904624420675,0.610550579203526,0.0176599515807156,0.611311808517947,0.0178795530713378
"P","nb",10,0.1,1,0.5,"TOX-raw","abs_lfc_bin","(0.5,1]",20,82.25,6.09826334208959,0.153887919388421,0.0147728642923201,0.337045246546754,0.0216992677919147
"P","nb",10,0.1,1,0.5,"TOX-raw","abs_lfc_bin","(1,2]",20,145.75,3.94226424386051,0.808363408585046,0.0177601069678878,0.925785248752716,0.00784658419015323
"P","nb",10,0.1,1,0.5,"TOX-raw","abs_lfc_bin","(2,4]",20,114.3,2.02757308908432,0.997373667679038,0.00112193869919698,1,0
"P","nb",10,0.1,1,0.5,"TOX-raw","abs_lfc_bin","[0.25,0.5]",20,54.05,2.98987325906353,0.0100629152504123,0.00303557862159907,0.052362715899473,0.0070403654562638
"P","nb",10,0.1,1,0.5,"TOX-raw","expr_decile","1",20,42.05,1.344530831887,0.517217171177664,0.014303470642916,0.598969192481394,0.0168754762539123
"P","nb",10,0.1,1,0.5,"TOX-raw","expr_decile","10",20,45.75,1.50940036891615,0.567702111171784,0.0161674723121395,0.648812385115504,0.0151971431728045
"P","nb",10,0.1,1,0.5,"TOX-raw","expr_decile","2",20,47,1.49736610859131,0.557427139183599,0.0208429848066042,0.625967391452688,0.0214111925622678
"P","nb",10,0.1,1,0.5,"TOX-raw","expr_decile","3",20,49.05,0.844408855821322,0.584658200574153,0.00994451726824961,0.674892965798088,0.014743798418537
"P","nb",10,0.1,1,0.5,"TOX-raw","expr_decile","4",20,47.6,1.56675998228997,0.561879326053884,0.0179799628518323,0.639266807279866,0.0146869486351124
"P","nb",10,0.1,1,0.5,"TOX-raw","expr_decile","5",20,47.05,1.23218889529334,0.567951476661547,0.020396515128665,0.644358774396234,0.0193287400795485
"P","nb",10,0.1,1,0.5,"TOX-raw","expr_decile","6",20,47.5,0.996044809814245,0.612696897292446,0.0156032000348172,0.673961507652236,0.0153899782414825
"P","nb",10,0.1,1,0.5,"TOX-raw","expr_decile","7",20,46,1.20525166622883,0.549206519774555,0.0173903516556314,0.626793299171202,0.0132534522723308
"P","nb",10,0.1,1,0.5,"TOX-raw","expr_decile","8",20,47.85,0.97946010907191,0.573655119493161,0.0246972400760725,0.647204528823342,0.0229683353451056
"P","nb",10,0.1,1,0.5,"TOX-raw","expr_decile","9",20,47.7,1.05904624420675,0.558676422547222,0.0174012192188251,0.625213352650397,0.0187674790789966
"P","nb",10,0.1,1,0.5,"TOX-raw-blocked","abs_lfc_bin","(0.5,1]",20,82.25,6.09826334208959,0.16254998666503,0.0156508692100125,0.338727510258599,0.0245184956007731
"P","nb",10,0.1,1,0.5,"TOX-raw-blocked","abs_lfc_bin","(1,2]",20,145.75,3.94226424386051,0.842116358270722,0.0161267433622812,0.930547383945974,0.0079134587119663
"P","nb",10,0.1,1,0.5,"TOX-raw-blocked","abs_lfc_bin","(2,4]",20,114.3,2.02757308908432,1,0,1,0
"P","nb",10,0.1,1,0.5,"TOX-raw-blocked","abs_lfc_bin","[0.25,0.5]",20,54.05,2.98987325906353,0.0141314027913133,0.00404190948815502,0.058330814237381,0.00695907601666046
"P","nb",10,0.1,1,0.5,"TOX-raw-blocked","expr_decile","1",20,42.05,1.344530831887,0.534984268246417,0.0149356455759275,0.605387001214833,0.0174472284407692
"P","nb",10,0.1,1,0.5,"TOX-raw-blocked","expr_decile","10",20,45.75,1.50940036891615,0.592690837275625,0.0160305180087364,0.649671762682956,0.0154628325383686
"P","nb",10,0.1,1,0.5,"TOX-raw-blocked","expr_decile","2",20,47,1.49736610859131,0.562139012441898,0.0211222212292436,0.627790998879744,0.0217892398461321
"P","nb",10,0.1,1,0.5,"TOX-raw-blocked","expr_decile","3",20,49.05,0.844408855821322,0.599260443963965,0.0128437000227628,0.669950019974143,0.0140619035916764
"P","nb",10,0.1,1,0.5,"TOX-raw-blocked","expr_decile","4",20,47.6,1.56675998228997,0.580602148083579,0.0180347403294055,0.645879819634566,0.0142043475719572
"P","nb",10,0.1,1,0.5,"TOX-raw-blocked","expr_decile","5",20,47.05,1.23218889529334,0.579914873091306,0.0199099794215719,0.645452502972936,0.018370822302016
"P","nb",10,0.1,1,0.5,"TOX-raw-blocked","expr_decile","6",20,47.5,0.996044809814245,0.618608070176781,0.0161942258874702,0.666919173789621,0.0153464515354424
"P","nb",10,0.1,1,0.5,"TOX-raw-blocked","expr_decile","7",20,46,1.20525166622883,0.556739103400196,0.0171813545274952,0.636013063037339,0.0153942164766391
"P","nb",10,0.1,1,0.5,"TOX-raw-blocked","expr_decile","8",20,47.85,0.97946010907191,0.589218894030992,0.0244961941770882,0.649440719285962,0.0236526295914766
"P","nb",10,0.1,1,0.5,"TOX-raw-blocked","expr_decile","9",20,47.7,1.05904624420675,0.567287709165042,0.0167963981137047,0.632538096158398,0.0190415483321006
"P","tpois",3,0.1,1,0.5,"DESeq2","abs_lfc_bin","(0.5,1]",20,74.5,6.73970950490645,0.111808364702282,0.0100242293819907,0.0803156734098816,0.00973133430450278
"P","tpois",3,0.1,1,0.5,"DESeq2","abs_lfc_bin","(1,2]",20,149.05,5.0759883662925,0.611648945682907,0.0133509664575577,0.530469501338551,0.0169610604486934
"P","tpois",3,0.1,1,0.5,"DESeq2","abs_lfc_bin","(2,4]",20,113.3,2.29082839532823,0.961880999233852,0.00387907649502426,0.951015456517664,0.00536551780345387
"P","tpois",3,0.1,1,0.5,"DESeq2","abs_lfc_bin","[0.25,0.5]",20,60.45,4.26767223621841,0.0227254274926742,0.00516914924399289,0.0157251551807876,0.00448389900088227
"P","tpois",3,0.1,1,0.5,"DESeq2","expr_decile","1",20,42.5,1.41328285245829,0.408008611949799,0.0138245351899059,0.372442198692012,0.0154115690479157
"P","tpois",3,0.1,1,0.5,"DESeq2","expr_decile","10",20,48.3,1.37093897902515,0.489931002408596,0.0162738528037622,0.448253980901085,0.017726948754528
"P","tpois",3,0.1,1,0.5,"DESeq2","expr_decile","2",20,48.25,1.35505874799815,0.456943654982045,0.0168367358406393,0.421480937354535,0.0191963969899597
"P","tpois",3,0.1,1,0.5,"DESeq2","expr_decile","3",20,45.8,1.2452013153661,0.472454201723159,0.0209084833195594,0.435803352272087,0.0197986473173384
"P","tpois",3,0.1,1,0.5,"DESeq2","expr_decile","4",20,47.35,1.58159646193998,0.464534508627076,0.0182959704709884,0.432723909194603,0.017842746257275
"P","tpois",3,0.1,1,0.5,"DESeq2","expr_decile","5",20,48.9,1.38962319769747,0.495609684171396,0.0190382434135933,0.464030511970635,0.0194781982690437
"P","tpois",3,0.1,1,0.5,"DESeq2","expr_decile","6",20,48.3,1.11000237078931,0.493348700244398,0.0169707599210361,0.460155179621617,0.0202156505063973
"P","tpois",3,0.1,1,0.5,"DESeq2","expr_decile","7",20,47.65,1.42399549082669,0.517140860665242,0.0172934450613819,0.482264935083962,0.0175607537552633
"P","tpois",3,0.1,1,0.5,"DESeq2","expr_decile","8",20,46.1,1.20939306222062,0.525213938695198,0.018625427027571,0.495832037540913,0.0215880159257031
"P","tpois",3,0.1,1,0.5,"DESeq2","expr_decile","9",20,47.9,1.11662084221241,0.474634198204144,0.0189415594786189,0.439259263705607,0.018809816910975
"P","tpois",3,0.1,1,0.5,"edgeR","abs_lfc_bin","(0.5,1]",20,74.5,6.73970950490645,0.0256288209804304,0.00522102403931889,0.11030482384416,0.0106231408951588
"P","tpois",3,0.1,1,0.5,"edgeR","abs_lfc_bin","(1,2]",20,149.05,5.0759883662925,0.363394323550626,0.0150305074135532,0.609842920176065,0.0139547974734315
"P","tpois",3,0.1,1,0.5,"edgeR","abs_lfc_bin","(2,4]",20,113.3,2.29082839532823,0.904526203410356,0.00808690929299003,0.953130938582568,0.00408618217712723
"P","tpois",3,0.1,1,0.5,"edgeR","abs_lfc_bin","[0.25,0.5]",20,60.45,4.26767223621841,0.00307062998555367,0.00173890444159772,0.0216009246965358,0.00492674572795219
"P","tpois",3,0.1,1,0.5,"edgeR","expr_decile","1",20,42.5,1.41328285245829,0.31693361563863,0.0134076502795565,0.424547480910751,0.014317975432885
"P","tpois",3,0.1,1,0.5,"edgeR","expr_decile","10",20,48.3,1.37093897902515,0.364852487501121,0.0142253045060855,0.470433704644103,0.0159727780053888
"P","tpois",3,0.1,1,0.5,"edgeR","expr_decile","2",20,48.25,1.35505874799815,0.363595973815847,0.0200383303699609,0.462307490641223,0.0167202454041506
"P","tpois",3,0.1,1,0.5,"edgeR","expr_decile","3",20,45.8,1.2452013153661,0.368953214747283,0.0189732981997997,0.481863096815571,0.0203029180206866
"P","tpois",3,0.1,1,0.5,"edgeR","expr_decile","4",20,47.35,1.58159646193998,0.374864196091554,0.018157762265307,0.465720429743353,0.016788777307904
"P","tpois",3,0.1,1,0.5,"edgeR","expr_decile","5",20,48.9,1.38962319769747,0.381310336752297,0.0175952776774863,0.482416971000906,0.0198243249037497
"P","tpois",3,0.1,1,0.5,"edgeR","expr_decile","6",20,48.3,1.11000237078931,0.387366748671855,0.0180141176541985,0.496515031500323,0.0178243743196934
"P","tpois",3,0.1,1,0.5,"edgeR","expr_decile","7",20,47.65,1.42399549082669,0.396555689376524,0.0135179806850564,0.512598027208597,0.0158897173874505
"P","tpois",3,0.1,1,0.5,"edgeR","expr_decile","8",20,46.1,1.20939306222062,0.408262519588137,0.0215590167154456,0.510962545833163,0.0187562985544596
"P","tpois",3,0.1,1,0.5,"edgeR","expr_decile","9",20,47.9,1.11662084221241,0.353548059339157,0.0183109616151096,0.462133441072597,0.0191296306113234
"P","tpois",3,0.1,1,0.5,"limma","abs_lfc_bin","(0.5,1]",20,74.5,6.73970950490645,0.0329527139466647,0.00708679483399175,0.137072514798249,0.00866646589870559
"P","tpois",3,0.1,1,0.5,"limma","abs_lfc_bin","(1,2]",20,149.05,5.0759883662925,0.357915228284102,0.0136058446644537,0.638909025142743,0.0151000841347261
"P","tpois",3,0.1,1,0.5,"limma","abs_lfc_bin","(2,4]",20,113.3,2.29082839532823,0.898918860640309,0.00682346167355461,0.951597476608288,0.00444285275236646
"P","tpois",3,0.1,1,0.5,"limma","abs_lfc_bin","[0.25,0.5]",20,60.45,4.26767223621841,0.00214646464646465,0.00154666631321738,0.0228346302632529,0.00500633537683049
"P","tpois",3,0.1,1,0.5,"limma","expr_decile","1",20,42.5,1.41328285245829,0.300149516327877,0.0134516153186574,0.429592042680357,0.0154694134216468
"P","tpois",3,0.1,1,0.5,"limma","expr_decile","10",20,48.3,1.37093897902515,0.380356518750955,0.0144994585204253,0.487577677169107,0.0189052008496782
"P","tpois",3,0.1,1,0.5,"limma","expr_decile","2",20,48.25,1.35505874799815,0.349491429509541,0.0215580884045952,0.473000098945652,0.0179081689370131
"P","tpois",3,0.1,1,0.5,"limma","expr_decile","3",20,45.8,1.2452013153661,0.362517520840857,0.0205533029792381,0.491940923180682,0.0210052801368171
"P","tpois",3,0.1,1,0.5,"limma","expr_decile","4",20,47.35,1.58159646193998,0.36092196492321,0.0161846270272099,0.479934187372711,0.0175087598468538
"P","tpois",3,0.1,1,0.5,"limma","expr_decile","5",20,48.9,1.38962319769747,0.374655372784596,0.0156508770707392,0.487529491969095,0.0195050706641638
"P","tpois",3,0.1,1,0.5,"limma","expr_decile","6",20,48.3,1.11000237078931,0.39497986565759,0.018214670626742,0.519958051926628,0.0182772304982745
"P","tpois",3,0.1,1,0.5,"limma","expr_decile","7",20,47.65,1.42399549082669,0.395594373567334,0.0130283334647936,0.529884008428739,0.0157788946923535
"P","tpois",3,0.1,1,0.5,"limma","expr_decile","8",20,46.1,1.20939306222062,0.409609266635136,0.0216712133824458,0.520905379597389,0.0178645827096895
"P","tpois",3,0.1,1,0.5,"limma","expr_decile","9",20,47.9,1.11662084221241,0.355373509260964,0.0191731869794924,0.476500993287883,0.0183238355849279
"P","tpois",3,0.1,1,0.5,"TOX-log","abs_lfc_bin","(0.5,1]",20,74.5,6.73970950490645,0.0416110368596755,0.00599022479680614,0.0311709503582247,0.00473213536467025
"P","tpois",3,0.1,1,0.5,"TOX-log","abs_lfc_bin","(1,2]",20,149.05,5.0759883662925,0.359518376607991,0.014118826144001,0.328906864101848,0.0141827955806262
"P","tpois",3,0.1,1,0.5,"TOX-log","abs_lfc_bin","(2,4]",20,113.3,2.29082839532823,0.934210703426812,0.00565484367395197,0.924777431548591,0.00808204211730207
"P","tpois",3,0.1,1,0.5,"TOX-log","abs_lfc_bin","[0.25,0.5]",20,60.45,4.26767223621841,0.0118600879303333,0.00280187975790985,0.00995163053407102,0.00266306271672259
"P","tpois",3,0.1,1,0.5,"TOX-log","expr_decile","1",20,42.5,1.41328285245829,0.358556644701992,0.0143274539549521,0.344838142322776,0.0148362946774112
"P","tpois",3,0.1,1,0.5,"TOX-log","expr_decile","10",20,48.3,1.37093897902515,0.307102681691967,0.0121963676787388,0.291823952251926,0.0122007288179695
"P","tpois",3,0.1,1,0.5,"TOX-log","expr_decile","2",20,48.25,1.35505874799815,0.406404950189576,0.0171924385007729,0.399812535526972,0.0176884652800288
"P","tpois",3,0.1,1,0.5,"TOX-log","expr_decile","3",20,45.8,1.2452013153661,0.411478707065662,0.0174562146050826,0.390217320804812,0.0151479297028609
"P","tpois",3,0.1,1,0.5,"TOX-log","expr_decile","4",20,47.35,1.58159646193998,0.392210210216798,0.0209024738459504,0.377218202879272,0.0195086693563357
"P","tpois",3,0.1,1,0.5,"TOX-log","expr_decile","5",20,48.9,1.38962319769747,0.391226697597347,0.0195173673037976,0.380248983945441,0.0222183807276719
"P","tpois",3,0.1,1,0.5,"TOX-log","expr_decile","6",20,48.3,1.11000237078931,0.406405065875397,0.0192334705940363,0.401016135974553,0.0192840811493387
"P","tpois",3,0.1,1,0.5,"TOX-log","expr_decile","7",20,47.65,1.42399549082669,0.414588861919692,0.0143370458934569,0.397814515110592,0.0140144018930348
"P","tpois",3,0.1,1,0.5,"TOX-log","expr_decile","8",20,46.1,1.20939306222062,0.404869758456231,0.0231246174388469,0.381732578420463,0.0231958406213663
"P","tpois",3,0.1,1,0.5,"TOX-log","expr_decile","9",20,47.9,1.11662084221241,0.327437053000737,0.0168346571198688,0.31150785743818,0.0140323092065247
"P","tpois",3,0.1,1,0.5,"TOX-log-blocked","abs_lfc_bin","(0.5,1]",20,74.5,6.73970950490645,0.00960558677566146,0.00290746267313812,0.033944253809569,0.00547465499383128
"P","tpois",3,0.1,1,0.5,"TOX-log-blocked","abs_lfc_bin","(1,2]",20,149.05,5.0759883662925,0.14842727875439,0.0118194942775689,0.32457777278756,0.016564391999321
"P","tpois",3,0.1,1,0.5,"TOX-log-blocked","abs_lfc_bin","(2,4]",20,113.3,2.29082839532823,0.798861218581618,0.00973680932393115,0.92614044483145,0.00802605879877496
"P","tpois",3,0.1,1,0.5,"TOX-log-blocked","abs_lfc_bin","[0.25,0.5]",20,60.45,4.26767223621841,0.0024063787778242,0.00131812950874211,0.0101513816505607,0.00326431509945139
"P","tpois",3,0.1,1,0.5,"TOX-log-blocked","expr_decile","1",20,42.5,1.41328285245829,0.244555490802935,0.0148590828464368,0.336211404416002,0.014686102388704
"P","tpois",3,0.1,1,0.5,"TOX-log-blocked","expr_decile","10",20,48.3,1.37093897902515,0.209407124458202,0.00861577160547919,0.294640796252682,0.012706907362847
"P","tpois",3,0.1,1,0.5,"TOX-log-blocked","expr_decile","2",20,48.25,1.35505874799815,0.303658642933663,0.0196727947608836,0.392939163593301,0.0169284163557781
"P","tpois",3,0.1,1,0.5,"TOX-log-blocked","expr_decile","3",20,45.8,1.2452013153661,0.292141847912822,0.0124890036584085,0.392297552915618,0.0144398819453025
"P","tpois",3,0.1,1,0.5,"TOX-log-blocked","expr_decile","4",20,47.35,1.58159646193998,0.296066477110894,0.0192513184345943,0.379921205830604,0.0219694000924668
"P","tpois",3,0.1,1,0.5,"TOX-log-blocked","expr_decile","5",20,48.9,1.38962319769747,0.291879721183599,0.0173879589437671,0.381875357480703,0.0219917482082699
"P","tpois",3,0.1,1,0.5,"TOX-log-blocked","expr_decile","6",20,48.3,1.11000237078931,0.291064492698178,0.0174630212803589,0.390572240290748,0.0217736941279823
"P","tpois",3,0.1,1,0.5,"TOX-log-blocked","expr_decile","7",20,47.65,1.42399549082669,0.303704257996223,0.0101216446019521,0.40560156257995,0.0142541943209362
"P","tpois",3,0.1,1,0.5,"TOX-log-blocked","expr_decile","8",20,46.1,1.20939306222062,0.294348609463203,0.0263764186266533,0.38312374459394,0.0221355571405655
"P","tpois",3,0.1,1,0.5,"TOX-log-blocked","expr_decile","9",20,47.9,1.11662084221241,0.232815981199542,0.0141662231203393,0.315524302381787,0.0163338380370228
"P","tpois",3,0.1,1,0.5,"TOX-log-boot","abs_lfc_bin","(0.5,1]",20,74.5,6.73970950490645,0.0728605639121949,0.00811399694657783,0.0299427433277985,0.00504104219461368
"P","tpois",3,0.1,1,0.5,"TOX-log-boot","abs_lfc_bin","(1,2]",20,149.05,5.0759883662925,0.479569493279244,0.0165832350821899,0.296202505984113,0.0165859007365864
"P","tpois",3,0.1,1,0.5,"TOX-log-boot","abs_lfc_bin","(2,4]",20,113.3,2.29082839532823,0.96765410533803,0.00314247993395557,0.916534312516107,0.0100482402252607
"P","tpois",3,0.1,1,0.5,"TOX-log-boot","abs_lfc_bin","[0.25,0.5]",20,60.45,4.26767223621841,0.0202666373699514,0.00367080867627657,0.00856274164518213,0.00253273636629279
"P","tpois",3,0.1,1,0.5,"TOX-log-boot","expr_decile","1",20,42.5,1.41328285245829,0.398737517204962,0.0154982920772853,0.323633091498725,0.0140081632765267
"P","tpois",3,0.1,1,0.5,"TOX-log-boot","expr_decile","10",20,48.3,1.37093897902515,0.384841939885976,0.0159212328130688,0.28804622680097,0.0128136428497237
"P","tpois",3,0.1,1,0.5,"TOX-log-boot","expr_decile","2",20,48.25,1.35505874799815,0.448485636179904,0.018366980225521,0.373425301259466,0.0184991667025458
"P","tpois",3,0.1,1,0.5,"TOX-log-boot","expr_decile","3",20,45.8,1.2452013153661,0.463119242738522,0.0201930687939926,0.370493791014112,0.0161956755123879
"P","tpois",3,0.1,1,0.5,"TOX-log-boot","expr_decile","4",20,47.35,1.58159646193998,0.436475172111855,0.0206494761724417,0.371767601108318,0.0217080870481185
"P","tpois",3,0.1,1,0.5,"TOX-log-boot","expr_decile","5",20,48.9,1.38962319769747,0.441165892287977,0.0207613366635954,0.366025419350807,0.0216286249281314
"P","tpois",3,0.1,1,0.5,"TOX-log-boot","expr_decile","6",20,48.3,1.11000237078931,0.456910478006354,0.0204448115779689,0.384162581069073,0.0217645403474061
"P","tpois",3,0.1,1,0.5,"TOX-log-boot","expr_decile","7",20,47.65,1.42399549082669,0.46066800597017,0.014887911180743,0.392092713922785,0.0156603540159443
"P","tpois",3,0.1,1,0.5,"TOX-log-boot","expr_decile","8",20,46.1,1.20939306222062,0.461881588605285,0.0239246182983954,0.376014886104186,0.0208126680178131
"P","tpois",3,0.1,1,0.5,"TOX-log-boot","expr_decile","9",20,47.9,1.11662084221241,0.38830662936973,0.0192569929528773,0.310294215400663,0.0158200576873893
"P","tpois",3,0.1,1,0.5,"TOX-raw","abs_lfc_bin","(0.5,1]",20,74.5,6.73970950490645,0.0196234125695643,0.00364628868855628,0.0347297567382492,0.00480354831180132
"P","tpois",3,0.1,1,0.5,"TOX-raw","abs_lfc_bin","(1,2]",20,149.05,5.0759883662925,0.169859154081543,0.00817567972280427,0.241044410855174,0.0162110906932069
"P","tpois",3,0.1,1,0.5,"TOX-raw","abs_lfc_bin","(2,4]",20,113.3,2.29082839532823,0.593229401293967,0.0101694534819796,0.648602320715309,0.0111118560000806
"P","tpois",3,0.1,1,0.5,"TOX-raw","abs_lfc_bin","[0.25,0.5]",20,60.45,4.26767223621841,0.00521147537717729,0.00192854740553985,0.00904470412714461,0.00248730408567197
"P","tpois",3,0.1,1,0.5,"TOX-raw","expr_decile","1",20,42.5,1.41328285245829,0.218508394299986,0.0182616246844452,0.274492582441357,0.0195494884158418
"P","tpois",3,0.1,1,0.5,"TOX-raw","expr_decile","10",20,48.3,1.37093897902515,0.167113917461619,0.0122867181721236,0.202782697943076,0.0119251171544179
"P","tpois",3,0.1,1,0.5,"TOX-raw","expr_decile","2",20,48.25,1.35505874799815,0.260421002464479,0.0154166311116784,0.316007094061392,0.0194443419974082
"P","tpois",3,0.1,1,0.5,"TOX-raw","expr_decile","3",20,45.8,1.2452013153661,0.266062019834021,0.0167073948454545,0.303539200558964,0.0153959070629982
"P","tpois",3,0.1,1,0.5,"TOX-raw","expr_decile","4",20,47.35,1.58159646193998,0.2492494786691,0.0159194150759785,0.303078463922376,0.0205207187601896
"P","tpois",3,0.1,1,0.5,"TOX-raw","expr_decile","5",20,48.9,1.38962319769747,0.249691954529989,0.014326707804761,0.281142126423615,0.0146584260019122
"P","tpois",3,0.1,1,0.5,"TOX-raw","expr_decile","6",20,48.3,1.11000237078931,0.238121015998333,0.0140151192352569,0.282121229437879,0.0176177353921965
"P","tpois",3,0.1,1,0.5,"TOX-raw","expr_decile","7",20,47.65,1.42399549082669,0.259941136483038,0.0118974459558368,0.29004964971305,0.0145581343449788
"P","tpois",3,0.1,1,0.5,"TOX-raw","expr_decile","8",20,46.1,1.20939306222062,0.218251012354495,0.0145039431758696,0.253228773306524,0.0199215192433994
"P","tpois",3,0.1,1,0.5,"TOX-raw","expr_decile","9",20,47.9,1.11662084221241,0.14926729743551,0.0139854887232699,0.178452851637345,0.0170489615508304
"P","tpois",3,0.1,1,0.5,"TOX-raw-blocked","abs_lfc_bin","(0.5,1]",20,74.5,6.73970950490645,0,0,0.0286561494768554,0.00445839147569038
"P","tpois",3,0.1,1,0.5,"TOX-raw-blocked","abs_lfc_bin","(1,2]",20,149.05,5.0759883662925,0.00245191164322935,0.000905951939896654,0.267204632969578,0.0132380415019588
"P","tpois",3,0.1,1,0.5,"TOX-raw-blocked","abs_lfc_bin","(2,4]",20,113.3,2.29082839532823,0.0382204057572957,0.00419116875722955,0.75098608237126,0.0122196803718781
"P","tpois",3,0.1,1,0.5,"TOX-raw-blocked","abs_lfc_bin","[0.25,0.5]",20,60.45,4.26767223621841,0,0,0.0104877055701461,0.00271359492446211
"P","tpois",3,0.1,1,0.5,"TOX-raw-blocked","expr_decile","1",20,42.5,1.41328285245829,0.00839869202675195,0.00305912504683206,0.302954754679526,0.0162072488482304
"P","tpois",3,0.1,1,0.5,"TOX-raw-blocked","expr_decile","10",20,48.3,1.37093897902515,0.00569311648941738,0.00199890657430479,0.246888999479866,0.0118025102519455
"P","tpois",3,0.1,1,0.5,"TOX-raw-blocked","expr_decile","2",20,48.25,1.35505874799815,0.0203872924193121,0.00521924743002526,0.339397739214361,0.0214007352032614
"P","tpois",3,0.1,1,0.5,"TOX-raw-blocked","expr_decile","3",20,45.8,1.2452013153661,0.00866577598382252,0.00289096374273272,0.333621917278785,0.0143491023862457
"P","tpois",3,0.1,1,0.5,"TOX-raw-blocked","expr_decile","4",20,47.35,1.58159646193998,0.0213752155635359,0.00423234561942343,0.326349604227724,0.0217025226024087
"P","tpois",3,0.1,1,0.5,"TOX-raw-blocked","expr_decile","5",20,48.9,1.38962319769747,0.0160416775122123,0.0036972413285719,0.317274231028217,0.0204595803341819
"P","tpois",3,0.1,1,0.5,"TOX-raw-blocked","expr_decile","6",20,48.3,1.11000237078931,0.0169635309951614,0.00364399114379162,0.314591101784713,0.0201424107382925
"P","tpois",3,0.1,1,0.5,"TOX-raw-blocked","expr_decile","7",20,47.65,1.42399549082669,0.014457893276438,0.00468781019865028,0.321712579456752,0.0144556732141953
"P","tpois",3,0.1,1,0.5,"TOX-raw-blocked","expr_decile","8",20,46.1,1.20939306222062,0.0191673070511037,0.00464301899733133,0.309760156833019,0.0220965296120499
"P","tpois",3,0.1,1,0.5,"TOX-raw-blocked","expr_decile","9",20,47.9,1.11662084221241,0.010757802788942,0.00345265144745902,0.22833679034298,0.0160840226644351
"P","tpois",5,0.1,1,0.5,"DESeq2","abs_lfc_bin","(0.5,1]",20,74.25,7.00032893963976,0.302825853783757,0.0243356430052733,0.24470687494244,0.0197421734996937
"P","tpois",5,0.1,1,0.5,"DESeq2","abs_lfc_bin","(1,2]",20,150.45,5.05364641672359,0.810065685258416,0.0084537755794399,0.77337059819686,0.0082842388668926
"P","tpois",5,0.1,1,0.5,"DESeq2","abs_lfc_bin","(2,4]",20,118.3,4.41415188253704,0.975141679305632,0.00426155451786772,0.973476003462724,0.00406927616258358
"P","tpois",5,0.1,1,0.5,"DESeq2","abs_lfc_bin","[0.25,0.5]",20,50.9,3.99466749818463,0.0547232775196284,0.00653306950635729,0.0391487495843882,0.00703512696126811
"P","tpois",5,0.1,1,0.5,"DESeq2","expr_decile","1",20,42.15,1.62751829159419,0.532635591183595,0.0199081742934409,0.507230549487135,0.0198620117124172
"P","tpois",5,0.1,1,0.5,"DESeq2","expr_decile","10",20,49.05,1.28242164016282,0.612204193133089,0.0192312517906785,0.58611787556894,0.0205349193198319
"P","tpois",5,0.1,1,0.5,"DESeq2","expr_decile","2",20,49.15,1.27583821775911,0.621290334940929,0.0236188811190303,0.598555311682881,0.0229063980642866
"P","tpois",5,0.1,1,0.5,"DESeq2","expr_decile","3",20,45.45,1.41695559489165,0.587211893031103,0.0197798716382619,0.555457290971803,0.0210279318469444
"P","tpois",5,0.1,1,0.5,"DESeq2","expr_decile","4",20,46.15,1.00334965307005,0.618507488104979,0.0209268892894584,0.599048468532775,0.0194409021346114
"P","tpois",5,0.1,1,0.5,"DESeq2","expr_decile","5",20,47.65,1.67689405873195,0.610619436452874,0.0182383120483708,0.585239990901307,0.0182373861101125
"P","tpois",5,0.1,1,0.5,"DESeq2","expr_decile","6",20,47.2,1.41718772667264,0.608025553140549,0.0205497907273667,0.587173020282606,0.0197523804371
"P","tpois",5,0.1,1,0.5,"DESeq2","expr_decile","7",20,47,1.4253346790731,0.587516341374651,0.0201771288248592,0.565755270054258,0.0201452392200888
"P","tpois",5,0.1,1,0.5,"DESeq2","expr_decile","8",20,47.7,1.36901808838152,0.597004608223998,0.0219448668069038,0.572716768079578,0.0237904940882276
"P","tpois",5,0.1,1,0.5,"DESeq2","expr_decile","9",20,46.55,1.4608487078984,0.610895355506712,0.0239765329735048,0.585787699447741,0.0230648697936265
"P","tpois",5,0.1,1,0.5,"edgeR","abs_lfc_bin","(0.5,1]",20,74.25,7.00032893963976,0.189001491820933,0.0181573873698827,0.265189519081733,0.021735151479861
"P","tpois",5,0.1,1,0.5,"edgeR","abs_lfc_bin","(1,2]",20,150.45,5.05364641672359,0.720188768273095,0.0105449384068576,0.791039951907749,0.00812174743551863
"P","tpois",5,0.1,1,0.5,"edgeR","abs_lfc_bin","(2,4]",20,118.3,4.41415188253704,0.974818678882663,0.00398959030661835,0.981005233306181,0.00371908991487584
"P","tpois",5,0.1,1,0.5,"edgeR","abs_lfc_bin","[0.25,0.5]",20,50.9,3.99466749818463,0.0168734362335807,0.00563928691628036,0.0420916964446877,0.00706030944797002
"P","tpois",5,0.1,1,0.5,"edgeR","expr_decile","1",20,42.15,1.62751829159419,0.485057742521819,0.021607920980034,0.533078617772387,0.0194226670570877
"P","tpois",5,0.1,1,0.5,"edgeR","expr_decile","10",20,49.05,1.28242164016282,0.560361741202605,0.0212129403339001,0.598151667290757,0.0208851567046004
"P","tpois",5,0.1,1,0.5,"edgeR","expr_decile","2",20,49.15,1.27583821775911,0.569548196128978,0.022089629963245,0.610864475027941,0.0220597592904982
"P","tpois",5,0.1,1,0.5,"edgeR","expr_decile","3",20,45.45,1.41695559489165,0.535875641874884,0.0209303442221806,0.572906918530678,0.0208261848358765
"P","tpois",5,0.1,1,0.5,"edgeR","expr_decile","4",20,46.15,1.00334965307005,0.572896229708381,0.0235567729390799,0.608371825237238,0.0216459740927395
"P","tpois",5,0.1,1,0.5,"edgeR","expr_decile","5",20,47.65,1.67689405873195,0.553836426975315,0.0188087343666116,0.58825439509705,0.0186305350294815
"P","tpois",5,0.1,1,0.5,"edgeR","expr_decile","6",20,47.2,1.41718772667264,0.549033900253344,0.0215887704303827,0.595372968717059,0.0201547317055178
"P","tpois",5,0.1,1,0.5,"edgeR","expr_decile","7",20,47,1.4253346790731,0.541465972112031,0.0231705024408881,0.573197244275893,0.0203043703029524
"P","tpois",5,0.1,1,0.5,"edgeR","expr_decile","8",20,47.7,1.36901808838152,0.54479802521046,0.0245300948140527,0.58320509830839,0.0241468884884063
"P","tpois",5,0.1,1,0.5,"edgeR","expr_decile","9",20,46.55,1.4608487078984,0.54665656077937,0.0235344442224893,0.600245425522213,0.0237670279122615
"P","tpois",5,0.1,1,0.5,"limma","abs_lfc_bin","(0.5,1]",20,74.25,7.00032893963976,0.169717635674413,0.0181456307020533,0.295575420053391,0.0231288309752136
"P","tpois",5,0.1,1,0.5,"limma","abs_lfc_bin","(1,2]",20,150.45,5.05364641672359,0.70102530663768,0.0102173822760306,0.811446292202354,0.0104991311619969
"P","tpois",5,0.1,1,0.5,"limma","abs_lfc_bin","(2,4]",20,118.3,4.41415188253704,0.977129451005417,0.00398382548219528,0.987121140001815,0.00207377516002563
"P","tpois",5,0.1,1,0.5,"limma","abs_lfc_bin","[0.25,0.5]",20,50.9,3.99466749818463,0.0113571266755326,0.003514009906472,0.0411257017577055,0.00652900168986157
"P","tpois",5,0.1,1,0.5,"limma","expr_decile","1",20,42.15,1.62751829159419,0.471176097328512,0.0189674221860828,0.543393407541329,0.0216601363946718
"P","tpois",5,0.1,1,0.5,"limma","expr_decile","10",20,49.05,1.28242164016282,0.552724653424302,0.0205364036377676,0.615492453944778,0.0196806893800319
"P","tpois",5,0.1,1,0.5,"limma","expr_decile","2",20,49.15,1.27583821775911,0.550169918796646,0.0236762274112383,0.614851112080615,0.024850773196716
"P","tpois",5,0.1,1,0.5,"limma","expr_decile","3",20,45.45,1.41695559489165,0.5243776753478,0.0242696136317457,0.587736487211874,0.0219559824807776
"P","tpois",5,0.1,1,0.5,"limma","expr_decile","4",20,46.15,1.00334965307005,0.555161687599024,0.0242592305560042,0.61448317459132,0.021955611814228
"P","tpois",5,0.1,1,0.5,"limma","expr_decile","5",20,47.65,1.67689405873195,0.55519826398548,0.0201566543589093,0.603881956223597,0.0199922831073354
"P","tpois",5,0.1,1,0.5,"limma","expr_decile","6",20,47.2,1.41718772667264,0.54366669993053,0.0209862533744453,0.610008809134049,0.020612228378754
"P","tpois",5,0.1,1,0.5,"limma","expr_decile","7",20,47,1.4253346790731,0.524951463704689,0.0219918897554916,0.590339210723748,0.0217352259605114
"P","tpois",5,0.1,1,0.5,"limma","expr_decile","8",20,47.7,1.36901808838152,0.537712559401614,0.0254534727788996,0.592101905137022,0.023877989016823
"P","tpois",5,0.1,1,0.5,"limma","expr_decile","9",20,46.55,1.4608487078984,0.549867199423693,0.0220504661116071,0.614947781170865,0.0244121691406395
"P","tpois",5,0.1,1,0.5,"TOX-log","abs_lfc_bin","(0.5,1]",20,74.25,7.00032893963976,0.0587981253054529,0.0078674226205562,0.137979241565207,0.0152621076791501
"P","tpois",5,0.1,1,0.5,"TOX-log","abs_lfc_bin","(1,2]",20,150.45,5.05364641672359,0.524326631538974,0.0129274144086012,0.68996464581769,0.0138444278694627
"P","tpois",5,0.1,1,0.5,"TOX-log","abs_lfc_bin","(2,4]",20,118.3,4.41415188253704,0.984522038553847,0.0031572025498744,0.994023051974682,0.00173384684595792
"P","tpois",5,0.1,1,0.5,"TOX-log","abs_lfc_bin","[0.25,0.5]",20,50.9,3.99466749818463,0.00816891014644167,0.00324689822994029,0.0182132959242178,0.00539212406360938
"P","tpois",5,0.1,1,0.5,"TOX-log","expr_decile","1",20,42.15,1.62751829159419,0.447385335766136,0.0191016816587655,0.518329276833749,0.0185018517983644
"P","tpois",5,0.1,1,0.5,"TOX-log","expr_decile","10",20,49.05,1.28242164016282,0.419047022733273,0.0272046606215617,0.494764424490241,0.027301976694564
"P","tpois",5,0.1,1,0.5,"TOX-log","expr_decile","2",20,49.15,1.27583821775911,0.5232232064582,0.0221399674220046,0.588985275145987,0.0220665343941437
"P","tpois",5,0.1,1,0.5,"TOX-log","expr_decile","3",20,45.45,1.41695559489165,0.479577473489067,0.0235165278826433,0.548097486633999,0.0217675292136505
"P","tpois",5,0.1,1,0.5,"TOX-log","expr_decile","4",20,46.15,1.00334965307005,0.498407370221703,0.0262733884269045,0.580449713960272,0.0256699283594502
"P","tpois",5,0.1,1,0.5,"TOX-log","expr_decile","5",20,47.65,1.67689405873195,0.474976977145619,0.0247233594399335,0.538548190886442,0.0238018654135113
"P","tpois",5,0.1,1,0.5,"TOX-log","expr_decile","6",20,47.2,1.41718772667264,0.469363113613197,0.0239634085963138,0.541015573472429,0.020358826528817
"P","tpois",5,0.1,1,0.5,"TOX-log","expr_decile","7",20,47,1.4253346790731,0.435224790240518,0.0205058657484403,0.501104933780301,0.0211134324726736
"P","tpois",5,0.1,1,0.5,"TOX-log","expr_decile","8",20,47.7,1.36901808838152,0.453274942655253,0.0282730742219551,0.524320225867018,0.0298135114215652
"P","tpois",5,0.1,1,0.5,"TOX-log","expr_decile","9",20,46.55,1.4608487078984,0.457316655303444,0.0248539095994248,0.527650487875933,0.0245037046005822
"P","tpois",5,0.1,1,0.5,"TOX-log-blocked","abs_lfc_bin","(0.5,1]",20,74.25,7.00032893963976,0.0474176171842626,0.006986315968164,0.145014926981018,0.0149703619520975
"P","tpois",5,0.1,1,0.5,"TOX-log-blocked","abs_lfc_bin","(1,2]",20,150.45,5.05364641672359,0.492184095506535,0.0163478743404038,0.714623390662302,0.0141804445877342
"P","tpois",5,0.1,1,0.5,"TOX-log-blocked","abs_lfc_bin","(2,4]",20,118.3,4.41415188253704,0.980850888230882,0.00376062810287668,0.994735324198582,0.00154868503134994
"P","tpois",5,0.1,1,0.5,"TOX-log-blocked","abs_lfc_bin","[0.25,0.5]",20,50.9,3.99466749818463,0.00579577535793507,0.00304264801917145,0.0188534607178391,0.00538382453613487
"P","tpois",5,0.1,1,0.5,"TOX-log-blocked","expr_decile","1",20,42.15,1.62751829159419,0.425783341466597,0.020720596877615,0.512342180722834,0.0198533536824166
"P","tpois",5,0.1,1,0.5,"TOX-log-blocked","expr_decile","10",20,49.05,1.28242164016282,0.40990989408421,0.0290238863232228,0.512629901253688,0.0263703835692743
"P","tpois",5,0.1,1,0.5,"TOX-log-blocked","expr_decile","2",20,49.15,1.27583821775911,0.506632884671121,0.0240722870483778,0.589678870766054,0.0231594070164745
"P","tpois",5,0.1,1,0.5,"TOX-log-blocked","expr_decile","3",20,45.45,1.41695559489165,0.467725485258891,0.0234894817163393,0.549017490328393,0.0222518749579796
"P","tpois",5,0.1,1,0.5,"TOX-log-blocked","expr_decile","4",20,46.15,1.00334965307005,0.482694639567095,0.0271651172475336,0.588211658313591,0.0272733768769106
"P","tpois",5,0.1,1,0.5,"TOX-log-blocked","expr_decile","5",20,47.65,1.67689405873195,0.46287399672951,0.0250648448275184,0.55759378711146,0.0228794854334501
"P","tpois",5,0.1,1,0.5,"TOX-log-blocked","expr_decile","6",20,47.2,1.41718772667264,0.457229242497659,0.0230055000073725,0.549663451545821,0.0199861179993779
"P","tpois",5,0.1,1,0.5,"TOX-log-blocked","expr_decile","7",20,47,1.4253346790731,0.426523710405074,0.0202659566311273,0.518301536297747,0.0214646658310067
"P","tpois",5,0.1,1,0.5,"TOX-log-blocked","expr_decile","8",20,47.7,1.36901808838152,0.439970169785764,0.0308217749647826,0.535730281475086,0.028407970449751
"P","tpois",5,0.1,1,0.5,"TOX-log-blocked","expr_decile","9",20,46.55,1.4608487078984,0.440042970704505,0.026493149811593,0.544816779495545,0.0254345249123406
"P","tpois",5,0.1,1,0.5,"TOX-log-boot","abs_lfc_bin","(0.5,1]",20,74.25,7.00032893963976,0.157156200258854,0.0168020778591425,0.139126256458918,0.0143527179651151
"P","tpois",5,0.1,1,0.5,"TOX-log-boot","abs_lfc_bin","(1,2]",20,150.45,5.05364641672359,0.733085397074888,0.0139067596597337,0.715956148834083,0.0131595484917399
"P","tpois",5,0.1,1,0.5,"TOX-log-boot","abs_lfc_bin","(2,4]",20,118.3,4.41415188253704,0.996139209360074,0.00111246334186548,0.993901298727929,0.00173303088363283
"P","tpois",5,0.1,1,0.5,"TOX-log-boot","abs_lfc_bin","[0.25,0.5]",20,50.9,3.99466749818463,0.0208535572642365,0.00556851069829719,0.0194784607178391,0.00545715761365205
"P","tpois",5,0.1,1,0.5,"TOX-log-boot","expr_decile","1",20,42.15,1.62751829159419,0.521992248473512,0.0195207075045645,0.506543162081627,0.0186563850661516
"P","tpois",5,0.1,1,0.5,"TOX-log-boot","expr_decile","10",20,49.05,1.28242164016282,0.522446680515852,0.0258409693286288,0.51163922844576,0.0265569231775735
"P","tpois",5,0.1,1,0.5,"TOX-log-boot","expr_decile","2",20,49.15,1.27583821775911,0.593084205584495,0.0237753535799283,0.588971421438816,0.0234442486204378
"P","tpois",5,0.1,1,0.5,"TOX-log-boot","expr_decile","3",20,45.45,1.41695559489165,0.557362256417409,0.022551168497761,0.552423347994602,0.0224147987031521
"P","tpois",5,0.1,1,0.5,"TOX-log-boot","expr_decile","4",20,46.15,1.00334965307005,0.591163246899187,0.024977160176462,0.587074890436392,0.025335988749782
"P","tpois",5,0.1,1,0.5,"TOX-log-boot","expr_decile","5",20,47.65,1.67689405873195,0.558846764306931,0.0236677456576608,0.551187477261304,0.0233790289432987
"P","tpois",5,0.1,1,0.5,"TOX-log-boot","expr_decile","6",20,47.2,1.41718772667264,0.558750693710179,0.0209965510811945,0.550479262553382,0.0205855153705256
"P","tpois",5,0.1,1,0.5,"TOX-log-boot","expr_decile","7",20,47,1.4253346790731,0.534199661981703,0.0204032995809273,0.518534121813347,0.0211604487292678
"P","tpois",5,0.1,1,0.5,"TOX-log-boot","expr_decile","8",20,47.7,1.36901808838152,0.549598695737545,0.026355443564444,0.539839204513415,0.0275975765339934
"P","tpois",5,0.1,1,0.5,"TOX-log-boot","expr_decile","9",20,46.55,1.4608487078984,0.558119959185147,0.0234915178103235,0.540165807614657,0.0263935463210781
"P","tpois",5,0.1,1,0.5,"TOX-raw","abs_lfc_bin","(0.5,1]",20,74.25,7.00032893963976,0.00668737427374475,0.0025042560152018,0.0383761380765114,0.00652056309965615
"P","tpois",5,0.1,1,0.5,"TOX-raw","abs_lfc_bin","(1,2]",20,150.45,5.05364641672359,0.107313020049071,0.00828845739778398,0.261179116848969,0.0134641686263012
"P","tpois",5,0.1,1,0.5,"TOX-raw","abs_lfc_bin","(2,4]",20,118.3,4.41415188253704,0.388918580496854,0.0154292927915393,0.66837112644308,0.0192342348562855
"P","tpois",5,0.1,1,0.5,"TOX-raw","abs_lfc_bin","[0.25,0.5]",20,50.9,3.99466749818463,0,0,0.00682058920887123,0.00506104234226362
"P","tpois",5,0.1,1,0.5,"TOX-raw","expr_decile","1",20,42.15,1.62751829159419,0.165807418309238,0.0124360634861095,0.313855266665877,0.0158873848310562
"P","tpois",5,0.1,1,0.5,"TOX-raw","expr_decile","10",20,49.05,1.28242164016282,0.116568430460941,0.0171644357468518,0.226102543089381,0.0234892902409987
"P","tpois",5,0.1,1,0.5,"TOX-raw","expr_decile","2",20,49.15,1.27583821775911,0.205760854528096,0.0160316530360025,0.360088884266141,0.0224394854643171
"P","tpois",5,0.1,1,0.5,"TOX-raw","expr_decile","3",20,45.45,1.41695559489165,0.173733926484439,0.0105129891074417,0.325681881272517,0.0208774187768372
"P","tpois",5,0.1,1,0.5,"TOX-raw","expr_decile","4",20,46.15,1.00334965307005,0.187987733311509,0.018189135424019,0.342011167610125,0.0329105138179239
"P","tpois",5,0.1,1,0.5,"TOX-raw","expr_decile","5",20,47.65,1.67689405873195,0.166306903883765,0.0153759416206955,0.294186241136498,0.021435609144037
"P","tpois",5,0.1,1,0.5,"TOX-raw","expr_decile","6",20,47.2,1.41718772667264,0.169620859811279,0.0194871512607547,0.306781296664503,0.0234853455734427
"P","tpois",5,0.1,1,0.5,"TOX-raw","expr_decile","7",20,47,1.4253346790731,0.121025575775099,0.0140251320774964,0.263136575989107,0.0222994509471253
"P","tpois",5,0.1,1,0.5,"TOX-raw","expr_decile","8",20,47.7,1.36901808838152,0.144392378575074,0.0172206276456805,0.266116736605105,0.0268824934256201
"P","tpois",5,0.1,1,0.5,"TOX-raw","expr_decile","9",20,46.55,1.4608487078984,0.117582021454544,0.0130665025819738,0.239179817402991,0.0210922620722373
"P","tpois",5,0.1,1,0.5,"TOX-raw-blocked","abs_lfc_bin","(0.5,1]",20,74.25,7.00032893963976,0,0,0.0784476776690692,0.00932770606705501
"P","tpois",5,0.1,1,0.5,"TOX-raw-blocked","abs_lfc_bin","(1,2]",20,150.45,5.05364641672359,0.00540019189784122,0.00232697948096697,0.445844343218393,0.0147053321300154
"P","tpois",5,0.1,1,0.5,"TOX-raw-blocked","abs_lfc_bin","(2,4]",20,118.3,4.41415188253704,0.0588796159014496,0.0158780208766231,0.915254803579247,0.0104687398250084
"P","tpois",5,0.1,1,0.5,"TOX-raw-blocked","abs_lfc_bin","[0.25,0.5]",20,50.9,3.99466749818463,0,0,0.016338386287841,0.00743690093295765
"P","tpois",5,0.1,1,0.5,"TOX-raw-blocked","expr_decile","1",20,42.15,1.62751829159419,0.0240254286058337,0.0107174128072769,0.416564321311465,0.0172968153061227
"P","tpois",5,0.1,1,0.5,"TOX-raw-blocked","expr_decile","10",20,49.05,1.28242164016282,0.0239101770010002,0.0103916180325617,0.37069613822313,0.0239739833139732
"P","tpois",5,0.1,1,0.5,"TOX-raw-blocked","expr_decile","2",20,49.15,1.27583821775911,0.0280899116394855,0.011223623048894,0.493240981408201,0.0242040786885098
"P","tpois",5,0.1,1,0.5,"TOX-raw-blocked","expr_decile","3",20,45.45,1.41695559489165,0.0214505524501543,0.008259861127343,0.445543876476527,0.0207752352313853
"P","tpois",5,0.1,1,0.5,"TOX-raw-blocked","expr_decile","4",20,46.15,1.00334965307005,0.0282299061982961,0.00938377288353802,0.477653470101479,0.0277632825891116
"P","tpois",5,0.1,1,0.5,"TOX-raw-blocked","expr_decile","5",20,47.65,1.67689405873195,0.036610196979587,0.0150360335059019,0.436480695590534,0.0244440826038229
"P","tpois",5,0.1,1,0.5,"TOX-raw-blocked","expr_decile","6",20,47.2,1.41718772667264,0.0329419560545999,0.0145054627335562,0.435311693261242,0.0233362807014413
"P","tpois",5,0.1,1,0.5,"TOX-raw-blocked","expr_decile","7",20,47,1.4253346790731,0.0233630998447921,0.0093885887071228,0.396450573818811,0.0220598282069744
"P","tpois",5,0.1,1,0.5,"TOX-raw-blocked","expr_decile","8",20,47.7,1.36901808838152,0.0230928903091148,0.00920062023197496,0.396250924349412,0.0309702522853007
"P","tpois",5,0.1,1,0.5,"TOX-raw-blocked","expr_decile","9",20,46.55,1.4608487078984,0.0185842633773287,0.00603735012516116,0.405047719585965,0.0294822498192588
"P","tpois",10,0.1,1,0.5,"DESeq2","abs_lfc_bin","(0.5,1]",20,70.45,5.9667830528686,0.586338760142766,0.0200937312105423,0.531237914724247,0.0217556115115684
"P","tpois",10,0.1,1,0.5,"DESeq2","abs_lfc_bin","(1,2]",20,150.3,4.66402807610941,0.958447835839676,0.00518171927647149,0.949190807033083,0.00544428605675201
"P","tpois",10,0.1,1,0.5,"DESeq2","abs_lfc_bin","(2,4]",20,116.35,2.87573789157716,1,0,1,0
"P","tpois",10,0.1,1,0.5,"DESeq2","abs_lfc_bin","[0.25,0.5]",20,53.85,3.61959215498391,0.134898708389646,0.0124017016312777,0.103584161841941,0.010444700961355
"P","tpois",10,0.1,1,0.5,"DESeq2","expr_decile","1",20,40,1.06869325026309,0.672287030056013,0.0156557725312655,0.649279827982276,0.014874066287377
"P","tpois",10,0.1,1,0.5,"DESeq2","expr_decile","10",20,47.2,1.15758369027902,0.696687031673692,0.0193735985569238,0.68443347846983,0.0195363269110414
"P","tpois",10,0.1,1,0.5,"DESeq2","expr_decile","2",20,47,1.25865425209459,0.701085670452256,0.0180518785225846,0.691141631484061,0.0176094144435908
"P","tpois",10,0.1,1,0.5,"DESeq2","expr_decile","3",20,45.65,1.48727054842437,0.704221560273009,0.0165537364914498,0.685681781560015,0.0169614340084846
"P","tpois",10,0.1,1,0.5,"DESeq2","expr_decile","4",20,49.6,1.90760251845636,0.710356226147542,0.0158503232520298,0.692949273926115,0.0164237077984555
"P","tpois",10,0.1,1,0.5,"DESeq2","expr_decile","5",20,48.15,1.64040271050483,0.691547323556531,0.0213911278960823,0.673546275704433,0.0205691946544134
"P","tpois",10,0.1,1,0.5,"DESeq2","expr_decile","6",20,47.8,1.50542877263379,0.709460471468329,0.0128701739449427,0.695056187955402,0.0129726177865238
"P","tpois",10,0.1,1,0.5,"DESeq2","expr_decile","7",20,47.85,0.918451213499632,0.730669726157316,0.0116318358827477,0.708468230796814,0.0124101880533661
"P","tpois",10,0.1,1,0.5,"DESeq2","expr_decile","8",20,47.6,1.56339711088251,0.727944853999364,0.0140287333444528,0.720466889663841,0.0147482488506564
"P","tpois",10,0.1,1,0.5,"DESeq2","expr_decile","9",20,47.35,1.36164567614649,0.716069301277105,0.0141196643436312,0.704879012755414,0.0143542396876002
"P","tpois",10,0.1,1,0.5,"edgeR","abs_lfc_bin","(0.5,1]",20,70.45,5.9667830528686,0.514126993888561,0.0246818215749351,0.503385329535393,0.0233920108227319
"P","tpois",10,0.1,1,0.5,"edgeR","abs_lfc_bin","(1,2]",20,150.3,4.66402807610941,0.926316431944497,0.00562795670321801,0.924126640160123,0.00600416709430216
"P","tpois",10,0.1,1,0.5,"edgeR","abs_lfc_bin","(2,4]",20,116.35,2.87573789157716,0.99456367441743,0.0016133694461372,0.994970178482471,0.00162878512473276
"P","tpois",10,0.1,1,0.5,"edgeR","abs_lfc_bin","[0.25,0.5]",20,53.85,3.61959215498391,0.0973846990226045,0.00962467109977387,0.0937072600975945,0.00831542175956087
"P","tpois",10,0.1,1,0.5,"edgeR","expr_decile","1",20,40,1.06869325026309,0.644197296311289,0.016312490617341,0.640026040566965,0.016477613349218
"P","tpois",10,0.1,1,0.5,"edgeR","expr_decile","10",20,47.2,1.15758369027902,0.672520009063402,0.0202837992455388,0.667097345821838,0.0201765096033913
"P","tpois",10,0.1,1,0.5,"edgeR","expr_decile","2",20,47,1.25865425209459,0.687171019528486,0.0176743691430877,0.685927332659799,0.0177777679779276
"P","tpois",10,0.1,1,0.5,"edgeR","expr_decile","3",20,45.65,1.48727054842437,0.68097554831061,0.0159198340196072,0.67615951664113,0.016812517840005
"P","tpois",10,0.1,1,0.5,"edgeR","expr_decile","4",20,49.6,1.90760251845636,0.675270964747523,0.018899740873748,0.677125184696372,0.0192836293124054
"P","tpois",10,0.1,1,0.5,"edgeR","expr_decile","5",20,48.15,1.64040271050483,0.658361685791391,0.0209179643743036,0.652597021429455,0.0206223785351342
"P","tpois",10,0.1,1,0.5,"edgeR","expr_decile","6",20,47.8,1.50542877263379,0.681370689738505,0.0125329039169619,0.682471515456186,0.0122732131771933
"P","tpois",10,0.1,1,0.5,"edgeR","expr_decile","7",20,47.85,0.918451213499632,0.68906760370334,0.0143346070978152,0.683742860312559,0.0152611032684115
"P","tpois",10,0.1,1,0.5,"edgeR","expr_decile","8",20,47.6,1.56339711088251,0.699545856017976,0.0184636791434604,0.702155285177034,0.0173497290827933
"P","tpois",10,0.1,1,0.5,"edgeR","expr_decile","9",20,47.35,1.36164567614649,0.689035586011282,0.0166361733288358,0.688092189784867,0.0165794188909504
"P","tpois",10,0.1,1,0.5,"limma","abs_lfc_bin","(0.5,1]",20,70.45,5.9667830528686,0.46794855230753,0.0247656060098594,0.559934737605647,0.0231341236185881
"P","tpois",10,0.1,1,0.5,"limma","abs_lfc_bin","(1,2]",20,150.3,4.66402807610941,0.938579101137044,0.00699675337479929,0.957341213112917,0.00552245731985233
"P","tpois",10,0.1,1,0.5,"limma","abs_lfc_bin","(2,4]",20,116.35,2.87573789157716,0.999593495934959,0.000406504065040653,1,0
"P","tpois",10,0.1,1,0.5,"limma","abs_lfc_bin","[0.25,0.5]",20,53.85,3.61959215498391,0.0669559156235754,0.00723904392132749,0.120810219346603,0.0111010176129866
"P","tpois",10,0.1,1,0.5,"limma","expr_decile","1",20,40,1.06869325026309,0.629342602480755,0.0155529979299903,0.672357702645374,0.0170304279769174
"P","tpois",10,0.1,1,0.5,"limma","expr_decile","10",20,47.2,1.15758369027902,0.655976845632441,0.0219759991548305,0.691378368433984,0.019181148511319
"P","tpois",10,0.1,1,0.5,"limma","expr_decile","2",20,47,1.25865425209459,0.676819235241919,0.0180847947248975,0.701179028361403,0.0172822889745164
"P","tpois",10,0.1,1,0.5,"limma","expr_decile","3",20,45.65,1.48727054842437,0.672239238642528,0.0155842650231299,0.694094489224711,0.0178146584294703
"P","tpois",10,0.1,1,0.5,"limma","expr_decile","4",20,49.6,1.90760251845636,0.672193183898757,0.0165536206296189,0.697177770384681,0.0180252185353443
"P","tpois",10,0.1,1,0.5,"limma","expr_decile","5",20,48.15,1.64040271050483,0.648441862963381,0.0211476654833957,0.675518431061075,0.0220771437795895
"P","tpois",10,0.1,1,0.5,"limma","expr_decile","6",20,47.8,1.50542877263379,0.677757618564126,0.0134067000108793,0.713476645233887,0.0133536709567852
"P","tpois",10,0.1,1,0.5,"limma","expr_decile","7",20,47.85,0.918451213499632,0.688444440888972,0.0164633524101908,0.724009496951222,0.0134090048966287
"P","tpois",10,0.1,1,0.5,"limma","expr_decile","8",20,47.6,1.56339711088251,0.698827730383065,0.0146423111257624,0.725044591874112,0.0151629676516828
"P","tpois",10,0.1,1,0.5,"limma","expr_decile","9",20,47.35,1.36164567614649,0.695879875338673,0.0153426236307341,0.712799428202084,0.0142632786661748
"P","tpois",10,0.1,1,0.5,"TOX-log","abs_lfc_bin","(0.5,1]",20,70.45,5.9667830528686,0.144589631085184,0.0126370953672437,0.394194254163665,0.0229436938421216
"P","tpois",10,0.1,1,0.5,"TOX-log","abs_lfc_bin","(1,2]",20,150.3,4.66402807610941,0.840993715931729,0.0148170124612879,0.958432782719649,0.00604274643659502
"P","tpois",10,0.1,1,0.5,"TOX-log","abs_lfc_bin","(2,4]",20,116.35,2.87573789157716,0.999509803921569,0.000490196078431371,1,0
"P","tpois",10,0.1,1,0.5,"TOX-log","abs_lfc_bin","[0.25,0.5]",20,53.85,3.61959215498391,0.00867291943899655,0.00230811684549898,0.0596001849293896,0.00829509231890395
"P","tpois",10,0.1,1,0.5,"TOX-log","expr_decile","1",20,40,1.06869325026309,0.575816434215226,0.0186377920982074,0.677606141207277,0.0172884386086234
"P","tpois",10,0.1,1,0.5,"TOX-log","expr_decile","10",20,47.2,1.15758369027902,0.545708522710793,0.0237578332874136,0.634527405174676,0.0212343226263476
"P","tpois",10,0.1,1,0.5,"TOX-log","expr_decile","2",20,47,1.25865425209459,0.619027580456895,0.0190835355973837,0.698027812769018,0.0171878311495497
"P","tpois",10,0.1,1,0.5,"TOX-log","expr_decile","3",20,45.65,1.48727054842437,0.604907623379774,0.0195607806821854,0.675366190837195,0.0165096469476359
"P","tpois",10,0.1,1,0.5,"TOX-log","expr_decile","4",20,49.6,1.90760251845636,0.58846748937509,0.0163514649513723,0.683622437257837,0.0172555396019639
"P","tpois",10,0.1,1,0.5,"TOX-log","expr_decile","5",20,48.15,1.64040271050483,0.557970586415003,0.0202576476954699,0.653035005747253,0.0215987073489266
"P","tpois",10,0.1,1,0.5,"TOX-log","expr_decile","6",20,47.8,1.50542877263379,0.581063475746294,0.018166130011717,0.668730589118231,0.0129498753544168
"P","tpois",10,0.1,1,0.5,"TOX-log","expr_decile","7",20,47.85,0.918451213499632,0.601308524740554,0.0188345257337244,0.676555974488479,0.0164574127356681
"P","tpois",10,0.1,1,0.5,"TOX-log","expr_decile","8",20,47.6,1.56339711088251,0.594577997468649,0.0149208290046193,0.678586569587816,0.0148959791898503
"P","tpois",10,0.1,1,0.5,"TOX-log","expr_decile","9",20,47.35,1.36164567614649,0.588797774437373,0.0190448500428214,0.668532776941813,0.0154470814043538
"P","tpois",10,0.1,1,0.5,"TOX-log-blocked","abs_lfc_bin","(0.5,1]",20,70.45,5.9667830528686,0.254266873215102,0.0165607482088248,0.400921564674356,0.0218856557602758
"P","tpois",10,0.1,1,0.5,"TOX-log-blocked","abs_lfc_bin","(1,2]",20,150.3,4.66402807610941,0.918123948756978,0.00864704765645491,0.9615626799727,0.00509765510709147
"P","tpois",10,0.1,1,0.5,"TOX-log-blocked","abs_lfc_bin","(2,4]",20,116.35,2.87573789157716,1,0,1,0
"P","tpois",10,0.1,1,0.5,"TOX-log-blocked","abs_lfc_bin","[0.25,0.5]",20,53.85,3.61959215498391,0.0232724032079783,0.00517619490981738,0.0577481362571335,0.0080301042859028
"P","tpois",10,0.1,1,0.5,"TOX-log-blocked","expr_decile","1",20,40,1.06869325026309,0.611848661160594,0.0171512824234087,0.658481032473386,0.0172132093172121
"P","tpois",10,0.1,1,0.5,"TOX-log-blocked","expr_decile","10",20,47.2,1.15758369027902,0.59074920846233,0.0202185702253263,0.64808561322557,0.0202579330685233
"P","tpois",10,0.1,1,0.5,"TOX-log-blocked","expr_decile","2",20,47,1.25865425209459,0.66298771369807,0.0188879354819462,0.696849005366806,0.0173602588260354
"P","tpois",10,0.1,1,0.5,"TOX-log-blocked","expr_decile","3",20,45.65,1.48727054842437,0.642569290470459,0.0177508982943706,0.675628262461003,0.0173995389156244
"P","tpois",10,0.1,1,0.5,"TOX-log-blocked","expr_decile","4",20,49.6,1.90760251845636,0.63599370665006,0.0192470751139145,0.681581620931306,0.0175637075428869
"P","tpois",10,0.1,1,0.5,"TOX-log-blocked","expr_decile","5",20,48.15,1.64040271050483,0.60976930554163,0.0201646891742549,0.653736306840141,0.0207365399069171
"P","tpois",10,0.1,1,0.5,"TOX-log-blocked","expr_decile","6",20,47.8,1.50542877263379,0.631542352100522,0.0141550375145737,0.666729499726491,0.0128204459083074
"P","tpois",10,0.1,1,0.5,"TOX-log-blocked","expr_decile","7",20,47.85,0.918451213499632,0.637452558440576,0.017128506293863,0.682599928972819,0.0157911031112653
"P","tpois",10,0.1,1,0.5,"TOX-log-blocked","expr_decile","8",20,47.6,1.56339711088251,0.649075166361046,0.0156253162618519,0.682445348772433,0.0152539655477134
"P","tpois",10,0.1,1,0.5,"TOX-log-blocked","expr_decile","9",20,47.35,1.36164567614649,0.635208478127772,0.0165517029211111,0.676435027212966,0.014603143085569
"P","tpois",10,0.1,1,0.5,"TOX-log-boot","abs_lfc_bin","(0.5,1]",20,70.45,5.9667830528686,0.41106036240515,0.022970153756809,0.399028722660249,0.0224370524467273
"P","tpois",10,0.1,1,0.5,"TOX-log-boot","abs_lfc_bin","(1,2]",20,150.3,4.66402807610941,0.965354863081919,0.0047885781183306,0.963592872340735,0.00492137807180393
"P","tpois",10,0.1,1,0.5,"TOX-log-boot","abs_lfc_bin","(2,4]",20,116.35,2.87573789157716,1,0,1,0
"P","tpois",10,0.1,1,0.5,"TOX-log-boot","abs_lfc_bin","[0.25,0.5]",20,53.85,3.61959215498391,0.0626698568304801,0.0088284953850806,0.0582050199203117,0.00850614651683989
"P","tpois",10,0.1,1,0.5,"TOX-log-boot","expr_decile","1",20,40,1.06869325026309,0.658866520001731,0.0175907858306484,0.655947776923104,0.0170625150304252
"P","tpois",10,0.1,1,0.5,"TOX-log-boot","expr_decile","10",20,47.2,1.15758369027902,0.655178937155652,0.0190109281534827,0.653403648951792,0.0198572352345732
"P","tpois",10,0.1,1,0.5,"TOX-log-boot","expr_decile","2",20,47,1.25865425209459,0.693970890292643,0.0176782821958979,0.689698708573652,0.0179895341259319
"P","tpois",10,0.1,1,0.5,"TOX-log-boot","expr_decile","3",20,45.65,1.48727054842437,0.679573020188655,0.0156235889496307,0.67391699730497,0.0173231307968877
"P","tpois",10,0.1,1,0.5,"TOX-log-boot","expr_decile","4",20,49.6,1.90760251845636,0.684633626158409,0.0166987504029541,0.68753972950884,0.017056688505464
"P","tpois",10,0.1,1,0.5,"TOX-log-boot","expr_decile","5",20,48.15,1.64040271050483,0.655295574256111,0.0200791758497882,0.651926772074474,0.0205818194744722
"P","tpois",10,0.1,1,0.5,"TOX-log-boot","expr_decile","6",20,47.8,1.50542877263379,0.668878189619433,0.0121277453109288,0.671367824400969,0.0129103954299884
"P","tpois",10,0.1,1,0.5,"TOX-log-boot","expr_decile","7",20,47.85,0.918451213499632,0.687979135662797,0.014678637134916,0.684565339314218,0.0156783580790799
"P","tpois",10,0.1,1,0.5,"TOX-log-boot","expr_decile","8",20,47.6,1.56339711088251,0.686696283347382,0.0154620989260561,0.683650436301308,0.0155718927640455
"P","tpois",10,0.1,1,0.5,"TOX-log-boot","expr_decile","9",20,47.35,1.36164567614649,0.683770592372466,0.0142473583419483,0.679259722807249,0.0142676383620988
"P","tpois",10,0.1,1,0.5,"TOX-raw","abs_lfc_bin","(0.5,1]",20,70.45,5.9667830528686,0.00316652097902098,0.00157126849286482,0.0597470069099992,0.00812889550311355
"P","tpois",10,0.1,1,0.5,"TOX-raw","abs_lfc_bin","(1,2]",20,150.3,4.66402807610941,0.0454977082689103,0.0045664048563811,0.502805659575305,0.0245097918019281
"P","tpois",10,0.1,1,0.5,"TOX-raw","abs_lfc_bin","(2,4]",20,116.35,2.87573789157716,0.183048963225856,0.00647424964635878,0.858494645257253,0.0153202627281772
"P","tpois",10,0.1,1,0.5,"TOX-raw","abs_lfc_bin","[0.25,0.5]",20,53.85,3.61959215498391,0,0,0.0104465352057913,0.00274212992866219
"P","tpois",10,0.1,1,0.5,"TOX-raw","expr_decile","1",20,40,1.06869325026309,0.0894330191430007,0.0113709543993821,0.482713214470955,0.0203014655643326
"P","tpois",10,0.1,1,0.5,"TOX-raw","expr_decile","10",20,47.2,1.15758369027902,0.0565374837387501,0.00649405112090015,0.346378281281616,0.0247884217657435
"P","tpois",10,0.1,1,0.5,"TOX-raw","expr_decile","2",20,47,1.25865425209459,0.106131475504947,0.0119038480682819,0.489300389578111,0.0230860737520257
"P","tpois",10,0.1,1,0.5,"TOX-raw","expr_decile","3",20,45.65,1.48727054842437,0.080533544764537,0.00932756834207361,0.476044382037376,0.0242892368659059
"P","tpois",10,0.1,1,0.5,"TOX-raw","expr_decile","4",20,49.6,1.90760251845636,0.0853830760495052,0.0106201974062699,0.427142774712921,0.0156655547752399
"P","tpois",10,0.1,1,0.5,"TOX-raw","expr_decile","5",20,48.15,1.64040271050483,0.0749071458609368,0.0132138182108407,0.422975747636939,0.0244072399542308
"P","tpois",10,0.1,1,0.5,"TOX-raw","expr_decile","6",20,47.8,1.50542877263379,0.0950015563850355,0.00950608701807421,0.446307515209245,0.0182085906011336
"P","tpois",10,0.1,1,0.5,"TOX-raw","expr_decile","7",20,47.85,0.918451213499632,0.0572190362919073,0.00749411080863556,0.430552744584899,0.0269943774431754
"P","tpois",10,0.1,1,0.5,"TOX-raw","expr_decile","8",20,47.6,1.56339711088251,0.0486195711576046,0.00745687364138666,0.379826905042183,0.0210679765650232
"P","tpois",10,0.1,1,0.5,"TOX-raw","expr_decile","9",20,47.35,1.36164567614649,0.0482595727803463,0.00835935706255905,0.374110929600573,0.0278141657219332
"P","tpois",10,0.1,1,0.5,"TOX-raw-blocked","abs_lfc_bin","(0.5,1]",20,70.45,5.9667830528686,0.00424353832442068,0.00180908824564135,0.12252167826905,0.0097112331196576
"P","tpois",10,0.1,1,0.5,"TOX-raw-blocked","abs_lfc_bin","(1,2]",20,150.3,4.66402807610941,0.0994528737484933,0.0152005799458377,0.698817534061391,0.0222124025239776
"P","tpois",10,0.1,1,0.5,"TOX-raw-blocked","abs_lfc_bin","(2,4]",20,116.35,2.87573789157716,0.328901847589171,0.0254877052723299,0.981306388082367,0.00479532423582936
"P","tpois",10,0.1,1,0.5,"TOX-raw-blocked","abs_lfc_bin","[0.25,0.5]",20,53.85,3.61959215498391,0,0,0.0209312237054288,0.00441094583495796
"P","tpois",10,0.1,1,0.5,"TOX-raw-blocked","expr_decile","1",20,40,1.06869325026309,0.17257626827329,0.0179695269311827,0.544885972135647,0.0217576355864287
"P","tpois",10,0.1,1,0.5,"TOX-raw-blocked","expr_decile","10",20,47.2,1.15758369027902,0.103052082516448,0.0155890211712881,0.484331325434441,0.0252848068496461
"P","tpois",10,0.1,1,0.5,"TOX-raw-blocked","expr_decile","2",20,47,1.25865425209459,0.183190239070613,0.021358231516736,0.571286494939355,0.0212798965233121
"P","tpois",10,0.1,1,0.5,"TOX-raw-blocked","expr_decile","3",20,45.65,1.48727054842437,0.145398943900503,0.0167205295475648,0.557618934884501,0.0199875082047594
"P","tpois",10,0.1,1,0.5,"TOX-raw-blocked","expr_decile","4",20,49.6,1.90760251845636,0.147833952917181,0.0207745716507139,0.536642138510397,0.0159485878954165
"P","tpois",10,0.1,1,0.5,"TOX-raw-blocked","expr_decile","5",20,48.15,1.64040271050483,0.144468049088638,0.0227076856877945,0.531211802480671,0.0233881074943336
"P","tpois",10,0.1,1,0.5,"TOX-raw-blocked","expr_decile","6",20,47.8,1.50542877263379,0.156308498583426,0.018532959916272,0.543818299858758,0.0190391857312316
"P","tpois",10,0.1,1,0.5,"TOX-raw-blocked","expr_decile","7",20,47.85,0.918451213499632,0.106569659698519,0.0170949029114203,0.54083498782664,0.0242679492709487
"P","tpois",10,0.1,1,0.5,"TOX-raw-blocked","expr_decile","8",20,47.6,1.56339711088251,0.106365892619477,0.0142342582735711,0.520952365764165,0.0207341509839814
"P","tpois",10,0.1,1,0.5,"TOX-raw-blocked","expr_decile","9",20,47.35,1.36164567614649,0.0927484082095973,0.0177955196982863,0.517466596737577,0.0229388420766817
"Q","lnpois",5,0.01,0.5,0.5,"DESeq2","abs_lfc_bin","(0.5,1]",20,9.5,0.961084913275781,0.0159722222222222,0.0088574806033136,0.0104166666666667,0.00732682625977549
"Q","lnpois",5,0.01,0.5,0.5,"DESeq2","abs_lfc_bin","(1,2]",20,13.8,0.996308977650692,0.0843577101433139,0.0150961103834844,0.0602067243901609,0.0163850246762736
"Q","lnpois",5,0.01,0.5,0.5,"DESeq2","abs_lfc_bin","(2,4]",20,12.1,0.879293975150997,0.144717920967921,0.02958959650929,0.124162365412365,0.0247734797342007
"Q","lnpois",5,0.01,0.5,0.5,"DESeq2","abs_lfc_bin","[0.25,0.5]",20,4.4,0.504714614515236,0.00833333333333333,0.00833333333333333,0,0
"Q","lnpois",5,0.01,0.5,0.5,"DESeq2","expr_decile","1",20,5.35,0.45465429318966,0.0338095238095238,0.01977888270299,0.01,0.01
"Q","lnpois",5,0.01,0.5,0.5,"DESeq2","expr_decile","10",19,4.31578947368421,0.296693588162943,0.0385964912280702,0.0218184305335411,0.0385964912280702,0.0218184305335411
"Q","lnpois",5,0.01,0.5,0.5,"DESeq2","expr_decile","2",20,4.75,0.403112887414927,0.037202380952381,0.0148958259002883,0.0229166666666667,0.0126363180985491
"Q","lnpois",5,0.01,0.5,0.5,"DESeq2","expr_decile","3",19,5.89473684210526,0.47075115315785,0.0973893065998329,0.0325088959772755,0.0748329156223893,0.0292392663162923
"Q","lnpois",5,0.01,0.5,0.5,"DESeq2","expr_decile","4",20,4.1,0.434680766104336,0.116904761904762,0.0430536777402934,0.0897619047619048,0.0421570144578971
"Q","lnpois",5,0.01,0.5,0.5,"DESeq2","expr_decile","5",20,4.35,0.442926868146781,0.0266666666666667,0.0189798292439277,0.0366666666666667,0.0207885483545643
"Q","lnpois",5,0.01,0.5,0.5,"DESeq2","expr_decile","6",20,5.35,0.621013602698719,0.0641883116883117,0.025586275048575,0.0316883116883117,0.015268616257756
"Q","lnpois",5,0.01,0.5,0.5,"DESeq2","expr_decile","7",20,4.5,0.520627152172212,0.105952380952381,0.0337456350558375,0.0823412698412698,0.0328379404516773
"Q","lnpois",5,0.01,0.5,0.5,"DESeq2","expr_decile","8",20,4.5,0.455954753064496,0.0504761904761905,0.0215283114594541,0.0433333333333333,0.0271556053253246
"Q","lnpois",5,0.01,0.5,0.5,"DESeq2","expr_decile","9",20,4.75,0.469462178287139,0.11297619047619,0.0374974538659039,0.0879761904761905,0.0318209889405154
"Q","lnpois",5,0.01,0.5,0.5,"edgeR","abs_lfc_bin","(0.5,1]",20,9.5,0.961084913275781,0.0388888888888889,0.0185957211396696,0.0424603174603175,0.0185455133038758
"Q","lnpois",5,0.01,0.5,0.5,"edgeR","abs_lfc_bin","(1,2]",20,13.8,0.996308977650692,0.0742253599084094,0.0145737511663882,0.0744619808725846,0.0160273335691535
"Q","lnpois",5,0.01,0.5,0.5,"edgeR","abs_lfc_bin","(2,4]",20,12.1,0.879293975150997,0.264829753579754,0.0395213594639393,0.273675907425907,0.0396646503366382
"Q","lnpois",5,0.01,0.5,0.5,"edgeR","abs_lfc_bin","[0.25,0.5]",20,4.4,0.504714614515236,0.025,0.025,0.025,0.025
"Q","lnpois",5,0.01,0.5,0.5,"edgeR","expr_decile","1",20,5.35,0.45465429318966,0.06625,0.0254238557563653,0.06625,0.0254238557563653
"Q","lnpois",5,0.01,0.5,0.5,"edgeR","expr_decile","10",19,4.31578947368421,0.296693588162943,0.0885964912280702,0.0287844669114856,0.0885964912280702,0.0287844669114856
"Q","lnpois",5,0.01,0.5,0.5,"edgeR","expr_decile","2",20,4.75,0.403112887414927,0.0497023809523809,0.018143459647999,0.043452380952381,0.0178524429905377
"Q","lnpois",5,0.01,0.5,0.5,"edgeR","expr_decile","3",19,5.89473684210526,0.47075115315785,0.106578947368421,0.0389015000545035,0.11827485380117,0.0403851799879254
"Q","lnpois",5,0.01,0.5,0.5,"edgeR","expr_decile","4",20,4.1,0.434680766104336,0.112261904761905,0.042517196383394,0.0979761904761905,0.0418445094714762
"Q","lnpois",5,0.01,0.5,0.5,"edgeR","expr_decile","5",20,4.35,0.442926868146781,0.0678787878787879,0.023100497408561,0.0928787878787879,0.0255158229917668
"Q","lnpois",5,0.01,0.5,0.5,"edgeR","expr_decile","6",20,5.35,0.621013602698719,0.116233766233766,0.0363365598343939,0.116233766233766,0.0363365598343939
"Q","lnpois",5,0.01,0.5,0.5,"edgeR","expr_decile","7",20,4.5,0.520627152172212,0.130039682539683,0.040116518962724,0.130039682539683,0.040116518962724
"Q","lnpois",5,0.01,0.5,0.5,"edgeR","expr_decile","8",20,4.5,0.455954753064496,0.0726190476190476,0.0279311614368241,0.109285714285714,0.0349918153183964
"Q","lnpois",5,0.01,0.5,0.5,"edgeR","expr_decile","9",20,4.75,0.469462178287139,0.159285714285714,0.0423634541894928,0.159285714285714,0.0423634541894928
"Q","lnpois",5,0.01,0.5,0.5,"limma","abs_lfc_bin","(0.5,1]",20,9.5,0.961084913275781,0.0104166666666667,0.00732682625977549,0.0104166666666667,0.00732682625977549
"Q","lnpois",5,0.01,0.5,0.5,"limma","abs_lfc_bin","(1,2]",20,13.8,0.996308977650692,0.0531749397403422,0.0152116875447206,0.0862424430574585,0.0148861346480182
"Q","lnpois",5,0.01,0.5,0.5,"limma","abs_lfc_bin","(2,4]",20,12.1,0.879293975150997,0.260594544344544,0.0460284135482427,0.326809024309024,0.0419470117610488
"Q","lnpois",5,0.01,0.5,0.5,"limma","abs_lfc_bin","[0.25,0.5]",20,4.4,0.504714614515236,0,0,0.0333333333333333,0.0259328868405166
"Q","lnpois",5,0.01,0.5,0.5,"limma","expr_decile","1",20,5.35,0.45465429318966,0.0683333333333333,0.0373442183379818,0.0829166666666667,0.0373191300911508
"Q","lnpois",5,0.01,0.5,0.5,"limma","expr_decile","10",19,4.31578947368421,0.296693588162943,0.109649122807018,0.0258486808926176,0.125438596491228,0.0302246414218324
"Q","lnpois",5,0.01,0.5,0.5,"limma","expr_decile","2",20,4.75,0.403112887414927,0.0614880952380952,0.0251127180553492,0.0748809523809524,0.0286181087965647
"Q","lnpois",5,0.01,0.5,0.5,"limma","expr_decile","3",19,5.89473684210526,0.47075115315785,0.122869674185464,0.0424805715076663,0.176171489329384,0.0443874485453866
"Q","lnpois",5,0.01,0.5,0.5,"limma","expr_decile","4",20,4.1,0.434680766104336,0.0997619047619048,0.0422223596269144,0.148928571428571,0.0425039312153031
"Q","lnpois",5,0.01,0.5,0.5,"limma","expr_decile","5",20,4.35,0.442926868146781,0.0682575757575758,0.0247878912175384,0.0849242424242424,0.0277932940811676
"Q","lnpois",5,0.01,0.5,0.5,"limma","expr_decile","6",20,5.35,0.621013602698719,0.111688311688312,0.0410130610364268,0.141432178932179,0.0408123443961998
"Q","lnpois",5,0.01,0.5,0.5,"limma","expr_decile","7",20,4.5,0.520627152172212,0.117063492063492,0.0346883412692268,0.139761904761905,0.0369827151658991
"Q","lnpois",5,0.01,0.5,0.5,"limma","expr_decile","8",20,4.5,0.455954753064496,0.0693452380952381,0.0279834383775049,0.0976785714285714,0.0310455599350629
"Q","lnpois",5,0.01,0.5,0.5,"limma","expr_decile","9",20,4.75,0.469462178287139,0.102261904761905,0.0350793497223417,0.152261904761905,0.039801420716615
"Q","lnpois",5,0.01,0.5,0.5,"TOX-log","abs_lfc_bin","(0.5,1]",20,9.5,0.961084913275781,0.00555555555555555,0.00555555555555555,0.00416666666666667,0.00416666666666667
"Q","lnpois",5,0.01,0.5,0.5,"TOX-log","abs_lfc_bin","(1,2]",20,13.8,0.996308977650692,0.0732114280198645,0.0157107735130416,0.0805980435972696,0.0165960095455547
"Q","lnpois",5,0.01,0.5,0.5,"TOX-log","abs_lfc_bin","(2,4]",20,12.1,0.879293975150997,0.294283771783772,0.0436571924526277,0.234801448551449,0.0433659386585382
"Q","lnpois",5,0.01,0.5,0.5,"TOX-log","abs_lfc_bin","[0.25,0.5]",20,4.4,0.504714614515236,0,0,0,0
"Q","lnpois",5,0.01,0.5,0.5,"TOX-log","expr_decile","1",20,5.35,0.45465429318966,0.0579166666666667,0.0250545822284722,0.04125,0.0205504923035466
"Q","lnpois",5,0.01,0.5,0.5,"TOX-log","expr_decile","10",19,4.31578947368421,0.296693588162943,0.0885964912280702,0.0258089595001256,0.107894736842105,0.0285668175010584
"Q","lnpois",5,0.01,0.5,0.5,"TOX-log","expr_decile","2",20,4.75,0.403112887414927,0.0732142857142857,0.0340711728648178,0.043452380952381,0.0239232091648806
"Q","lnpois",5,0.01,0.5,0.5,"TOX-log","expr_decile","3",19,5.89473684210526,0.47075115315785,0.161027568922306,0.0428164975298745,0.101649958228906,0.0346860483507775
"Q","lnpois",5,0.01,0.5,0.5,"TOX-log","expr_decile","4",20,4.1,0.434680766104336,0.119761904761905,0.0444151166812365,0.0919047619047619,0.0383467574060247
"Q","lnpois",5,0.01,0.5,0.5,"TOX-log","expr_decile","5",20,4.35,0.442926868146781,0.0762121212121212,0.0255574597992346,0.0716666666666667,0.0258227199476948
"Q","lnpois",5,0.01,0.5,0.5,"TOX-log","expr_decile","6",20,5.35,0.621013602698719,0.218991702741703,0.0615616265417457,0.170380591630592,0.0460868513892139
"Q","lnpois",5,0.01,0.5,0.5,"TOX-log","expr_decile","7",20,4.5,0.520627152172212,0.132420634920635,0.0379367558969536,0.115753968253968,0.0378083861789239
"Q","lnpois",5,0.01,0.5,0.5,"TOX-log","expr_decile","8",20,4.5,0.455954753064496,0.129404761904762,0.0329585423673123,0.113928571428571,0.0318035441342806
"Q","lnpois",5,0.01,0.5,0.5,"TOX-log","expr_decile","9",20,4.75,0.469462178287139,0.110595238095238,0.0347893920061426,0.0939285714285714,0.0331256846842118
"Q","lnpois",5,0.01,0.5,0.5,"TOX-log-blocked","abs_lfc_bin","(0.5,1]",20,9.5,0.961084913275781,0,0,0.00625,0.00625
"Q","lnpois",5,0.01,0.5,0.5,"TOX-log-blocked","abs_lfc_bin","(1,2]",20,13.8,0.996308977650692,0.00729166666666667,0.00507504897277094,0.0870757763907919,0.016440251767383
"Q","lnpois",5,0.01,0.5,0.5,"TOX-log-blocked","abs_lfc_bin","(2,4]",20,12.1,0.879293975150997,0.0833091908091908,0.0226100040638244,0.293059024309024,0.0372289894365458
"Q","lnpois",5,0.01,0.5,0.5,"TOX-log-blocked","abs_lfc_bin","[0.25,0.5]",20,4.4,0.504714614515236,0,0,0,0
"Q","lnpois",5,0.01,0.5,0.5,"TOX-log-blocked","expr_decile","1",20,5.35,0.45465429318966,0,0,0.0579166666666667,0.0250545822284722
"Q","lnpois",5,0.01,0.5,0.5,"TOX-log-blocked","expr_decile","10",19,4.31578947368421,0.296693588162943,0.0385964912280702,0.0218184305335411,0.106140350877193,0.0310423877113371
"Q","lnpois",5,0.01,0.5,0.5,"TOX-log-blocked","expr_decile","2",20,4.75,0.403112887414927,0.0154761904761905,0.0106864020347032,0.0589285714285714,0.0248139484651155
"Q","lnpois",5,0.01,0.5,0.5,"TOX-log-blocked","expr_decile","3",19,5.89473684210526,0.47075115315785,0.0368421052631579,0.0277947009083419,0.133792815371763,0.0361022516854405
"Q","lnpois",5,0.01,0.5,0.5,"TOX-log-blocked","expr_decile","4",20,4.1,0.434680766104336,0.0404761904761905,0.0337204516967488,0.101904761904762,0.0383892165708017
"Q","lnpois",5,0.01,0.5,0.5,"TOX-log-blocked","expr_decile","5",20,4.35,0.442926868146781,0.00454545454545455,0.00454545454545455,0.0974242424242424,0.0285827705382079
"Q","lnpois",5,0.01,0.5,0.5,"TOX-log-blocked","expr_decile","6",20,5.35,0.621013602698719,0.0666883116883117,0.0320249083879899,0.237047258297258,0.0601531634737775
"Q","lnpois",5,0.01,0.5,0.5,"TOX-log-blocked","expr_decile","7",20,4.5,0.520627152172212,0.0515873015873016,0.026638530926312,0.155119047619048,0.0382038393440594
"Q","lnpois",5,0.01,0.5,0.5,"TOX-log-blocked","expr_decile","8",20,4.5,0.455954753064496,0.0409523809523809,0.0194426456467682,0.157261904761905,0.0350602072815075
"Q","lnpois",5,0.01,0.5,0.5,"TOX-log-blocked","expr_decile","9",20,4.75,0.469462178287139,0.0246428571428571,0.0145785309979436,0.110595238095238,0.0347893920061426
"Q","lnpois",5,0.01,0.5,0.5,"TOX-log-blocked-oracle","abs_lfc_bin","(0.5,1]",20,9.5,0.961084913275781,0,0,0.0104166666666667,0.00732682625977549
"Q","lnpois",5,0.01,0.5,0.5,"TOX-log-blocked-oracle","abs_lfc_bin","(1,2]",20,13.8,0.996308977650692,0.00729166666666667,0.00507504897277094,0.0870757763907919,0.016440251767383
"Q","lnpois",5,0.01,0.5,0.5,"TOX-log-blocked-oracle","abs_lfc_bin","(2,4]",20,12.1,0.879293975150997,0.0895591908091908,0.0228665341996545,0.296630452880453,0.0380748902741408
"Q","lnpois",5,0.01,0.5,0.5,"TOX-log-blocked-oracle","abs_lfc_bin","[0.25,0.5]",20,4.4,0.504714614515236,0,0,0,0
"Q","lnpois",5,0.01,0.5,0.5,"TOX-log-blocked-oracle","expr_decile","1",20,5.35,0.45465429318966,0.0166666666666667,0.0166666666666667,0.0579166666666667,0.0250545822284722
"Q","lnpois",5,0.01,0.5,0.5,"TOX-log-blocked-oracle","expr_decile","10",19,4.31578947368421,0.296693588162943,0.0385964912280702,0.0218184305335411,0.116666666666667,0.0308268129663256
"Q","lnpois",5,0.01,0.5,0.5,"TOX-log-blocked-oracle","expr_decile","2",20,4.75,0.403112887414927,0.0154761904761905,0.0106864020347032,0.0589285714285714,0.0248139484651155
"Q","lnpois",5,0.01,0.5,0.5,"TOX-log-blocked-oracle","expr_decile","3",19,5.89473684210526,0.47075115315785,0.0443609022556391,0.0282541856307966,0.142564745196324,0.0375813799685655
"Q","lnpois",5,0.01,0.5,0.5,"TOX-log-blocked-oracle","expr_decile","4",20,4.1,0.434680766104336,0.0404761904761905,0.0337204516967488,0.111904761904762,0.0409510695133024
"Q","lnpois",5,0.01,0.5,0.5,"TOX-log-blocked-oracle","expr_decile","5",20,4.35,0.442926868146781,0.00454545454545455,0.00454545454545455,0.0974242424242424,0.0285827705382079
"Q","lnpois",5,0.01,0.5,0.5,"TOX-log-blocked-oracle","expr_decile","6",20,5.35,0.621013602698719,0.0666883116883117,0.0320249083879899,0.237047258297258,0.0601531634737775
"Q","lnpois",5,0.01,0.5,0.5,"TOX-log-blocked-oracle","expr_decile","7",20,4.5,0.520627152172212,0.0640873015873016,0.0282485982219957,0.155119047619048,0.0382038393440594
"Q","lnpois",5,0.01,0.5,0.5,"TOX-log-blocked-oracle","expr_decile","8",20,4.5,0.455954753064496,0.0409523809523809,0.0194426456467682,0.140595238095238,0.0346135619272602
"Q","lnpois",5,0.01,0.5,0.5,"TOX-log-blocked-oracle","expr_decile","9",20,4.75,0.469462178287139,0.0246428571428571,0.0145785309979436,0.110595238095238,0.0347893920061426
"Q","lnpois",5,0.01,0.5,0.5,"TOX-log-boot","abs_lfc_bin","(0.5,1]",20,9.5,0.961084913275781,0.00555555555555555,0.00555555555555555,0.0104166666666667,0.00732682625977549
"Q","lnpois",5,0.01,0.5,0.5,"TOX-log-boot","abs_lfc_bin","(1,2]",20,13.8,0.996308977650692,0.00741758241758242,0.0051090193726924,0.0653972742943331,0.0142908824675338
"Q","lnpois",5,0.01,0.5,0.5,"TOX-log-boot","abs_lfc_bin","(2,4]",20,12.1,0.879293975150997,0.0929166666666667,0.0467952293952284,0.257918331668332,0.0499369325030106
"Q","lnpois",5,0.01,0.5,0.5,"TOX-log-boot","abs_lfc_bin","[0.25,0.5]",20,4.4,0.504714614515236,0,0,0.025,0.025
"Q","lnpois",5,0.01,0.5,0.5,"TOX-log-boot","expr_decile","1",20,5.35,0.45465429318966,0.0333333333333333,0.0229415733870562,0.0475,0.020838595826576
"Q","lnpois",5,0.01,0.5,0.5,"TOX-log-boot","expr_decile","10",19,4.31578947368421,0.296693588162943,0.0307017543859649,0.0213370168411205,0.116666666666667,0.0308268129663256
"Q","lnpois",5,0.01,0.5,0.5,"TOX-log-boot","expr_decile","2",20,4.75,0.403112887414927,0.0469047619047619,0.0303621672582936,0.065952380952381,0.0266926676856248
"Q","lnpois",5,0.01,0.5,0.5,"TOX-log-boot","expr_decile","3",19,5.89473684210526,0.47075115315785,0.0706766917293233,0.0372953889478462,0.123266499582289,0.0381587025618993
"Q","lnpois",5,0.01,0.5,0.5,"TOX-log-boot","expr_decile","4",20,4.1,0.434680766104336,0.035,0.0264326353307103,0.114285714285714,0.041547807555712
"Q","lnpois",5,0.01,0.5,0.5,"TOX-log-boot","expr_decile","5",20,4.35,0.442926868146781,0.0166666666666667,0.0166666666666667,0.0807575757575758,0.0267848214280744
"Q","lnpois",5,0.01,0.5,0.5,"TOX-log-boot","expr_decile","6",20,5.35,0.621013602698719,0.0666666666666667,0.0377743376486646,0.138814935064935,0.0437615867211999
"Q","lnpois",5,0.01,0.5,0.5,"TOX-log-boot","expr_decile","7",20,4.5,0.520627152172212,0.0180555555555556,0.0134091109328843,0.0962301587301587,0.0375600669070558
"Q","lnpois",5,0.01,0.5,0.5,"TOX-log-boot","expr_decile","8",20,4.5,0.455954753064496,0.0504761904761905,0.0246914362624903,0.130595238095238,0.0351506378458695
"Q","lnpois",5,0.01,0.5,0.5,"TOX-log-boot","expr_decile","9",20,4.75,0.469462178287139,0.025,0.025,0.119761904761905,0.0374112706895018
"Q","lnpois",5,0.01,0.5,0.5,"TOX-log-oracle","abs_lfc_bin","(0.5,1]",20,9.5,0.961084913275781,0.00972222222222222,0.00676673196369459,0.00416666666666667,0.00416666666666667
"Q","lnpois",5,0.01,0.5,0.5,"TOX-log-oracle","abs_lfc_bin","(1,2]",20,13.8,0.996308977650692,0.075843006967233,0.0157496927880376,0.0774730435972696,0.0164495365018203
"Q","lnpois",5,0.01,0.5,0.5,"TOX-log-oracle","abs_lfc_bin","(2,4]",20,12.1,0.879293975150997,0.306567321567322,0.0447415743105408,0.234801448551449,0.0433659386585382
"Q","lnpois",5,0.01,0.5,0.5,"TOX-log-oracle","abs_lfc_bin","[0.25,0.5]",20,4.4,0.504714614515236,0,0,0,0
"Q","lnpois",5,0.01,0.5,0.5,"TOX-log-oracle","expr_decile","1",20,5.35,0.45465429318966,0.0579166666666667,0.0250545822284722,0.04125,0.0205504923035466
"Q","lnpois",5,0.01,0.5,0.5,"TOX-log-oracle","expr_decile","10",19,4.31578947368421,0.296693588162943,0.0991228070175439,0.0259477183469281,0.0991228070175439,0.0289089472708848
"Q","lnpois",5,0.01,0.5,0.5,"TOX-log-oracle","expr_decile","2",20,4.75,0.403112887414927,0.0732142857142857,0.0340711728648178,0.043452380952381,0.0239232091648806
"Q","lnpois",5,0.01,0.5,0.5,"TOX-log-oracle","expr_decile","3",19,5.89473684210526,0.47075115315785,0.169799498746867,0.0437686578524486,0.110421888053467,0.0366529373253671
"Q","lnpois",5,0.01,0.5,0.5,"TOX-log-oracle","expr_decile","4",20,4.1,0.434680766104336,0.119761904761905,0.0444151166812365,0.0847619047619048,0.0370914109363131
"Q","lnpois",5,0.01,0.5,0.5,"TOX-log-oracle","expr_decile","5",20,4.35,0.442926868146781,0.0762121212121212,0.0255574597992346,0.055,0.0220346616899256
"Q","lnpois",5,0.01,0.5,0.5,"TOX-log-oracle","expr_decile","6",20,5.35,0.621013602698719,0.224547258297258,0.0612993474248722,0.170380591630592,0.0460868513892139
"Q","lnpois",5,0.01,0.5,0.5,"TOX-log-oracle","expr_decile","7",20,4.5,0.520627152172212,0.132420634920635,0.0379367558969536,0.115753968253968,0.0378083861789239
"Q","lnpois",5,0.01,0.5,0.5,"TOX-log-oracle","expr_decile","8",20,4.5,0.455954753064496,0.144880952380952,0.0331219915846045,0.122261904761905,0.0335733726485222
"Q","lnpois",5,0.01,0.5,0.5,"TOX-log-oracle","expr_decile","9",20,4.75,0.469462178287139,0.110595238095238,0.0347893920061426,0.0939285714285714,0.0331256846842118
"Q","lnpois",5,0.01,0.5,0.5,"TOX-raw","abs_lfc_bin","(0.5,1]",20,9.5,0.961084913275781,0,0,0.00625,0.00625
"Q","lnpois",5,0.01,0.5,0.5,"TOX-raw","abs_lfc_bin","(1,2]",20,13.8,0.996308977650692,0.0262584841628959,0.0116942584964715,0.0601402886329357,0.0191843435855586
"Q","lnpois",5,0.01,0.5,0.5,"TOX-raw","abs_lfc_bin","(2,4]",20,12.1,0.879293975150997,0.0830692918192918,0.0223858945766578,0.162193362193362,0.0263233483164402
"Q","lnpois",5,0.01,0.5,0.5,"TOX-raw","abs_lfc_bin","[0.25,0.5]",20,4.4,0.504714614515236,0,0,0.00833333333333333,0.00833333333333333
"Q","lnpois",5,0.01,0.5,0.5,"TOX-raw","expr_decile","1",20,5.35,0.45465429318966,0.0229166666666667,0.0174892928815626,0.0229166666666667,0.0174892928815626
"Q","lnpois",5,0.01,0.5,0.5,"TOX-raw","expr_decile","10",19,4.31578947368421,0.296693588162943,0.0412280701754386,0.0230252714884328,0.0692982456140351,0.0252429120737973
"Q","lnpois",5,0.01,0.5,0.5,"TOX-raw","expr_decile","2",20,4.75,0.403112887414927,0.0338095238095238,0.0156526473981011,0.0388690476190476,0.0188358123057596
"Q","lnpois",5,0.01,0.5,0.5,"TOX-raw","expr_decile","3",19,5.89473684210526,0.47075115315785,0.0342105263157895,0.0187522441459929,0.0738759778233462,0.0290265715581044
"Q","lnpois",5,0.01,0.5,0.5,"TOX-raw","expr_decile","4",20,4.1,0.434680766104336,0.0166666666666667,0.0166666666666667,0.0604761904761905,0.038103225979585
"Q","lnpois",5,0.01,0.5,0.5,"TOX-raw","expr_decile","5",20,4.35,0.442926868146781,0.0145454545454545,0.0107645932589011,0.0328787878787879,0.0157632105616484
"Q","lnpois",5,0.01,0.5,0.5,"TOX-raw","expr_decile","6",20,5.35,0.621013602698719,0.0629383116883117,0.0278658914555016,0.1045670995671,0.0339333024609825
"Q","lnpois",5,0.01,0.5,0.5,"TOX-raw","expr_decile","7",20,4.5,0.520627152172212,0.0390873015873016,0.0166085707234042,0.102420634920635,0.0325900477735345
"Q","lnpois",5,0.01,0.5,0.5,"TOX-raw","expr_decile","8",20,4.5,0.455954753064496,0.0166666666666667,0.0114707866935281,0.0476190476190476,0.026082026547865
"Q","lnpois",5,0.01,0.5,0.5,"TOX-raw","expr_decile","9",20,4.75,0.469462178287139,0.0663095238095238,0.0310381859641645,0.142619047619048,0.0398038288428111
"Q","lnpois",5,0.01,0.5,0.5,"TOX-raw-blocked","abs_lfc_bin","(0.5,1]",20,9.5,0.961084913275781,0,0,0.0125,0.00860309002014607
"Q","lnpois",5,0.01,0.5,0.5,"TOX-raw-blocked","abs_lfc_bin","(1,2]",20,13.8,0.996308977650692,0,0,0.0609145092523576,0.0173702449753299
"Q","lnpois",5,0.01,0.5,0.5,"TOX-raw-blocked","abs_lfc_bin","(2,4]",20,12.1,0.879293975150997,0,0,0.224158202908203,0.0330950405505424
"Q","lnpois",5,0.01,0.5,0.5,"TOX-raw-blocked","abs_lfc_bin","[0.25,0.5]",20,4.4,0.504714614515236,0,0,0.00833333333333333,0.00833333333333333
"Q","lnpois",5,0.01,0.5,0.5,"TOX-raw-blocked","expr_decile","1",20,5.35,0.45465429318966,0,0,0.0604166666666667,0.0259108556693998
"Q","lnpois",5,0.01,0.5,0.5,"TOX-raw-blocked","expr_decile","10",19,4.31578947368421,0.296693588162943,0,0,0.0710526315789474,0.0256761110590163
"Q","lnpois",5,0.01,0.5,0.5,"TOX-raw-blocked","expr_decile","2",20,4.75,0.403112887414927,0,0,0.0668452380952381,0.022145194011218
"Q","lnpois",5,0.01,0.5,0.5,"TOX-raw-blocked","expr_decile","3",19,5.89473684210526,0.47075115315785,0,0,0.0824580390369864,0.0313500216547279
"Q","lnpois",5,0.01,0.5,0.5,"TOX-raw-blocked","expr_decile","4",20,4.1,0.434680766104336,0,0,0.0676190476190476,0.0353111753205441
"Q","lnpois",5,0.01,0.5,0.5,"TOX-raw-blocked","expr_decile","5",20,4.35,0.442926868146781,0,0,0.0703787878787879,0.0239718943881127
"Q","lnpois",5,0.01,0.5,0.5,"TOX-raw-blocked","expr_decile","6",20,5.35,0.621013602698719,0,0,0.137862554112554,0.0399839302774427
"Q","lnpois",5,0.01,0.5,0.5,"TOX-raw-blocked","expr_decile","7",20,4.5,0.520627152172212,0,0,0.105396825396825,0.0315875639674581
"Q","lnpois",5,0.01,0.5,0.5,"TOX-raw-blocked","expr_decile","8",20,4.5,0.455954753064496,0,0,0.0814285714285714,0.0355390857247965
"Q","lnpois",5,0.01,0.5,0.5,"TOX-raw-blocked","expr_decile","9",20,4.75,0.469462178287139,0,0,0.134285714285714,0.0426080200235893
"Q","lnpois",5,0.01,1,0.5,"DESeq2","abs_lfc_bin","(0.5,1]",20,9.35,0.941093988258793,0.0890295815295815,0.0239646454357032,0.0336904761904762,0.0147605656681017
"Q","lnpois",5,0.01,1,0.5,"DESeq2","abs_lfc_bin","(1,2]",20,14.6,0.847286691056873,0.520491002702522,0.0355676956121156,0.358453972040508,0.0392373947348329
"Q","lnpois",5,0.01,1,0.5,"DESeq2","abs_lfc_bin","(2,4]",20,11.4,1.11071337910656,0.994117647058824,0.00588235294117647,0.94990482556659,0.0195508086087358
"Q","lnpois",5,0.01,1,0.5,"DESeq2","abs_lfc_bin","[0.25,0.5]",20,4.25,0.547121654902415,0.00833333333333333,0.00833333333333333,0.00833333333333333,0.00833333333333333
"Q","lnpois",5,0.01,1,0.5,"DESeq2","expr_decile","1",20,4.7,0.398021422327466,0.447202380952381,0.0754075173518597,0.358452380952381,0.0674283986358462
"Q","lnpois",5,0.01,1,0.5,"DESeq2","expr_decile","10",20,4.4,0.393366040864311,0.429285714285714,0.0620275676058302,0.349642857142857,0.0661739478741646
"Q","lnpois",5,0.01,1,0.5,"DESeq2","expr_decile","2",20,4.9,0.376269780036108,0.5,0.0513468788653092,0.431904761904762,0.0581811989864685
"Q","lnpois",5,0.01,1,0.5,"DESeq2","expr_decile","3",20,4.2,0.495240505103063,0.334772727272727,0.0624478396233706,0.305606060606061,0.0616810660764633
"Q","lnpois",5,0.01,1,0.5,"DESeq2","expr_decile","4",20,4.55,0.358909166048576,0.547857142857143,0.0532085734207899,0.468690476190476,0.0550274901733869
"Q","lnpois",5,0.01,1,0.5,"DESeq2","expr_decile","5",20,4.9,0.396696888130764,0.408174603174603,0.050881753818014,0.33234126984127,0.0471241997388993
"Q","lnpois",5,0.01,1,0.5,"DESeq2","expr_decile","6",20,4.85,0.519488614940339,0.466349206349206,0.0660360836567724,0.382619047619048,0.0647428464553221
"Q","lnpois",5,0.01,1,0.5,"DESeq2","expr_decile","7",19,5.26315789473684,0.331945402253061,0.439097744360902,0.0517939168675015,0.384962406015038,0.0512918254269022
"Q","lnpois",5,0.01,1,0.5,"DESeq2","expr_decile","8",20,5.5,0.438298144141513,0.425892857142857,0.0604264810478584,0.353809523809524,0.05779807880745
"Q","lnpois",5,0.01,1,0.5,"DESeq2","expr_decile","9",20,4.5,0.303488489333442,0.463333333333333,0.0666951693455762,0.38,0.0516057932284433
"Q","lnpois",5,0.01,1,0.5,"edgeR","abs_lfc_bin","(0.5,1]",20,9.35,0.941093988258793,0.0540692640692641,0.0213238162964493,0.0295238095238095,0.0146103465734411
"Q","lnpois",5,0.01,1,0.5,"edgeR","abs_lfc_bin","(1,2]",20,14.6,0.847286691056873,0.472878532613272,0.0332115775144297,0.396866575518901,0.0385292899449907
"Q","lnpois",5,0.01,1,0.5,"edgeR","abs_lfc_bin","(2,4]",20,11.4,1.11071337910656,0.982843137254902,0.011813516734835,0.968737243149008,0.0141550719530269
"Q","lnpois",5,0.01,1,0.5,"edgeR","abs_lfc_bin","[0.25,0.5]",20,4.25,0.547121654902415,0.00833333333333333,0.00833333333333333,0,0
"Q","lnpois",5,0.01,1,0.5,"edgeR","expr_decile","1",20,4.7,0.398021422327466,0.426369047619048,0.0673984339176944,0.398035714285714,0.0701501762201211
"Q","lnpois",5,0.01,1,0.5,"edgeR","expr_decile","10",20,4.4,0.393366040864311,0.456785714285714,0.062768999821445,0.391309523809524,0.0620530984968425
"Q","lnpois",5,0.01,1,0.5,"edgeR","expr_decile","2",20,4.9,0.376269780036108,0.47375,0.0549213432364226,0.450833333333333,0.0523266051510667
"Q","lnpois",5,0.01,1,0.5,"edgeR","expr_decile","3",20,4.2,0.495240505103063,0.344772727272727,0.0621117271126643,0.320227272727273,0.0585242815017908
"Q","lnpois",5,0.01,1,0.5,"edgeR","expr_decile","4",20,4.55,0.358909166048576,0.514523809523809,0.0542272307315301,0.457023809523809,0.0543699811497189
"Q","lnpois",5,0.01,1,0.5,"edgeR","expr_decile","5",20,4.9,0.396696888130764,0.360198412698413,0.0461978564168918,0.33797619047619,0.0446363737982278
"Q","lnpois",5,0.01,1,0.5,"edgeR","expr_decile","6",20,4.85,0.519488614940339,0.408511904761905,0.0582328930515021,0.351785714285714,0.0599865851996915
"Q","lnpois",5,0.01,1,0.5,"edgeR","expr_decile","7",19,5.26315789473684,0.331945402253061,0.428571428571429,0.0510413888515983,0.405639097744361,0.051969923039337
"Q","lnpois",5,0.01,1,0.5,"edgeR","expr_decile","8",20,5.5,0.438298144141513,0.371666666666667,0.0581127613368573,0.372559523809524,0.0583528607154938
"Q","lnpois",5,0.01,1,0.5,"edgeR","expr_decile","9",20,4.5,0.303488489333442,0.453333333333333,0.0631136540958716,0.4325,0.0613740687570042
"Q","lnpois",5,0.01,1,0.5,"limma","abs_lfc_bin","(0.5,1]",20,9.35,0.941093988258793,0.0304978354978355,0.0128452993820688,0.0348809523809524,0.0158860091974212
"Q","lnpois",5,0.01,1,0.5,"limma","abs_lfc_bin","(1,2]",20,14.6,0.847286691056873,0.438229015463754,0.0317174049400727,0.425337090137618,0.0388035131285232
"Q","lnpois",5,0.01,1,0.5,"limma","abs_lfc_bin","(2,4]",20,11.4,1.11071337910656,0.983725490196078,0.0097252779696542,0.978011204481793,0.0133264882816875
"Q","lnpois",5,0.01,1,0.5,"limma","abs_lfc_bin","[0.25,0.5]",20,4.25,0.547121654902415,0.00833333333333333,0.00833333333333333,0,0
"Q","lnpois",5,0.01,1,0.5,"limma","expr_decile","1",20,4.7,0.398021422327466,0.426369047619048,0.0673984339176944,0.398035714285714,0.0716350021951805
"Q","lnpois",5,0.01,1,0.5,"limma","expr_decile","10",20,4.4,0.393366040864311,0.423452380952381,0.0573693493296816,0.416309523809524,0.0587011509963555
"Q","lnpois",5,0.01,1,0.5,"limma","expr_decile","2",20,4.9,0.376269780036108,0.457083333333333,0.0556945262901339,0.47375,0.0562365786059421
"Q","lnpois",5,0.01,1,0.5,"limma","expr_decile","3",20,4.2,0.495240505103063,0.340227272727273,0.0615020958443161,0.340227272727273,0.0615020958443161
"Q","lnpois",5,0.01,1,0.5,"limma","expr_decile","4",20,4.55,0.358909166048576,0.48952380952381,0.0562602578465561,0.49202380952381,0.0622221176611997
"Q","lnpois",5,0.01,1,0.5,"limma","expr_decile","5",20,4.9,0.396696888130764,0.341865079365079,0.0468477593755847,0.353531746031746,0.0443786986491868
"Q","lnpois",5,0.01,1,0.5,"limma","expr_decile","6",20,4.85,0.519488614940339,0.385595238095238,0.0620554972181,0.385595238095238,0.0620554972181
"Q","lnpois",5,0.01,1,0.5,"limma","expr_decile","7",19,5.26315789473684,0.331945402253061,0.40125313283208,0.0527845670035575,0.40125313283208,0.0527845670035575
"Q","lnpois",5,0.01,1,0.5,"limma","expr_decile","8",20,5.5,0.438298144141513,0.36452380952381,0.0562475947954833,0.360059523809524,0.0553594991683274
"Q","lnpois",5,0.01,1,0.5,"limma","expr_decile","9",20,4.5,0.303488489333442,0.455833333333333,0.0601688049384338,0.425,0.0577540155815115
"Q","lnpois",5,0.01,1,0.5,"TOX-log","abs_lfc_bin","(0.5,1]",20,9.35,0.941093988258793,0.0540692640692641,0.0185756835308341,0.0428571428571429,0.0182680378744231
"Q","lnpois",5,0.01,1,0.5,"TOX-log","abs_lfc_bin","(1,2]",20,14.6,0.847286691056873,0.476856265406794,0.0365351493725864,0.34423454517133,0.0589371999982651
"Q","lnpois",5,0.01,1,0.5,"TOX-log","abs_lfc_bin","(2,4]",20,11.4,1.11071337910656,0.997058823529412,0.00294117647058824,0.694117647058824,0.104410129494892
"Q","lnpois",5,0.01,1,0.5,"TOX-log","abs_lfc_bin","[0.25,0.5]",20,4.25,0.547121654902415,0.0666666666666667,0.0518657736810333,0.00833333333333333,0.00833333333333333
"Q","lnpois",5,0.01,1,0.5,"TOX-log","expr_decile","1",20,4.7,0.398021422327466,0.44859126984127,0.0701157224889917,0.306309523809524,0.0800631678275513
"Q","lnpois",5,0.01,1,0.5,"TOX-log","expr_decile","10",20,4.4,0.393366040864311,0.416309523809524,0.0587011509963555,0.350833333333333,0.0681681250648263
"Q","lnpois",5,0.01,1,0.5,"TOX-log","expr_decile","2",20,4.9,0.376269780036108,0.496666666666667,0.0533520710907887,0.346904761904762,0.0624828655352766
"Q","lnpois",5,0.01,1,0.5,"TOX-log","expr_decile","3",20,4.2,0.495240505103063,0.344772727272727,0.0621117271126643,0.278333333333333,0.0684957419601151
"Q","lnpois",5,0.01,1,0.5,"TOX-log","expr_decile","4",20,4.55,0.358909166048576,0.543690476190476,0.0578329453715999,0.437738095238095,0.0792716341069274
"Q","lnpois",5,0.01,1,0.5,"TOX-log","expr_decile","5",20,4.9,0.396696888130764,0.359007936507936,0.0463784467266368,0.256269841269841,0.0555231705346377
"Q","lnpois",5,0.01,1,0.5,"TOX-log","expr_decile","6",20,4.85,0.519488614940339,0.405238095238095,0.0607275227050896,0.291428571428571,0.0574636405894135
"Q","lnpois",5,0.01,1,0.5,"TOX-log","expr_decile","7",19,5.26315789473684,0.331945402253061,0.416290726817043,0.0507996103822561,0.344987468671679,0.0652347755043558
"Q","lnpois",5,0.01,1,0.5,"TOX-log","expr_decile","8",20,5.5,0.438298144141513,0.390416666666667,0.0631026544915406,0.284761904761905,0.0664960222050116
"Q","lnpois",5,0.01,1,0.5,"TOX-log","expr_decile","9",20,4.5,0.303488489333442,0.474166666666667,0.0618486527577862,0.3675,0.0678241081704935
"Q","lnpois",5,0.01,1,0.5,"TOX-log-blocked","abs_lfc_bin","(0.5,1]",20,9.35,0.941093988258793,0.00714285714285714,0.00714285714285714,0.0386904761904762,0.018257316444958
"Q","lnpois",5,0.01,1,0.5,"TOX-log-blocked","abs_lfc_bin","(1,2]",20,14.6,0.847286691056873,0.25649094396764,0.0276409966593659,0.423822338194478,0.0413623366400453
"Q","lnpois",5,0.01,1,0.5,"TOX-log-blocked","abs_lfc_bin","(2,4]",20,11.4,1.11071337910656,0.916751867413632,0.0205332036212472,0.979201680672269,0.0126839451449809
"Q","lnpois",5,0.01,1,0.5,"TOX-log-blocked","abs_lfc_bin","[0.25,0.5]",20,4.25,0.547121654902415,0,0,0.00833333333333333,0.00833333333333333
"Q","lnpois",5,0.01,1,0.5,"TOX-log-blocked","expr_decile","1",20,4.7,0.398021422327466,0.277142857142857,0.0536073118475299,0.402202380952381,0.0728237938545261
"Q","lnpois",5,0.01,1,0.5,"TOX-log-blocked","expr_decile","10",20,4.4,0.393366040864311,0.339642857142857,0.0660428374093326,0.416309523809524,0.0587011509963555
"Q","lnpois",5,0.01,1,0.5,"TOX-log-blocked","expr_decile","2",20,4.9,0.376269780036108,0.398571428571429,0.0606006356814302,0.46452380952381,0.0557449361955441
"Q","lnpois",5,0.01,1,0.5,"TOX-log-blocked","expr_decile","3",20,4.2,0.495240505103063,0.271060606060606,0.0587869847348119,0.340227272727273,0.0615020958443161
"Q","lnpois",5,0.01,1,0.5,"TOX-log-blocked","expr_decile","4",20,4.55,0.358909166048576,0.398214285714286,0.0544030069420746,0.508690476190476,0.0622170825403132
"Q","lnpois",5,0.01,1,0.5,"TOX-log-blocked","expr_decile","5",20,4.9,0.396696888130764,0.31797619047619,0.0475586945232137,0.360674603174603,0.0467367254041732
"Q","lnpois",5,0.01,1,0.5,"TOX-log-blocked","expr_decile","6",20,4.85,0.519488614940339,0.32797619047619,0.0640633983734255,0.388095238095238,0.060960549699764
"Q","lnpois",5,0.01,1,0.5,"TOX-log-blocked","expr_decile","7",19,5.26315789473684,0.331945402253061,0.376190476190476,0.0509477742122211,0.40125313283208,0.0527845670035575
"Q","lnpois",5,0.01,1,0.5,"TOX-log-blocked","expr_decile","8",20,5.5,0.438298144141513,0.332380952380952,0.0588786211428925,0.360059523809524,0.0553594991683274
"Q","lnpois",5,0.01,1,0.5,"TOX-log-blocked","expr_decile","9",20,4.5,0.303488489333442,0.314583333333333,0.0477944666045317,0.423333333333333,0.0588187820581744
"Q","lnpois",5,0.01,1,0.5,"TOX-log-blocked-oracle","abs_lfc_bin","(0.5,1]",20,9.35,0.941093988258793,0.0104761904761905,0.00772173902759061,0.0386904761904762,0.018257316444958
"Q","lnpois",5,0.01,1,0.5,"TOX-log-blocked-oracle","abs_lfc_bin","(1,2]",20,14.6,0.847286691056873,0.259268721745418,0.0275992871579717,0.420350115972256,0.0416247700785802
"Q","lnpois",5,0.01,1,0.5,"TOX-log-blocked-oracle","abs_lfc_bin","(2,4]",20,11.4,1.11071337910656,0.913810690943044,0.0214271886014035,0.979201680672269,0.0126839451449809
"Q","lnpois",5,0.01,1,0.5,"TOX-log-blocked-oracle","abs_lfc_bin","[0.25,0.5]",20,4.25,0.547121654902415,0,0,0.00833333333333333,0.00833333333333333
"Q","lnpois",5,0.01,1,0.5,"TOX-log-blocked-oracle","expr_decile","1",20,4.7,0.398021422327466,0.264642857142857,0.0523140593035137,0.402202380952381,0.0728237938545261
"Q","lnpois",5,0.01,1,0.5,"TOX-log-blocked-oracle","expr_decile","10",20,4.4,0.393366040864311,0.339642857142857,0.0660428374093326,0.416309523809524,0.0587011509963555
"Q","lnpois",5,0.01,1,0.5,"TOX-log-blocked-oracle","expr_decile","2",20,4.9,0.376269780036108,0.406904761904762,0.061893892433063,0.46452380952381,0.0557449361955441
"Q","lnpois",5,0.01,1,0.5,"TOX-log-blocked-oracle","expr_decile","3",20,4.2,0.495240505103063,0.271060606060606,0.0587869847348119,0.340227272727273,0.0615020958443161
"Q","lnpois",5,0.01,1,0.5,"TOX-log-blocked-oracle","expr_decile","4",20,4.55,0.358909166048576,0.398214285714286,0.0544030069420746,0.508690476190476,0.0622170825403132
"Q","lnpois",5,0.01,1,0.5,"TOX-log-blocked-oracle","expr_decile","5",20,4.9,0.396696888130764,0.31797619047619,0.0475586945232137,0.360674603174603,0.0467367254041732
"Q","lnpois",5,0.01,1,0.5,"TOX-log-blocked-oracle","expr_decile","6",20,4.85,0.519488614940339,0.32797619047619,0.0640633983734255,0.371428571428571,0.0540411812539887
"Q","lnpois",5,0.01,1,0.5,"TOX-log-blocked-oracle","expr_decile","7",19,5.26315789473684,0.331945402253061,0.376190476190476,0.0509477742122211,0.40125313283208,0.0527845670035575
"Q","lnpois",5,0.01,1,0.5,"TOX-log-blocked-oracle","expr_decile","8",20,5.5,0.438298144141513,0.332380952380952,0.0588786211428925,0.360059523809524,0.0553594991683274
"Q","lnpois",5,0.01,1,0.5,"TOX-log-blocked-oracle","expr_decile","9",20,4.5,0.303488489333442,0.324583333333333,0.0475783249276808,0.433333333333333,0.0576590097340283
"Q","lnpois",5,0.01,1,0.5,"TOX-log-boot","abs_lfc_bin","(0.5,1]",20,9.35,0.941093988258793,0.0390079365079365,0.0164642676174953,0.0413690476190476,0.0172055026609642
"Q","lnpois",5,0.01,1,0.5,"TOX-log-boot","abs_lfc_bin","(1,2]",20,14.6,0.847286691056873,0.429654811170493,0.0373235350714492,0.340589691348794,0.0587924049730921
"Q","lnpois",5,0.01,1,0.5,"TOX-log-boot","abs_lfc_bin","(2,4]",20,11.4,1.11071337910656,0.98015406162465,0.0100607105544025,0.69078431372549,0.103948348283502
"Q","lnpois",5,0.01,1,0.5,"TOX-log-boot","abs_lfc_bin","[0.25,0.5]",20,4.25,0.547121654902415,0.00833333333333333,0.00833333333333333,0.0166666666666667,0.0114707866935281
"Q","lnpois",5,0.01,1,0.5,"TOX-log-boot","expr_decile","1",20,4.7,0.398021422327466,0.395257936507937,0.0683438291217887,0.276785714285714,0.0654099402814574
"Q","lnpois",5,0.01,1,0.5,"TOX-log-boot","expr_decile","10",20,4.4,0.393366040864311,0.416309523809524,0.0587011509963555,0.375833333333333,0.0659442769375684
"Q","lnpois",5,0.01,1,0.5,"TOX-log-boot","expr_decile","2",20,4.9,0.376269780036108,0.479583333333333,0.0539585895061151,0.356904761904762,0.0627004245523904
"Q","lnpois",5,0.01,1,0.5,"TOX-log-boot","expr_decile","3",20,4.2,0.495240505103063,0.342272727272727,0.0630964507675633,0.243333333333333,0.0684028315818947
"Q","lnpois",5,0.01,1,0.5,"TOX-log-boot","expr_decile","4",20,4.55,0.358909166048576,0.494880952380952,0.0622724464783951,0.396071428571429,0.0735380396045917
"Q","lnpois",5,0.01,1,0.5,"TOX-log-boot","expr_decile","5",20,4.9,0.396696888130764,0.347619047619048,0.0501593712616199,0.269047619047619,0.0577027189249614
"Q","lnpois",5,0.01,1,0.5,"TOX-log-boot","expr_decile","6",20,4.85,0.519488614940339,0.382321428571429,0.0636986085098751,0.294285714285714,0.0607174007205669
"Q","lnpois",5,0.01,1,0.5,"TOX-log-boot","expr_decile","7",19,5.26315789473684,0.331945402253061,0.423809523809524,0.0525997934811257,0.36265664160401,0.0659361587617086
"Q","lnpois",5,0.01,1,0.5,"TOX-log-boot","expr_decile","8",20,5.5,0.438298144141513,0.35202380952381,0.0560516170588635,0.299047619047619,0.0704478199348427
"Q","lnpois",5,0.01,1,0.5,"TOX-log-boot","expr_decile","9",20,4.5,0.303488489333442,0.433333333333333,0.0576590097340283,0.367916666666667,0.0674956003547747
"Q","lnpois",5,0.01,1,0.5,"TOX-log-oracle","abs_lfc_bin","(0.5,1]",20,9.35,0.941093988258793,0.0540692640692641,0.0185756835308341,0.0428571428571429,0.0182680378744231
"Q","lnpois",5,0.01,1,0.5,"TOX-log-oracle","abs_lfc_bin","(1,2]",20,14.6,0.847286691056873,0.471300709851238,0.0372106922600561,0.34423454517133,0.0589371999982651
"Q","lnpois",5,0.01,1,0.5,"TOX-log-oracle","abs_lfc_bin","(2,4]",20,11.4,1.11071337910656,0.997058823529412,0.00294117647058824,0.694117647058824,0.104410129494892
"Q","lnpois",5,0.01,1,0.5,"TOX-log-oracle","abs_lfc_bin","[0.25,0.5]",20,4.25,0.547121654902415,0.0666666666666667,0.0518657736810333,0.0583333333333333,0.0502551966996612
"Q","lnpois",5,0.01,1,0.5,"TOX-log-oracle","expr_decile","1",20,4.7,0.398021422327466,0.44859126984127,0.0701157224889917,0.306309523809524,0.0800631678275513
"Q","lnpois",5,0.01,1,0.5,"TOX-log-oracle","expr_decile","10",20,4.4,0.393366040864311,0.416309523809524,0.0587011509963555,0.350833333333333,0.0681681250648263
"Q","lnpois",5,0.01,1,0.5,"TOX-log-oracle","expr_decile","2",20,4.9,0.376269780036108,0.496666666666667,0.0533520710907887,0.346904761904762,0.0624828655352766
"Q","lnpois",5,0.01,1,0.5,"TOX-log-oracle","expr_decile","3",20,4.2,0.495240505103063,0.344772727272727,0.0621117271126643,0.278333333333333,0.0684957419601151
"Q","lnpois",5,0.01,1,0.5,"TOX-log-oracle","expr_decile","4",20,4.55,0.358909166048576,0.535357142857143,0.0599884807635825,0.437738095238095,0.0792716341069274
"Q","lnpois",5,0.01,1,0.5,"TOX-log-oracle","expr_decile","5",20,4.9,0.396696888130764,0.359007936507936,0.0463784467266368,0.256269841269841,0.0555231705346377
"Q","lnpois",5,0.01,1,0.5,"TOX-log-oracle","expr_decile","6",20,4.85,0.519488614940339,0.405238095238095,0.0607275227050896,0.291428571428571,0.0574636405894135
"Q","lnpois",5,0.01,1,0.5,"TOX-log-oracle","expr_decile","7",19,5.26315789473684,0.331945402253061,0.416290726817043,0.0507996103822561,0.344987468671679,0.0652347755043558
"Q","lnpois",5,0.01,1,0.5,"TOX-log-oracle","expr_decile","8",20,5.5,0.438298144141513,0.390416666666667,0.0631026544915406,0.297261904761905,0.072042531587671
"Q","lnpois",5,0.01,1,0.5,"TOX-log-oracle","expr_decile","9",20,4.5,0.303488489333442,0.464166666666667,0.0598520959684192,0.3675,0.0678241081704935
"Q","lnpois",5,0.01,1,0.5,"TOX-raw","abs_lfc_bin","(0.5,1]",20,9.35,0.941093988258793,0.0107142857142857,0.00781602364146308,0.0211904761904762,0.0127517026141926
"Q","lnpois",5,0.01,1,0.5,"TOX-raw","abs_lfc_bin","(1,2]",20,14.6,0.847286691056873,0.148170614850518,0.0189717910059852,0.208580044742129,0.0395156338436316
"Q","lnpois",5,0.01,1,0.5,"TOX-raw","abs_lfc_bin","(2,4]",20,11.4,1.11071337910656,0.731543708848696,0.0364897756204189,0.732429743104296,0.063320706736193
"Q","lnpois",5,0.01,1,0.5,"TOX-raw","abs_lfc_bin","[0.25,0.5]",20,4.25,0.547121654902415,0.00833333333333333,0.00833333333333333,0.00833333333333333,0.00833333333333333
"Q","lnpois",5,0.01,1,0.5,"TOX-raw","expr_decile","1",20,4.7,0.398021422327466,0.227142857142857,0.0483402158142881,0.29172619047619,0.0747325598807196
"Q","lnpois",5,0.01,1,0.5,"TOX-raw","expr_decile","10",20,4.4,0.393366040864311,0.264166666666667,0.0588047990045448,0.249166666666667,0.0565901831628893
"Q","lnpois",5,0.01,1,0.5,"TOX-raw","expr_decile","2",20,4.9,0.376269780036108,0.345119047619048,0.0641306202545306,0.347380952380952,0.0615979237711243
"Q","lnpois",5,0.01,1,0.5,"TOX-raw","expr_decile","3",20,4.2,0.495240505103063,0.258181818181818,0.0558995271964428,0.270681818181818,0.060756022105842
"Q","lnpois",5,0.01,1,0.5,"TOX-raw","expr_decile","4",20,4.55,0.358909166048576,0.341071428571429,0.0454751981285002,0.344047619047619,0.0529169151077726
"Q","lnpois",5,0.01,1,0.5,"TOX-raw","expr_decile","5",20,4.9,0.396696888130764,0.247301587301587,0.0405449479070455,0.271944444444444,0.0413305765336409
"Q","lnpois",5,0.01,1,0.5,"TOX-raw","expr_decile","6",20,4.85,0.519488614940339,0.214920634920635,0.0404646649274383,0.280416666666667,0.0508901732996316
"Q","lnpois",5,0.01,1,0.5,"TOX-raw","expr_decile","7",19,5.26315789473684,0.331945402253061,0.21390977443609,0.0439151496718205,0.241604010025063,0.0557153592630341
"Q","lnpois",5,0.01,1,0.5,"TOX-raw","expr_decile","8",20,5.5,0.438298144141513,0.204404761904762,0.0424756850757215,0.216547619047619,0.054036611611374
"Q","lnpois",5,0.01,1,0.5,"TOX-raw","expr_decile","9",20,4.5,0.303488489333442,0.27375,0.0402353956287683,0.255833333333333,0.0451649834605765
"Q","lnpois",5,0.01,1,0.5,"TOX-raw-blocked","abs_lfc_bin","(0.5,1]",20,9.35,0.941093988258793,0,0,0.0326190476190476,0.015158292758761
"Q","lnpois",5,0.01,1,0.5,"TOX-raw-blocked","abs_lfc_bin","(1,2]",20,14.6,0.847286691056873,0,0,0.27659139556619,0.0349925494276425
"Q","lnpois",5,0.01,1,0.5,"TOX-raw-blocked","abs_lfc_bin","(2,4]",20,11.4,1.11071337910656,0,0,0.859005365549483,0.0334867686119638
"Q","lnpois",5,0.01,1,0.5,"TOX-raw-blocked","abs_lfc_bin","[0.25,0.5]",20,4.25,0.547121654902415,0,0,0,0
"Q","lnpois",5,0.01,1,0.5,"TOX-raw-blocked","expr_decile","1",20,4.7,0.398021422327466,0,0,0.293531746031746,0.0737963686725372
"Q","lnpois",5,0.01,1,0.5,"TOX-raw-blocked","expr_decile","10",20,4.4,0.393366040864311,0,0,0.3975,0.0679404086152491
"Q","lnpois",5,0.01,1,0.5,"TOX-raw-blocked","expr_decile","2",20,4.9,0.376269780036108,0,0,0.404821428571429,0.0599623242569033
"Q","lnpois",5,0.01,1,0.5,"TOX-raw-blocked","expr_decile","3",20,4.2,0.495240505103063,0,0,0.297727272727273,0.068096570843968
"Q","lnpois",5,0.01,1,0.5,"TOX-raw-blocked","expr_decile","4",20,4.55,0.358909166048576,0,0,0.385714285714286,0.0467620247154029
"Q","lnpois",5,0.01,1,0.5,"TOX-raw-blocked","expr_decile","5",20,4.9,0.396696888130764,0,0,0.289920634920635,0.040256051978094
"Q","lnpois",5,0.01,1,0.5,"TOX-raw-blocked","expr_decile","6",20,4.85,0.519488614940339,0,0,0.351587301587302,0.0633479462960696
"Q","lnpois",5,0.01,1,0.5,"TOX-raw-blocked","expr_decile","7",19,5.26315789473684,0.331945402253061,0,0,0.338220551378446,0.0612883740341367
"Q","lnpois",5,0.01,1,0.5,"TOX-raw-blocked","expr_decile","8",20,5.5,0.438298144141513,0,0,0.317916666666667,0.0590822895096602
"Q","lnpois",5,0.01,1,0.5,"TOX-raw-blocked","expr_decile","9",20,4.5,0.303488489333442,0,0,0.319583333333333,0.0465838668644713
"Q","lnpois",5,0.05,0.5,0.5,"DESeq2","abs_lfc_bin","(0.5,1]",20,42.2,2.72184148190735,0.018749182915825,0.00551797705142183,0.00637638914424629,0.00263248111812105
"Q","lnpois",5,0.05,0.5,0.5,"DESeq2","abs_lfc_bin","(1,2]",20,73.15,2.67766099815728,0.0761860081212037,0.0117385016038804,0.0311629483012483,0.00714698761903926
"Q","lnpois",5,0.05,0.5,0.5,"DESeq2","abs_lfc_bin","(2,4]",20,61,2.30102951786918,0.220115336532127,0.0217927426607529,0.122164923801304,0.0174725811773435
"Q","lnpois",5,0.05,0.5,0.5,"DESeq2","abs_lfc_bin","[0.25,0.5]",20,23.35,2.04202556816819,0.00277777777777778,0.00277777777777778,0,0
"Q","lnpois",5,0.05,0.5,0.5,"DESeq2","expr_decile","1",20,21.45,0.910393205968544,0.0617460638272798,0.0140108704018415,0.0277659070612791,0.00844881120602303
"Q","lnpois",5,0.05,0.5,0.5,"DESeq2","expr_decile","10",20,24.25,0.962111165477692,0.106663897734345,0.0152583654918312,0.0526611822510361,0.0126834080398203
"Q","lnpois",5,0.05,0.5,0.5,"DESeq2","expr_decile","2",20,24.6,0.935836242984963,0.0950132369675673,0.0170263191387999,0.0458782590714568,0.0109414215099612
"Q","lnpois",5,0.05,0.5,0.5,"DESeq2","expr_decile","3",20,25.4,1.11779858839172,0.0787501973125206,0.0226004575842019,0.0379292801706595,0.014014467342222
"Q","lnpois",5,0.05,0.5,0.5,"DESeq2","expr_decile","4",20,23.45,1.17981934388724,0.0777697142346511,0.0152000798679888,0.0474189249013933,0.0128173514597131
"Q","lnpois",5,0.05,0.5,0.5,"DESeq2","expr_decile","5",20,23.4,0.966273362215018,0.098743887723844,0.0187079492114178,0.0481392862689703,0.0102676664162844
"Q","lnpois",5,0.05,0.5,0.5,"DESeq2","expr_decile","6",20,22.85,1.01637902171851,0.0871125070892873,0.0230353074062579,0.0500682136634149,0.0169369320133897
"Q","lnpois",5,0.05,0.5,0.5,"DESeq2","expr_decile","7",20,24.25,0.763906166737085,0.0941289372442118,0.0175770509202828,0.0509574988216293,0.0123867696246174
"Q","lnpois",5,0.05,0.5,0.5,"DESeq2","expr_decile","8",20,23.45,1.05749206790605,0.0992367126084826,0.0136353370323974,0.0533874386964386,0.0131867581915287
"Q","lnpois",5,0.05,0.5,0.5,"DESeq2","expr_decile","9",20,24.65,1.25922908747251,0.113760843663835,0.0204073229329712,0.0645692660362652,0.0175728288562885
"Q","lnpois",5,0.05,0.5,0.5,"edgeR","abs_lfc_bin","(0.5,1]",20,42.2,2.72184148190735,0.0168225284156411,0.00474625162902582,0.02277319757707,0.00582335816752512
"Q","lnpois",5,0.05,0.5,0.5,"edgeR","abs_lfc_bin","(1,2]",20,73.15,2.67766099815728,0.0641906097711445,0.00967514930656547,0.0871033024747657,0.0116265493357117
"Q","lnpois",5,0.05,0.5,0.5,"edgeR","abs_lfc_bin","(2,4]",20,61,2.30102951786918,0.246693583656756,0.0197427988489217,0.277946885064202,0.0239237264677523
"Q","lnpois",5,0.05,0.5,0.5,"edgeR","abs_lfc_bin","[0.25,0.5]",20,23.35,2.04202556816819,0.00277777777777778,0.00277777777777778,0.00412912912912913,0.00302441198969913
"Q","lnpois",5,0.05,0.5,0.5,"edgeR","expr_decile","1",20,21.45,0.910393205968544,0.0895303574297783,0.0142996837209239,0.105245800745641,0.014071453435223
"Q","lnpois",5,0.05,0.5,0.5,"edgeR","expr_decile","10",20,24.25,0.962111165477692,0.122186125490185,0.015167208031862,0.131146587853832,0.0167634495635938
"Q","lnpois",5,0.05,0.5,0.5,"edgeR","expr_decile","2",20,24.6,0.935836242984963,0.110517326629529,0.0173956753002907,0.126757770289941,0.0154820301908597
"Q","lnpois",5,0.05,0.5,0.5,"edgeR","expr_decile","3",20,25.4,1.11779858839172,0.0799991752350367,0.0230922831472534,0.106692512594135,0.0243542705460953
"Q","lnpois",5,0.05,0.5,0.5,"edgeR","expr_decile","4",20,23.45,1.17981934388724,0.0928364646884983,0.0215761512301729,0.106788922884295,0.0217359817758798
"Q","lnpois",5,0.05,0.5,0.5,"edgeR","expr_decile","5",20,23.4,0.966273362215018,0.0766294675436343,0.0161762740733549,0.100117052553905,0.0185878746797128
"Q","lnpois",5,0.05,0.5,0.5,"edgeR","expr_decile","6",20,22.85,1.01637902171851,0.09078603406659,0.0209296380495338,0.103073515104071,0.0206687083197466
"Q","lnpois",5,0.05,0.5,0.5,"edgeR","expr_decile","7",20,24.25,0.763906166737085,0.105156482766323,0.0144612524919929,0.120836707634047,0.0196836886956495
"Q","lnpois",5,0.05,0.5,0.5,"edgeR","expr_decile","8",20,23.45,1.05749206790605,0.10282289680054,0.0159103332674035,0.126518077529079,0.0193540951397981
"Q","lnpois",5,0.05,0.5,0.5,"edgeR","expr_decile","9",20,24.65,1.25922908747251,0.113131655843858,0.0197231620243521,0.121191864004873,0.0186597668257821
"Q","lnpois",5,0.05,0.5,0.5,"limma","abs_lfc_bin","(0.5,1]",20,42.2,2.72184148190735,0.0158488105845082,0.00461354745222504,0.0204297729484894,0.00452119744635731
"Q","lnpois",5,0.05,0.5,0.5,"limma","abs_lfc_bin","(1,2]",20,73.15,2.67766099815728,0.0524191938616883,0.00825964941784034,0.0740576879921045,0.0101832626700541
"Q","lnpois",5,0.05,0.5,0.5,"limma","abs_lfc_bin","(2,4]",20,61,2.30102951786918,0.276510679096058,0.0247248843551637,0.320755987214937,0.0294613549384697
"Q","lnpois",5,0.05,0.5,0.5,"limma","abs_lfc_bin","[0.25,0.5]",20,23.35,2.04202556816819,0,0,0.00412912912912913,0.00302441198969913
"Q","lnpois",5,0.05,0.5,0.5,"limma","expr_decile","1",20,21.45,0.910393205968544,0.0747437035640302,0.0165975291387106,0.0919705943203328,0.0196685347172638
"Q","lnpois",5,0.05,0.5,0.5,"limma","expr_decile","10",20,24.25,0.962111165477692,0.110718845985517,0.0152046330976878,0.130049414317294,0.0173151418230235
"Q","lnpois",5,0.05,0.5,0.5,"limma","expr_decile","2",20,24.6,0.935836242984963,0.110428192006295,0.0174415696140271,0.126481281655984,0.0202642605598717
"Q","lnpois",5,0.05,0.5,0.5,"limma","expr_decile","3",20,25.4,1.11779858839172,0.098014889846123,0.0225347243715765,0.112842226961615,0.0228514057973593
"Q","lnpois",5,0.05,0.5,0.5,"limma","expr_decile","4",20,23.45,1.17981934388724,0.111006506453912,0.0181413870806658,0.135595594102127,0.0178614562946469
"Q","lnpois",5,0.05,0.5,0.5,"limma","expr_decile","5",20,23.4,0.966273362215018,0.0924407066609178,0.0158831444456979,0.116557684191688,0.0201493571691973
"Q","lnpois",5,0.05,0.5,0.5,"limma","expr_decile","6",20,22.85,1.01637902171851,0.11029681804214,0.0226350983829062,0.134328500509178,0.0271436345083364
"Q","lnpois",5,0.05,0.5,0.5,"limma","expr_decile","7",20,24.25,0.763906166737085,0.0981775025286181,0.0167984645834003,0.130231369835775,0.0192115375183997
"Q","lnpois",5,0.05,0.5,0.5,"limma","expr_decile","8",20,23.45,1.05749206790605,0.118286829419645,0.0228335858588753,0.13798715782687,0.0243254436270844
"Q","lnpois",5,0.05,0.5,0.5,"limma","expr_decile","9",20,24.65,1.25922908747251,0.114034097080999,0.0217878303427599,0.138544884782576,0.0215650922638057
"Q","lnpois",5,0.05,0.5,0.5,"TOX-log","abs_lfc_bin","(0.5,1]",20,42.2,2.72184148190735,0.0196265800497083,0.00519097424040558,0.0206262299096523,0.00461576039857959
"Q","lnpois",5,0.05,0.5,0.5,"TOX-log","abs_lfc_bin","(1,2]",20,73.15,2.67766099815728,0.0776770331968634,0.00874710641498929,0.0899636318069473,0.0120045859347646
"Q","lnpois",5,0.05,0.5,0.5,"TOX-log","abs_lfc_bin","(2,4]",20,61,2.30102951786918,0.416136825609716,0.025574958750973,0.435202503526876,0.0298672594840626
"Q","lnpois",5,0.05,0.5,0.5,"TOX-log","abs_lfc_bin","[0.25,0.5]",20,23.35,2.04202556816819,0.00412912912912913,0.00302441198969913,0.00135135135135135,0.00135135135135135
"Q","lnpois",5,0.05,0.5,0.5,"TOX-log","expr_decile","1",20,21.45,0.910393205968544,0.132541157252057,0.0218923577763479,0.137766695743316,0.0219760095196288
"Q","lnpois",5,0.05,0.5,0.5,"TOX-log","expr_decile","10",20,24.25,0.962111165477692,0.172012363481258,0.018109688880596,0.171088165640445,0.0205389446558811
"Q","lnpois",5,0.05,0.5,0.5,"TOX-log","expr_decile","2",20,24.6,0.935836242984963,0.156582853695056,0.0190422238810977,0.169143038880241,0.0222305342972168
"Q","lnpois",5,0.05,0.5,0.5,"TOX-log","expr_decile","3",20,25.4,1.11779858839172,0.161180770857966,0.0308214297185422,0.172023545509033,0.032185901683375
"Q","lnpois",5,0.05,0.5,0.5,"TOX-log","expr_decile","4",20,23.45,1.17981934388724,0.198933932906547,0.0228010540985924,0.216895467372289,0.0249694339249089
"Q","lnpois",5,0.05,0.5,0.5,"TOX-log","expr_decile","5",20,23.4,0.966273362215018,0.130509854614424,0.0193760895306018,0.147672146026715,0.0200507314439841
"Q","lnpois",5,0.05,0.5,0.5,"TOX-log","expr_decile","6",20,22.85,1.01637902171851,0.182850884408463,0.0285621140187292,0.200296122342831,0.0279856224382077
"Q","lnpois",5,0.05,0.5,0.5,"TOX-log","expr_decile","7",20,24.25,0.763906166737085,0.179002363551992,0.0175467261538213,0.200842101087953,0.0218990030230949
"Q","lnpois",5,0.05,0.5,0.5,"TOX-log","expr_decile","8",20,23.45,1.05749206790605,0.183353003772904,0.023187691686647,0.193788768988081,0.0264909482539511
"Q","lnpois",5,0.05,0.5,0.5,"TOX-log","expr_decile","9",20,24.65,1.25922908747251,0.179809592557086,0.0192341152096898,0.179809592557086,0.0196347309877414
"Q","lnpois",5,0.05,0.5,0.5,"TOX-log-blocked","abs_lfc_bin","(0.5,1]",20,42.2,2.72184148190735,0.00430583727743971,0.00239359617824034,0.0206262299096523,0.00461576039857959
"Q","lnpois",5,0.05,0.5,0.5,"TOX-log-blocked","abs_lfc_bin","(1,2]",20,73.15,2.67766099815728,0.012858674144033,0.00317923998093229,0.0950323528988097,0.0124890695964094
"Q","lnpois",5,0.05,0.5,0.5,"TOX-log-blocked","abs_lfc_bin","(2,4]",20,61,2.30102951786918,0.189907905321917,0.0186490280252773,0.45514228127274,0.0287407372208083
"Q","lnpois",5,0.05,0.5,0.5,"TOX-log-blocked","abs_lfc_bin","[0.25,0.5]",20,23.35,2.04202556816819,0,0,0.00412912912912913,0.00302441198969913
"Q","lnpois",5,0.05,0.5,0.5,"TOX-log-blocked","expr_decile","1",20,21.45,0.910393205968544,0.0512547657021341,0.0136531261593057,0.144848502825123,0.0213015963841605
"Q","lnpois",5,0.05,0.5,0.5,"TOX-log-blocked","expr_decile","10",20,24.25,0.962111165477692,0.0784763093156294,0.0144678551986285,0.183594618658714,0.0192457233867673
"Q","lnpois",5,0.05,0.5,0.5,"TOX-log-blocked","expr_decile","2",20,24.6,0.935836242984963,0.0737667424940391,0.0139885014263694,0.173779996051297,0.0218230716415778
"Q","lnpois",5,0.05,0.5,0.5,"TOX-log-blocked","expr_decile","3",20,25.4,1.11779858839172,0.0626038485345928,0.018150808344991,0.187670016896697,0.0300831817392913
"Q","lnpois",5,0.05,0.5,0.5,"TOX-log-blocked","expr_decile","4",20,23.45,1.17981934388724,0.0869017142537479,0.0185081880720204,0.217051265654314,0.0253890417387346
"Q","lnpois",5,0.05,0.5,0.5,"TOX-log-blocked","expr_decile","5",20,23.4,0.966273362215018,0.0619550801074501,0.0112285631496251,0.15780808873912,0.0198740314910509
"Q","lnpois",5,0.05,0.5,0.5,"TOX-log-blocked","expr_decile","6",20,22.85,1.01637902171851,0.0742429937735497,0.0170369653827678,0.191844410587344,0.0289306993420617
"Q","lnpois",5,0.05,0.5,0.5,"TOX-log-blocked","expr_decile","7",20,24.25,0.763906166737085,0.0899325391586547,0.0171926750109812,0.206441151494069,0.0212501179592377
"Q","lnpois",5,0.05,0.5,0.5,"TOX-log-blocked","expr_decile","8",20,23.45,1.05749206790605,0.0865911544050048,0.0159735944324909,0.208370748103419,0.0264558080039745
"Q","lnpois",5,0.05,0.5,0.5,"TOX-log-blocked","expr_decile","9",20,24.65,1.25922908747251,0.0953967950359079,0.0182400299433618,0.192294269795053,0.0203747580698771
"Q","lnpois",5,0.05,0.5,0.5,"TOX-log-blocked-oracle","abs_lfc_bin","(0.5,1]",20,42.2,2.72184148190735,0.00532624544070502,0.00251158108289932,0.0219003611837835,0.00489839333940917
"Q","lnpois",5,0.05,0.5,0.5,"TOX-log-blocked-oracle","abs_lfc_bin","(1,2]",20,73.15,2.67766099815728,0.0254010321128615,0.00590695675065822,0.101187017840886,0.01254226527904
"Q","lnpois",5,0.05,0.5,0.5,"TOX-log-blocked-oracle","abs_lfc_bin","(2,4]",20,61,2.30102951786918,0.248227653719261,0.0219395924832148,0.456752055113642,0.0287999826226002
"Q","lnpois",5,0.05,0.5,0.5,"TOX-log-blocked-oracle","abs_lfc_bin","[0.25,0.5]",20,23.35,2.04202556816819,0,0,0.00412912912912913,0.00302441198969913
"Q","lnpois",5,0.05,0.5,0.5,"TOX-log-blocked-oracle","expr_decile","1",20,21.45,0.910393205968544,0.0705342863428163,0.0183908047667294,0.144098502825123,0.0212178462553989
"Q","lnpois",5,0.05,0.5,0.5,"TOX-log-blocked-oracle","expr_decile","10",20,24.25,0.962111165477692,0.103343324122009,0.0151235282775156,0.195007096303661,0.0203546362198653
"Q","lnpois",5,0.05,0.5,0.5,"TOX-log-blocked-oracle","expr_decile","2",20,24.6,0.935836242984963,0.088030399127261,0.0170906202495193,0.175383704842506,0.022471488301462
"Q","lnpois",5,0.05,0.5,0.5,"TOX-log-blocked-oracle","expr_decile","3",20,25.4,1.11779858839172,0.0777187910633285,0.0206344945082722,0.1688270393665,0.0312928704711005
"Q","lnpois",5,0.05,0.5,0.5,"TOX-log-blocked-oracle","expr_decile","4",20,23.45,1.17981934388724,0.114121771973806,0.0189117596136212,0.225456880947026,0.0249696547560178
"Q","lnpois",5,0.05,0.5,0.5,"TOX-log-blocked-oracle","expr_decile","5",20,23.4,0.966273362215018,0.0742268740861407,0.0112034072197046,0.156137735953148,0.0232279143904986
"Q","lnpois",5,0.05,0.5,0.5,"TOX-log-blocked-oracle","expr_decile","6",20,22.85,1.01637902171851,0.102299812610924,0.0198545474138474,0.200530517577226,0.0296883213863571
"Q","lnpois",5,0.05,0.5,0.5,"TOX-log-blocked-oracle","expr_decile","7",20,24.25,0.763906166737085,0.102526089005494,0.0192678480034861,0.204247733922362,0.0205033792591233
"Q","lnpois",5,0.05,0.5,0.5,"TOX-log-blocked-oracle","expr_decile","8",20,23.45,1.05749206790605,0.11442480702314,0.0179492762683028,0.205357420850961,0.0263812073694671
"Q","lnpois",5,0.05,0.5,0.5,"TOX-log-blocked-oracle","expr_decile","9",20,24.65,1.25922908747251,0.12179757537597,0.0194518661968764,0.203178759469356,0.0216374094262725
"Q","lnpois",5,0.05,0.5,0.5,"TOX-log-boot","abs_lfc_bin","(0.5,1]",20,42.2,2.72184148190735,0.0191260795492078,0.00512634930696482,0.0206262299096523,0.00461576039857959
"Q","lnpois",5,0.05,0.5,0.5,"TOX-log-boot","abs_lfc_bin","(1,2]",20,73.15,2.67766099815728,0.0795452826421889,0.0101548831248591,0.0950650092354007,0.0126241394405054
"Q","lnpois",5,0.05,0.5,0.5,"TOX-log-boot","abs_lfc_bin","(2,4]",20,61,2.30102951786918,0.436776547576119,0.0259467365328397,0.461216965026954,0.0301875090962425
"Q","lnpois",5,0.05,0.5,0.5,"TOX-log-boot","abs_lfc_bin","[0.25,0.5]",20,23.35,2.04202556816819,0.00277777777777778,0.00277777777777778,0.00412912912912913,0.00302441198969913
"Q","lnpois",5,0.05,0.5,0.5,"TOX-log-boot","expr_decile","1",20,21.45,0.910393205968544,0.131674862458278,0.0211182423624101,0.138468450129281,0.0213729332633958
"Q","lnpois",5,0.05,0.5,0.5,"TOX-log-boot","expr_decile","10",20,24.25,0.962111165477692,0.178942514364162,0.0160179385199241,0.18381867265834,0.0185210365014161
"Q","lnpois",5,0.05,0.5,0.5,"TOX-log-boot","expr_decile","2",20,24.6,0.935836242984963,0.164256730669336,0.019679784266744,0.175055945645181,0.022208069095872
"Q","lnpois",5,0.05,0.5,0.5,"TOX-log-boot","expr_decile","3",20,25.4,1.11779858839172,0.170532535184899,0.029870908848899,0.181806944979932,0.0323156816972435
"Q","lnpois",5,0.05,0.5,0.5,"TOX-log-boot","expr_decile","4",20,23.45,1.17981934388724,0.199467918642275,0.0250204007847213,0.229907795623747,0.0257748385231497
"Q","lnpois",5,0.05,0.5,0.5,"TOX-log-boot","expr_decile","5",20,23.4,0.966273362215018,0.145493440424471,0.0207779703152444,0.155720546651578,0.0201541222131238
"Q","lnpois",5,0.05,0.5,0.5,"TOX-log-boot","expr_decile","6",20,22.85,1.01637902171851,0.193757981697139,0.0299093496155802,0.208084209012497,0.0280425111236466
"Q","lnpois",5,0.05,0.5,0.5,"TOX-log-boot","expr_decile","7",20,24.25,0.763906166737085,0.189338876576005,0.0188785781443241,0.204072307375225,0.0221009737965047
"Q","lnpois",5,0.05,0.5,0.5,"TOX-log-boot","expr_decile","8",20,23.45,1.05749206790605,0.194882871245976,0.0249551508593695,0.207123408486514,0.0260192432349795
"Q","lnpois",5,0.05,0.5,0.5,"TOX-log-boot","expr_decile","9",20,24.65,1.25922908747251,0.187483550421833,0.0200021394515598,0.19940662734491,0.0222507411476649
"Q","lnpois",5,0.05,0.5,0.5,"TOX-log-oracle","abs_lfc_bin","(0.5,1]",20,42.2,2.72184148190735,0.0254624526870515,0.00578194735320991,0.0202268809808916,0.00405859441076299
"Q","lnpois",5,0.05,0.5,0.5,"TOX-log-oracle","abs_lfc_bin","(1,2]",20,73.15,2.67766099815728,0.105024452341482,0.00974958894096265,0.0876342627431268,0.0124104432290077
"Q","lnpois",5,0.05,0.5,0.5,"TOX-log-oracle","abs_lfc_bin","(2,4]",20,61,2.30102951786918,0.469081063214754,0.0244960596188558,0.419939544899999,0.0356722929771958
"Q","lnpois",5,0.05,0.5,0.5,"TOX-log-oracle","abs_lfc_bin","[0.25,0.5]",20,23.35,2.04202556816819,0.00526549276549277,0.00315348620258377,0.00412912912912913,0.00302441198969913
"Q","lnpois",5,0.05,0.5,0.5,"TOX-log-oracle","expr_decile","1",20,21.45,0.910393205968544,0.148304462574186,0.0219319794883189,0.131458524198836,0.0228410684753667
"Q","lnpois",5,0.05,0.5,0.5,"TOX-log-oracle","expr_decile","10",20,24.25,0.962111165477692,0.210433738781193,0.0195522537722808,0.184625908569315,0.0195222175410291
"Q","lnpois",5,0.05,0.5,0.5,"TOX-log-oracle","expr_decile","2",20,24.6,0.935836242984963,0.174451790466429,0.0205969578500895,0.149778632378738,0.0208585267596681
"Q","lnpois",5,0.05,0.5,0.5,"TOX-log-oracle","expr_decile","3",20,25.4,1.11779858839172,0.188181072790333,0.031526636098455,0.159500339517601,0.0313173580539544
"Q","lnpois",5,0.05,0.5,0.5,"TOX-log-oracle","expr_decile","4",20,23.45,1.17981934388724,0.220415740227064,0.0211297330151559,0.190474305577354,0.024532980116864
"Q","lnpois",5,0.05,0.5,0.5,"TOX-log-oracle","expr_decile","5",20,23.4,0.966273362215018,0.157358216453041,0.0224531049702473,0.144311746170262,0.0217275008948464
"Q","lnpois",5,0.05,0.5,0.5,"TOX-log-oracle","expr_decile","6",20,22.85,1.01637902171851,0.215664676503955,0.0309792740348091,0.179139236143375,0.0286944284229903
"Q","lnpois",5,0.05,0.5,0.5,"TOX-log-oracle","expr_decile","7",20,24.25,0.763906166737085,0.202261181001599,0.0204230822362596,0.191740830981249,0.0248028998829789
"Q","lnpois",5,0.05,0.5,0.5,"TOX-log-oracle","expr_decile","8",20,23.45,1.05749206790605,0.210586889449995,0.0259385120945725,0.188822542685648,0.027741229194083
"Q","lnpois",5,0.05,0.5,0.5,"TOX-log-oracle","expr_decile","9",20,24.65,1.25922908747251,0.203057624495908,0.0207197653292793,0.18681938600438,0.0228297281071854
"Q","lnpois",5,0.05,0.5,0.5,"TOX-raw","abs_lfc_bin","(0.5,1]",20,42.2,2.72184148190735,0.0039828431372549,0.00306807611632529,0.0193623896985529,0.00488818484412249
"Q","lnpois",5,0.05,0.5,0.5,"TOX-raw","abs_lfc_bin","(1,2]",20,73.15,2.67766099815728,0.0225870373889195,0.00398428066780275,0.0574781656953689,0.00993634517054122
"Q","lnpois",5,0.05,0.5,0.5,"TOX-raw","abs_lfc_bin","(2,4]",20,61,2.30102951786918,0.139746306858205,0.0151851453918723,0.274306178905924,0.0296609564372831
"Q","lnpois",5,0.05,0.5,0.5,"TOX-raw","abs_lfc_bin","[0.25,0.5]",20,23.35,2.04202556816819,0,0,0.00135135135135135,0.00135135135135135
"Q","lnpois",5,0.05,0.5,0.5,"TOX-raw","expr_decile","1",20,21.45,0.910393205968544,0.0406263916059742,0.00869177372535828,0.112356430706169,0.0163696065768627
"Q","lnpois",5,0.05,0.5,0.5,"TOX-raw","expr_decile","10",20,24.25,0.962111165477692,0.0569286982803686,0.00998585935944341,0.11787598293132,0.0184300281995448
"Q","lnpois",5,0.05,0.5,0.5,"TOX-raw","expr_decile","2",20,24.6,0.935836242984963,0.0559388890387313,0.0104163712801278,0.105809410250417,0.0152455813539355
"Q","lnpois",5,0.05,0.5,0.5,"TOX-raw","expr_decile","3",20,25.4,1.11779858839172,0.0540947867217553,0.013960465947167,0.0961019262762149,0.0241461790350843
"Q","lnpois",5,0.05,0.5,0.5,"TOX-raw","expr_decile","4",20,23.45,1.17981934388724,0.0476776605296942,0.0126153132331562,0.122333206298143,0.0232317941491009
"Q","lnpois",5,0.05,0.5,0.5,"TOX-raw","expr_decile","5",20,23.4,0.966273362215018,0.0484418770370783,0.0106857458490837,0.0966353737435159,0.0139378024818704
"Q","lnpois",5,0.05,0.5,0.5,"TOX-raw","expr_decile","6",20,22.85,1.01637902171851,0.0548270613402192,0.0152414636549179,0.117136620614545,0.0257757701493849
"Q","lnpois",5,0.05,0.5,0.5,"TOX-raw","expr_decile","7",20,24.25,0.763906166737085,0.0786639613988012,0.0150137548970407,0.119751799364929,0.0179275836407875
"Q","lnpois",5,0.05,0.5,0.5,"TOX-raw","expr_decile","8",20,23.45,1.05749206790605,0.0547384622658015,0.0089933604052765,0.129786683855385,0.0210440291789728
"Q","lnpois",5,0.05,0.5,0.5,"TOX-raw","expr_decile","9",20,24.65,1.25922908747251,0.0521122912478805,0.0130295630120005,0.100989184767176,0.0205271475369813
"Q","lnpois",5,0.05,0.5,0.5,"TOX-raw-blocked","abs_lfc_bin","(0.5,1]",20,42.2,2.72184148190735,0,0,0.0191790865869144,0.00465644332115737
"Q","lnpois",5,0.05,0.5,0.5,"TOX-raw-blocked","abs_lfc_bin","(1,2]",20,73.15,2.67766099815728,0,0,0.0708500146260954,0.0128080267278181
"Q","lnpois",5,0.05,0.5,0.5,"TOX-raw-blocked","abs_lfc_bin","(2,4]",20,61,2.30102951786918,0,0,0.327637909342889,0.0369333801072831
"Q","lnpois",5,0.05,0.5,0.5,"TOX-raw-blocked","abs_lfc_bin","[0.25,0.5]",20,23.35,2.04202556816819,0,0,0.00135135135135135,0.00135135135135135
"Q","lnpois",5,0.05,0.5,0.5,"TOX-raw-blocked","expr_decile","1",20,21.45,0.910393205968544,0,0,0.13223442341794,0.0217495009664127
"Q","lnpois",5,0.05,0.5,0.5,"TOX-raw-blocked","expr_decile","10",20,24.25,0.962111165477692,0,0,0.132286642566172,0.0216154305799858
"Q","lnpois",5,0.05,0.5,0.5,"TOX-raw-blocked","expr_decile","2",20,24.6,0.935836242984963,0,0,0.125874498242135,0.0205952703246964
"Q","lnpois",5,0.05,0.5,0.5,"TOX-raw-blocked","expr_decile","3",20,25.4,1.11779858839172,0,0,0.134371438116754,0.0297539028437694
"Q","lnpois",5,0.05,0.5,0.5,"TOX-raw-blocked","expr_decile","4",20,23.45,1.17981934388724,0,0,0.13214798650002,0.0288858060172963
"Q","lnpois",5,0.05,0.5,0.5,"TOX-raw-blocked","expr_decile","5",20,23.4,0.966273362215018,0,0,0.122231432537851,0.0191303588747871
"Q","lnpois",5,0.05,0.5,0.5,"TOX-raw-blocked","expr_decile","6",20,22.85,1.01637902171851,0,0,0.133676371999498,0.0261316291422978
"Q","lnpois",5,0.05,0.5,0.5,"TOX-raw-blocked","expr_decile","7",20,24.25,0.763906166737085,0,0,0.136215538323233,0.0203117726700639
"Q","lnpois",5,0.05,0.5,0.5,"TOX-raw-blocked","expr_decile","8",20,23.45,1.05749206790605,0,0,0.136278823164241,0.0241050585856542
"Q","lnpois",5,0.05,0.5,0.5,"TOX-raw-blocked","expr_decile","9",20,24.65,1.25922908747251,0,0,0.138294913536615,0.0236169341654668
"Q","lnpois",5,0.05,1,0.5,"DESeq2","abs_lfc_bin","(0.5,1]",20,42.9,3.53917920903763,0.172134007714519,0.0107922845553497,0.0989331639466696,0.0106766528872505
"Q","lnpois",5,0.05,1,0.5,"DESeq2","abs_lfc_bin","(1,2]",20,67.4,2.60505581312065,0.671416168892854,0.0169680160960563,0.539702233237214,0.0234903929949207
"Q","lnpois",5,0.05,1,0.5,"DESeq2","abs_lfc_bin","(2,4]",20,64.95,2.45322022527212,0.991919673061923,0.00190169122987234,0.983363899889336,0.00305599779144911
"Q","lnpois",5,0.05,1,0.5,"DESeq2","abs_lfc_bin","[0.25,0.5]",20,25.4,1.77763888346312,0.034306797532604,0.00962372999186458,0.00312805474095797,0.0021540426146792
"Q","lnpois",5,0.05,1,0.5,"DESeq2","expr_decile","1",20,20.7,1.00026312327781,0.448585653536724,0.0239972729545739,0.381239082541176,0.0224361728571967
"Q","lnpois",5,0.05,1,0.5,"DESeq2","expr_decile","10",20,24.4,0.998419804122073,0.562667254599446,0.0237299582562047,0.509217696148743,0.0224319846703705
"Q","lnpois",5,0.05,1,0.5,"DESeq2","expr_decile","2",20,23.65,1.4460017471053,0.537012713365116,0.0295419058984449,0.461640478937962,0.0318588202569116
"Q","lnpois",5,0.05,1,0.5,"DESeq2","expr_decile","3",20,23.95,1.24493711530046,0.551100643349613,0.0165102440701069,0.485619723589968,0.0220555600240621
"Q","lnpois",5,0.05,1,0.5,"DESeq2","expr_decile","4",20,25.25,1.11183821238808,0.562170915753631,0.0244068296620949,0.510565155821409,0.0268041211934895
"Q","lnpois",5,0.05,1,0.5,"DESeq2","expr_decile","5",20,23.5,1.26387041307748,0.584013878603987,0.0252699613517529,0.527919915805442,0.0290137086032013
"Q","lnpois",5,0.05,1,0.5,"DESeq2","expr_decile","6",20,23.85,0.785644221072912,0.552780925892388,0.0270381363559669,0.493729764436727,0.0262616501395543
"Q","lnpois",5,0.05,1,0.5,"DESeq2","expr_decile","7",20,22.25,1.25629991390759,0.541143108725303,0.0273169452128316,0.493891297593352,0.0308380526963504
"Q","lnpois",5,0.05,1,0.5,"DESeq2","expr_decile","8",20,21.45,1.05500062359672,0.535616910136325,0.0291534023762718,0.495952616675368,0.029311435552995
"Q","lnpois",5,0.05,1,0.5,"DESeq2","expr_decile","9",20,25.75,1.04598228826707,0.566374543873279,0.0279921835339208,0.508990739460256,0.0331726265184813
"Q","lnpois",5,0.05,1,0.5,"edgeR","abs_lfc_bin","(0.5,1]",20,42.9,3.53917920903763,0.136253937358927,0.0122045036449856,0.122740397375393,0.0113902055510006
"Q","lnpois",5,0.05,1,0.5,"edgeR","abs_lfc_bin","(1,2]",20,67.4,2.60505581312065,0.63655036760272,0.0190629775080985,0.601546147244703,0.0207861750984583
"Q","lnpois",5,0.05,1,0.5,"edgeR","abs_lfc_bin","(2,4]",20,64.95,2.45322022527212,0.992739160470854,0.00233069223371425,0.991777622009315,0.00308458230240348
"Q","lnpois",5,0.05,1,0.5,"edgeR","abs_lfc_bin","[0.25,0.5]",20,25.4,1.77763888346312,0.0127422577422577,0.00547992989130098,0.0119413919413919,0.00562999831029457
"Q","lnpois",5,0.05,1,0.5,"edgeR","expr_decile","1",20,20.7,1.00026312327781,0.439497232698303,0.024263256206317,0.422417177487813,0.0231160985413074
"Q","lnpois",5,0.05,1,0.5,"edgeR","expr_decile","10",20,24.4,0.998419804122073,0.536929206860254,0.0237257071863615,0.52504719273911,0.0227398352671709
"Q","lnpois",5,0.05,1,0.5,"edgeR","expr_decile","2",20,23.65,1.4460017471053,0.516831115998164,0.0309464620142733,0.514665145516404,0.0302371483037558
"Q","lnpois",5,0.05,1,0.5,"edgeR","expr_decile","3",20,23.95,1.24493711530046,0.545297506337984,0.0180723713558399,0.521727302032486,0.0230180100490954
"Q","lnpois",5,0.05,1,0.5,"edgeR","expr_decile","4",20,25.25,1.11183821238808,0.544813648371532,0.0253897685223145,0.536689863041975,0.0239580820495697
"Q","lnpois",5,0.05,1,0.5,"edgeR","expr_decile","5",20,23.5,1.26387041307748,0.572540448652296,0.0307244298844885,0.554763465192806,0.0327630982530141
"Q","lnpois",5,0.05,1,0.5,"edgeR","expr_decile","6",20,23.85,0.785644221072912,0.52084712134568,0.0282395059895305,0.510040870806961,0.0280249685164752
"Q","lnpois",5,0.05,1,0.5,"edgeR","expr_decile","7",20,22.25,1.25629991390759,0.518605585693602,0.031024041212902,0.502467216054088,0.0314335442830938
"Q","lnpois",5,0.05,1,0.5,"edgeR","expr_decile","8",20,21.45,1.05500062359672,0.516578623872403,0.0287675728915551,0.50358046248199,0.0285570585222186
"Q","lnpois",5,0.05,1,0.5,"edgeR","expr_decile","9",20,25.75,1.04598228826707,0.535990320625008,0.0279353199296757,0.527579171785167,0.0283887147533135
"Q","lnpois",5,0.05,1,0.5,"limma","abs_lfc_bin","(0.5,1]",20,42.9,3.53917920903763,0.119044003339667,0.00849145824740299,0.121268750747037,0.0114149660368362
"Q","lnpois",5,0.05,1,0.5,"limma","abs_lfc_bin","(1,2]",20,67.4,2.60505581312065,0.615981280554369,0.0209999534376988,0.62772069895734,0.018899693319555
"Q","lnpois",5,0.05,1,0.5,"limma","abs_lfc_bin","(2,4]",20,64.95,2.45322022527212,0.993488649508386,0.00232300023745366,0.995431567701305,0.0016146348222004
"Q","lnpois",5,0.05,1,0.5,"limma","abs_lfc_bin","[0.25,0.5]",20,25.4,1.77763888346312,0.00959410959410959,0.00476660820583431,0.0110755910755911,0.00540323421567201
"Q","lnpois",5,0.05,1,0.5,"limma","expr_decile","1",20,20.7,1.00026312327781,0.429600647801718,0.0226597959431256,0.422812288013358,0.0236262663566291
"Q","lnpois",5,0.05,1,0.5,"limma","expr_decile","10",20,24.4,0.998419804122073,0.528566735997783,0.0215989913873364,0.534151429082476,0.0231239614157278
"Q","lnpois",5,0.05,1,0.5,"limma","expr_decile","2",20,23.65,1.4460017471053,0.509994860085249,0.0300283852321267,0.506260014796628,0.0296415863107707
"Q","lnpois",5,0.05,1,0.5,"limma","expr_decile","3",20,23.95,1.24493711530046,0.529084724022261,0.0198154587161816,0.539549486173456,0.0161016332877091
"Q","lnpois",5,0.05,1,0.5,"limma","expr_decile","4",20,25.25,1.11183821238808,0.534739658431267,0.0242428688913383,0.549018741417246,0.0255798341505114
"Q","lnpois",5,0.05,1,0.5,"limma","expr_decile","5",20,23.5,1.26387041307748,0.556106983069853,0.0278481689308033,0.566743491738596,0.0260344791467721
"Q","lnpois",5,0.05,1,0.5,"limma","expr_decile","6",20,23.85,0.785644221072912,0.508829659715315,0.027420613490885,0.515093316348537,0.0268761565253362
"Q","lnpois",5,0.05,1,0.5,"limma","expr_decile","7",20,22.25,1.25629991390759,0.506163205414745,0.0326984275910064,0.525688017151034,0.031842381613873
"Q","lnpois",5,0.05,1,0.5,"limma","expr_decile","8",20,21.45,1.05500062359672,0.519480002659454,0.0288489815441307,0.528139883015558,0.027682242380665
"Q","lnpois",5,0.05,1,0.5,"limma","expr_decile","9",20,25.75,1.04598228826707,0.532733232375964,0.0300672481180499,0.526735102408689,0.0305229206204294
"Q","lnpois",5,0.05,1,0.5,"TOX-log","abs_lfc_bin","(0.5,1]",20,42.9,3.53917920903763,0.123606616386356,0.0109553037264309,0.115325833239297,0.0135371296238859
"Q","lnpois",5,0.05,1,0.5,"TOX-log","abs_lfc_bin","(1,2]",20,67.4,2.60505581312065,0.638541008436623,0.024584092753368,0.609079459584757,0.0244210061309974
"Q","lnpois",5,0.05,1,0.5,"TOX-log","abs_lfc_bin","(2,4]",20,64.95,2.45322022527212,0.994425336613552,0.00176035208968099,0.993463798152013,0.00232499304095039
"Q","lnpois",5,0.05,1,0.5,"TOX-log","abs_lfc_bin","[0.25,0.5]",20,25.4,1.77763888346312,0.0155148555148555,0.00812470907671632,0.015002035002035,0.0056405720091326
"Q","lnpois",5,0.05,1,0.5,"TOX-log","expr_decile","1",20,20.7,1.00026312327781,0.430362552563623,0.0237337840879778,0.424996783067418,0.0256064874131086
"Q","lnpois",5,0.05,1,0.5,"TOX-log","expr_decile","10",20,24.4,0.998419804122073,0.526050178904567,0.024872352995021,0.517459453205146,0.0263361442675651
"Q","lnpois",5,0.05,1,0.5,"TOX-log","expr_decile","2",20,23.65,1.4460017471053,0.521985574261318,0.0302839509918094,0.513624933291981,0.031784418867252
"Q","lnpois",5,0.05,1,0.5,"TOX-log","expr_decile","3",20,23.95,1.24493711530046,0.552865914096554,0.0154783193544595,0.535284745265385,0.0170493272099643
"Q","lnpois",5,0.05,1,0.5,"TOX-log","expr_decile","4",20,25.25,1.11183821238808,0.552535727703629,0.0237251073755689,0.543628905359307,0.0245846887325513
"Q","lnpois",5,0.05,1,0.5,"TOX-log","expr_decile","5",20,23.5,1.26387041307748,0.57470850938612,0.0264376308432277,0.560274711476712,0.0298047819236752
"Q","lnpois",5,0.05,1,0.5,"TOX-log","expr_decile","6",20,23.85,0.785644221072912,0.509030680916336,0.0288018817133799,0.504983505869161,0.0276128949607327
"Q","lnpois",5,0.05,1,0.5,"TOX-log","expr_decile","7",20,22.25,1.25629991390759,0.516856123607663,0.0328197592781949,0.505386785197535,0.0322862088118508
"Q","lnpois",5,0.05,1,0.5,"TOX-log","expr_decile","8",20,21.45,1.05500062359672,0.520509486592059,0.0273434244581594,0.511794112136429,0.0275980102314435
"Q","lnpois",5,0.05,1,0.5,"TOX-log","expr_decile","9",20,25.75,1.04598228826707,0.535008686035689,0.030031175899895,0.523791995993613,0.0330664942943416
"Q","lnpois",5,0.05,1,0.5,"TOX-log-blocked","abs_lfc_bin","(0.5,1]",20,42.9,3.53917920903763,0.0518946389233833,0.0075520603325717,0.109493998102278,0.0121534040829358
"Q","lnpois",5,0.05,1,0.5,"TOX-log-blocked","abs_lfc_bin","(1,2]",20,67.4,2.60505581312065,0.475955791285407,0.018591768732135,0.606815228680024,0.0230122755729722
"Q","lnpois",5,0.05,1,0.5,"TOX-log-blocked","abs_lfc_bin","(2,4]",20,64.95,2.45322022527212,0.982997609271051,0.00364921416929904,0.994370391558607,0.00177545499988942
"Q","lnpois",5,0.05,1,0.5,"TOX-log-blocked","abs_lfc_bin","[0.25,0.5]",20,25.4,1.77763888346312,0,0,0.015002035002035,0.0056405720091326
"Q","lnpois",5,0.05,1,0.5,"TOX-log-blocked","expr_decile","1",20,20.7,1.00026312327781,0.361256471659588,0.0245313667537476,0.424996783067418,0.0246365430644785
"Q","lnpois",5,0.05,1,0.5,"TOX-log-blocked","expr_decile","10",20,24.4,0.998419804122073,0.454004946761509,0.0263170110392321,0.51151614289227,0.0244781735671663
"Q","lnpois",5,0.05,1,0.5,"TOX-log-blocked","expr_decile","2",20,23.65,1.4460017471053,0.455191582042841,0.0355255355531695,0.509921229588278,0.030702479130172
"Q","lnpois",5,0.05,1,0.5,"TOX-log-blocked","expr_decile","3",20,23.95,1.24493711530046,0.487878865873198,0.0201092624413912,0.540688042948095,0.0165421528112574
"Q","lnpois",5,0.05,1,0.5,"TOX-log-blocked","expr_decile","4",20,25.25,1.11183821238808,0.481117686974109,0.0266425678394542,0.538514690870092,0.0260130226935729
"Q","lnpois",5,0.05,1,0.5,"TOX-log-blocked","expr_decile","5",20,23.5,1.26387041307748,0.523340214886001,0.0288973649320244,0.568447788399789,0.0277521351258494
"Q","lnpois",5,0.05,1,0.5,"TOX-log-blocked","expr_decile","6",20,23.85,0.785644221072912,0.461089485984887,0.0269564094947516,0.505131654017309,0.0285750771946505
"Q","lnpois",5,0.05,1,0.5,"TOX-log-blocked","expr_decile","7",20,22.25,1.25629991390759,0.446451641262299,0.0378060309809165,0.508344451101425,0.0325139300345074
"Q","lnpois",5,0.05,1,0.5,"TOX-log-blocked","expr_decile","8",20,21.45,1.05500062359672,0.467372803213976,0.0310250105147911,0.51220925255157,0.0270268262383835
"Q","lnpois",5,0.05,1,0.5,"TOX-log-blocked","expr_decile","9",20,25.75,1.04598228826707,0.474230646236903,0.0291671056071737,0.515342002723994,0.0323538353030536
"Q","lnpois",5,0.05,1,0.5,"TOX-log-blocked-oracle","abs_lfc_bin","(0.5,1]",20,42.9,3.53917920903763,0.0518946389233833,0.0075520603325717,0.110944665490445,0.0132812136798145
"Q","lnpois",5,0.05,1,0.5,"TOX-log-blocked-oracle","abs_lfc_bin","(1,2]",20,67.4,2.60505581312065,0.477457147550232,0.0188790728144868,0.606830088450415,0.0232004618543859
"Q","lnpois",5,0.05,1,0.5,"TOX-log-blocked-oracle","abs_lfc_bin","(2,4]",20,64.95,2.45322022527212,0.983689308875794,0.00359481791954011,0.993656105844321,0.0017997682373253
"Q","lnpois",5,0.05,1,0.5,"TOX-log-blocked-oracle","abs_lfc_bin","[0.25,0.5]",20,25.4,1.77763888346312,0,0,0.00974562474562475,0.00480351917304332
"Q","lnpois",5,0.05,1,0.5,"TOX-log-blocked-oracle","expr_decile","1",20,20.7,1.00026312327781,0.360939707527034,0.0253792752007405,0.418045092246162,0.0249831798997889
"Q","lnpois",5,0.05,1,0.5,"TOX-log-blocked-oracle","expr_decile","10",20,24.4,0.998419804122073,0.456504946761509,0.0259126484020273,0.509494251739944,0.02334803909467
"Q","lnpois",5,0.05,1,0.5,"TOX-log-blocked-oracle","expr_decile","2",20,23.65,1.4460017471053,0.457114658965918,0.0353761956907522,0.507571579238627,0.031199853328623
"Q","lnpois",5,0.05,1,0.5,"TOX-log-blocked-oracle","expr_decile","3",20,23.95,1.24493711530046,0.487878865873198,0.0201092624413912,0.540688042948095,0.0165421528112574
"Q","lnpois",5,0.05,1,0.5,"TOX-log-blocked-oracle","expr_decile","4",20,25.25,1.11183821238808,0.483040763897186,0.0264910457219545,0.548269412878104,0.0241172612692466
"Q","lnpois",5,0.05,1,0.5,"TOX-log-blocked-oracle","expr_decile","5",20,23.5,1.26387041307748,0.523340214886001,0.0288973649320244,0.563598650468754,0.0293823486608986
"Q","lnpois",5,0.05,1,0.5,"TOX-log-blocked-oracle","expr_decile","6",20,23.85,0.785644221072912,0.461089485984887,0.0269564094947516,0.500858926744582,0.0278622971616459
"Q","lnpois",5,0.05,1,0.5,"TOX-log-blocked-oracle","expr_decile","7",20,22.25,1.25629991390759,0.445118307928966,0.0377052629238608,0.508654048624645,0.0315432930566902
"Q","lnpois",5,0.05,1,0.5,"TOX-log-blocked-oracle","expr_decile","8",20,21.45,1.05500062359672,0.468977081288842,0.0291818774243586,0.51220925255157,0.0270268262383835
"Q","lnpois",5,0.05,1,0.5,"TOX-log-blocked-oracle","expr_decile","9",20,25.75,1.04598228826707,0.474230646236903,0.0291671056071737,0.517515915767472,0.0326022957648073
"Q","lnpois",5,0.05,1,0.5,"TOX-log-boot","abs_lfc_bin","(0.5,1]",20,42.9,3.53917920903763,0.124105895310714,0.0106706186332893,0.113499713429345,0.0134771980129457
"Q","lnpois",5,0.05,1,0.5,"TOX-log-boot","abs_lfc_bin","(1,2]",20,67.4,2.60505581312065,0.619220121496906,0.0204256684117938,0.608057787841383,0.0222276542726628
"Q","lnpois",5,0.05,1,0.5,"TOX-log-boot","abs_lfc_bin","(2,4]",20,64.95,2.45322022527212,0.994425336613552,0.00176035208968099,0.996101160789376,0.00155696514685899
"Q","lnpois",5,0.05,1,0.5,"TOX-log-boot","abs_lfc_bin","[0.25,0.5]",20,25.4,1.77763888346312,0.0128774928774929,0.00829841918268396,0.0119251119251119,0.00802361464896843
"Q","lnpois",5,0.05,1,0.5,"TOX-log-boot","expr_decile","1",20,20.7,1.00026312327781,0.429203822404893,0.0251621617466364,0.42082287002394,0.0239711739002938
"Q","lnpois",5,0.05,1,0.5,"TOX-log-boot","expr_decile","10",20,24.4,0.998419804122073,0.511335521581214,0.0245765869614492,0.513875204120897,0.0224485787612723
"Q","lnpois",5,0.05,1,0.5,"TOX-log-boot","expr_decile","2",20,23.65,1.4460017471053,0.510304217394606,0.0313587597202036,0.498991158472852,0.0320493077466698
"Q","lnpois",5,0.05,1,0.5,"TOX-log-boot","expr_decile","3",20,23.95,1.24493711530046,0.548093186823827,0.01631198058258,0.542311419571472,0.0173098333406231
"Q","lnpois",5,0.05,1,0.5,"TOX-log-boot","expr_decile","4",20,25.25,1.11183821238808,0.53880060865601,0.0248738924838953,0.534432476787878,0.0251592837808261
"Q","lnpois",5,0.05,1,0.5,"TOX-log-boot","expr_decile","5",20,23.5,1.26387041307748,0.56506508414752,0.0282451394383959,0.565739455066456,0.0290877582468964
"Q","lnpois",5,0.05,1,0.5,"TOX-log-boot","expr_decile","6",20,23.85,0.785644221072912,0.511004548683308,0.0260795721073346,0.506556932442588,0.0267219366124979
"Q","lnpois",5,0.05,1,0.5,"TOX-log-boot","expr_decile","7",20,22.25,1.25629991390759,0.518308673251002,0.0321311520418318,0.51563345365897,0.0310941815347135
"Q","lnpois",5,0.05,1,0.5,"TOX-log-boot","expr_decile","8",20,21.45,1.05500062359672,0.524352645140989,0.0278745834459888,0.520219104768318,0.0273271221452687
"Q","lnpois",5,0.05,1,0.5,"TOX-log-boot","expr_decile","9",20,25.75,1.04598228826707,0.533210440421654,0.0304874797838761,0.5210698373361,0.0323130952433602
"Q","lnpois",5,0.05,1,0.5,"TOX-log-oracle","abs_lfc_bin","(0.5,1]",20,42.9,3.53917920903763,0.123685597688742,0.0108919268523027,0.118518286214937,0.0134436561760627
"Q","lnpois",5,0.05,1,0.5,"TOX-log-oracle","abs_lfc_bin","(1,2]",20,67.4,2.60505581312065,0.633183365952676,0.0230826740145756,0.609893613691983,0.0240763449501767
"Q","lnpois",5,0.05,1,0.5,"TOX-log-oracle","abs_lfc_bin","(2,4]",20,64.95,2.45322022527212,0.994425336613552,0.00176035208968099,0.994370391558607,0.00177545499988942
"Q","lnpois",5,0.05,1,0.5,"TOX-log-oracle","abs_lfc_bin","[0.25,0.5]",20,25.4,1.77763888346312,0.0116687016687017,0.00497988180244901,0.015002035002035,0.0056405720091326
"Q","lnpois",5,0.05,1,0.5,"TOX-log-oracle","expr_decile","1",20,20.7,1.00026312327781,0.421574882906388,0.0239201514980509,0.421600647801718,0.0244705224474555
"Q","lnpois",5,0.05,1,0.5,"TOX-log-oracle","expr_decile","10",20,24.4,0.998419804122073,0.520428485782874,0.0263930731184856,0.517133366248624,0.0262895270527056
"Q","lnpois",5,0.05,1,0.5,"TOX-log-oracle","expr_decile","2",20,23.65,1.4460017471053,0.527831728107472,0.0305439393835857,0.517548010215058,0.0317443795386589
"Q","lnpois",5,0.05,1,0.5,"TOX-log-oracle","expr_decile","3",20,23.95,1.24493711530046,0.547707183937824,0.0167127812704267,0.541913533144173,0.0163803254117588
"Q","lnpois",5,0.05,1,0.5,"TOX-log-oracle","expr_decile","4",20,25.25,1.11183821238808,0.554458804626706,0.0237429972554431,0.545665246211437,0.0235166230043772
"Q","lnpois",5,0.05,1,0.5,"TOX-log-oracle","expr_decile","5",20,23.5,1.26387041307748,0.57470850938612,0.0264376308432277,0.564120865322866,0.0301638550893578
"Q","lnpois",5,0.05,1,0.5,"TOX-log-oracle","expr_decile","6",20,23.85,0.785644221072912,0.507030680916336,0.0282410136038318,0.504983505869161,0.0276128949607327
"Q","lnpois",5,0.05,1,0.5,"TOX-log-oracle","expr_decile","7",20,22.25,1.25629991390759,0.522505401155918,0.0310948642541403,0.508018364144904,0.0318022615714435
"Q","lnpois",5,0.05,1,0.5,"TOX-log-oracle","expr_decile","8",20,21.45,1.05500062359672,0.518785348661024,0.0272941462903163,0.512786175628493,0.0282421832948273
"Q","lnpois",5,0.05,1,0.5,"TOX-log-oracle","expr_decile","9",20,25.75,1.04598228826707,0.533538097800395,0.029469939161,0.521760397940647,0.0321744164571257
"Q","lnpois",5,0.05,1,0.5,"TOX-raw","abs_lfc_bin","(0.5,1]",20,42.9,3.53917920903763,0.0199702221988481,0.00589851669552072,0.0701584376432788,0.0089482759852531
"Q","lnpois",5,0.05,1,0.5,"TOX-raw","abs_lfc_bin","(1,2]",20,67.4,2.60505581312065,0.213352619612936,0.0128289371972877,0.454544751879709,0.0261968409862177
"Q","lnpois",5,0.05,1,0.5,"TOX-raw","abs_lfc_bin","(2,4]",20,64.95,2.45322022527212,0.778187258204131,0.0126413746822055,0.939237699500366,0.0105065044268734
"Q","lnpois",5,0.05,1,0.5,"TOX-raw","abs_lfc_bin","[0.25,0.5]",20,25.4,1.77763888346312,0,0,0.00774225774225774,0.00456074670884578
"Q","lnpois",5,0.05,1,0.5,"TOX-raw","expr_decile","1",20,20.7,1.00026312327781,0.23937287975631,0.0200136057223869,0.377560254409595,0.0289095252070147
"Q","lnpois",5,0.05,1,0.5,"TOX-raw","expr_decile","10",20,24.4,0.998419804122073,0.323636742894214,0.0180401452764443,0.446946924174075,0.0268163408915304
"Q","lnpois",5,0.05,1,0.5,"TOX-raw","expr_decile","2",20,23.65,1.4460017471053,0.290688878669428,0.0234009398006573,0.424523244320727,0.0349056784008657
"Q","lnpois",5,0.05,1,0.5,"TOX-raw","expr_decile","3",20,23.95,1.24493711530046,0.327760681302165,0.0218430301059112,0.461963358896405,0.0190496639439491
"Q","lnpois",5,0.05,1,0.5,"TOX-raw","expr_decile","4",20,25.25,1.11183821238808,0.346605043193361,0.0267496447638228,0.485657105489821,0.0278886337258834
"Q","lnpois",5,0.05,1,0.5,"TOX-raw","expr_decile","5",20,23.5,1.26387041307748,0.369434541097995,0.0359031642130379,0.49463984772392,0.0322109206514179
"Q","lnpois",5,0.05,1,0.5,"TOX-raw","expr_decile","6",20,23.85,0.785644221072912,0.297734965978564,0.0201064336771193,0.438857970944441,0.0287873582094712
"Q","lnpois",5,0.05,1,0.5,"TOX-raw","expr_decile","7",20,22.25,1.25629991390759,0.293300580856006,0.0332103943624841,0.439336884145304,0.0367714631479301
"Q","lnpois",5,0.05,1,0.5,"TOX-raw","expr_decile","8",20,21.45,1.05500062359672,0.341300609482814,0.0273302097398781,0.452959109288466,0.0317106610620601
"Q","lnpois",5,0.05,1,0.5,"TOX-raw","expr_decile","9",20,25.75,1.04598228826707,0.342612863382532,0.0247465851666985,0.456449603591647,0.0288676186644332
"Q","lnpois",5,0.05,1,0.5,"TOX-raw-blocked","abs_lfc_bin","(0.5,1]",20,42.9,3.53917920903763,0,0,0.0994466693165102,0.0132041050432048
"Q","lnpois",5,0.05,1,0.5,"TOX-raw-blocked","abs_lfc_bin","(1,2]",20,67.4,2.60505581312065,0.000704225352112676,0.000704225352112676,0.548980426362833,0.0208021583427239
"Q","lnpois",5,0.05,1,0.5,"TOX-raw-blocked","abs_lfc_bin","(2,4]",20,64.95,2.45322022527212,0.00196414950419527,0.00136035902570647,0.988436226037308,0.00303109900649688
"Q","lnpois",5,0.05,1,0.5,"TOX-raw-blocked","abs_lfc_bin","[0.25,0.5]",20,25.4,1.77763888346312,0,0,0.00774225774225774,0.00456074670884578
"Q","lnpois",5,0.05,1,0.5,"TOX-raw-blocked","expr_decile","1",20,20.7,1.00026312327781,0,0,0.395054351505422,0.0258060845627974
"Q","lnpois",5,0.05,1,0.5,"TOX-raw-blocked","expr_decile","10",20,24.4,0.998419804122073,0.00782254782254782,0.00362951054110843,0.486909552315091,0.0248148223394477
"Q","lnpois",5,0.05,1,0.5,"TOX-raw-blocked","expr_decile","2",20,23.65,1.4460017471053,0,0,0.486759822557305,0.0325124244639245
"Q","lnpois",5,0.05,1,0.5,"TOX-raw-blocked","expr_decile","3",20,23.95,1.24493711530046,0,0,0.516216701311259,0.019651046422963
"Q","lnpois",5,0.05,1,0.5,"TOX-raw-blocked","expr_decile","4",20,25.25,1.11183821238808,0.00217391304347826,0.00217391304347826,0.519248005330721,0.0248085833731068
"Q","lnpois",5,0.05,1,0.5,"TOX-raw-blocked","expr_decile","5",20,23.5,1.26387041307748,0.00217391304347826,0.00217391304347826,0.532665013277031,0.0314185501752256
"Q","lnpois",5,0.05,1,0.5,"TOX-raw-blocked","expr_decile","6",20,23.85,0.785644221072912,0.00434782608695652,0.00434782608695652,0.491602882187648,0.0283892039016369
"Q","lnpois",5,0.05,1,0.5,"TOX-raw-blocked","expr_decile","7",20,22.25,1.25629991390759,0.0015625,0.0015625,0.488687115445091,0.0338218152624283
"Q","lnpois",5,0.05,1,0.5,"TOX-raw-blocked","expr_decile","8",20,21.45,1.05500062359672,0,0,0.49335505707123,0.0285263188132883
"Q","lnpois",5,0.05,1,0.5,"TOX-raw-blocked","expr_decile","9",20,25.75,1.04598228826707,0,0,0.506111785081301,0.0294319269539417
"Q","lnpois",5,0.1,0.5,0.5,"DESeq2","abs_lfc_bin","(0.5,1]",20,62.8,5.90343343451838,0.0228213594113163,0.0045211258768542,0.00678001237124842,0.00247591549338188
"Q","lnpois",5,0.1,0.5,0.5,"DESeq2","abs_lfc_bin","(1,2]",20,159.1,4.18072015956959,0.104491683540638,0.0126077657809935,0.0519153222696226,0.00677941183794127
"Q","lnpois",5,0.1,0.5,0.5,"DESeq2","abs_lfc_bin","(2,4]",20,115.85,2.76945272952124,0.224565128942705,0.0136530518363495,0.157647247958649,0.0110891126388737
"Q","lnpois",5,0.1,0.5,0.5,"DESeq2","abs_lfc_bin","[0.25,0.5]",20,57,4.52769256906871,0.00731957052609227,0.00249221744276351,0.00138888888888889,0.00138888888888889
"Q","lnpois",5,0.1,0.5,0.5,"DESeq2","expr_decile","1",20,44.75,1.03840718106348,0.09553340387009,0.013817980281694,0.0612845038987439,0.00986315908074553
"Q","lnpois",5,0.1,0.5,0.5,"DESeq2","expr_decile","10",20,46.65,1.40164377184715,0.0935993391593281,0.0107292051497578,0.0610776153450265,0.00781557668029483
"Q","lnpois",5,0.1,0.5,0.5,"DESeq2","expr_decile","2",20,49.35,1.47125975380213,0.0962381837432454,0.00904418128548129,0.0558586307534333,0.00778847895502663
"Q","lnpois",5,0.1,0.5,0.5,"DESeq2","expr_decile","3",20,46,1.54749372926202,0.0913128696863645,0.011477780582252,0.0494424399104617,0.00796773294043041
"Q","lnpois",5,0.1,0.5,0.5,"DESeq2","expr_decile","4",20,48,1.82381901225798,0.102681375015271,0.013730137417291,0.0516103553481338,0.00848234224375618
"Q","lnpois",5,0.1,0.5,0.5,"DESeq2","expr_decile","5",20,47.3,1.66084949728492,0.111074209550448,0.0137070998538841,0.0686010508335521,0.0104250922005418
"Q","lnpois",5,0.1,0.5,0.5,"DESeq2","expr_decile","6",20,48.6,1.46071359633787,0.0986580030857958,0.0104942821966436,0.0704885381259103,0.00870369523851117
"Q","lnpois",5,0.1,0.5,0.5,"DESeq2","expr_decile","7",20,48.15,1.159117177674,0.0909258864548063,0.0126457056040241,0.0562387739969209,0.00899076509857462
"Q","lnpois",5,0.1,0.5,0.5,"DESeq2","expr_decile","8",20,48.15,1.45868542115658,0.114760947049931,0.0112510654356189,0.0666356358799623,0.0068889865935732
"Q","lnpois",5,0.1,0.5,0.5,"DESeq2","expr_decile","9",20,47.8,1.13925183205563,0.104044831570422,0.00906904915019014,0.0660969250887661,0.00792966122473078
"Q","lnpois",5,0.1,0.5,0.5,"edgeR","abs_lfc_bin","(0.5,1]",20,62.8,5.90343343451838,0.0109289990675412,0.00320191257756391,0.017508716324634,0.00427154943173124
"Q","lnpois",5,0.1,0.5,0.5,"edgeR","abs_lfc_bin","(1,2]",20,159.1,4.18072015956959,0.0719167867344594,0.0113370891620906,0.0925732691364896,0.00797999752504768
"Q","lnpois",5,0.1,0.5,0.5,"edgeR","abs_lfc_bin","(2,4]",20,115.85,2.76945272952124,0.211857920799004,0.0159722920511133,0.240155153997195,0.0157548870678042
"Q","lnpois",5,0.1,0.5,0.5,"edgeR","abs_lfc_bin","[0.25,0.5]",20,57,4.52769256906871,0.00138888888888889,0.00138888888888889,0.00218253968253968,0.00156296612572261
"Q","lnpois",5,0.1,0.5,0.5,"edgeR","expr_decile","1",20,44.75,1.03840718106348,0.0923140587290865,0.0110491341857948,0.106416062063613,0.0110640349255452
"Q","lnpois",5,0.1,0.5,0.5,"edgeR","expr_decile","10",20,46.65,1.40164377184715,0.0761963796101095,0.0121627380087195,0.0878352135452592,0.0109671396336905
"Q","lnpois",5,0.1,0.5,0.5,"edgeR","expr_decile","2",20,49.35,1.47125975380213,0.0806558985023142,0.0075120136996752,0.0982464345385631,0.00827490780025817
"Q","lnpois",5,0.1,0.5,0.5,"edgeR","expr_decile","3",20,46,1.54749372926202,0.0728823781768247,0.0108885877063444,0.093486592226415,0.0123222388199345
"Q","lnpois",5,0.1,0.5,0.5,"edgeR","expr_decile","4",20,48,1.82381901225798,0.0787756745569566,0.0146024634951805,0.0977497910842798,0.0119133893512012
"Q","lnpois",5,0.1,0.5,0.5,"edgeR","expr_decile","5",20,47.3,1.66084949728492,0.090901874098991,0.0115760746543542,0.103575441087361,0.0106539016111165
"Q","lnpois",5,0.1,0.5,0.5,"edgeR","expr_decile","6",20,48.6,1.46071359633787,0.0847531293953576,0.00925505954188246,0.100114415881229,0.0120070839810337
"Q","lnpois",5,0.1,0.5,0.5,"edgeR","expr_decile","7",20,48.15,1.159117177674,0.0789032242562681,0.0113160367920296,0.0913241623177479,0.0113894406054923
"Q","lnpois",5,0.1,0.5,0.5,"edgeR","expr_decile","8",20,48.15,1.45868542115658,0.0850253772256383,0.00854536592053768,0.110575097456418,0.0104312300123676
"Q","lnpois",5,0.1,0.5,0.5,"edgeR","expr_decile","9",20,47.8,1.13925183205563,0.0881829419254323,0.0124634508162518,0.102381863200622,0.0119144026695302
"Q","lnpois",5,0.1,0.5,0.5,"limma","abs_lfc_bin","(0.5,1]",20,62.8,5.90343343451838,0.0083374997420435,0.00280889486798757,0.0154783069332539,0.00420848945923827
"Q","lnpois",5,0.1,0.5,0.5,"limma","abs_lfc_bin","(1,2]",20,159.1,4.18072015956959,0.0637406059739153,0.0102199497811668,0.0952955572001328,0.0106862920889536
"Q","lnpois",5,0.1,0.5,0.5,"limma","abs_lfc_bin","(2,4]",20,115.85,2.76945272952124,0.231768201647768,0.0174198725995909,0.278730409761026,0.0186928176114593
"Q","lnpois",5,0.1,0.5,0.5,"limma","abs_lfc_bin","[0.25,0.5]",20,57,4.52769256906871,0.00138888888888889,0.00138888888888889,0.00287698412698413,0.00166300144982542
"Q","lnpois",5,0.1,0.5,0.5,"limma","expr_decile","1",20,44.75,1.03840718106348,0.0853156832474042,0.0111133662755433,0.104919072063019,0.0118335583591877
"Q","lnpois",5,0.1,0.5,0.5,"limma","expr_decile","10",20,46.65,1.40164377184715,0.0807919917174657,0.0113410232641513,0.10678694755227,0.012083176319933
"Q","lnpois",5,0.1,0.5,0.5,"limma","expr_decile","2",20,49.35,1.47125975380213,0.0778891297325685,0.00807634930955855,0.109836402934407,0.0120087766064212
"Q","lnpois",5,0.1,0.5,0.5,"limma","expr_decile","3",20,46,1.54749372926202,0.0872780491718022,0.0115471762802711,0.113893166693968,0.0133526286993597
"Q","lnpois",5,0.1,0.5,0.5,"limma","expr_decile","4",20,48,1.82381901225798,0.0897526602387859,0.0156737858181035,0.112216049021397,0.0157400412607123
"Q","lnpois",5,0.1,0.5,0.5,"limma","expr_decile","5",20,47.3,1.66084949728492,0.106196731632109,0.0138979283641739,0.130977462482088,0.0143832740560403
"Q","lnpois",5,0.1,0.5,0.5,"limma","expr_decile","6",20,48.6,1.46071359633787,0.0810824650256795,0.0117117103542069,0.0995800470848616,0.0124591547482236
"Q","lnpois",5,0.1,0.5,0.5,"limma","expr_decile","7",20,48.15,1.159117177674,0.08389905259802,0.0110606545915788,0.102637971139968,0.0114103680518774
"Q","lnpois",5,0.1,0.5,0.5,"limma","expr_decile","8",20,48.15,1.45868542115658,0.0929731842827086,0.0122136836065958,0.117500128024415,0.0136400165399888
"Q","lnpois",5,0.1,0.5,0.5,"limma","expr_decile","9",20,47.8,1.13925183205563,0.0819704829423606,0.0121686898664008,0.116123437254032,0.01408073413711
"Q","lnpois",5,0.1,0.5,0.5,"TOX-log","abs_lfc_bin","(0.5,1]",20,62.8,5.90343343451838,0.0133854798152252,0.00456036776736002,0.023615913160629,0.00496550481567202
"Q","lnpois",5,0.1,0.5,0.5,"TOX-log","abs_lfc_bin","(1,2]",20,159.1,4.18072015956959,0.096263789516406,0.0134211532740199,0.12688864188699,0.0182020554377988
"Q","lnpois",5,0.1,0.5,0.5,"TOX-log","abs_lfc_bin","(2,4]",20,115.85,2.76945272952124,0.421656043851004,0.0163666379164754,0.480157168300255,0.0212880484067228
"Q","lnpois",5,0.1,0.5,0.5,"TOX-log","abs_lfc_bin","[0.25,0.5]",20,57,4.52769256906871,0.00400641025641026,0.00236352193203196,0.00862340192487251,0.003473312029288
"Q","lnpois",5,0.1,0.5,0.5,"TOX-log","expr_decile","1",20,44.75,1.03840718106348,0.12964014158668,0.0177474183230568,0.159401821251007,0.0203226288849274
"Q","lnpois",5,0.1,0.5,0.5,"TOX-log","expr_decile","10",20,46.65,1.40164377184715,0.145359549175417,0.0149641149975077,0.171366194918894,0.0178554912284515
"Q","lnpois",5,0.1,0.5,0.5,"TOX-log","expr_decile","2",20,49.35,1.47125975380213,0.181038057659828,0.0103205070049752,0.208290304037239,0.0155309342691947
"Q","lnpois",5,0.1,0.5,0.5,"TOX-log","expr_decile","3",20,46,1.54749372926202,0.161838197584844,0.0165752030703856,0.182882902211962,0.0190332142331735
"Q","lnpois",5,0.1,0.5,0.5,"TOX-log","expr_decile","4",20,48,1.82381901225798,0.183620021641604,0.0163913883435603,0.207116157956493,0.0214331910285468
"Q","lnpois",5,0.1,0.5,0.5,"TOX-log","expr_decile","5",20,47.3,1.66084949728492,0.184072440629183,0.0188099438918365,0.212598103166764,0.0202531234658958
"Q","lnpois",5,0.1,0.5,0.5,"TOX-log","expr_decile","6",20,48.6,1.46071359633787,0.163281249377457,0.013574817829265,0.199308015681608,0.0175886807716618
"Q","lnpois",5,0.1,0.5,0.5,"TOX-log","expr_decile","7",20,48.15,1.159117177674,0.157026651454141,0.0131762205161161,0.18561027037095,0.0126315900036813
"Q","lnpois",5,0.1,0.5,0.5,"TOX-log","expr_decile","8",20,48.15,1.45868542115658,0.168401000770685,0.0178230473873074,0.205037034606595,0.0242649889538691
"Q","lnpois",5,0.1,0.5,0.5,"TOX-log","expr_decile","9",20,47.8,1.13925183205563,0.169069010655147,0.0137996471123331,0.196553301963419,0.0148493183712702
"Q","lnpois",5,0.1,0.5,0.5,"TOX-log-blocked","abs_lfc_bin","(0.5,1]",20,62.8,5.90343343451838,0.00272808338960747,0.00157633985850269,0.0259583329761671,0.00522155740271475
"Q","lnpois",5,0.1,0.5,0.5,"TOX-log-blocked","abs_lfc_bin","(1,2]",20,159.1,4.18072015956959,0.027684783485615,0.00816216858992215,0.135113975970715,0.0170021889907239
"Q","lnpois",5,0.1,0.5,0.5,"TOX-log-blocked","abs_lfc_bin","(2,4]",20,115.85,2.76945272952124,0.232489261113865,0.0167012459492747,0.490294618872419,0.0199357180979068
"Q","lnpois",5,0.1,0.5,0.5,"TOX-log-blocked","abs_lfc_bin","[0.25,0.5]",20,57,4.52769256906871,0.00138888888888889,0.00138888888888889,0.00718910705307764,0.0023954507346218
"Q","lnpois",5,0.1,0.5,0.5,"TOX-log-blocked","expr_decile","1",20,44.75,1.03840718106348,0.0638642974809771,0.0135545190542098,0.1606107187365,0.0194310404965274
"Q","lnpois",5,0.1,0.5,0.5,"TOX-log-blocked","expr_decile","10",20,46.65,1.40164377184715,0.0671149242429568,0.00996941117482612,0.178116388681905,0.0176608973363039
"Q","lnpois",5,0.1,0.5,0.5,"TOX-log-blocked","expr_decile","2",20,49.35,1.47125975380213,0.0763713492364782,0.00790950123313244,0.214810789973499,0.0147154798715494
"Q","lnpois",5,0.1,0.5,0.5,"TOX-log-blocked","expr_decile","3",20,46,1.54749372926202,0.0933019327067128,0.0115070849677355,0.186733162831939,0.0193700846023136
"Q","lnpois",5,0.1,0.5,0.5,"TOX-log-blocked","expr_decile","4",20,48,1.82381901225798,0.0968884351438842,0.0157991444527153,0.214921906426555,0.0213254240578062
"Q","lnpois",5,0.1,0.5,0.5,"TOX-log-blocked","expr_decile","5",20,47.3,1.66084949728492,0.0974680738026143,0.0160890385030033,0.220339746303009,0.019891577105276
"Q","lnpois",5,0.1,0.5,0.5,"TOX-log-blocked","expr_decile","6",20,48.6,1.46071359633787,0.0835771342111119,0.00986604658357829,0.200853519398164,0.0155836137022131
"Q","lnpois",5,0.1,0.5,0.5,"TOX-log-blocked","expr_decile","7",20,48.15,1.159117177674,0.0947617798156123,0.0126237988391022,0.187610033105978,0.0133469720331366
"Q","lnpois",5,0.1,0.5,0.5,"TOX-log-blocked","expr_decile","8",20,48.15,1.45868542115658,0.0980727925108326,0.0136136201201918,0.216720442103073,0.0232103343512739
"Q","lnpois",5,0.1,0.5,0.5,"TOX-log-blocked","expr_decile","9",20,47.8,1.13925183205563,0.0896573227843685,0.0133482774309026,0.201517290923051,0.0145063245046783
"Q","lnpois",5,0.1,0.5,0.5,"TOX-log-blocked-oracle","abs_lfc_bin","(0.5,1]",20,62.8,5.90343343451838,0.00272808338960747,0.00157633985850269,0.0268722502541275,0.00565465215692756
"Q","lnpois",5,0.1,0.5,0.5,"TOX-log-blocked-oracle","abs_lfc_bin","(1,2]",20,159.1,4.18072015956959,0.0551031555486973,0.0106850192488032,0.140235761133976,0.0158930947955376
"Q","lnpois",5,0.1,0.5,0.5,"TOX-log-blocked-oracle","abs_lfc_bin","(2,4]",20,115.85,2.76945272952124,0.310294836681295,0.0188143183784158,0.495784732386896,0.0193298377461668
"Q","lnpois",5,0.1,0.5,0.5,"TOX-log-blocked-oracle","abs_lfc_bin","[0.25,0.5]",20,57,4.52769256906871,0.00138888888888889,0.00138888888888889,0.00462660705307764,0.00192593302904586
"Q","lnpois",5,0.1,0.5,0.5,"TOX-log-blocked-oracle","expr_decile","1",20,44.75,1.03840718106348,0.083045538593141,0.0159041256039892,0.156408660407236,0.0188737885984023
"Q","lnpois",5,0.1,0.5,0.5,"TOX-log-blocked-oracle","expr_decile","10",20,46.65,1.40164377184715,0.111626213218992,0.0131563644586037,0.189090570063377,0.0173793973840548
"Q","lnpois",5,0.1,0.5,0.5,"TOX-log-blocked-oracle","expr_decile","2",20,49.35,1.47125975380213,0.11052641014998,0.00894780352813356,0.20950633760157,0.0135548780959426
"Q","lnpois",5,0.1,0.5,0.5,"TOX-log-blocked-oracle","expr_decile","3",20,46,1.54749372926202,0.11623994766662,0.0131928231904388,0.189595164361188,0.0193011226839252
"Q","lnpois",5,0.1,0.5,0.5,"TOX-log-blocked-oracle","expr_decile","4",20,48,1.82381901225798,0.12785277390429,0.0177881103202099,0.220131230611949,0.0190447719001226
"Q","lnpois",5,0.1,0.5,0.5,"TOX-log-blocked-oracle","expr_decile","5",20,47.3,1.66084949728492,0.12525683876103,0.0173228353700441,0.221765748837608,0.0192565812774581
"Q","lnpois",5,0.1,0.5,0.5,"TOX-log-blocked-oracle","expr_decile","6",20,48.6,1.46071359633787,0.114599017224571,0.0131060159379087,0.201605926049501,0.0159868509063294
"Q","lnpois",5,0.1,0.5,0.5,"TOX-log-blocked-oracle","expr_decile","7",20,48.15,1.159117177674,0.120267143997558,0.0129030364225961,0.185426069020418,0.0132939153729619
"Q","lnpois",5,0.1,0.5,0.5,"TOX-log-blocked-oracle","expr_decile","8",20,48.15,1.45868542115658,0.136209438418951,0.015860203111647,0.220221920544181,0.0221330918690619
"Q","lnpois",5,0.1,0.5,0.5,"TOX-log-blocked-oracle","expr_decile","9",20,47.8,1.13925183205563,0.122147309224445,0.0149238943194707,0.21390261657244,0.0129884537381968
"Q","lnpois",5,0.1,0.5,0.5,"TOX-log-boot","abs_lfc_bin","(0.5,1]",20,62.8,5.90343343451838,0.0164327529249002,0.00486015654624358,0.0258707143388393,0.00569986897168478
"Q","lnpois",5,0.1,0.5,0.5,"TOX-log-boot","abs_lfc_bin","(1,2]",20,159.1,4.18072015956959,0.113329351188967,0.0158669733291425,0.134707413286322,0.0172985019738667
"Q","lnpois",5,0.1,0.5,0.5,"TOX-log-boot","abs_lfc_bin","(2,4]",20,115.85,2.76945272952124,0.46921822687092,0.014813694684867,0.502628361525644,0.0175053532080985
"Q","lnpois",5,0.1,0.5,0.5,"TOX-log-boot","abs_lfc_bin","[0.25,0.5]",20,57,4.52769256906871,0.0057804532069238,0.00251936890255404,0.00939263269410328,0.00345794176658922
"Q","lnpois",5,0.1,0.5,0.5,"TOX-log-boot","expr_decile","1",20,44.75,1.03840718106348,0.142244760992811,0.0181441605576515,0.164131614724502,0.0198646059199999
"Q","lnpois",5,0.1,0.5,0.5,"TOX-log-boot","expr_decile","10",20,46.65,1.40164377184715,0.165385277094641,0.0152848207222707,0.183952642442499,0.0164743670844477
"Q","lnpois",5,0.1,0.5,0.5,"TOX-log-boot","expr_decile","2",20,49.35,1.47125975380213,0.197346446390751,0.0128955118939706,0.206725814954783,0.0138859205620747
"Q","lnpois",5,0.1,0.5,0.5,"TOX-log-boot","expr_decile","3",20,46,1.54749372926202,0.172569630044729,0.0165197342974933,0.194524392671977,0.0192606556603538
"Q","lnpois",5,0.1,0.5,0.5,"TOX-log-boot","expr_decile","4",20,48,1.82381901225798,0.197872142119393,0.0165354768740614,0.220902391077597,0.020705837689728
"Q","lnpois",5,0.1,0.5,0.5,"TOX-log-boot","expr_decile","5",20,47.3,1.66084949728492,0.202710393803322,0.020847477576723,0.221347250151959,0.0187615718363497
"Q","lnpois",5,0.1,0.5,0.5,"TOX-log-boot","expr_decile","6",20,48.6,1.46071359633787,0.18206448543291,0.013227548293516,0.205888452030868,0.0157733071273959
"Q","lnpois",5,0.1,0.5,0.5,"TOX-log-boot","expr_decile","7",20,48.15,1.159117177674,0.179865380341827,0.0132026620243536,0.193818628517535,0.0136156806703256
"Q","lnpois",5,0.1,0.5,0.5,"TOX-log-boot","expr_decile","8",20,48.15,1.45868542115658,0.198302128405896,0.0201233759910204,0.219566014298205,0.0222888967064821
"Q","lnpois",5,0.1,0.5,0.5,"TOX-log-boot","expr_decile","9",20,47.8,1.13925183205563,0.190109691780425,0.0130179709891639,0.20711354460775,0.0143836508562844
"Q","lnpois",5,0.1,0.5,0.5,"TOX-log-oracle","abs_lfc_bin","(0.5,1]",20,62.8,5.90343343451838,0.0306835926889015,0.00584041525245318,0.0261874056613925,0.00440252417123207
"Q","lnpois",5,0.1,0.5,0.5,"TOX-log-oracle","abs_lfc_bin","(1,2]",20,159.1,4.18072015956959,0.149392708518332,0.0169277270031343,0.134040832751677,0.0149618930523523
"Q","lnpois",5,0.1,0.5,0.5,"TOX-log-oracle","abs_lfc_bin","(2,4]",20,115.85,2.76945272952124,0.498907864272776,0.0161751892237645,0.480997786715543,0.0199687403787395
"Q","lnpois",5,0.1,0.5,0.5,"TOX-log-oracle","abs_lfc_bin","[0.25,0.5]",20,57,4.52769256906871,0.00719070961718021,0.00300584316767711,0.00462660705307764,0.00192593302904586
"Q","lnpois",5,0.1,0.5,0.5,"TOX-log-oracle","expr_decile","1",20,44.75,1.03840718106348,0.160918939991004,0.0185849437466379,0.149179689266791,0.0182105224706622
"Q","lnpois",5,0.1,0.5,0.5,"TOX-log-oracle","expr_decile","10",20,46.65,1.40164377184715,0.18891065366619,0.0171457494734864,0.182624190033104,0.0172056947439789
"Q","lnpois",5,0.1,0.5,0.5,"TOX-log-oracle","expr_decile","2",20,49.35,1.47125975380213,0.216471093082331,0.0139581641598732,0.20960989339154,0.0141041998715373
"Q","lnpois",5,0.1,0.5,0.5,"TOX-log-oracle","expr_decile","3",20,46,1.54749372926202,0.197514668290926,0.0171687399854102,0.191769946749303,0.0188176609726533
"Q","lnpois",5,0.1,0.5,0.5,"TOX-log-oracle","expr_decile","4",20,48,1.82381901225798,0.230619394039067,0.0203435920758855,0.206989435642782,0.0181493147337539
"Q","lnpois",5,0.1,0.5,0.5,"TOX-log-oracle","expr_decile","5",20,47.3,1.66084949728492,0.224005144444049,0.0216904591318616,0.215171841225463,0.0199532010698192
"Q","lnpois",5,0.1,0.5,0.5,"TOX-log-oracle","expr_decile","6",20,48.6,1.46071359633787,0.205942678169934,0.0146759535254469,0.190922311384421,0.0149674632878989
"Q","lnpois",5,0.1,0.5,0.5,"TOX-log-oracle","expr_decile","7",20,48.15,1.159117177674,0.188517959046193,0.0131549839034032,0.183383060735722,0.0127029870245583
"Q","lnpois",5,0.1,0.5,0.5,"TOX-log-oracle","expr_decile","8",20,48.15,1.45868542115658,0.22138161447302,0.019889175283002,0.207206718224911,0.0200355215932753
"Q","lnpois",5,0.1,0.5,0.5,"TOX-log-oracle","expr_decile","9",20,47.8,1.13925183205563,0.209161396867148,0.0135776866486496,0.204558251725073,0.0140086355835898
"Q","lnpois",5,0.1,0.5,0.5,"TOX-raw","abs_lfc_bin","(0.5,1]",20,62.8,5.90343343451838,0.00142373556352051,0.000989445635272729,0.0219295261478274,0.00577470764044859
"Q","lnpois",5,0.1,0.5,0.5,"TOX-raw","abs_lfc_bin","(1,2]",20,159.1,4.18072015956959,0.0161311841268629,0.00213683388249722,0.104555629794357,0.0185479982964681
"Q","lnpois",5,0.1,0.5,0.5,"TOX-raw","abs_lfc_bin","(2,4]",20,115.85,2.76945272952124,0.137108893314831,0.00765044579037734,0.344774684338103,0.0278978092220824
"Q","lnpois",5,0.1,0.5,0.5,"TOX-raw","abs_lfc_bin","[0.25,0.5]",20,57,4.52769256906871,0.0015625,0.0015625,0.00703321392659628,0.00316478226112282
"Q","lnpois",5,0.1,0.5,0.5,"TOX-raw","expr_decile","1",20,44.75,1.03840718106348,0.0352986042724268,0.00536268188759116,0.129300096837441,0.0224955862623464
"Q","lnpois",5,0.1,0.5,0.5,"TOX-raw","expr_decile","10",20,46.65,1.40164377184715,0.0505050914562877,0.00716922529166389,0.140922760647085,0.020950876929517
"Q","lnpois",5,0.1,0.5,0.5,"TOX-raw","expr_decile","2",20,49.35,1.47125975380213,0.0397416035563462,0.00593069445774173,0.149937901428224,0.0160667209185327
"Q","lnpois",5,0.1,0.5,0.5,"TOX-raw","expr_decile","3",20,46,1.54749372926202,0.0466351315234018,0.0070140393525259,0.144823730552319,0.0195477695844465
"Q","lnpois",5,0.1,0.5,0.5,"TOX-raw","expr_decile","4",20,48,1.82381901225798,0.0503974406429218,0.00665611294924593,0.140736348008742,0.0179756139058015
"Q","lnpois",5,0.1,0.5,0.5,"TOX-raw","expr_decile","5",20,47.3,1.66084949728492,0.0447491793632829,0.00791857776244377,0.140047592491895,0.0202281752780155
"Q","lnpois",5,0.1,0.5,0.5,"TOX-raw","expr_decile","6",20,48.6,1.46071359633787,0.0538245236270422,0.00411206680509048,0.151518881684916,0.0175357303089874
"Q","lnpois",5,0.1,0.5,0.5,"TOX-raw","expr_decile","7",20,48.15,1.159117177674,0.0458784113015972,0.00897589483530475,0.130298516537865,0.0174090720983287
"Q","lnpois",5,0.1,0.5,0.5,"TOX-raw","expr_decile","8",20,48.15,1.45868542115658,0.0565855124635851,0.00787625945148848,0.145481215491673,0.0230578510455232
"Q","lnpois",5,0.1,0.5,0.5,"TOX-raw","expr_decile","9",20,47.8,1.13925183205563,0.0540649509826401,0.00816097511130222,0.142497491550612,0.0187097158192804
"Q","lnpois",5,0.1,0.5,0.5,"TOX-raw-blocked","abs_lfc_bin","(0.5,1]",20,62.8,5.90343343451838,0,0,0.0217546867115674,0.00495299886373091
"Q","lnpois",5,0.1,0.5,0.5,"TOX-raw-blocked","abs_lfc_bin","(1,2]",20,159.1,4.18072015956959,0,0,0.120303461035008,0.0202936672531205
"Q","lnpois",5,0.1,0.5,0.5,"TOX-raw-blocked","abs_lfc_bin","(2,4]",20,115.85,2.76945272952124,0,0,0.367753391031883,0.0329548221780679
"Q","lnpois",5,0.1,0.5,0.5,"TOX-raw-blocked","abs_lfc_bin","[0.25,0.5]",20,57,4.52769256906871,0,0,0.00500329939668175,0.00218578136746372
"Q","lnpois",5,0.1,0.5,0.5,"TOX-raw-blocked","expr_decile","1",20,44.75,1.03840718106348,0,0,0.13525189768369,0.0230977499497387
"Q","lnpois",5,0.1,0.5,0.5,"TOX-raw-blocked","expr_decile","10",20,46.65,1.40164377184715,0,0,0.154309737073353,0.0190581774598097
"Q","lnpois",5,0.1,0.5,0.5,"TOX-raw-blocked","expr_decile","2",20,49.35,1.47125975380213,0,0,0.153764576876364,0.0180695182936521
"Q","lnpois",5,0.1,0.5,0.5,"TOX-raw-blocked","expr_decile","3",20,46,1.54749372926202,0,0,0.151765405127473,0.0208572624276378
"Q","lnpois",5,0.1,0.5,0.5,"TOX-raw-blocked","expr_decile","4",20,48,1.82381901225798,0,0,0.157460731654738,0.02064890230904
"Q","lnpois",5,0.1,0.5,0.5,"TOX-raw-blocked","expr_decile","5",20,47.3,1.66084949728492,0,0,0.153204433842523,0.0208812889967395
"Q","lnpois",5,0.1,0.5,0.5,"TOX-raw-blocked","expr_decile","6",20,48.6,1.46071359633787,0,0,0.158394973745119,0.0159765136648661
"Q","lnpois",5,0.1,0.5,0.5,"TOX-raw-blocked","expr_decile","7",20,48.15,1.159117177674,0,0,0.145703764843349,0.0187269701019815
"Q","lnpois",5,0.1,0.5,0.5,"TOX-raw-blocked","expr_decile","8",20,48.15,1.45868542115658,0,0,0.165838731085858,0.0230133182653655
"Q","lnpois",5,0.1,0.5,0.5,"TOX-raw-blocked","expr_decile","9",20,47.8,1.13925183205563,0,0,0.15514639390884,0.0200301521925518
"Q","lnpois",5,0.1,1,0.5,"DESeq2","abs_lfc_bin","(0.5,1]",20,83.6,7.58440227669504,0.183709799044061,0.0127299052013621,0.122430582819571,0.0109260867982097
"Q","lnpois",5,0.1,1,0.5,"DESeq2","abs_lfc_bin","(1,2]",20,145,4.8171841523752,0.740284945761543,0.0129933138833463,0.636671712949176,0.0140192310786527
"Q","lnpois",5,0.1,1,0.5,"DESeq2","abs_lfc_bin","(2,4]",20,117.8,2.14427021078084,0.995767626300824,0.00112242433213498,0.987365226956151,0.0030053262544379
"Q","lnpois",5,0.1,1,0.5,"DESeq2","abs_lfc_bin","[0.25,0.5]",20,55.35,4.23722538312141,0.0485668844445218,0.00877977609139399,0.0201032974014028,0.00492682984098365
"Q","lnpois",5,0.1,1,0.5,"DESeq2","expr_decile","1",20,43.2,1.34868356867764,0.530475891198074,0.0174844507842318,0.457305696803367,0.0154283362752956
"Q","lnpois",5,0.1,1,0.5,"DESeq2","expr_decile","10",20,47.95,1.23645290629028,0.562067537120241,0.0191874501519115,0.517272625116592,0.0166179642587782
"Q","lnpois",5,0.1,1,0.5,"DESeq2","expr_decile","2",20,46.85,1.27995682492974,0.548346364405599,0.0192596107361169,0.513080551883083,0.0185759521378511
"Q","lnpois",5,0.1,1,0.5,"DESeq2","expr_decile","3",20,48.3,1.54084734036691,0.544184294690327,0.0214058416231663,0.48723606893484,0.0226101667892048
"Q","lnpois",5,0.1,1,0.5,"DESeq2","expr_decile","4",20,47.55,1.40201922053046,0.553951396687072,0.0164972695662729,0.488838662237893,0.015013312551086
"Q","lnpois",5,0.1,1,0.5,"DESeq2","expr_decile","5",20,48.05,1.31484439743784,0.577853393401325,0.0155778686378011,0.534167194800433,0.0145210855077975
"Q","lnpois",5,0.1,1,0.5,"DESeq2","expr_decile","6",20,47.55,1.08452026745761,0.552279263640544,0.0153452211540433,0.507172641814709,0.0181475195891843
"Q","lnpois",5,0.1,1,0.5,"DESeq2","expr_decile","7",20,48,1.52867331541542,0.542559514364668,0.0214662236367323,0.500847681947184,0.0200902372649017
"Q","lnpois",5,0.1,1,0.5,"DESeq2","expr_decile","8",20,47.05,1.45724144587606,0.553824923496038,0.0154841314266094,0.510999468373349,0.0157537507089514
"Q","lnpois",5,0.1,1,0.5,"DESeq2","expr_decile","9",20,48.7,1.12880934010832,0.574089379553915,0.0139891236524755,0.544119917434465,0.0143025407091208
"Q","lnpois",5,0.1,1,0.5,"edgeR","abs_lfc_bin","(0.5,1]",20,83.6,7.58440227669504,0.150864016022832,0.0111593476889122,0.130950030268896,0.0141905778736673
"Q","lnpois",5,0.1,1,0.5,"edgeR","abs_lfc_bin","(1,2]",20,145,4.8171841523752,0.724410377792371,0.0159696779842968,0.681558789043847,0.0134391946224351
"Q","lnpois",5,0.1,1,0.5,"edgeR","abs_lfc_bin","(2,4]",20,117.8,2.14427021078084,0.996563593181769,0.00131411053876143,0.994570208983552,0.00199636036356447
"Q","lnpois",5,0.1,1,0.5,"edgeR","abs_lfc_bin","[0.25,0.5]",20,55.35,4.23722538312141,0.0325997570600093,0.00834306942314048,0.0250800850926091,0.00667054476631143
"Q","lnpois",5,0.1,1,0.5,"edgeR","expr_decile","1",20,43.2,1.34868356867764,0.514321343777289,0.0187396231570304,0.494109442787356,0.0163049049346572
"Q","lnpois",5,0.1,1,0.5,"edgeR","expr_decile","10",20,47.95,1.23645290629028,0.560570959024488,0.0181308826044328,0.543385330393694,0.0182511106804529
"Q","lnpois",5,0.1,1,0.5,"edgeR","expr_decile","2",20,46.85,1.27995682492974,0.546693757680001,0.0177655467663621,0.523819222106234,0.0166423163174966
"Q","lnpois",5,0.1,1,0.5,"edgeR","expr_decile","3",20,48.3,1.54084734036691,0.523613583529112,0.0203706561757243,0.508464242732364,0.0206637729387384
"Q","lnpois",5,0.1,1,0.5,"edgeR","expr_decile","4",20,47.55,1.40201922053046,0.536111260084136,0.016773842196355,0.515265214507911,0.0159579357974645
"Q","lnpois",5,0.1,1,0.5,"edgeR","expr_decile","5",20,48.05,1.31484439743784,0.568857762075809,0.0130001601232874,0.548818874920325,0.0139210692539786
"Q","lnpois",5,0.1,1,0.5,"edgeR","expr_decile","6",20,47.55,1.08452026745761,0.54155198242062,0.01736503042247,0.527209205019129,0.0168617356177551
"Q","lnpois",5,0.1,1,0.5,"edgeR","expr_decile","7",20,48,1.52867331541542,0.530958531648943,0.0238214655356892,0.517692822160019,0.022595095860538
"Q","lnpois",5,0.1,1,0.5,"edgeR","expr_decile","8",20,47.05,1.45724144587606,0.535589320276814,0.0175811453256891,0.515724732314867,0.0186296547756827
"Q","lnpois",5,0.1,1,0.5,"edgeR","expr_decile","9",20,48.7,1.12880934010832,0.562706911715932,0.014825850776993,0.541101318857098,0.0132828367202493
"Q","lnpois",5,0.1,1,0.5,"limma","abs_lfc_bin","(0.5,1]",20,83.6,7.58440227669504,0.140709955687021,0.0142913949456591,0.145664510664197,0.0155100225415423
"Q","lnpois",5,0.1,1,0.5,"limma","abs_lfc_bin","(1,2]",20,145,4.8171841523752,0.712216763097405,0.0160703186363703,0.721632420009256,0.0134304194670846
"Q","lnpois",5,0.1,1,0.5,"limma","abs_lfc_bin","(2,4]",20,117.8,2.14427021078084,0.99699097206535,0.00145807404136573,0.99699097206535,0.00145807404136573
"Q","lnpois",5,0.1,1,0.5,"limma","abs_lfc_bin","[0.25,0.5]",20,55.35,4.23722538312141,0.0236964423930487,0.0066858592706753,0.0286642035737597,0.00700493232112362
"Q","lnpois",5,0.1,1,0.5,"limma","expr_decile","1",20,43.2,1.34868356867764,0.508404312615349,0.0181889516075377,0.509998856592825,0.0169955039900819
"Q","lnpois",5,0.1,1,0.5,"limma","expr_decile","10",20,47.95,1.23645290629028,0.551276961065239,0.0180186791229732,0.55613206977539,0.017200730748716
"Q","lnpois",5,0.1,1,0.5,"limma","expr_decile","2",20,46.85,1.27995682492974,0.53878434390086,0.0178567208371424,0.541199722378582,0.0175996580453714
"Q","lnpois",5,0.1,1,0.5,"limma","expr_decile","3",20,48.3,1.54084734036691,0.509677457455475,0.0198597581316204,0.512973442427826,0.0186041930171074
"Q","lnpois",5,0.1,1,0.5,"limma","expr_decile","4",20,47.55,1.40201922053046,0.523434220845765,0.0149521096433978,0.529481547487113,0.0142923525787733
"Q","lnpois",5,0.1,1,0.5,"limma","expr_decile","5",20,48.05,1.31484439743784,0.564622749428533,0.0154727977169887,0.571161608774334,0.0152903999539624
"Q","lnpois",5,0.1,1,0.5,"limma","expr_decile","6",20,47.55,1.08452026745761,0.540322716161535,0.0157243712112581,0.54739736841816,0.013946628662477
"Q","lnpois",5,0.1,1,0.5,"limma","expr_decile","7",20,48,1.52867331541542,0.527172564647464,0.0211739770995343,0.528281419645434,0.0215655264805879
"Q","lnpois",5,0.1,1,0.5,"limma","expr_decile","8",20,47.05,1.45724144587606,0.528026572534194,0.0185612936405078,0.534738466564356,0.0173830440247063
"Q","lnpois",5,0.1,1,0.5,"limma","expr_decile","9",20,48.7,1.12880934010832,0.557499882256132,0.0149409180188639,0.559154824002455,0.0135273395187281
"Q","lnpois",5,0.1,1,0.5,"TOX-log","abs_lfc_bin","(0.5,1]",20,83.6,7.58440227669504,0.150102563225324,0.0119899711691627,0.143021330269082,0.0148033155128175
"Q","lnpois",5,0.1,1,0.5,"TOX-log","abs_lfc_bin","(1,2]",20,145,4.8171841523752,0.737002309503692,0.0161801574964797,0.721612895619993,0.015024592113389
"Q","lnpois",5,0.1,1,0.5,"TOX-log","abs_lfc_bin","(2,4]",20,117.8,2.14427021078084,0.997111378964305,0.00123380349760594,0.996681413600712,0.00154926725109105
"Q","lnpois",5,0.1,1,0.5,"TOX-log","abs_lfc_bin","[0.25,0.5]",20,55.35,4.23722538312141,0.0272777373451971,0.00698740515489341,0.028808951493302,0.00716456950051445
"Q","lnpois",5,0.1,1,0.5,"TOX-log","expr_decile","1",20,43.2,1.34868356867764,0.528965728796206,0.0192127556481966,0.519805968679638,0.0188296479022716
"Q","lnpois",5,0.1,1,0.5,"TOX-log","expr_decile","10",20,47.95,1.23645290629028,0.549334481044221,0.020598774498463,0.544039367299799,0.019884621655723
"Q","lnpois",5,0.1,1,0.5,"TOX-log","expr_decile","2",20,46.85,1.27995682492974,0.555110164495322,0.0196102621023758,0.549279755300026,0.0185432573190157
"Q","lnpois",5,0.1,1,0.5,"TOX-log","expr_decile","3",20,48.3,1.54084734036691,0.540164500260717,0.0214057622814648,0.529231825521489,0.0194821388958073
"Q","lnpois",5,0.1,1,0.5,"TOX-log","expr_decile","4",20,47.55,1.40201922053046,0.541177121283514,0.017493194489525,0.532552026471292,0.0177555698404244
"Q","lnpois",5,0.1,1,0.5,"TOX-log","expr_decile","5",20,48.05,1.31484439743784,0.576843791956067,0.0145212851654435,0.570793544047857,0.0153393758040633
"Q","lnpois",5,0.1,1,0.5,"TOX-log","expr_decile","6",20,47.55,1.08452026745761,0.54579749917449,0.0149477251683195,0.538163512817466,0.0158649097635694
"Q","lnpois",5,0.1,1,0.5,"TOX-log","expr_decile","7",20,48,1.52867331541542,0.526110310318183,0.0218596059452267,0.521731392498539,0.0211699686436653
"Q","lnpois",5,0.1,1,0.5,"TOX-log","expr_decile","8",20,47.05,1.45724144587606,0.527024875772156,0.0174848432820666,0.528948521593174,0.0169296330006303
"Q","lnpois",5,0.1,1,0.5,"TOX-log","expr_decile","9",20,48.7,1.12880934010832,0.567385262184608,0.0165301142159808,0.563515686132525,0.0161545617084305
"Q","lnpois",5,0.1,1,0.5,"TOX-log-blocked","abs_lfc_bin","(0.5,1]",20,83.6,7.58440227669504,0.0787883917599043,0.0092862462703884,0.142232568677555,0.0135086792297066
"Q","lnpois",5,0.1,1,0.5,"TOX-log-blocked","abs_lfc_bin","(1,2]",20,145,4.8171841523752,0.608185461726225,0.0208373955042547,0.729707234395426,0.0147791307052486
"Q","lnpois",5,0.1,1,0.5,"TOX-log-blocked","abs_lfc_bin","(2,4]",20,117.8,2.14427021078084,0.991648116407425,0.00218113228029999,0.99708628796949,0.00143956760142672
"Q","lnpois",5,0.1,1,0.5,"TOX-log-blocked","abs_lfc_bin","[0.25,0.5]",20,55.35,4.23722538312141,0.00875335891537287,0.00465063247467085,0.0283883407202571,0.00700144247160229
"Q","lnpois",5,0.1,1,0.5,"TOX-log-blocked","expr_decile","1",20,43.2,1.34868356867764,0.45528042232423,0.0190986123783438,0.517760494049991,0.019157102417681
"Q","lnpois",5,0.1,1,0.5,"TOX-log-blocked","expr_decile","10",20,47.95,1.23645290629028,0.49975611584785,0.0216302959841512,0.552625055421201,0.0189856346654246
"Q","lnpois",5,0.1,1,0.5,"TOX-log-blocked","expr_decile","2",20,46.85,1.27995682492974,0.501652669134263,0.0216402179798476,0.553233465048805,0.0176079052821742
"Q","lnpois",5,0.1,1,0.5,"TOX-log-blocked","expr_decile","3",20,48.3,1.54084734036691,0.477138001608458,0.0203801830475264,0.531472700669014,0.0209611501380965
"Q","lnpois",5,0.1,1,0.5,"TOX-log-blocked","expr_decile","4",20,47.55,1.40201922053046,0.481413673633824,0.0165257900387869,0.534804633414284,0.0163972877223422
"Q","lnpois",5,0.1,1,0.5,"TOX-log-blocked","expr_decile","5",20,48.05,1.31484439743784,0.522725059992725,0.0165906445100653,0.569320269726662,0.0144431289089431
"Q","lnpois",5,0.1,1,0.5,"TOX-log-blocked","expr_decile","6",20,47.55,1.08452026745761,0.492451803302988,0.0187131790668836,0.544013271319877,0.0151470591548407
"Q","lnpois",5,0.1,1,0.5,"TOX-log-blocked","expr_decile","7",20,48,1.52867331541542,0.470996869733946,0.0247122454959843,0.522293892498539,0.0213671664960036
"Q","lnpois",5,0.1,1,0.5,"TOX-log-blocked","expr_decile","8",20,47.05,1.45724144587606,0.4814400324557,0.0221131439274607,0.528846153207397,0.0169906301466866
"Q","lnpois",5,0.1,1,0.5,"TOX-log-blocked","expr_decile","9",20,48.7,1.12880934010832,0.518216669026746,0.0184196786743988,0.563548103134553,0.0149934261087718
"Q","lnpois",5,0.1,1,0.5,"TOX-log-blocked-oracle","abs_lfc_bin","(0.5,1]",20,83.6,7.58440227669504,0.0784368274700634,0.00990774722637613,0.140876325149812,0.0131746764820603
"Q","lnpois",5,0.1,1,0.5,"TOX-log-blocked-oracle","abs_lfc_bin","(1,2]",20,145,4.8171841523752,0.606159694640479,0.021804951972651,0.728647737076598,0.0148908805207702
"Q","lnpois",5,0.1,1,0.5,"TOX-log-blocked-oracle","abs_lfc_bin","(2,4]",20,117.8,2.14427021078084,0.991180677167937,0.0021509721517269,0.997941988986092,0.00104214648946738
"Q","lnpois",5,0.1,1,0.5,"TOX-log-blocked-oracle","abs_lfc_bin","[0.25,0.5]",20,55.35,4.23722538312141,0.00971489737691134,0.00465477938531193,0.0276938962758127,0.00703896878552654
"Q","lnpois",5,0.1,1,0.5,"TOX-log-blocked-oracle","expr_decile","1",20,43.2,1.34868356867764,0.445391817432212,0.0189658165411956,0.514159845794737,0.019150186776403
"Q","lnpois",5,0.1,1,0.5,"TOX-log-blocked-oracle","expr_decile","10",20,47.95,1.23645290629028,0.498797941552491,0.021425100502305,0.550477900860452,0.0193011784747881
"Q","lnpois",5,0.1,1,0.5,"TOX-log-blocked-oracle","expr_decile","2",20,46.85,1.27995682492974,0.50286717667641,0.0216889236819649,0.551135562950903,0.0180724487986174
"Q","lnpois",5,0.1,1,0.5,"TOX-log-blocked-oracle","expr_decile","3",20,48.3,1.54084734036691,0.476315867221106,0.0212462530489167,0.535618959172415,0.0208637807432371
"Q","lnpois",5,0.1,1,0.5,"TOX-log-blocked-oracle","expr_decile","4",20,47.55,1.40201922053046,0.477024388464878,0.0170607872364164,0.535278284778097,0.0176952336216702
"Q","lnpois",5,0.1,1,0.5,"TOX-log-blocked-oracle","expr_decile","5",20,48.05,1.31484439743784,0.523553884140876,0.0170436603109934,0.571827877361602,0.01456096076498
"Q","lnpois",5,0.1,1,0.5,"TOX-log-blocked-oracle","expr_decile","6",20,47.55,1.08452026745761,0.492646874840001,0.0201779586833595,0.540142255339488,0.015431566160894
"Q","lnpois",5,0.1,1,0.5,"TOX-log-blocked-oracle","expr_decile","7",20,48,1.52867331541542,0.473140259813812,0.0243758420443943,0.523453136763047,0.021447574876678
"Q","lnpois",5,0.1,1,0.5,"TOX-log-blocked-oracle","expr_decile","8",20,47.05,1.45724144587606,0.482541808351533,0.0223204473035295,0.526738788522392,0.0174312221084809
"Q","lnpois",5,0.1,1,0.5,"TOX-log-blocked-oracle","expr_decile","9",20,48.7,1.12880934010832,0.514181664116164,0.0189657174139049,0.562561285284169,0.0153496409613315
"Q","lnpois",5,0.1,1,0.5,"TOX-log-boot","abs_lfc_bin","(0.5,1]",20,83.6,7.58440227669504,0.147696380320011,0.0127954868714264,0.146114277923256,0.0132925462538368
"Q","lnpois",5,0.1,1,0.5,"TOX-log-boot","abs_lfc_bin","(1,2]",20,145,4.8171841523752,0.731751363912088,0.0160985790571005,0.729707579204578,0.0143168396573943
"Q","lnpois",5,0.1,1,0.5,"TOX-log-boot","abs_lfc_bin","(2,4]",20,117.8,2.14427021078084,0.997941988986092,0.00104214648946738,0.997499511109986,0.00141787365878594
"Q","lnpois",5,0.1,1,0.5,"TOX-log-boot","abs_lfc_bin","[0.25,0.5]",20,55.35,4.23722538312141,0.0241271918162511,0.00718713578437398,0.0283883407202571,0.00700144247160229
"Q","lnpois",5,0.1,1,0.5,"TOX-log-boot","expr_decile","1",20,43.2,1.34868356867764,0.525970856342161,0.0198363436865643,0.523420100144379,0.018719679415199
"Q","lnpois",5,0.1,1,0.5,"TOX-log-boot","expr_decile","10",20,47.95,1.23645290629028,0.550499078990423,0.0199678539618492,0.553578915225993,0.0185214442498909
"Q","lnpois",5,0.1,1,0.5,"TOX-log-boot","expr_decile","2",20,46.85,1.27995682492974,0.549847493618703,0.0194767224547771,0.550997587172765,0.0183022274257121
"Q","lnpois",5,0.1,1,0.5,"TOX-log-boot","expr_decile","3",20,48.3,1.54084734036691,0.538944597147956,0.0218040575195878,0.537252496530192,0.0204022978753623
"Q","lnpois",5,0.1,1,0.5,"TOX-log-boot","expr_decile","4",20,47.55,1.40201922053046,0.537258745467453,0.0167661433955966,0.533930322090203,0.0163665625462594
"Q","lnpois",5,0.1,1,0.5,"TOX-log-boot","expr_decile","5",20,48.05,1.31484439743784,0.571251710368187,0.0137353097297192,0.571997309781034,0.0144549137641071
"Q","lnpois",5,0.1,1,0.5,"TOX-log-boot","expr_decile","6",20,47.55,1.08452026745761,0.542198784511943,0.0154306865853683,0.541539013231165,0.016650849327488
"Q","lnpois",5,0.1,1,0.5,"TOX-log-boot","expr_decile","7",20,48,1.52867331541542,0.529813974494231,0.0220675015433991,0.524372358745624,0.0224904483942308
"Q","lnpois",5,0.1,1,0.5,"TOX-log-boot","expr_decile","8",20,47.05,1.45724144587606,0.526064891778558,0.0174737243148994,0.527561309639991,0.0172177756282388
"Q","lnpois",5,0.1,1,0.5,"TOX-log-boot","expr_decile","9",20,48.7,1.12880934010832,0.562203842054564,0.015602510032127,0.563501081190979,0.0146251719507967
"Q","lnpois",5,0.1,1,0.5,"TOX-log-oracle","abs_lfc_bin","(0.5,1]",20,83.6,7.58440227669504,0.1501089842661,0.0113445555810383,0.136292159963305,0.0112512515474235
"Q","lnpois",5,0.1,1,0.5,"TOX-log-oracle","abs_lfc_bin","(1,2]",20,145,4.8171841523752,0.734392052104874,0.0167990768322263,0.721269996231556,0.0149143363396646
"Q","lnpois",5,0.1,1,0.5,"TOX-log-oracle","abs_lfc_bin","(2,4]",20,117.8,2.14427021078084,0.998016819803374,0.000954225610166166,0.997131864051162,0.00152752036756282
"Q","lnpois",5,0.1,1,0.5,"TOX-log-oracle","abs_lfc_bin","[0.25,0.5]",20,55.35,4.23722538312141,0.0281251949723158,0.00708043854794369,0.026879939147623,0.00704511716380236
"Q","lnpois",5,0.1,1,0.5,"TOX-log-oracle","expr_decile","1",20,43.2,1.34868356867764,0.526137378416577,0.0208569065878327,0.516593409323123,0.0193801343769679
"Q","lnpois",5,0.1,1,0.5,"TOX-log-oracle","expr_decile","10",20,47.95,1.23645290629028,0.550604889207487,0.0207410943655504,0.545968167898052,0.0190217791658337
"Q","lnpois",5,0.1,1,0.5,"TOX-log-oracle","expr_decile","2",20,46.85,1.27995682492974,0.555499977385135,0.019132164219149,0.547417360069995,0.0180213723123148
"Q","lnpois",5,0.1,1,0.5,"TOX-log-oracle","expr_decile","3",20,48.3,1.54084734036691,0.54083491335349,0.0211292211073075,0.526674704512236,0.0204236225710527
"Q","lnpois",5,0.1,1,0.5,"TOX-log-oracle","expr_decile","4",20,47.55,1.40201922053046,0.538622564258619,0.0179271249192024,0.531575039931995,0.0174239567651245
"Q","lnpois",5,0.1,1,0.5,"TOX-log-oracle","expr_decile","5",20,48.05,1.31484439743784,0.572841939552134,0.0148273639758221,0.569971463078717,0.0148758662693923
"Q","lnpois",5,0.1,1,0.5,"TOX-log-oracle","expr_decile","6",20,47.55,1.08452026745761,0.544879355473327,0.0152458416401167,0.536112869629909,0.0153838273032706
"Q","lnpois",5,0.1,1,0.5,"TOX-log-oracle","expr_decile","7",20,48,1.52867331541542,0.529195480508616,0.0215957181189755,0.518638961265961,0.0212694146592851
"Q","lnpois",5,0.1,1,0.5,"TOX-log-oracle","expr_decile","8",20,47.05,1.45724144587606,0.525985613913566,0.017595241658899,0.526683995471336,0.0168310469247432
"Q","lnpois",5,0.1,1,0.5,"TOX-log-oracle","expr_decile","9",20,48.7,1.12880934010832,0.565436236697351,0.0160237792478093,0.562428729610786,0.0159528897469258
"Q","lnpois",5,0.1,1,0.5,"TOX-raw","abs_lfc_bin","(0.5,1]",20,83.6,7.58440227669504,0.0269163851011379,0.00485384587171881,0.121680908025753,0.0153069747075479
"Q","lnpois",5,0.1,1,0.5,"TOX-raw","abs_lfc_bin","(1,2]",20,145,4.8171841523752,0.285342609974752,0.0154871559466282,0.627108435073639,0.0183123369802007
"Q","lnpois",5,0.1,1,0.5,"TOX-raw","abs_lfc_bin","(2,4]",20,117.8,2.14427021078084,0.815749365751743,0.00968934449227061,0.983992310546732,0.00351750850408016
"Q","lnpois",5,0.1,1,0.5,"TOX-raw","abs_lfc_bin","[0.25,0.5]",20,55.35,4.23722538312141,0.00618911739601395,0.00344596252054157,0.022439304642498,0.00685605937212927
"Q","lnpois",5,0.1,1,0.5,"TOX-raw","expr_decile","1",20,43.2,1.34868356867764,0.31496110408837,0.0184530378568246,0.483193737650884,0.0198467615039205
"Q","lnpois",5,0.1,1,0.5,"TOX-raw","expr_decile","10",20,47.95,1.23645290629028,0.339153188204234,0.0168020035348057,0.522175673083575,0.0202667747119884
"Q","lnpois",5,0.1,1,0.5,"TOX-raw","expr_decile","2",20,46.85,1.27995682492974,0.34304645650437,0.0193433116869749,0.510601089523572,0.0171702468772348
"Q","lnpois",5,0.1,1,0.5,"TOX-raw","expr_decile","3",20,48.3,1.54084734036691,0.321800131864342,0.0211262011998661,0.490744370290276,0.0246847627165971
"Q","lnpois",5,0.1,1,0.5,"TOX-raw","expr_decile","4",20,47.55,1.40201922053046,0.325053227645628,0.0177905337599915,0.498170503945736,0.0176773148145642
"Q","lnpois",5,0.1,1,0.5,"TOX-raw","expr_decile","5",20,48.05,1.31484439743784,0.355412034155173,0.0152251173013626,0.521031901529933,0.0159816512086316
"Q","lnpois",5,0.1,1,0.5,"TOX-raw","expr_decile","6",20,47.55,1.08452026745761,0.314741751756869,0.0123672421850837,0.492707804980381,0.0161125172984999
"Q","lnpois",5,0.1,1,0.5,"TOX-raw","expr_decile","7",20,48,1.52867331541542,0.335146049346363,0.020392271291119,0.490098043719063,0.0208336146406106
"Q","lnpois",5,0.1,1,0.5,"TOX-raw","expr_decile","8",20,47.05,1.45724144587606,0.354240570603762,0.0236187450135158,0.489027551364604,0.0195382666132889
"Q","lnpois",5,0.1,1,0.5,"TOX-raw","expr_decile","9",20,48.7,1.12880934010832,0.36081248309792,0.0188895627869403,0.529304631384873,0.0161203036442827
"Q","lnpois",5,0.1,1,0.5,"TOX-raw-blocked","abs_lfc_bin","(0.5,1]",20,83.6,7.58440227669504,0.000909090909090909,0.000909090909090909,0.130350752271227,0.0154523726740975
"Q","lnpois",5,0.1,1,0.5,"TOX-raw-blocked","abs_lfc_bin","(1,2]",20,145,4.8171841523752,0.0597891931228363,0.0137166285560679,0.670918408662493,0.0169924234532478
"Q","lnpois",5,0.1,1,0.5,"TOX-raw-blocked","abs_lfc_bin","(2,4]",20,117.8,2.14427021078084,0.371128998351149,0.0653428733780852,0.993924714368415,0.00205854541121138
"Q","lnpois",5,0.1,1,0.5,"TOX-raw-blocked","abs_lfc_bin","[0.25,0.5]",20,55.35,4.23722538312141,0.000793650793650794,0.000793650793650794,0.0247017752873216,0.0067620224801174
"Q","lnpois",5,0.1,1,0.5,"TOX-raw-blocked","expr_decile","1",20,43.2,1.34868356867764,0.110256815140498,0.0214645157166525,0.497875039992922,0.0186732793954264
"Q","lnpois",5,0.1,1,0.5,"TOX-raw-blocked","expr_decile","10",20,47.95,1.23645290629028,0.150417477113203,0.0249495183848433,0.545715130046737,0.0195801503198604
"Q","lnpois",5,0.1,1,0.5,"TOX-raw-blocked","expr_decile","2",20,46.85,1.27995682492974,0.146211512701768,0.0318596982109247,0.526867662128733,0.0172468926088538
"Q","lnpois",5,0.1,1,0.5,"TOX-raw-blocked","expr_decile","3",20,48.3,1.54084734036691,0.144258061162976,0.0282327131157795,0.511124512847712,0.0215274919800821
"Q","lnpois",5,0.1,1,0.5,"TOX-raw-blocked","expr_decile","4",20,47.55,1.40201922053046,0.134842298274634,0.0273760213795765,0.512676451753304,0.0175181903774129
"Q","lnpois",5,0.1,1,0.5,"TOX-raw-blocked","expr_decile","5",20,48.05,1.31484439743784,0.146364793599701,0.028570382279878,0.547013473687734,0.0141119460314132
"Q","lnpois",5,0.1,1,0.5,"TOX-raw-blocked","expr_decile","6",20,47.55,1.08452026745761,0.132761788299144,0.0268716901946558,0.511902084786171,0.0161626618390788
"Q","lnpois",5,0.1,1,0.5,"TOX-raw-blocked","expr_decile","7",20,48,1.52867331541542,0.145350307477849,0.0290513988892083,0.501912621709247,0.022771392761418
"Q","lnpois",5,0.1,1,0.5,"TOX-raw-blocked","expr_decile","8",20,47.05,1.45724144587606,0.146264118057984,0.0305487642275847,0.505700103221798,0.0201815430869648
"Q","lnpois",5,0.1,1,0.5,"TOX-raw-blocked","expr_decile","9",20,48.7,1.12880934010832,0.167148232840691,0.0323769284415159,0.543620757951216,0.0142773369709975
"Q","lnpois",5,0.3,0.5,0.5,"DESeq2","abs_lfc_bin","(0.5,1]",20,216.7,17.6172911472911,0.04514912277583,0.00404937470070784,0.033126440172649,0.00596666814117397
"Q","lnpois",5,0.3,0.5,0.5,"DESeq2","abs_lfc_bin","(1,2]",20,462.1,9.90823687114599,0.144410029113235,0.00865295325158063,0.103166186091986,0.0054665457364889
"Q","lnpois",5,0.3,0.5,0.5,"DESeq2","abs_lfc_bin","(2,4]",20,346.3,4.7,0.295900444913796,0.0107092892405866,0.235441503481092,0.00871292260704977
"Q","lnpois",5,0.3,0.5,0.5,"DESeq2","abs_lfc_bin","[0.25,0.5]",20,171.05,9.07120226465686,0.00938051022219945,0.00175404889027587,0.00346447104500415,0.00102686032811964
"Q","lnpois",5,0.3,0.5,0.5,"DESeq2","expr_decile","1",20,134.6,2.04990372046052,0.131039274028862,0.00685932637249651,0.0986567694830736,0.00678678055794281
"Q","lnpois",5,0.3,0.5,0.5,"DESeq2","expr_decile","10",20,144.7,1.9696379576487,0.146024070960354,0.0106899298420102,0.1001676455019,0.00588837606271515
"Q","lnpois",5,0.3,0.5,0.5,"DESeq2","expr_decile","2",20,142.85,1.89219310241902,0.122449803502716,0.00752937899495339,0.0942402850959051,0.00561547503701424
"Q","lnpois",5,0.3,0.5,0.5,"DESeq2","expr_decile","3",20,142.5,2.40010964661814,0.122875262210481,0.00914328537743528,0.0928938620635292,0.0063706710943032
"Q","lnpois",5,0.3,0.5,0.5,"DESeq2","expr_decile","4",20,138.75,2.35290973276204,0.132471446140291,0.00807393694987852,0.0978711613144899,0.00581021497147666
"Q","lnpois",5,0.3,0.5,0.5,"DESeq2","expr_decile","5",20,142.2,1.90925722674938,0.146548688511455,0.00783104821098684,0.114335064461548,0.00641649518590053
"Q","lnpois",5,0.3,0.5,0.5,"DESeq2","expr_decile","6",20,137.9,1.29146999068585,0.13648405085199,0.00786645121320144,0.105043555402335,0.0084590960033744
"Q","lnpois",5,0.3,0.5,0.5,"DESeq2","expr_decile","7",20,143.3,2.56196881529154,0.142000717533182,0.00880776381053856,0.110536855487809,0.00784959513875395
"Q","lnpois",5,0.3,0.5,0.5,"DESeq2","expr_decile","8",20,142.55,2.27627928172732,0.141459717573847,0.00764750825816077,0.109139261018288,0.00750336858404811
"Q","lnpois",5,0.3,0.5,0.5,"DESeq2","expr_decile","9",20,141.65,1.82132831804298,0.140985848852692,0.0085701193018184,0.107488155313895,0.00806770592367682
"Q","lnpois",5,0.3,0.5,0.5,"edgeR","abs_lfc_bin","(0.5,1]",20,216.7,17.6172911472911,0.0139594839895911,0.00237952345180824,0.0444315465965539,0.00605101607305478
"Q","lnpois",5,0.3,0.5,0.5,"edgeR","abs_lfc_bin","(1,2]",20,462.1,9.90823687114599,0.0676917084699508,0.00519619004291494,0.138542385528286,0.00440760746723066
"Q","lnpois",5,0.3,0.5,0.5,"edgeR","abs_lfc_bin","(2,4]",20,346.3,4.7,0.218958840613994,0.00844122192042734,0.333305203837003,0.00913303250192248
"Q","lnpois",5,0.3,0.5,0.5,"edgeR","abs_lfc_bin","[0.25,0.5]",20,171.05,9.07120226465686,0.00115419221540922,0.000559278218097423,0.00595675184303375,0.00150256052730166
"Q","lnpois",5,0.3,0.5,0.5,"edgeR","expr_decile","1",20,134.6,2.04990372046052,0.0895561119243841,0.00598336651215602,0.151740718920963,0.00759416685527088
"Q","lnpois",5,0.3,0.5,0.5,"edgeR","expr_decile","10",20,144.7,1.9696379576487,0.0774994030573891,0.00613717923392334,0.142757584516529,0.00563897949670325
"Q","lnpois",5,0.3,0.5,0.5,"edgeR","expr_decile","2",20,142.85,1.89219310241902,0.0797762512910808,0.0057607399154786,0.135746423216066,0.00675052891000037
"Q","lnpois",5,0.3,0.5,0.5,"edgeR","expr_decile","3",20,142.5,2.40010964661814,0.0836005862821028,0.00615213999303056,0.136917535257513,0.00768959962043441
"Q","lnpois",5,0.3,0.5,0.5,"edgeR","expr_decile","4",20,138.75,2.35290973276204,0.0832861572068714,0.00572115758467616,0.137316992878944,0.00754825024811064
"Q","lnpois",5,0.3,0.5,0.5,"edgeR","expr_decile","5",20,142.2,1.90925722674938,0.0931605481468427,0.00578711305364894,0.153179372718346,0.00574557226365754
"Q","lnpois",5,0.3,0.5,0.5,"edgeR","expr_decile","6",20,137.9,1.29146999068585,0.0837148917598294,0.00543186751479952,0.146132881905157,0.00938791759406248
"Q","lnpois",5,0.3,0.5,0.5,"edgeR","expr_decile","7",20,143.3,2.56196881529154,0.0828905446547776,0.00754682114474561,0.150517837850735,0.00840788984152022
"Q","lnpois",5,0.3,0.5,0.5,"edgeR","expr_decile","8",20,142.55,2.27627928172732,0.0830960315609643,0.00563808404266885,0.152088832826451,0.00811738249267247
"Q","lnpois",5,0.3,0.5,0.5,"edgeR","expr_decile","9",20,141.65,1.82132831804298,0.0902069050843199,0.0077015899877385,0.151826368573216,0.00874325496251046
"Q","lnpois",5,0.3,0.5,0.5,"limma","abs_lfc_bin","(0.5,1]",20,216.7,17.6172911472911,0.0103669633146548,0.00216177430394643,0.0357021657581772,0.00483722672021407
"Q","lnpois",5,0.3,0.5,0.5,"limma","abs_lfc_bin","(1,2]",20,462.1,9.90823687114599,0.0492242629653326,0.00447932866799942,0.118468934632103,0.0060072635380678
"Q","lnpois",5,0.3,0.5,0.5,"limma","abs_lfc_bin","(2,4]",20,346.3,4.7,0.198071035194472,0.00983241797015376,0.315150687522615,0.00945784078168805
"Q","lnpois",5,0.3,0.5,0.5,"limma","abs_lfc_bin","[0.25,0.5]",20,171.05,9.07120226465686,0.00151133507255208,0.000630041634224733,0.00582012704311122,0.00123903839058033
"Q","lnpois",5,0.3,0.5,0.5,"limma","expr_decile","1",20,134.6,2.04990372046052,0.0628895941188827,0.00460734659564766,0.115319855280845,0.00699036114936347
"Q","lnpois",5,0.3,0.5,0.5,"limma","expr_decile","10",20,144.7,1.9696379576487,0.078577808662593,0.00660732920899414,0.142961517505493,0.00932031914322858
"Q","lnpois",5,0.3,0.5,0.5,"limma","expr_decile","2",20,142.85,1.89219310241902,0.0687723846413741,0.0063357984430934,0.125062284167378,0.00711225535749543
"Q","lnpois",5,0.3,0.5,0.5,"limma","expr_decile","3",20,142.5,2.40010964661814,0.0774271386423783,0.00736720960103501,0.135473807801866,0.00610016661773115
"Q","lnpois",5,0.3,0.5,0.5,"limma","expr_decile","4",20,138.75,2.35290973276204,0.075385196598893,0.00732915066670096,0.14098046802571,0.00901762877997995
"Q","lnpois",5,0.3,0.5,0.5,"limma","expr_decile","5",20,142.2,1.90925722674938,0.0788093502549039,0.00710978748185015,0.146148722236602,0.00802135286746062
"Q","lnpois",5,0.3,0.5,0.5,"limma","expr_decile","6",20,137.9,1.29146999068585,0.0782417944984345,0.00507250131565832,0.144874070260465,0.00820158682064888
"Q","lnpois",5,0.3,0.5,0.5,"limma","expr_decile","7",20,143.3,2.56196881529154,0.078366021321955,0.00681069648372484,0.142202550009888,0.00811456654513682
"Q","lnpois",5,0.3,0.5,0.5,"limma","expr_decile","8",20,142.55,2.27627928172732,0.0789936293277642,0.00661898665748868,0.148436520586889,0.00812251237330966
"Q","lnpois",5,0.3,0.5,0.5,"limma","expr_decile","9",20,141.65,1.82132831804298,0.0763396430404661,0.00709616819766327,0.137694318025861,0.00776001054274256
"Q","lnpois",5,0.3,0.5,0.5,"TOX-log","abs_lfc_bin","(0.5,1]",20,216.7,17.6172911472911,0.0145884130040641,0.00217960777976095,0.0691948084012988,0.00605568332529424
"Q","lnpois",5,0.3,0.5,0.5,"TOX-log","abs_lfc_bin","(1,2]",20,462.1,9.90823687114599,0.113292606079778,0.0106604796044013,0.267030605490316,0.0167379420943767
"Q","lnpois",5,0.3,0.5,0.5,"TOX-log","abs_lfc_bin","(2,4]",20,346.3,4.7,0.44277771946954,0.0131451363982024,0.635679496176834,0.0114461684150003
"Q","lnpois",5,0.3,0.5,0.5,"TOX-log","abs_lfc_bin","[0.25,0.5]",20,171.05,9.07120226465686,0.00345293808999096,0.00088337465842935,0.0205656617485916,0.00354242466653426
"Q","lnpois",5,0.3,0.5,0.5,"TOX-log","expr_decile","1",20,134.6,2.04990372046052,0.156908644244141,0.0074399505922372,0.27094382810792,0.0125356115137794
"Q","lnpois",5,0.3,0.5,0.5,"TOX-log","expr_decile","10",20,144.7,1.9696379576487,0.16523994870457,0.0110531415587668,0.281286827163564,0.0145410582520085
"Q","lnpois",5,0.3,0.5,0.5,"TOX-log","expr_decile","2",20,142.85,1.89219310241902,0.192182204959074,0.0135481911017194,0.295026863542445,0.0155834457538834
"Q","lnpois",5,0.3,0.5,0.5,"TOX-log","expr_decile","3",20,142.5,2.40010964661814,0.195939926927414,0.0122667367505533,0.308966395836914,0.0163560846349717
"Q","lnpois",5,0.3,0.5,0.5,"TOX-log","expr_decile","4",20,138.75,2.35290973276204,0.193365552773659,0.00956514128815218,0.303682899528988,0.0126370202399386
"Q","lnpois",5,0.3,0.5,0.5,"TOX-log","expr_decile","5",20,142.2,1.90925722674938,0.196823128875809,0.0122359782562487,0.317386963170126,0.0167942067204126
"Q","lnpois",5,0.3,0.5,0.5,"TOX-log","expr_decile","6",20,137.9,1.29146999068585,0.185209227108561,0.00850181265980717,0.299603792929749,0.0116838678700925
"Q","lnpois",5,0.3,0.5,0.5,"TOX-log","expr_decile","7",20,143.3,2.56196881529154,0.187253897554156,0.0112757145524157,0.315489352250833,0.0133372646336189
"Q","lnpois",5,0.3,0.5,0.5,"TOX-log","expr_decile","8",20,142.55,2.27627928172732,0.18129004921793,0.0097496625396878,0.298935613187714,0.0122700622017151
"Q","lnpois",5,0.3,0.5,0.5,"TOX-log","expr_decile","9",20,141.65,1.82132831804298,0.178102175479389,0.0138213688202936,0.294722963725935,0.0153656518645304
"Q","lnpois",5,0.3,0.5,0.5,"TOX-log-blocked","abs_lfc_bin","(0.5,1]",20,216.7,17.6172911472911,0.00429366280268857,0.00135010166756823,0.0677576827976024,0.00561549454543459
"Q","lnpois",5,0.3,0.5,0.5,"TOX-log-blocked","abs_lfc_bin","(1,2]",20,462.1,9.90823687114599,0.0440101236607228,0.00560776528728888,0.26497499381034,0.0166385119058808
"Q","lnpois",5,0.3,0.5,0.5,"TOX-log-blocked","abs_lfc_bin","(2,4]",20,346.3,4.7,0.284324909205881,0.0133241604496267,0.636027866888904,0.0116162836997917
"Q","lnpois",5,0.3,0.5,0.5,"TOX-log-blocked","abs_lfc_bin","[0.25,0.5]",20,171.05,9.07120226465686,0.00160844143334457,0.00065916932492902,0.0180565494002469,0.00323196661989037
"Q","lnpois",5,0.3,0.5,0.5,"TOX-log-blocked","expr_decile","1",20,134.6,2.04990372046052,0.0812158998649803,0.00534828952357276,0.266263555281649,0.0128251983514596
"Q","lnpois",5,0.3,0.5,0.5,"TOX-log-blocked","expr_decile","10",20,144.7,1.9696379576487,0.104654410889806,0.00891536497888686,0.284295525270251,0.0145779187843855
"Q","lnpois",5,0.3,0.5,0.5,"TOX-log-blocked","expr_decile","2",20,142.85,1.89219310241902,0.117647637506101,0.00982038484283636,0.290432651403177,0.0158040171757542
"Q","lnpois",5,0.3,0.5,0.5,"TOX-log-blocked","expr_decile","3",20,142.5,2.40010964661814,0.128371256258084,0.00890896619186672,0.306482300593469,0.01576222009134
"Q","lnpois",5,0.3,0.5,0.5,"TOX-log-blocked","expr_decile","4",20,138.75,2.35290973276204,0.122172877696308,0.00831161974609986,0.30089735999856,0.0119421834176773
"Q","lnpois",5,0.3,0.5,0.5,"TOX-log-blocked","expr_decile","5",20,142.2,1.90925722674938,0.124661578330294,0.0101763170472046,0.312357627361447,0.0163375957248984
"Q","lnpois",5,0.3,0.5,0.5,"TOX-log-blocked","expr_decile","6",20,137.9,1.29146999068585,0.115804398793101,0.0081525012625943,0.301803779618044,0.0117192268123089
"Q","lnpois",5,0.3,0.5,0.5,"TOX-log-blocked","expr_decile","7",20,143.3,2.56196881529154,0.120369213493506,0.00922039581807377,0.312133384140243,0.0135834064532599
"Q","lnpois",5,0.3,0.5,0.5,"TOX-log-blocked","expr_decile","8",20,142.55,2.27627928172732,0.113436916159557,0.00821704149555173,0.300503647435613,0.0123313253522663
"Q","lnpois",5,0.3,0.5,0.5,"TOX-log-blocked","expr_decile","9",20,141.65,1.82132831804298,0.111709878813988,0.0123856902966125,0.297630429342894,0.0144935341567181
"Q","lnpois",5,0.3,0.5,0.5,"TOX-log-blocked-oracle","abs_lfc_bin","(0.5,1]",20,216.7,17.6172911472911,0.0239006126459929,0.00303326283053888,0.0703247948444715,0.00542821743894472
"Q","lnpois",5,0.3,0.5,0.5,"TOX-log-blocked-oracle","abs_lfc_bin","(1,2]",20,462.1,9.90823687114599,0.14488995632829,0.0125326477097671,0.267089268627038,0.0166472961908439
"Q","lnpois",5,0.3,0.5,0.5,"TOX-log-blocked-oracle","abs_lfc_bin","(2,4]",20,346.3,4.7,0.48299696526759,0.0145096989626628,0.63632111066299,0.0115771063417908
"Q","lnpois",5,0.3,0.5,0.5,"TOX-log-blocked-oracle","abs_lfc_bin","[0.25,0.5]",20,171.05,9.07120226465686,0.00481795546134152,0.0012695235549643,0.0192130617047449,0.00302674969224372
"Q","lnpois",5,0.3,0.5,0.5,"TOX-log-blocked-oracle","expr_decile","1",20,134.6,2.04990372046052,0.160912950833719,0.00829369869041994,0.251487979657699,0.0115311269083667
"Q","lnpois",5,0.3,0.5,0.5,"TOX-log-blocked-oracle","expr_decile","10",20,144.7,1.9696379576487,0.213145978308811,0.0134326086632171,0.31243748947929,0.014374639675376
"Q","lnpois",5,0.3,0.5,0.5,"TOX-log-blocked-oracle","expr_decile","2",20,142.85,1.89219310241902,0.195692678506211,0.0137472639755699,0.278158694369465,0.0155473606064293
"Q","lnpois",5,0.3,0.5,0.5,"TOX-log-blocked-oracle","expr_decile","3",20,142.5,2.40010964661814,0.207068132599759,0.0130185225858718,0.296786289400351,0.0143754396462958
"Q","lnpois",5,0.3,0.5,0.5,"TOX-log-blocked-oracle","expr_decile","4",20,138.75,2.35290973276204,0.207960377716123,0.0111304927593888,0.303448614539852,0.0130746451937085
"Q","lnpois",5,0.3,0.5,0.5,"TOX-log-blocked-oracle","expr_decile","5",20,142.2,1.90925722674938,0.218505879762662,0.0151985822375061,0.30969310726165,0.0171869002488109
"Q","lnpois",5,0.3,0.5,0.5,"TOX-log-blocked-oracle","expr_decile","6",20,137.9,1.29146999068585,0.209779722157766,0.0106236125087905,0.302879049404377,0.0122761464825553
"Q","lnpois",5,0.3,0.5,0.5,"TOX-log-blocked-oracle","expr_decile","7",20,143.3,2.56196881529154,0.216397735144374,0.0129113158733788,0.311740867641465,0.0130362918274284
"Q","lnpois",5,0.3,0.5,0.5,"TOX-log-blocked-oracle","expr_decile","8",20,142.55,2.27627928172732,0.21480655329815,0.0108985673067782,0.303139047947618,0.0130404633663356
"Q","lnpois",5,0.3,0.5,0.5,"TOX-log-blocked-oracle","expr_decile","9",20,141.65,1.82132831804298,0.215107097036875,0.0156897571841154,0.312381472538829,0.0131113575152484
"Q","lnpois",5,0.3,0.5,0.5,"TOX-log-boot","abs_lfc_bin","(0.5,1]",20,216.7,17.6172911472911,0.0211732306758061,0.00283258565920561,0.0688150776680674,0.00554752070709696
"Q","lnpois",5,0.3,0.5,0.5,"TOX-log-boot","abs_lfc_bin","(1,2]",20,462.1,9.90823687114599,0.143831119671867,0.0113973913311319,0.26660873583037,0.0159160000931865
"Q","lnpois",5,0.3,0.5,0.5,"TOX-log-boot","abs_lfc_bin","(2,4]",20,346.3,4.7,0.501880713001333,0.0125513789599704,0.642690138669846,0.0113110119804971
"Q","lnpois",5,0.3,0.5,0.5,"TOX-log-boot","abs_lfc_bin","[0.25,0.5]",20,171.05,9.07120226465686,0.00516987693168404,0.00142395217509047,0.0180445010263368,0.00325418969437337
"Q","lnpois",5,0.3,0.5,0.5,"TOX-log-boot","expr_decile","1",20,134.6,2.04990372046052,0.181725754891649,0.00857736979604038,0.262468691352155,0.0126916874133746
"Q","lnpois",5,0.3,0.5,0.5,"TOX-log-boot","expr_decile","10",20,144.7,1.9696379576487,0.202772942999567,0.0120021656053474,0.296218489167233,0.0142283043228986
"Q","lnpois",5,0.3,0.5,0.5,"TOX-log-boot","expr_decile","2",20,142.85,1.89219310241902,0.206757106005195,0.0132587782717097,0.291804693849557,0.0152644749406595
"Q","lnpois",5,0.3,0.5,0.5,"TOX-log-boot","expr_decile","3",20,142.5,2.40010964661814,0.218097095541663,0.0122990785009299,0.304381912510361,0.0154739773655678
"Q","lnpois",5,0.3,0.5,0.5,"TOX-log-boot","expr_decile","4",20,138.75,2.35290973276204,0.215922986873506,0.0103465404702725,0.30419392224147,0.0121492377730769
"Q","lnpois",5,0.3,0.5,0.5,"TOX-log-boot","expr_decile","5",20,142.2,1.90925722674938,0.222627285716021,0.0136828210087489,0.311987657815592,0.0161718093117092
"Q","lnpois",5,0.3,0.5,0.5,"TOX-log-boot","expr_decile","6",20,137.9,1.29146999068585,0.213565086903759,0.00898705958564612,0.30627189741012,0.0112948673534564
"Q","lnpois",5,0.3,0.5,0.5,"TOX-log-boot","expr_decile","7",20,143.3,2.56196881529154,0.22142733564155,0.0119406982582263,0.313952172250605,0.0133226884239122
"Q","lnpois",5,0.3,0.5,0.5,"TOX-log-boot","expr_decile","8",20,142.55,2.27627928172732,0.215184545292918,0.00943513047584718,0.304378569068562,0.0123113462725476
"Q","lnpois",5,0.3,0.5,0.5,"TOX-log-boot","expr_decile","9",20,141.65,1.82132831804298,0.216783187853548,0.0136230694646238,0.300124461620527,0.0141531762650799
"Q","lnpois",5,0.3,0.5,0.5,"TOX-log-oracle","abs_lfc_bin","(0.5,1]",20,216.7,17.6172911472911,0.0544836664957443,0.00452866277839877,0.0721351539904957,0.00596475378324941
"Q","lnpois",5,0.3,0.5,0.5,"TOX-log-oracle","abs_lfc_bin","(1,2]",20,462.1,9.90823687114599,0.235103251192112,0.0149331708198127,0.266096602795822,0.0162952165457284
"Q","lnpois",5,0.3,0.5,0.5,"TOX-log-oracle","abs_lfc_bin","(2,4]",20,346.3,4.7,0.603870869052271,0.0118765129787309,0.631850833044106,0.011195657033505
"Q","lnpois",5,0.3,0.5,0.5,"TOX-log-oracle","abs_lfc_bin","[0.25,0.5]",20,171.05,9.07120226465686,0.0129143345021934,0.0024722670331545,0.0199417570290285,0.00329207920354049
"Q","lnpois",5,0.3,0.5,0.5,"TOX-log-oracle","expr_decile","1",20,134.6,2.04990372046052,0.233292722217799,0.0106085776154808,0.251500304886869,0.0108295241149509
"Q","lnpois",5,0.3,0.5,0.5,"TOX-log-oracle","expr_decile","10",20,144.7,1.9696379576487,0.287298781904422,0.014472752030667,0.307032660252229,0.0132611976892216
"Q","lnpois",5,0.3,0.5,0.5,"TOX-log-oracle","expr_decile","2",20,142.85,1.89219310241902,0.253211074728257,0.0146525321279379,0.279298423562609,0.0151403096899662
"Q","lnpois",5,0.3,0.5,0.5,"TOX-log-oracle","expr_decile","3",20,142.5,2.40010964661814,0.274515488449753,0.0155457060283152,0.295200387221944,0.0143384707092524
"Q","lnpois",5,0.3,0.5,0.5,"TOX-log-oracle","expr_decile","4",20,138.75,2.35290973276204,0.279260948744701,0.0112324537194091,0.298727053215164,0.0131271991539445
"Q","lnpois",5,0.3,0.5,0.5,"TOX-log-oracle","expr_decile","5",20,142.2,1.90925722674938,0.287803960019634,0.0157970850444422,0.309357628055847,0.0180779617626075
"Q","lnpois",5,0.3,0.5,0.5,"TOX-log-oracle","expr_decile","6",20,137.9,1.29146999068585,0.276347632666304,0.0107943100210693,0.302165965871606,0.0127418197426013
"Q","lnpois",5,0.3,0.5,0.5,"TOX-log-oracle","expr_decile","7",20,143.3,2.56196881529154,0.287204159511937,0.0117660790057317,0.310902446888814,0.012925035991094
"Q","lnpois",5,0.3,0.5,0.5,"TOX-log-oracle","expr_decile","8",20,142.55,2.27627928172732,0.281645267398708,0.0120295067338644,0.301747174623939,0.0119971279902531
"Q","lnpois",5,0.3,0.5,0.5,"TOX-log-oracle","expr_decile","9",20,141.65,1.82132831804298,0.284517100237203,0.0134599539287035,0.310430849430821,0.0132019858183682
"Q","lnpois",5,0.3,0.5,0.5,"TOX-raw","abs_lfc_bin","(0.5,1]",20,216.7,17.6172911472911,0.00194685678452089,0.000648696983273161,0.0647043443869703,0.0042345664680529
"Q","lnpois",5,0.3,0.5,0.5,"TOX-raw","abs_lfc_bin","(1,2]",20,462.1,9.90823687114599,0.0156272145913638,0.0023806131220729,0.273764778966378,0.0188496116340191
"Q","lnpois",5,0.3,0.5,0.5,"TOX-raw","abs_lfc_bin","(2,4]",20,346.3,4.7,0.117949439213967,0.00681356457856905,0.588233619795652,0.0157680338929994
"Q","lnpois",5,0.3,0.5,0.5,"TOX-raw","abs_lfc_bin","[0.25,0.5]",20,171.05,9.07120226465686,0.000616698292220114,0.000424942873885461,0.020987643186381,0.00352654463408082
"Q","lnpois",5,0.3,0.5,0.5,"TOX-raw","expr_decile","1",20,134.6,2.04990372046052,0.02623924285045,0.00290019101004268,0.252265189323679,0.0112488677381133
"Q","lnpois",5,0.3,0.5,0.5,"TOX-raw","expr_decile","10",20,144.7,1.9696379576487,0.0563784289941253,0.00551769459801306,0.2931911249406,0.0163504657308955
"Q","lnpois",5,0.3,0.5,0.5,"TOX-raw","expr_decile","2",20,142.85,1.89219310241902,0.0502537361014914,0.00501998739185802,0.27232127385771,0.0158637974405529
"Q","lnpois",5,0.3,0.5,0.5,"TOX-raw","expr_decile","3",20,142.5,2.40010964661814,0.0463130739346839,0.00448775063623453,0.279744765014939,0.0159838072489147
"Q","lnpois",5,0.3,0.5,0.5,"TOX-raw","expr_decile","4",20,138.75,2.35290973276204,0.0550394710629455,0.00646874307380724,0.280881689787575,0.0148589911495267
"Q","lnpois",5,0.3,0.5,0.5,"TOX-raw","expr_decile","5",20,142.2,1.90925722674938,0.0465216494993564,0.00361546995163743,0.296890204194926,0.0168872987176509
"Q","lnpois",5,0.3,0.5,0.5,"TOX-raw","expr_decile","6",20,137.9,1.29146999068585,0.0445589628379231,0.00564387610243368,0.281902346682961,0.0124749992119363
"Q","lnpois",5,0.3,0.5,0.5,"TOX-raw","expr_decile","7",20,143.3,2.56196881529154,0.0429389178734134,0.00510480027820835,0.286825312279422,0.0159457341254373
"Q","lnpois",5,0.3,0.5,0.5,"TOX-raw","expr_decile","8",20,142.55,2.27627928172732,0.0501183972910912,0.00705818766830795,0.272746391365296,0.0146196633238375
"Q","lnpois",5,0.3,0.5,0.5,"TOX-raw","expr_decile","9",20,141.65,1.82132831804298,0.0485756048945582,0.00679422388707433,0.27461044492286,0.0153983157582923
"Q","lnpois",5,0.3,0.5,0.5,"TOX-raw-blocked","abs_lfc_bin","(0.5,1]",20,216.7,17.6172911472911,0,0,0.0672375644518757,0.00542871561725958
"Q","lnpois",5,0.3,0.5,0.5,"TOX-raw-blocked","abs_lfc_bin","(1,2]",20,462.1,9.90823687114599,0,0,0.280708225942158,0.0195572147140746
"Q","lnpois",5,0.3,0.5,0.5,"TOX-raw-blocked","abs_lfc_bin","(2,4]",20,346.3,4.7,0.000157232704402516,0.000157232704402516,0.601664574143872,0.0152279143835369
"Q","lnpois",5,0.3,0.5,0.5,"TOX-raw-blocked","abs_lfc_bin","[0.25,0.5]",20,171.05,9.07120226465686,0,0,0.0217057093814974,0.00365028367473653
"Q","lnpois",5,0.3,0.5,0.5,"TOX-raw-blocked","expr_decile","1",20,134.6,2.04990372046052,0,0,0.252362990767062,0.0106269357550193
"Q","lnpois",5,0.3,0.5,0.5,"TOX-raw-blocked","expr_decile","10",20,144.7,1.9696379576487,0.00034965034965035,0.00034965034965035,0.30588188299433,0.0184845997506217
"Q","lnpois",5,0.3,0.5,0.5,"TOX-raw-blocked","expr_decile","2",20,142.85,1.89219310241902,0,0,0.276364456140059,0.0160548118667983
"Q","lnpois",5,0.3,0.5,0.5,"TOX-raw-blocked","expr_decile","3",20,142.5,2.40010964661814,0,0,0.284161855805595,0.0172030295380112
"Q","lnpois",5,0.3,0.5,0.5,"TOX-raw-blocked","expr_decile","4",20,138.75,2.35290973276204,0,0,0.288982216611362,0.0145116326648351
"Q","lnpois",5,0.3,0.5,0.5,"TOX-raw-blocked","expr_decile","5",20,142.2,1.90925722674938,0,0,0.304071694504765,0.016780551653848
"Q","lnpois",5,0.3,0.5,0.5,"TOX-raw-blocked","expr_decile","6",20,137.9,1.29146999068585,0,0,0.289470237918627,0.01188386298742
"Q","lnpois",5,0.3,0.5,0.5,"TOX-raw-blocked","expr_decile","7",20,143.3,2.56196881529154,0,0,0.293716107761037,0.0157851680326275
"Q","lnpois",5,0.3,0.5,0.5,"TOX-raw-blocked","expr_decile","8",20,142.55,2.27627928172732,0,0,0.277349774834273,0.0148143012371238
"Q","lnpois",5,0.3,0.5,0.5,"TOX-raw-blocked","expr_decile","9",20,141.65,1.82132831804298,0,0,0.286195599186793,0.0154866378911766
"Q","lnpois",5,0.3,1,0.5,"DESeq2","abs_lfc_bin","(0.5,1]",20,210.2,17.421039910951,0.278418762834361,0.0159793998046312,0.191191203903364,0.0176572632768426
"Q","lnpois",5,0.3,1,0.5,"DESeq2","abs_lfc_bin","(1,2]",20,460.3,10.1172338636918,0.776284246196481,0.0128288089496139,0.676376184862372,0.0142636105274844
"Q","lnpois",5,0.3,1,0.5,"DESeq2","abs_lfc_bin","(2,4]",20,354.8,9.38688895271092,0.995589970188496,0.000787937940377707,0.989227133102471,0.00154981482521986
"Q","lnpois",5,0.3,1,0.5,"DESeq2","abs_lfc_bin","[0.25,0.5]",20,157.65,10.0000723681592,0.0803367025142784,0.00454608169404645,0.040371230814902,0.00325244565265222
"Q","lnpois",5,0.3,1,0.5,"DESeq2","expr_decile","1",20,126.25,2.06967452310235,0.563239926373437,0.00861256733957484,0.500557225038399,0.010942498791236
"Q","lnpois",5,0.3,1,0.5,"DESeq2","expr_decile","10",20,142.9,2.31573564530742,0.61339966449902,0.0132103156831913,0.558694519248209,0.010840533909936
"Q","lnpois",5,0.3,1,0.5,"DESeq2","expr_decile","2",20,143.85,2.29791095059015,0.594611837824564,0.00953669762169689,0.537450412232993,0.00821070089695702
"Q","lnpois",5,0.3,1,0.5,"DESeq2","expr_decile","3",20,145.65,1.84430132256664,0.606198496278065,0.0133543217023338,0.547663159302422,0.0122117237016966
"Q","lnpois",5,0.3,1,0.5,"DESeq2","expr_decile","4",20,141.9,2.16539773908191,0.611554046884702,0.0104993789872606,0.556273559653365,0.0107089195091841
"Q","lnpois",5,0.3,1,0.5,"DESeq2","expr_decile","5",20,139.2,1.92435908674469,0.59430788301029,0.0135663590747058,0.546121135492523,0.0121011763868693
"Q","lnpois",5,0.3,1,0.5,"DESeq2","expr_decile","6",20,138.7,2.39198222137382,0.627105008306738,0.00840288610768658,0.584769552885404,0.00924325050377266
"Q","lnpois",5,0.3,1,0.5,"DESeq2","expr_decile","7",20,143.7,2.52992614828763,0.605765901996941,0.0119032190457825,0.550440423494787,0.0103448188779283
"Q","lnpois",5,0.3,1,0.5,"DESeq2","expr_decile","8",20,141.05,2.49892081970556,0.599342731025567,0.0124879357842016,0.54622653563251,0.0110455524816403
"Q","lnpois",5,0.3,1,0.5,"DESeq2","expr_decile","9",20,142.55,2.47883143096861,0.602618665520058,0.0123756884864721,0.549532641422588,0.0110704823714135
"Q","lnpois",5,0.3,1,0.5,"edgeR","abs_lfc_bin","(0.5,1]",20,210.2,17.421039910951,0.246972068481783,0.0135805939867663,0.210640975608649,0.016876419738439
"Q","lnpois",5,0.3,1,0.5,"edgeR","abs_lfc_bin","(1,2]",20,460.3,10.1172338636918,0.76849472350461,0.0136398131904108,0.730549440419251,0.0139637244305095
"Q","lnpois",5,0.3,1,0.5,"edgeR","abs_lfc_bin","(2,4]",20,354.8,9.38688895271092,0.997286555885548,0.000479461848718044,0.995551202374018,0.000734503052797032
"Q","lnpois",5,0.3,1,0.5,"edgeR","abs_lfc_bin","[0.25,0.5]",20,157.65,10.0000723681592,0.0638011174272763,0.00396761467240822,0.0482854783032944,0.00312532345785295
"Q","lnpois",5,0.3,1,0.5,"edgeR","expr_decile","1",20,126.25,2.06967452310235,0.561152874806302,0.00992845681393023,0.539284814382466,0.0079115358325884
"Q","lnpois",5,0.3,1,0.5,"edgeR","expr_decile","10",20,142.9,2.31573564530742,0.60002373042718,0.0129724203991813,0.578427125590138,0.012432781807349
"Q","lnpois",5,0.3,1,0.5,"edgeR","expr_decile","2",20,143.85,2.29791095059015,0.586369958076586,0.00954089233853705,0.56514258440062,0.0079714128756195
"Q","lnpois",5,0.3,1,0.5,"edgeR","expr_decile","3",20,145.65,1.84430132256664,0.59249997432688,0.0132837959592431,0.570609301938762,0.0124624834611882
"Q","lnpois",5,0.3,1,0.5,"edgeR","expr_decile","4",20,141.9,2.16539773908191,0.605664444352303,0.0107329031587047,0.588170962553896,0.0104501055447579
"Q","lnpois",5,0.3,1,0.5,"edgeR","expr_decile","5",20,139.2,1.92435908674469,0.582785279319844,0.0139341246584382,0.562935612425446,0.0120256428524262
"Q","lnpois",5,0.3,1,0.5,"edgeR","expr_decile","6",20,138.7,2.39198222137382,0.619573217963726,0.00904962194122137,0.599516540779197,0.00991584467117399
"Q","lnpois",5,0.3,1,0.5,"edgeR","expr_decile","7",20,143.7,2.52992614828763,0.599900208355574,0.0135129569042319,0.575347353627383,0.0118916599642597
"Q","lnpois",5,0.3,1,0.5,"edgeR","expr_decile","8",20,141.05,2.49892081970556,0.587817018589004,0.0117856071015994,0.566122061855495,0.0102713738663693
"Q","lnpois",5,0.3,1,0.5,"edgeR","expr_decile","9",20,142.55,2.47883143096861,0.586289346906778,0.0125389811005576,0.567828381616522,0.0114681169734572
"Q","lnpois",5,0.3,1,0.5,"limma","abs_lfc_bin","(0.5,1]",20,210.2,17.421039910951,0.22596843352058,0.0136860023896852,0.225152496358851,0.0192478225972677
"Q","lnpois",5,0.3,1,0.5,"limma","abs_lfc_bin","(1,2]",20,460.3,10.1172338636918,0.75825240034597,0.0150176819279743,0.751912601079539,0.0149628597257469
"Q","lnpois",5,0.3,1,0.5,"limma","abs_lfc_bin","(2,4]",20,354.8,9.38688895271092,0.997339175789015,0.000606243434894882,0.996491234189526,0.000862812884723368
"Q","lnpois",5,0.3,1,0.5,"limma","abs_lfc_bin","[0.25,0.5]",20,157.65,10.0000723681592,0.0521195309800356,0.0045165413757546,0.0495248743042351,0.00337633879235583
"Q","lnpois",5,0.3,1,0.5,"limma","expr_decile","1",20,126.25,2.06967452310235,0.542260482457794,0.0117177704197564,0.541030184518849,0.0101406542820758
"Q","lnpois",5,0.3,1,0.5,"limma","expr_decile","10",20,142.9,2.31573564530742,0.594371203390967,0.0137939937419339,0.593014544506205,0.0115723320609633
"Q","lnpois",5,0.3,1,0.5,"limma","expr_decile","2",20,143.85,2.29791095059015,0.574322011858642,0.00943492415560709,0.570401094484924,0.00676988237737161
"Q","lnpois",5,0.3,1,0.5,"limma","expr_decile","3",20,145.65,1.84430132256664,0.584528135217622,0.0131033285142487,0.580811281882296,0.0121454812184293
"Q","lnpois",5,0.3,1,0.5,"limma","expr_decile","4",20,141.9,2.16539773908191,0.594425579872596,0.0111450101182643,0.588878984493449,0.0112315784347443
"Q","lnpois",5,0.3,1,0.5,"limma","expr_decile","5",20,139.2,1.92435908674469,0.575638401552296,0.0153525005216347,0.573866887305954,0.0125642817225409
"Q","lnpois",5,0.3,1,0.5,"limma","expr_decile","6",20,138.7,2.39198222137382,0.612994308015232,0.00888504214860184,0.612745794862401,0.00935672455688581
"Q","lnpois",5,0.3,1,0.5,"limma","expr_decile","7",20,143.7,2.52992614828763,0.593386744028266,0.0124281930119645,0.593438703420964,0.0110820727992503
"Q","lnpois",5,0.3,1,0.5,"limma","expr_decile","8",20,141.05,2.49892081970556,0.581095755336019,0.0126983655451955,0.576781583260589,0.0107924140103488
"Q","lnpois",5,0.3,1,0.5,"limma","expr_decile","9",20,142.55,2.47883143096861,0.578343128990584,0.0129087182772407,0.575779254755642,0.0116587096723751
"Q","lnpois",5,0.3,1,0.5,"TOX-log","abs_lfc_bin","(0.5,1]",20,210.2,17.421039910951,0.239427080269128,0.0136241442941676,0.273033315329008,0.0167136427454217
"Q","lnpois",5,0.3,1,0.5,"TOX-log","abs_lfc_bin","(1,2]",20,460.3,10.1172338636918,0.814321824912369,0.0136530502918469,0.834245223093149,0.0130817395153201
"Q","lnpois",5,0.3,1,0.5,"TOX-log","abs_lfc_bin","(2,4]",20,354.8,9.38688895271092,0.998897379571842,0.000374111902928228,0.999277883941936,0.000287574526961788
"Q","lnpois",5,0.3,1,0.5,"TOX-log","abs_lfc_bin","[0.25,0.5]",20,157.65,10.0000723681592,0.0596730970849713,0.00380337437000689,0.0720188978569974,0.00568930152340746
"Q","lnpois",5,0.3,1,0.5,"TOX-log","expr_decile","1",20,126.25,2.06967452310235,0.565285835078071,0.0131467380369402,0.579733931320527,0.0126348024964547
"Q","lnpois",5,0.3,1,0.5,"TOX-log","expr_decile","10",20,142.9,2.31573564530742,0.613377793797745,0.0147785778884029,0.627493306038938,0.0144208728622237
"Q","lnpois",5,0.3,1,0.5,"TOX-log","expr_decile","2",20,143.85,2.29791095059015,0.608863682473637,0.0125825217702507,0.62209073330151,0.012018540070613
"Q","lnpois",5,0.3,1,0.5,"TOX-log","expr_decile","3",20,145.65,1.84430132256664,0.611870204135473,0.0154573025860707,0.625818721420825,0.016127556340609
"Q","lnpois",5,0.3,1,0.5,"TOX-log","expr_decile","4",20,141.9,2.16539773908191,0.614390323690692,0.0116398339355963,0.62826534787447,0.0119385566719094
"Q","lnpois",5,0.3,1,0.5,"TOX-log","expr_decile","5",20,139.2,1.92435908674469,0.597382107982225,0.0148627922191141,0.613977487708995,0.0136812538602339
"Q","lnpois",5,0.3,1,0.5,"TOX-log","expr_decile","6",20,138.7,2.39198222137382,0.635513477968369,0.0104535742950533,0.645276088107111,0.0110604766360699
"Q","lnpois",5,0.3,1,0.5,"TOX-log","expr_decile","7",20,143.7,2.52992614828763,0.609106924626663,0.0132329325258886,0.622056423455555,0.0138774279300685
"Q","lnpois",5,0.3,1,0.5,"TOX-log","expr_decile","8",20,141.05,2.49892081970556,0.603583188319128,0.0142250043588197,0.619814518061725,0.0140600213312903
"Q","lnpois",5,0.3,1,0.5,"TOX-log","expr_decile","9",20,142.55,2.47883143096861,0.605763223706668,0.0140346334380983,0.61856996685344,0.0147297341582867
"Q","lnpois",5,0.3,1,0.5,"TOX-log-blocked","abs_lfc_bin","(0.5,1]",20,210.2,17.421039910951,0.17838081626319,0.0107353218058481,0.272754599815255,0.0171323641362327
"Q","lnpois",5,0.3,1,0.5,"TOX-log-blocked","abs_lfc_bin","(1,2]",20,460.3,10.1172338636918,0.754240477256768,0.0164666778956462,0.83550866770887,0.0132270131139836
"Q","lnpois",5,0.3,1,0.5,"TOX-log-blocked","abs_lfc_bin","(2,4]",20,354.8,9.38688895271092,0.997866285944564,0.000515010491008952,0.999422392612456,0.000265711483087519
"Q","lnpois",5,0.3,1,0.5,"TOX-log-blocked","abs_lfc_bin","[0.25,0.5]",20,157.65,10.0000723681592,0.0331884989496945,0.00329268537818201,0.0728388875486572,0.00572540237805859
"Q","lnpois",5,0.3,1,0.5,"TOX-log-blocked","expr_decile","1",20,126.25,2.06967452310235,0.523042480223825,0.0144249719521998,0.579830105408122,0.012876017405746
"Q","lnpois",5,0.3,1,0.5,"TOX-log-blocked","expr_decile","10",20,142.9,2.31573564530742,0.583114217659623,0.0144236715858545,0.628273239974667,0.0147434454177425
"Q","lnpois",5,0.3,1,0.5,"TOX-log-blocked","expr_decile","2",20,143.85,2.29791095059015,0.574354655731572,0.0132588271212502,0.622441372050054,0.0125371145935161
"Q","lnpois",5,0.3,1,0.5,"TOX-log-blocked","expr_decile","3",20,145.65,1.84430132256664,0.58034579164689,0.015934468741612,0.627207634989529,0.0160814982529758
"Q","lnpois",5,0.3,1,0.5,"TOX-log-blocked","expr_decile","4",20,141.9,2.16539773908191,0.584920485804945,0.01255123222675,0.628703113637329,0.0122376119698859
"Q","lnpois",5,0.3,1,0.5,"TOX-log-blocked","expr_decile","5",20,139.2,1.92435908674469,0.568345569864306,0.0158085919764532,0.613981718915201,0.0139793742497549
"Q","lnpois",5,0.3,1,0.5,"TOX-log-blocked","expr_decile","6",20,138.7,2.39198222137382,0.599434403072969,0.0108468887696752,0.645879368574128,0.0107297230106232
"Q","lnpois",5,0.3,1,0.5,"TOX-log-blocked","expr_decile","7",20,143.7,2.52992614828763,0.57756627345886,0.0142394023913324,0.624539789498581,0.0136909736828235
"Q","lnpois",5,0.3,1,0.5,"TOX-log-blocked","expr_decile","8",20,141.05,2.49892081970556,0.568853059051893,0.0138615942020016,0.62016907020715,0.0143118303436873
"Q","lnpois",5,0.3,1,0.5,"TOX-log-blocked","expr_decile","9",20,142.55,2.47883143096861,0.56960614011889,0.0146094073078707,0.618180794956635,0.0146245083161725
"Q","lnpois",5,0.3,1,0.5,"TOX-log-blocked-oracle","abs_lfc_bin","(0.5,1]",20,210.2,17.421039910951,0.176383383714501,0.0115261033313148,0.270092150552018,0.0166737075941034
"Q","lnpois",5,0.3,1,0.5,"TOX-log-blocked-oracle","abs_lfc_bin","(1,2]",20,460.3,10.1172338636918,0.752802459621366,0.0166237991982831,0.832256491943333,0.013343005944249
"Q","lnpois",5,0.3,1,0.5,"TOX-log-blocked-oracle","abs_lfc_bin","(2,4]",20,354.8,9.38688895271092,0.997716335926279,0.000505992699126734,0.99955260094579,0.000244500503895145
"Q","lnpois",5,0.3,1,0.5,"TOX-log-blocked-oracle","abs_lfc_bin","[0.25,0.5]",20,157.65,10.0000723681592,0.0351737106307793,0.00330112918321612,0.0723570181109316,0.00572239964666615
"Q","lnpois",5,0.3,1,0.5,"TOX-log-blocked-oracle","expr_decile","1",20,126.25,2.06967452310235,0.515644306700221,0.0151880581879051,0.574612751131765,0.01266845135691
"Q","lnpois",5,0.3,1,0.5,"TOX-log-blocked-oracle","expr_decile","10",20,142.9,2.31573564530742,0.582688700446974,0.014457446267183,0.628906208016634,0.0146079400031955
"Q","lnpois",5,0.3,1,0.5,"TOX-log-blocked-oracle","expr_decile","2",20,143.85,2.29791095059015,0.573791915769407,0.0134563465192467,0.618620712402602,0.0122143573125749
"Q","lnpois",5,0.3,1,0.5,"TOX-log-blocked-oracle","expr_decile","3",20,145.65,1.84430132256664,0.58207674792327,0.0158681594096472,0.627361258985435,0.0162065582577023
"Q","lnpois",5,0.3,1,0.5,"TOX-log-blocked-oracle","expr_decile","4",20,141.9,2.16539773908191,0.584478230991362,0.0126275469470506,0.626328535971791,0.0121928945090114
"Q","lnpois",5,0.3,1,0.5,"TOX-log-blocked-oracle","expr_decile","5",20,139.2,1.92435908674469,0.569453427900171,0.0162485082445085,0.610960133732946,0.0136640929386388
"Q","lnpois",5,0.3,1,0.5,"TOX-log-blocked-oracle","expr_decile","6",20,138.7,2.39198222137382,0.600551174845735,0.0110717475128652,0.6457558780268,0.0108856397440023
"Q","lnpois",5,0.3,1,0.5,"TOX-log-blocked-oracle","expr_decile","7",20,143.7,2.52992614828763,0.577610372118883,0.0137137715507504,0.62256496516288,0.0135507476457536
"Q","lnpois",5,0.3,1,0.5,"TOX-log-blocked-oracle","expr_decile","8",20,141.05,2.49892081970556,0.566940640663448,0.0139316825005139,0.617508603721199,0.0145939318280442
"Q","lnpois",5,0.3,1,0.5,"TOX-log-blocked-oracle","expr_decile","9",20,142.55,2.47883143096861,0.570492630452646,0.0145081999891104,0.615743405282222,0.0146330367255386
"Q","lnpois",5,0.3,1,0.5,"TOX-log-boot","abs_lfc_bin","(0.5,1]",20,210.2,17.421039910951,0.238275011856773,0.0134905878651743,0.268835417955108,0.0170297994565067
"Q","lnpois",5,0.3,1,0.5,"TOX-log-boot","abs_lfc_bin","(1,2]",20,460.3,10.1172338636918,0.811820747555017,0.0140742626228777,0.834385992473132,0.0130471250298357
"Q","lnpois",5,0.3,1,0.5,"TOX-log-boot","abs_lfc_bin","(2,4]",20,354.8,9.38688895271092,0.999038224642265,0.000304333139870334,0.999422392612456,0.000265711483087519
"Q","lnpois",5,0.3,1,0.5,"TOX-log-boot","abs_lfc_bin","[0.25,0.5]",20,157.65,10.0000723681592,0.0568258468279885,0.00395729852568643,0.0703582414031504,0.00585944016789517
"Q","lnpois",5,0.3,1,0.5,"TOX-log-boot","expr_decile","1",20,126.25,2.06967452310235,0.564235917423509,0.0128713919031272,0.578563698321502,0.0132270722559145
"Q","lnpois",5,0.3,1,0.5,"TOX-log-boot","expr_decile","10",20,142.9,2.31573564530742,0.613908316984768,0.0148934007603611,0.627380404078922,0.014510101094728
"Q","lnpois",5,0.3,1,0.5,"TOX-log-boot","expr_decile","2",20,143.85,2.29791095059015,0.604821921886618,0.0129406097510721,0.620308426305051,0.0119830004390093
"Q","lnpois",5,0.3,1,0.5,"TOX-log-boot","expr_decile","3",20,145.65,1.84430132256664,0.613622395313525,0.0154600284449034,0.626933508696295,0.0158494311889734
"Q","lnpois",5,0.3,1,0.5,"TOX-log-boot","expr_decile","4",20,141.9,2.16539773908191,0.612888177757425,0.011863791100119,0.626582945846909,0.011813074509416
"Q","lnpois",5,0.3,1,0.5,"TOX-log-boot","expr_decile","5",20,139.2,1.92435908674469,0.595606990209234,0.0148545300279544,0.613384234447783,0.0140611119814874
"Q","lnpois",5,0.3,1,0.5,"TOX-log-boot","expr_decile","6",20,138.7,2.39198222137382,0.631863533757567,0.0106395910132954,0.644706118575484,0.0107927512949811
"Q","lnpois",5,0.3,1,0.5,"TOX-log-boot","expr_decile","7",20,143.7,2.52992614828763,0.606243981062844,0.0131468800743658,0.623106888751551,0.0143271325121509
"Q","lnpois",5,0.3,1,0.5,"TOX-log-boot","expr_decile","8",20,141.05,2.49892081970556,0.603585518795079,0.0141026906102006,0.617755634631008,0.0141881676062804
"Q","lnpois",5,0.3,1,0.5,"TOX-log-boot","expr_decile","9",20,142.55,2.47883143096861,0.604084579820172,0.0143899265073662,0.617829076538082,0.0147659418023533
"Q","lnpois",5,0.3,1,0.5,"TOX-log-oracle","abs_lfc_bin","(0.5,1]",20,210.2,17.421039910951,0.240321993652771,0.0141588260674686,0.271940024792442,0.0164762058780411
"Q","lnpois",5,0.3,1,0.5,"TOX-log-oracle","abs_lfc_bin","(1,2]",20,460.3,10.1172338636918,0.811773277767254,0.0137168318840669,0.83305704189985,0.0133001197484026
"Q","lnpois",5,0.3,1,0.5,"TOX-log-oracle","abs_lfc_bin","(2,4]",20,354.8,9.38688895271092,0.999294042307595,0.00028499950542587,0.99955260094579,0.000244500503895145
"Q","lnpois",5,0.3,1,0.5,"TOX-log-oracle","abs_lfc_bin","[0.25,0.5]",20,157.65,10.0000723681592,0.0561720092734603,0.00486504416280974,0.0730152017971409,0.0054983024987684
"Q","lnpois",5,0.3,1,0.5,"TOX-log-oracle","expr_decile","1",20,126.25,2.06967452310235,0.560727860900749,0.0129453509322212,0.575853699668192,0.01267408043876
"Q","lnpois",5,0.3,1,0.5,"TOX-log-oracle","expr_decile","10",20,142.9,2.31573564530742,0.613735101370802,0.0147185030988089,0.629644001614177,0.0147546226660249
"Q","lnpois",5,0.3,1,0.5,"TOX-log-oracle","expr_decile","2",20,143.85,2.29791095059015,0.60686010659353,0.0124048475389736,0.619304469464437,0.0120668065112609
"Q","lnpois",5,0.3,1,0.5,"TOX-log-oracle","expr_decile","3",20,145.65,1.84430132256664,0.614675292410929,0.0151023840636387,0.628318870050655,0.0161796395261474
"Q","lnpois",5,0.3,1,0.5,"TOX-log-oracle","expr_decile","4",20,141.9,2.16539773908191,0.614124387728248,0.0116958508499555,0.626732443883705,0.0122982652424562
"Q","lnpois",5,0.3,1,0.5,"TOX-log-oracle","expr_decile","5",20,139.2,1.92435908674469,0.597311930819802,0.0149138895986237,0.611414521104403,0.0136921795215244
"Q","lnpois",5,0.3,1,0.5,"TOX-log-oracle","expr_decile","6",20,138.7,2.39198222137382,0.634327269627342,0.0103456012841087,0.646168141423077,0.0111285913441124
"Q","lnpois",5,0.3,1,0.5,"TOX-log-oracle","expr_decile","7",20,143.7,2.52992614828763,0.60798236350987,0.0134956900995452,0.623018299743954,0.0136570571541453
"Q","lnpois",5,0.3,1,0.5,"TOX-log-oracle","expr_decile","8",20,141.05,2.49892081970556,0.598593560140771,0.0137139820005903,0.618155086080821,0.0146637249431087
"Q","lnpois",5,0.3,1,0.5,"TOX-log-oracle","expr_decile","9",20,142.55,2.47883143096861,0.605396057003505,0.0148497000900264,0.618110851880516,0.015314795378399
"Q","lnpois",5,0.3,1,0.5,"TOX-raw","abs_lfc_bin","(0.5,1]",20,210.2,17.421039910951,0.0970450239291633,0.00664926148922727,0.243885621606402,0.0152740512120072
"Q","lnpois",5,0.3,1,0.5,"TOX-raw","abs_lfc_bin","(1,2]",20,460.3,10.1172338636918,0.584002300881472,0.0200473681207812,0.801012436825,0.0140395351512562
"Q","lnpois",5,0.3,1,0.5,"TOX-raw","abs_lfc_bin","(2,4]",20,354.8,9.38688895271092,0.976372486153922,0.00204365565060043,0.998107926303697,0.000630696718068532
"Q","lnpois",5,0.3,1,0.5,"TOX-raw","abs_lfc_bin","[0.25,0.5]",20,157.65,10.0000723681592,0.0169118996704174,0.00264908420552846,0.0627087228343215,0.00407178950014411
"Q","lnpois",5,0.3,1,0.5,"TOX-raw","expr_decile","1",20,126.25,2.06967452310235,0.452916016359144,0.0158165510030811,0.560000587790357,0.0148365169459476
"Q","lnpois",5,0.3,1,0.5,"TOX-raw","expr_decile","10",20,142.9,2.31573564530742,0.50791328624054,0.0155565033549822,0.615910587905112,0.0137484898185708
"Q","lnpois",5,0.3,1,0.5,"TOX-raw","expr_decile","2",20,143.85,2.29791095059015,0.502207600107609,0.0143229361347011,0.607163977128355,0.0120349158727826
"Q","lnpois",5,0.3,1,0.5,"TOX-raw","expr_decile","3",20,145.65,1.84430132256664,0.513207625724664,0.0184338217202699,0.609647874789939,0.0162150020973518
"Q","lnpois",5,0.3,1,0.5,"TOX-raw","expr_decile","4",20,141.9,2.16539773908191,0.502751941807688,0.0148187000217037,0.611709430133522,0.0117473194004033
"Q","lnpois",5,0.3,1,0.5,"TOX-raw","expr_decile","5",20,139.2,1.92435908674469,0.492038254693723,0.0166360416209072,0.595334889402912,0.0149684333430464
"Q","lnpois",5,0.3,1,0.5,"TOX-raw","expr_decile","6",20,138.7,2.39198222137382,0.518115147867186,0.0150256325778895,0.629996489924592,0.0123784494198565
"Q","lnpois",5,0.3,1,0.5,"TOX-raw","expr_decile","7",20,143.7,2.52992614828763,0.501218871138848,0.0153098398380794,0.604040196634992,0.0136891938710621
"Q","lnpois",5,0.3,1,0.5,"TOX-raw","expr_decile","8",20,141.05,2.49892081970556,0.495742566464413,0.015916634209127,0.604770786242208,0.0147301223070598
"Q","lnpois",5,0.3,1,0.5,"TOX-raw","expr_decile","9",20,142.55,2.47883143096861,0.485248457312963,0.0170959616112353,0.598345073380806,0.014390502645233
"Q","lnpois",5,0.3,1,0.5,"TOX-raw-blocked","abs_lfc_bin","(0.5,1]",20,210.2,17.421039910951,0.0691153852965432,0.0058780453497514,0.244557859067969,0.0158475529529129
"Q","lnpois",5,0.3,1,0.5,"TOX-raw-blocked","abs_lfc_bin","(1,2]",20,460.3,10.1172338636918,0.556442777766085,0.0221677576826667,0.808344177910829,0.014064199353015
"Q","lnpois",5,0.3,1,0.5,"TOX-raw-blocked","abs_lfc_bin","(2,4]",20,354.8,9.38688895271092,0.984442762605435,0.00180180275364937,0.998864332638968,0.000322907748308145
"Q","lnpois",5,0.3,1,0.5,"TOX-raw-blocked","abs_lfc_bin","[0.25,0.5]",20,157.65,10.0000723681592,0.0103204016256021,0.00208531834349346,0.0625548404147335,0.00362033677700928
"Q","lnpois",5,0.3,1,0.5,"TOX-raw-blocked","expr_decile","1",20,126.25,2.06967452310235,0.433590644308583,0.0147748516642854,0.564999664681336,0.0146535406421144
"Q","lnpois",5,0.3,1,0.5,"TOX-raw-blocked","expr_decile","10",20,142.9,2.31573564530742,0.50173884894502,0.014447416408413,0.621187121223524,0.013968646759249
"Q","lnpois",5,0.3,1,0.5,"TOX-raw-blocked","expr_decile","2",20,143.85,2.29791095059015,0.486145278591354,0.0133818391031282,0.609909094763854,0.0125264458260067
"Q","lnpois",5,0.3,1,0.5,"TOX-raw-blocked","expr_decile","3",20,145.65,1.84430132256664,0.500383961931355,0.0181754230536822,0.610238305103894,0.0156462389540744
"Q","lnpois",5,0.3,1,0.5,"TOX-raw-blocked","expr_decile","4",20,141.9,2.16539773908191,0.494200774736752,0.0169036304233201,0.613020366150928,0.0122108782894431
"Q","lnpois",5,0.3,1,0.5,"TOX-raw-blocked","expr_decile","5",20,139.2,1.92435908674469,0.485551408528974,0.0179585998472721,0.598196963320077,0.0143372322351437
"Q","lnpois",5,0.3,1,0.5,"TOX-raw-blocked","expr_decile","6",20,138.7,2.39198222137382,0.506599079284824,0.0142101719488612,0.631898119911904,0.011847069496661
"Q","lnpois",5,0.3,1,0.5,"TOX-raw-blocked","expr_decile","7",20,143.7,2.52992614828763,0.489355585218197,0.0161501002927906,0.607941779767708,0.0143578676892879
"Q","lnpois",5,0.3,1,0.5,"TOX-raw-blocked","expr_decile","8",20,141.05,2.49892081970556,0.474925685472521,0.0157734369633779,0.607471542968971,0.0151138787533578
"Q","lnpois",5,0.3,1,0.5,"TOX-raw-blocked","expr_decile","9",20,142.55,2.47883143096861,0.475999405928353,0.0177537489881305,0.599508489928114,0.0141064420734939
