"part","dist","n_rep","pi1","het","frac_up","method","n_rounds","delta_mean","delta_se","delta_realised_mean","delta_realised_se","n_genes_mean","n_genes_se","n_tested_mean","n_tested_se","n_de_mean","n_de_se","n_de_total_mean","n_de_total_se","n_called_01_mean","n_called_01_se","fdr_nom_01_mean","fdr_nom_01_se","tpr_nom_01_mean","tpr_nom_01_se","tpr_all_nom_01_mean","tpr_all_nom_01_se","zero_disc_01_mean","zero_disc_01_se","n_called_05_mean","n_called_05_se","fdr_nom_05_mean","fdr_nom_05_se","tpr_nom_05_mean","tpr_nom_05_se","tpr_all_nom_05_mean","tpr_all_nom_05_se","zero_disc_05_mean","zero_disc_05_se","n_called_10_mean","n_called_10_se","fdr_nom_10_mean","fdr_nom_10_se","tpr_nom_10_mean","tpr_nom_10_se","tpr_all_nom_10_mean","tpr_all_nom_10_se","zero_disc_10_mean","zero_disc_10_se","fpr_null05_mean","fpr_null05_se","tpr_ach05_mean","tpr_ach05_se","tpr_all_ach05_mean","tpr_all_ach05_se","auc_p_mean","auc_p_se","pauc05_p_mean","pauc05_p_se","pauc10_p_mean","pauc10_p_se","ap_p_mean","ap_p_se","auc_pe_mean","auc_pe_se","pauc05_pe_mean","pauc05_pe_se","pauc10_pe_mean","pauc10_pe_se","ap_pe_mean","ap_pe_se","prec_top100_mean","prec_top100_se","prec_top250_mean","prec_top250_se","prec_top500_mean","prec_top500_se","sign_err05_mean","sign_err05_se","lfc_rmse_mean","lfc_rmse_se","lfc80_mean","lfc80_se","p_floor_mean","p_floor_se","n_at_floor_mean","n_at_floor_se","de_at_floor_mean","de_at_floor_se","m_star_mean","m_star_se","floor_blocks05_mean","floor_blocks05_se","floor_th_median_mean","floor_th_median_se"
"C","lnpois",5,0.1,1,0.5,"DESeq2",20,0.12818713171849,0.0217113186801235,NA,NA,4738,7.12815027309256,4732.8,7.19012480676393,472.8,1.50717581833322,500,0,207.95,3.261800439215,0.0390056052697763,0.00276314811764747,0.422653787495474,0.00654002176014529,0.3997,0.0063994654382016,0,0,264.5,3.8199614216845,0.123338036142777,0.00576781357250823,0.49010104371932,0.00643648700108736,0.4635,0.00646101670343803,0,0,313.45,3.95798659607847,0.200171998291765,0.00570252003484486,0.529865256397162,0.00585723321629323,0.5011,0.00600784574754677,0,0,0.00768254198897868,0.000410321813347998,0.436734289324204,0.00792140426447507,0.4131,0.00790665941835708,0.851523181910471,0.00185850381500177,0.76896113659991,0.00258917440563475,0.790171755851132,0.00212649294739578,0.679517010062693,0.00360627743586751,0.851523181910471,0.00185850381500177,0.76896113659991,0.00258917440563475,0.790171755851132,0.00212649294739578,0.679517010062693,0.00360627743586751,1,0,0.9028,0.00695912880209948,0.5817,0.00389405755100336,0,0,0.415742973415584,0.0034570866442067,1.46796419460956,0.0155802220560022,4.36585091068795e-32,4.36488537551258e-32,1,0,1,0,1,0,0,0,NA,NA
"C","lnpois",5,0.1,1,0.5,"edgeR",20,0.12818713171849,0.0217113186801235,NA,NA,4738,7.12815027309256,4738,7.12815027309256,472.8,1.50717581833322,500,0,193.25,3.58716645249349,0.0161116738080834,0.00190207232221397,0.402035698307833,0.00708857032217372,0.3802,0.00687160442461737,0,0,239.75,3.43654891148848,0.0767585650671928,0.00351150139890092,0.468018976719826,0.00634432753245573,0.4426,0.00626787968849704,0,0,278.5,3.23590059049702,0.135627769166513,0.0059157636672384,0.508944109945788,0.00579045236569105,0.4813,0.00583686108866924,0,0,0.00432821345319401,0.000213240722476938,0.452841076979658,0.0069190088578876,0.4283,0.00693317729244111,0.853753066170883,0.00168462877938812,0.773850470828682,0.00245737759253804,0.793964677859605,0.00206148217548341,0.685991852926293,0.00346535376211103,0.853753066170883,0.00168462877938812,0.773850470828682,0.00245737759253804,0.793964677859605,0.00206148217548341,0.685991852926293,0.00346535376211103,1,0,0.9086,0.00658722847238263,0.5894,0.00370802827446212,0,0,0.415159548370183,0.00344957414990187,1.50802564422243,0.013783782948228,6.25220283321085e-22,5.76027214502491e-22,1,0,1,0,1,0,0,0,NA,NA
"C","lnpois",5,0.1,1,0.5,"limma",20,0.12818713171849,0.0217113186801235,NA,NA,4738,7.12815027309256,4738,7.12815027309256,472.8,1.50717581833322,500,0,188.4,3.40773114827848,0.0109673233010866,0.00137230750543008,0.39400980993608,0.00679382313899701,0.3726,0.00655197840752178,0,0,228.5,3.22531108250776,0.0499893486790689,0.00329871697134061,0.459049978446211,0.00622123024691651,0.4341,0.00608617933907377,0,0,260.45,3.30189339621981,0.0955622889012085,0.00470115641284434,0.498072823670056,0.00605136689712686,0.471,0.00598331012066064,0,0,0.00268506020161663,0.000186633433092174,0.461645090997176,0.00735669292233153,0.4366,0.00723747557036146,0.857933494153466,0.00194318883726676,0.779160382029241,0.00249684244807765,0.79965452166865,0.00199530121333622,0.695458667173317,0.00346128460542069,0.857933494153466,0.00194318883726676,0.779160382029241,0.00249684244807765,0.79965452166865,0.00199530121333622,0.695458667173317,0.00346128460542069,1,0,0.9192,0.00557135531087364,0.5974,0.00356030749706879,0,0,0.403346998752982,0.00306424932353633,1.5126546893547,0.0112858134591163,4.26095162814633e-24,3.40424279677667e-24,1,0,1,0,1,0,0,0,NA,NA
"C","lnpois",5,0.1,1,0.5,"TOX-log-TMM",20,0.12818713171849,0.0217113186801235,NA,NA,4738,7.12815027309256,4738,7.12815027309256,472.8,1.50717581833322,500,0,195.45,2.77818096489127,0.0169148294650818,0.00169796744259719,0.406395583125153,0.00569449331910636,0.3843,0.0055332012243794,0,0,238.45,3.45076269220222,0.0654872958194247,0.00379664709932943,0.471199266630516,0.00656222776555657,0.4456,0.00645404809728788,0,0,266.85,3.54836878757431,0.109593829372006,0.00474698089411977,0.50229983806333,0.00603814513448098,0.475,0.00598858563391531,0,0,0.00367037656705838,0.000223326003858095,0.458298071114708,0.00698211681545356,0.4334,0.00681190907625446,0.858009816610982,0.00186167566637908,0.778026598235272,0.00242834007099502,0.799200136796725,0.00191077701497885,0.693518366238861,0.00341865082391505,0.858019453569603,0.0018612996908831,0.778124471808422,0.00241613669619477,0.799250487776319,0.00190471442418274,0.694146358705387,0.00334129415949044,1,0,0.9158,0.00578546272543246,0.5979,0.00321992154203206,0,0,0.540095715198005,0.00842363794312625,1.48929776505799,0.0113367147027683,1.59997440040959e-05,0,159.25,2.55247557852125,158.95,2.59602428826526,2,0,0,0,1.59997440040959e-05,0
"C","lnpois",5,0.1,1,0.5,"TOX-log-TPM",20,0.12818713171849,0.0217113186801235,NA,NA,4738,7.12815027309256,4738,7.12815027309256,472.8,1.50717581833322,500,0,203.7,5.38570231944583,0.0462485356012548,0.0128328123976728,0.408608954494074,0.00621182331912584,0.3864,0.0060273062849528,0,0,264.6,20.5872213814911,0.118143304035501,0.0269435913858276,0.472137039077846,0.00736909070210009,0.4465,0.00722841614740048,0,0,322.25,37.3367234911237,0.185514763849311,0.0309703376056669,0.511211886474097,0.00790931190662562,0.4834,0.00759792215363066,0,0,0.00974508091745472,0.00438234168274873,0.411107972916244,0.02290154693682,0.3889,0.021761615168384,0.841501689954947,0.00610883231318904,0.765269949886,0.0045100582503079,0.785533041357857,0.00439328256482861,0.667041527891365,0.0090552555807291,0.841545229806327,0.00609041603843179,0.765719407460478,0.00436522271964426,0.785763189559602,0.00431513473364814,0.669672107343268,0.00807748496660103,1,0,0.892,0.00998946813820489,0.5781,0.00721763191956446,0.000579150579150579,0.000579150579150579,0.497374049883711,0.0110573901763905,1.5241600818472,0.0135710375863094,1.59997440040959e-05,0,159.9,2.3282023786152,158.5,2.31186869049807,2,0,0,0,1.59997440040959e-05,0
"C","lnpois",5,0.1,1,0.5,"TOX-log-TPM-centred",20,0.12818713171849,0.0217113186801235,NA,NA,4738,7.12815027309256,4738,7.12815027309256,472.8,1.50717581833322,500,0,192.95,3.34229278379851,0.0153901986561009,0.00217287197291351,0.401630828235578,0.00630642331786709,0.3798,0.00610935434610858,0,0,235.15,3.12988565454496,0.0670588194322293,0.0034940476366296,0.463942395721324,0.00600481441426277,0.4387,0.00578796391797577,0,0,266.25,3.66912796179147,0.110325883589922,0.00486510785978522,0.500748373104182,0.00621703566627035,0.4735,0.00603127812237785,0,0,0.00370435964283823,0.000205081227755943,0.449179398981391,0.00639520585875236,0.4248,0.00635676183702297,0.856946612999119,0.00197867064376963,0.777062393430186,0.00254563867150433,0.798100326914427,0.00199277101230898,0.691607729380394,0.00349919587626966,0.85696279790617,0.00197777458558495,0.777228946373684,0.0025472288416696,0.798185670141012,0.00199038047994263,0.692553854032272,0.00346278102021778,1,0,0.914,0.00557059951417874,0.5947,0.0037,0,0,0.484514763444357,0.00632523235384952,1.50985895938263,0.0145467287686914,1.59997440040959e-05,0,157.35,2.49238313351108,156.9,2.45260334295922,2,0,0,0,1.59997440040959e-05,0
"C","lnpois",5,0.1,1,0.7,"DESeq2",20,0.180608428727797,0.0151744571207306,NA,NA,4753.65,5.29909376562088,4748.3,5.24007834413108,479.65,0.754896298210974,500,0,205.35,2.95160527242559,0.0427485401628725,0.00448181135967376,0.409674938562379,0.00562471888941719,0.393,0.00542217668469038,0,0,260.3,3.45809500341323,0.122208432910935,0.00677780754329431,0.475875673364655,0.00526089736529663,0.4565,0.00506354358964258,0,0,310.35,3.9558584137294,0.199772906749812,0.00706393542192176,0.51705514164098,0.0049642544403559,0.496,0.00476610842026115,0,0,0.0074993546094033,0.000486795537134448,0.422184588765494,0.00695199820284527,0.405,0.00668619945543765,0.842980558561178,0.00263788699715021,0.7639187110642,0.0026528208752897,0.78513541212624,0.00274709867030313,0.668950793149574,0.00480568840928199,0.842980558561178,0.00263788699715021,0.7639187110642,0.0026528208752897,0.78513541212624,0.00274709867030313,0.668950793149574,0.00480568840928199,1,0,0.893,0.00618912458736248,0.5829,0.00423139892259111,0,0,0.413206681611273,0.00321468389801788,1.51485483940078,0.0160424630343938,2.92986191286183e-36,2.6190320300413e-36,1,0,1,0,1,0,0,0,NA,NA
"C","lnpois",5,0.1,1,0.7,"edgeR",20,0.180608428727797,0.0151744571207306,NA,NA,4753.65,5.29909376562088,4753.65,5.29909376562088,479.65,0.754896298210974,500,0,189.05,2.78669300331716,0.0133370884307435,0.00214424138604354,0.388818197002836,0.00552300678676736,0.373,0.00534789678284838,0,0,233.6,2.78662217709806,0.0657394169097283,0.00393212039773076,0.454795821927248,0.00472353661871121,0.4363,0.00465272981558591,0,0,273.3,3.38036123887125,0.132142044144892,0.00529919343241485,0.494196776921866,0.005443301053399,0.4741,0.0053537493010924,0,0,0.00361586466422131,0.000241385751189385,0.441891355745731,0.00659907844569612,0.4239,0.00633698417396261,0.845131840830901,0.00275180611202908,0.767834646846546,0.00262197947945466,0.787755470286249,0.00265327966535875,0.675164059742607,0.00461830471349242,0.845131840830901,0.00275180611202908,0.767834646846546,0.00262197947945466,0.787755470286249,0.00265327966535875,0.675164059742607,0.00461830471349242,1,0,0.9066,0.00565145533189648,0.5845,0.00431856457633783,0,0,0.412568187919355,0.00321410551645162,1.53950814657105,0.0135140145796554,1.5493541260529e-21,1.13987188908399e-21,1,0,1,0,1,0,0,0,NA,NA
"C","lnpois",5,0.1,1,0.7,"limma",20,0.180608428727797,0.0151744571207306,NA,NA,4753.65,5.29909376562088,4753.65,5.29909376562088,479.65,0.754896298210974,500,0,185.8,2.73630561543345,0.00980311055306306,0.00178475851257315,0.383502490090378,0.00543228114704561,0.3679,0.00525452186216786,0,0,223.5,2.85666349362144,0.042013424305292,0.00422076306974246,0.446231880467958,0.00531799841803108,0.4281,0.00526452876883532,0,0,256.1,3.29984050651256,0.0946856000063,0.00513518358397494,0.483139941232083,0.00579302835433015,0.4635,0.00569741400249178,0,0,0.00221149716157597,0.000235457492487577,0.45699194745154,0.0072096841923411,0.4384,0.00696547878733703,0.849919394193194,0.00273999941520408,0.774000033394186,0.00285910660822481,0.793125948961671,0.0027756870310984,0.684845254816178,0.00477546158391962,0.849919394193194,0.00273999941520408,0.774000033394186,0.00285910660822481,0.793125948961671,0.0027756870310984,0.684845254816178,0.00477546158391962,1,0,0.916,0.00627106974841403,0.5957,0.00449625575223137,0,0,0.399373350060994,0.00276470743294234,1.54888654320249,0.0135001374716862,2.30389888517889e-23,2.20079309737941e-23,1,0,1,0,1,0,0,0,NA,NA
"C","lnpois",5,0.1,1,0.7,"TOX-log-TMM",20,0.180608428727797,0.0151744571207306,NA,NA,4753.65,5.29909376562088,4753.65,5.29909376562088,479.65,0.754896298210974,500,0,193.1,2.61161373786199,0.016595289141271,0.00226867181691556,0.395902140657697,0.00535560718545315,0.3798,0.00521314128959336,0,0,229.4,3.27944154424275,0.0529416077485286,0.00450946910923574,0.452698013015934,0.00580968349983342,0.4343,0.00570922614352372,0,0,262.25,2.90994212277405,0.107882936013957,0.00503333134651138,0.487639566903865,0.00538286697253907,0.4678,0.00524936086335129,0,0,0.00286785088857166,0.000268928922483787,0.451775756942985,0.00742148385450975,0.4334,0.0071790631260925,0.849786569224567,0.00273738069855952,0.772713055205762,0.00284193155256703,0.792320184285818,0.0027527100130323,0.682443446372538,0.00485975517590157,0.849797105079197,0.00273557982568285,0.772824009812474,0.00283100573194089,0.792375963697051,0.00274705256151697,0.683187129758525,0.00476407247758211,1,0,0.9134,0.00661911108676591,0.5938,0.00479012141369034,0,0,0.499508961251528,0.00521209341976527,1.54684688894932,0.0164594926088393,1.59997440040959e-05,0,156.05,2.57055697425572,155.65,2.57546623270224,2,0,0,0,1.59997440040959e-05,0
"C","lnpois",5,0.1,1,0.7,"TOX-log-TPM",20,0.180608428727797,0.0151744571207306,NA,NA,4753.65,5.29909376562088,4753.65,5.29909376562088,479.65,0.754896298210974,500,0,190.9,3.38409592995794,0.0393344245363254,0.00692289295904062,0.381701520075652,0.00512023794691212,0.3662,0.00508434128632112,0,0,243.75,5.86195359927047,0.124711254428679,0.014748490778103,0.441758298393803,0.00503319866174258,0.4238,0.00496704932000563,0,0,293.35,10.6349164250793,0.203704856987974,0.0208491685284795,0.478648752686558,0.00579115615653417,0.4592,0.0057297010117641,0,0,0.00746788969413645,0.00106444849737847,0.39839413124855,0.00741612940950964,0.3822,0.00720511514207277,0.814293513403176,0.00605878821945277,0.745479639790072,0.00373764001547495,0.763644635179689,0.00426936827868716,0.628160173966188,0.00804106858015177,0.814333993583594,0.00605256362164946,0.745894167745698,0.00368020149787654,0.763856779506259,0.00424145410820352,0.630712429953409,0.00765292864488893,1,0,0.8654,0.00721562631778384,0.5471,0.00735201368763401,0,0,0.487777210155042,0.00856788043029537,1.6390797099381,0.0240953288608015,1.59997440040959e-05,0,149.5,2.32209070950251,148.15,2.22104171860627,2,0,0,0,1.59997440040959e-05,0
"C","lnpois",5,0.1,1,0.7,"TOX-log-TPM-centred",20,0.180608428727797,0.0151744571207306,NA,NA,4753.65,5.29909376562088,4753.65,5.29909376562088,479.65,0.754896298210974,500,0,191,2.68622215642791,0.0147307191766864,0.00248591586672108,0.39223684898491,0.00516712749957403,0.3763,0.00509339097055659,0,0,228.2,2.85767664186725,0.0510349763145919,0.00438315606345006,0.451347933179267,0.00535921513009769,0.433,0.00528055021056668,0,0,261.6,3.53731982989203,0.107357551963789,0.00566463957266976,0.486484658845747,0.00576672874538172,0.4667,0.00564432644809206,0,0,0.00273904144063097,0.000249894828075926,0.450716853577385,0.00718299553557483,0.4324,0.00701667187564919,0.850631648138763,0.00270740203455543,0.77314977930354,0.00274574076374064,0.79296359592001,0.00258581247560618,0.683266369028314,0.00472821841120125,0.850648612330382,0.00270525381437351,0.77333137218736,0.00272338306073418,0.793056075116742,0.00257516264120166,0.684394376078172,0.00457581965682947,1,0,0.9124,0.00649469419076672,0.5951,0.00406907463940546,0,0,0.451434260837058,0.00427790608989233,1.54535446015448,0.0124174338870357,1.59997440040959e-05,0,155.65,2.40095923812919,155.05,2.37140309344045,2,0,0,0,1.59997440040959e-05,0
"C","lnpois",5,0.1,1,0.9,"DESeq2",20,0.252040265234613,0.00937514135864407,NA,NA,4746.2,4.89822739151087,4741.2,4.88962381504258,481.6,0.812403840463596,500,0,205.5,2.5427916693438,0.0452960161147453,0.00346497788360377,0.407347421356341,0.00514322913766472,0.3923,0.00474901651868435,0,0,263.8,3.32818901285116,0.139324282030365,0.00578476941128953,0.471096630985666,0.00527870737401387,0.4537,0.00484338941781802,0,0,315.25,4.33885444498163,0.22237659286497,0.0068937260557664,0.5082775704784,0.00529677350142962,0.4895,0.00477686309753918,0,0,0.00866463514518878,0.000440227921023883,0.415123118837574,0.00635425859346283,0.3998,0.00599104595032849,0.833488658394285,0.00212865913904011,0.755540611490624,0.00242909046741276,0.775894147513936,0.00208510842320279,0.654778647951948,0.00354078514322019,0.833488658394285,0.00212865913904011,0.755540611490624,0.00242909046741276,0.775894147513936,0.00208510842320279,0.654778647951948,0.00354078514322019,1,0,0.8808,0.00618725345069668,0.5707,0.00328080542100965,0.000224215246636771,0.000224215246636771,0.418947808320097,0.00308507444710817,1.5538025120673,0.0120605379746228,2.36247221033384e-34,2.33307708573918e-34,1,0,1,0,1,0,0,0,NA,NA
"C","lnpois",5,0.1,1,0.9,"edgeR",20,0.252040265234613,0.00937514135864407,NA,NA,4746.2,4.89822739151087,4746.2,4.89822739151087,481.6,0.812403840463596,500,0,190.4,2.85288404398445,0.0164842609447417,0.00243846234493153,0.388847270412859,0.00597678841368398,0.3745,0.0056491732045262,0,0,238.65,2.81375849036574,0.0783409928078194,0.00431329917875131,0.456666364550673,0.00558596322736126,0.4398,0.00515016606783857,0,0,277.95,3.36348425234748,0.147281828303587,0.00519644966227799,0.491857522002162,0.00543712256622456,0.4737,0.00501004254630532,0,0,0.00439898012865639,0.000271357146245438,0.433375424386921,0.00631340915679184,0.4174,0.00601244323750424,0.838156413493249,0.00225708742231343,0.763111844531251,0.00265177718267878,0.78256861168251,0.00232199466138192,0.666361535060044,0.00391322934660911,0.838156413493249,0.00225708742231343,0.763111844531251,0.00265177718267878,0.78256861168251,0.00232199466138192,0.666361535060044,0.00391322934660911,1,0,0.9,0.00555925023343029,0.5781,0.0041408745580207,0.000233644859813084,0.000233644859813084,0.4170883099912,0.00304479165283094,1.55628320239453,0.0104298465688007,1.83992674062597e-20,1.35822657216345e-20,1,0,1,0,1,0,0,0,NA,NA
"C","lnpois",5,0.1,1,0.9,"limma",20,0.252040265234613,0.00937514135864407,NA,NA,4746.2,4.89822739151087,4746.2,4.89822739151087,481.6,0.812403840463596,500,0,186.85,2.72056012034674,0.00920586903524292,0.00209794459413424,0.384381789852984,0.00555136757331143,0.3702,0.00524133369929529,0,0,227.9,2.57099202643649,0.05289068608905,0.00365310612387254,0.448129428349631,0.00506536554208167,0.4316,0.00474308360723941,0,0,259.7,3.6063540416443,0.101544708724031,0.00450780171603471,0.484163262630451,0.0058074689087442,0.4663,0.00543531338369255,0,0,0.00283789670631595,0.000208595976053093,0.446381599524446,0.00687044517490479,0.4299,0.00645710542939449,0.842000885219339,0.00207822818981308,0.768366225573307,0.00254899628492546,0.787791210094593,0.00244736643289187,0.675496228100995,0.00383742766749767,0.842000885219339,0.00207822818981308,0.768366225573307,0.00254899628492546,0.787791210094593,0.00244736643289187,0.675496228100995,0.00383742766749767,1,0,0.915,0.00484605102390759,0.5862,0.00401811686712753,0.000239234449760766,0.000239234449760766,0.403303369845037,0.00287822873799295,1.58095100365152,0.0136989409078332,8.92336382862359e-22,8.50498264518894e-22,1,0,1,0,1,0,0,0,NA,NA
"C","lnpois",5,0.1,1,0.9,"TOX-log-TMM",20,0.252040265234613,0.00937514135864407,NA,NA,4746.2,4.89822739151087,4746.2,4.89822739151087,481.6,0.812403840463596,500,0,194.3,2.57835116631581,0.0182055459202677,0.00259897865315951,0.39612368305692,0.00542233056662054,0.3815,0.00507392716168702,0,0,233.4,2.56945621935029,0.0622601563647937,0.00310947112619453,0.45446166595618,0.00521542329303437,0.4377,0.00489527161764557,0,0,266.4,3.25366190460436,0.11631114342453,0.00425520496723249,0.488612022276638,0.00549456062726387,0.4706,0.00519939267708511,0,0,0.00341249669742086,0.000182246712304604,0.437561733171152,0.00724850888438584,0.4214,0.00682271747064251,0.841582562111115,0.00209510898543957,0.767212983656965,0.00256128817480627,0.786532853494561,0.002383530462943,0.673055463034552,0.00389585873766269,0.841586566848233,0.00209462976252597,0.767262424412313,0.00255629743733652,0.786556878955407,0.00238108566885394,0.67347060385878,0.0038513927628456,1,0,0.9102,0.00556284667754691,0.5858,0.00411901878964805,0.000238095238095238,0.000238095238095238,0.48838895826107,0.00708099237658948,1.57407225290955,0.0152833237377145,1.59997440040959e-05,0,158.6,2.53127802128739,158.4,2.55713655646722,2,0,0,0,1.59997440040959e-05,0
"C","lnpois",5,0.1,1,0.9,"TOX-log-TPM",20,0.252040265234613,0.00937514135864407,NA,NA,4746.2,4.89822739151087,4746.2,4.89822739151087,481.6,0.812403840463596,500,0,183.6,2.76767050061961,0.0640354359439019,0.00498832134167227,0.356974497580291,0.00625797174907999,0.3438,0.00593455536400336,0,0,245.35,4.37954275431147,0.188584833371142,0.0136145606907656,0.41179464744946,0.0059108555492829,0.3966,0.00557078847296559,0,0,304.95,7.70456973080536,0.286729177670453,0.0181868170573676,0.446775469960972,0.00543266706433457,0.4303,0.00512224251876584,0,0,0.0110373382193624,0.000956854379220159,0.346787609861874,0.00805486715692138,0.334,0.00771328314287147,0.776433517300439,0.00615724209540311,0.71717467919945,0.00404048941744285,0.733698282176091,0.00441851541393376,0.572120254061727,0.00835778352330415,0.776483003675082,0.00615309105112706,0.717683460187735,0.0040079132956429,0.733959058664814,0.00440142778064261,0.575283761727292,0.00809702201240236,1,0,0.8022,0.0096702473706998,0.5016,0.00753881185668712,0.00128502603287239,0.000511053871924509,0.517966606866962,0.00715957972698102,1.7452978028026,0.016875680094362,1.59997440040959e-05,0,145,2.5680219707209,143.45,2.60916905506231,2,0,0,0,1.59997440040959e-05,0
"C","lnpois",5,0.1,1,0.9,"TOX-log-TPM-centred",20,0.252040265234613,0.00937514135864407,NA,NA,4746.2,4.89822739151087,4746.2,4.89822739151087,481.6,0.812403840463596,500,0,194.45,2.41538380953595,0.0122976373035499,0.00213177063231358,0.398835405353634,0.00519000119642016,0.3841,0.00478698894482688,0,0,235.5,2.73428524288774,0.0586342584119908,0.00402353020693834,0.460184871915708,0.0050352510541052,0.4432,0.00465074979806596,0,0,268.75,3.53692923608215,0.113735853077702,0.00410176263537876,0.494350420361559,0.00597624096053627,0.4761,0.00554688153261291,0,0,0.00326142366897106,0.0002461770780538,0.45147374593958,0.00613767839273115,0.4348,0.00571129997184713,0.848156361733763,0.0020623728194096,0.772236670215354,0.00242882929104326,0.792072034347523,0.00229229793222463,0.68267283527721,0.00365068376468076,0.848167284122214,0.00206277418095923,0.772354551546847,0.00243496207068573,0.79213168592098,0.00229703496587829,0.683402733852817,0.00366746492389488,1,0,0.9182,0.00542489388690788,0.5951,0.00371192955922275,0.00023696682464455,0.00023696682464455,0.438750367098295,0.00428584331228407,1.54857489414951,0.0141988844588793,1.59997440040959e-05,0,159.8,2.52628289452268,159.45,2.55515474863533,2,0,0,0,1.59997440040959e-05,0
"C","lnpois",5,0.1,1,1,"DESeq2",20,0.288017403646438,0.0172010232303807,NA,NA,4727.25,7.51520388769887,4722.7,7.38886074830855,481.85,1.0394203850426,500,0,204.1,2.13109806141539,0.0488835171958604,0.00283559429608672,0.402894958548214,0.00439026354971125,0.3883,0.00445155206523227,0,0,259.85,2.82402754571328,0.142046332695179,0.00537149581307005,0.462392412738895,0.00430665413713909,0.4456,0.00423170986966884,0,0,310.05,3.86650597064748,0.223774714396532,0.00599948442122804,0.498816709749481,0.00422070141243158,0.4807,0.0041378229719707,0,0,0.0087235072857418,0.000380938429789663,0.40643442965083,0.00761031463020315,0.3917,0.00741871743774169,0.820964965485213,0.00252371069974756,0.748680797463448,0.00191110213855342,0.767227098120545,0.00177871091925468,0.639333388487466,0.00326794753988739,0.820964965485213,0.00252371069974756,0.748680797463448,0.00191110213855342,0.767227098120545,0.00177871091925468,0.639333388487466,0.00326794753988739,0.9995,5e-04,0.8748,0.00521616919325204,0.5556,0.0032105090594877,0.000444453223767383,0.000305897044344799,0.420398187472112,0.00319790035449965,1.57153779582199,0.0141834460966771,1.44377661073769e-36,1.43905751941293e-36,1,0,1,0,1,0,0,0,NA,NA
"C","lnpois",5,0.1,1,1,"edgeR",20,0.288017403646438,0.0172010232303807,NA,NA,4727.25,7.51520388769887,4727.25,7.51520388769887,481.85,1.0394203850426,500,0,188.85,2.55597854368723,0.0164024149978774,0.00276495621820519,0.385483690858221,0.00517816964693705,0.3715,0.00510495115704249,0,0,232.4,2.69150711058243,0.0745606110480771,0.00536693941515356,0.44620155590004,0.00505042400766139,0.43,0.00493963561409139,0,0,271.7,3.2542280190546,0.146061854383273,0.00618717770143512,0.481047350604039,0.00453833934013795,0.4636,0.0045690031159635,0,0,0.00409606931121938,0.000311597941524146,0.427525702970247,0.00701079410005245,0.412,0.00676056677785929,0.826384764030837,0.00250292257601522,0.755879653707833,0.00207231810288896,0.773747460855693,0.00191113356191207,0.651460184849578,0.00341059639058036,0.826384764030837,0.00250292257601522,0.755879653707833,0.00207231810288896,0.773747460855693,0.00191113356191207,0.651460184849578,0.00341059639058036,1,0,0.8936,0.00571166857360762,0.5638,0.00352703841770967,0,0,0.418307389812588,0.0032182174209283,1.60179776881868,0.0156692503429898,4.72191271597802e-21,3.89639587112548e-21,1,0,1,0,1,0,0,0,NA,NA
"C","lnpois",5,0.1,1,1,"limma",20,0.288017403646438,0.0172010232303807,NA,NA,4727.25,7.51520388769887,4727.25,7.51520388769887,481.85,1.0394203850426,500,0,187.7,2.65775924615574,0.0115534645235321,0.0015381479363657,0.385074973763804,0.00554743342648791,0.3711,0.00541241263452038,0,0,223.8,2.6433630891447,0.0509943587863396,0.00418102068587977,0.4405987542982,0.00464020575379996,0.4246,0.0045516914149404,0,0,253.95,2.45429269476543,0.105373543665322,0.00549566353509472,0.471400987709658,0.00485425435046926,0.4543,0.00484773414244113,0,0,0.00270691889784839,0.000233309453571073,0.441203676408798,0.00656375653924532,0.4252,0.00641117445517877,0.829590725866964,0.00269193428967473,0.761218621163652,0.00214064243878719,0.779413262939598,0.00198166261434586,0.660407308911337,0.00358599494031215,0.829590725866964,0.00269193428967473,0.761218621163652,0.00214064243878719,0.779413262939598,0.00198166261434586,0.660407308911337,0.00358599494031215,1,0,0.9014,0.00640575399235144,0.5742,0.00382760059512345,0,0,0.405740763044749,0.00305396196721793,1.59129720317671,0.0147747046132397,5.70559018264643e-23,3.11564181293033e-23,1,0,1,0,1,0,0,0,NA,NA
"C","lnpois",5,0.1,1,1,"TOX-log-TMM",20,0.288017403646438,0.0172010232303807,NA,NA,4727.25,7.51520388769887,4727.25,7.51520388769887,481.85,1.0394203850426,500,0,193.25,2.70270332503549,0.0209366213237228,0.00265808438020538,0.392655004721898,0.00548041442472149,0.3784,0.00534809361017156,0,0,230.1,2.89000091058081,0.0644904323570454,0.00380482377840741,0.446626522712687,0.00532919880230277,0.4304,0.00518012395706187,0,0,261.9,3.11777586041548,0.120704006540115,0.00603269830082319,0.477658949287851,0.00539580968798889,0.4603,0.00522398315464359,0,0,0.00350763658385722,0.00021918173199275,0.435509648926506,0.00689129818649754,0.4197,0.00667639202910642,0.829553852722862,0.00259933774355464,0.759626986817966,0.00219546103221255,0.778301334605578,0.00204663395089743,0.657577596285884,0.00383292852873289,0.829563447575008,0.00259668053464018,0.759735712847389,0.00217897076803704,0.778355653001008,0.00203718567886975,0.658419143510625,0.00367803504687959,0.9995,5e-04,0.9006,0.00607514348975007,0.5729,0.00374861377887318,0,0,0.475868736682614,0.00458085186061539,1.5828772271695,0.0164696357132523,1.59997440040959e-05,0,156.65,2.37893717976393,156.15,2.36784934620338,2,0,0,0,1.59997440040959e-05,0
"C","lnpois",5,0.1,1,1,"TOX-log-TPM",20,0.288017403646438,0.0172010232303807,NA,NA,4727.25,7.51520388769887,4727.25,7.51520388769887,481.85,1.0394203850426,500,0,178.95,2.74578624537001,0.0896901519707453,0.0136542156006528,0.33792550542737,0.00705120101327936,0.3256,0.00667059533364625,0,0,245.2,8.02286206970266,0.2209122907257,0.0261104065024784,0.389051784698186,0.00618382488109423,0.3749,0.00591959280249651,0,0,329.2,20.9382048192445,0.34566905968327,0.0326522465143731,0.422178624548977,0.00613024508336696,0.4068,0.0057790911687602,0,0,0.0135882462625984,0.00216751538328319,0.297943686314901,0.0252383260677433,0.2868,0.0242705799813597,0.739248917760887,0.00942395184929099,0.698233120010822,0.00577149067228698,0.711759041487362,0.00614604440193045,0.526253748476678,0.0126066480284511,0.739346064563956,0.00941339453107888,0.699227370211738,0.00568087112337793,0.712269628342888,0.00609774861886294,0.532710341126557,0.0118529176936122,0.999,0.001,0.7618,0.0149820243168798,0.4638,0.0104073860411982,0.00076865824863977,0.000420011177938186,0.538766038703834,0.00978190313270308,1.77224887021886,0.0147739228942028,1.59997440040959e-05,0,139.1,2.56073591396158,135.7,2.72715390490757,2,0,0,0,1.59997440040959e-05,0
"C","lnpois",5,0.1,1,1,"TOX-log-TPM-centred",20,0.288017403646438,0.0172010232303807,NA,NA,4727.25,7.51520388769887,4727.25,7.51520388769887,481.85,1.0394203850426,500,0,194.55,2.32319539473228,0.0155153894270696,0.0022782398705414,0.397448654715589,0.00454060370687818,0.383,0.00437336435590195,0,0,232.4,2.50305077013926,0.0540297470551307,0.00448142290234755,0.456172164182191,0.00490542659177562,0.4396,0.00476743338208638,0,0,262.85,2.77988545769331,0.103783155563719,0.00574552224745382,0.488647664358086,0.00482615405910184,0.4709,0.00473392015141785,0,0,0.00296581453016502,0.000247582606651909,0.450781352345125,0.00635805341877268,0.4344,0.00609676359356253,0.841342053407372,0.00282221148342284,0.770127608629424,0.00218792897466654,0.789258652164502,0.00216199273512257,0.676866668284582,0.00391342122622178,0.841347825711907,0.00282062026971288,0.770200224500573,0.00218203206964616,0.789294171179324,0.00215723017437191,0.677435562512609,0.00383685312516855,0.9995,5e-04,0.9176,0.004928114831198,0.59,0.00381961695516848,0,0,0.425761969000035,0.00357330176094647,1.5513196479806,0.0168465923794752,1.59997440040959e-05,0,160.4,2.23771499996149,160.05,2.22127867395526,2,0,0,0,1.59997440040959e-05,0
"P","bimodal",3,0.1,1,0.5,"DESeq2",20,0,0,NA,NA,4746.05,5.62301426938294,4570,6.28364627635227,470,1.23756977474744,500,0,61.1,8.14568015964032,0.111211492951241,0.0102772437979822,0.11758854068504,0.0167085389402213,0.1105,0.0157405777998676,0,0,78.05,8.66434769919996,0.0851696624182345,0.00680163387213544,0.15314644094746,0.0177586803422663,0.1439,0.0167001260631863,0,0,87.9,8.5260899905124,0.0751492156840528,0.00528596704881611,0.173898276833044,0.0175008948129996,0.1634,0.0164394262929734,0,0,0.00142618216941706,0.000109720303399053,0.519951321318079,0.031826904172981,0.4879,0.029656445114715,0.887623247014462,0.00437403559587296,0.835039995032824,0.00598941294402773,0.852864984718679,0.00613406141870076,0.733941859165628,0.00898898676951549,0.887623247014462,0.00437403559587296,0.835039995032824,0.00598941294402773,0.852864984718679,0.00613406141870076,0.733941859165628,0.00898898676951549,0.938,0.00420525986430277,0.9554,0.0034246782407449,0.6937,0.00991466218868749,0.00392123782897908,0.00257090102330648,0.668670113719389,0.0622533589715101,4.31216605110617,0.0791397005349549,2.86556913554742e-25,1.88101025068491e-25,1,0,0.4,0.112390297389803,1,0,0,0,NA,NA
"P","bimodal",3,0.1,1,0.5,"edgeR",20,0,0,NA,NA,4746.05,5.62301426938294,4746.05,5.62301426938294,470,1.23756977474744,500,0,126.1,5.86016884973193,0.0421086968179636,0.00380945178120085,0.257257927175099,0.0122006387471944,0.2419,0.0115352776983889,0,0,156.25,5.63535596409892,0.0333330498159269,0.00281783086375645,0.321433582615473,0.0116750043515052,0.3022,0.0110624067049292,0,0,167.7,5.41785547008564,0.0309097542116521,0.0025440545836619,0.345776636533138,0.0111385815864326,0.3251,0.0106073212055587,0,0,0.00120398546917951,0.000103312063037861,0.512846010821231,0.0124944562706,0.482,0.0116221204696271,0.894910538015613,0.00412507671893421,0.829992688058026,0.00469650564401157,0.8526779753341,0.00467664430915795,0.762660904348968,0.00771930214683911,0.894910538015613,0.00412507671893421,0.829992688058026,0.00469650564401157,0.8526779753341,0.00467664430915795,0.762660904348968,0.00771930214683911,0.952,0.00426737932644726,0.9462,0.00441504604494079,0.6889,0.00669245451000012,0.00128712303634904,0.000761423962592978,0.714079464706422,0.061641033447995,4.4864444208381,0.111996607252105,3.05713512521196e-08,1.65649130044863e-08,1,0,1,0,1,0,0,0,NA,NA
"P","bimodal",3,0.1,1,0.5,"limma",20,0,0,NA,NA,4746.05,5.62301426938294,4746,5.62091957264159,470,1.23756977474744,500,0,132.3,2.99130318370474,0.038746046257685,0.00355198025667415,0.270639512205035,0.00626257512525684,0.2544,0.00590735491614167,0,0,162.6,3.74193870382158,0.0332116533929405,0.00277599905594314,0.334426045352005,0.00759108237734808,0.3144,0.00726722997977547,0,0,175.8,3.79792186943278,0.0325614766340485,0.00248581706523738,0.361791173938421,0.00764904998638704,0.3401,0.00727718135139235,0,0,0.00126262834166586,0.000111644386400254,0.452766899625238,0.00661748600685867,0.4256,0.00630388351482013,0.826367547921381,0.00251399437931415,0.741163958634597,0.00314438046180136,0.777740576569653,0.00292496844625995,0.632559628443303,0.00470306073683642,0.826367547921381,0.00251399437931415,0.741163958634597,0.00314438046180136,0.777740576569653,0.00292496844625995,0.632559628443303,0.00470306073683642,0.962,0.00426737932644726,0.8772,0.00982413783548085,0.5981,0.00449438245860436,0.0012617933799827,0.000741523239771615,2.72578484309283,0.0291314685414442,NA,NA,4.9695273084047e-12,2.30067025126645e-12,1,0,1,0,1,0,0,0,NA,NA
"P","bimodal",3,0.1,1,0.5,"TOX-log",20,0,0,NA,NA,4746.05,5.62301426938294,4746.05,5.62301426938294,470,1.23756977474744,500,0,0,0,NA,NA,0,0,0,0,1,0,9.55,2.72461972237943,0.370211749035278,0.0304088585093118,0.0135364364154809,0.00422056796067286,0.0126,0.00391784043628764,0.5,0.114707866935281,16.2,2.58701209485912,0.439000365179845,0.0404754105619171,0.0213940162609037,0.004352221636546,0.02,0.00403667398263784,0.15,0.0819178021909125,0.00075838620056051,0.000192799651856515,0.00191937180526995,0.000875714436174166,0.0018,0.000819499205227449,0.728363163497839,0.00600160033698102,0.552247605679194,0.0032975014761716,0.587237977130301,0.00449278265136788,0.247594333173772,0.00820848228682704,0.728365831154513,0.006001596606575,0.552245293354212,0.00329674075250099,0.587238562843298,0.00449243695420739,0.247450531116216,0.00819059349368691,0.4065,0.017263819788338,0.3316,0.00933087686972102,0.298,0.00864869932417586,0.043452380952381,0.0223432433084803,1.47811291585322,0.016664887578201,NA,NA,5.15673070558857e-05,3.5734576515818e-06,2.3,0.317058852249032,1.4,0.365628514378072,5.6,0.302620137083475,0.85,0.0819178021909125,0.000122514714143506,3.17147633046422e-06
"P","bimodal",3,0.1,1,0.5,"TOX-log-blocked",20,0,0,NA,NA,4746.05,5.62301426938294,4746.05,5.62301426938294,470,1.23756977474744,500,0,0.3,0.146897744599504,0.375,0.239356776939085,0.000316926145103867,0.000173087203990501,3e-04,0.000163835604381825,0.8,0.0917662935482247,0.85,0.32666577157056,0.609523809523809,0.169298941282202,0.000533845884800179,0.00026415293074979,5e-04,0.000246020966158321,0.65,0.109424330980483,1.45,0.336193866376937,0.78974358974359,0.104280509782886,0.000533845884800179,0.00026415293074979,5e-04,0.000246020966158321,0.35,0.109424330980483,0.000140113539990728,5.96529691172577e-05,0.000635059685623181,0.000344036189527642,6e-04,0.00032767120876365,0.82010682331652,0.00501044806172927,0.571821664582517,0.00365031064312456,0.628264986688977,0.00487413605778912,0.335379895466951,0.00788782542219965,0.820108709401857,0.00501039973426919,0.571822059227183,0.00365065410473672,0.628267950191138,0.00487468951670989,0.335390898385569,0.00788845295514699,0.502,0.0145204030682057,0.3768,0.0105415468754029,0.3917,0.00799904599574882,0.25,0.25,1.47811291585322,0.016664887578201,NA,NA,3.86374167088122e-05,1.20818107138114e-05,1,0,0.2,0.0917662935482247,4.15,1.1292172416977,0.65,0.109424330980483,NA,NA
"P","bimodal",3,0.1,1,0.5,"TOX-log-boot",20,0,0,NA,NA,4746.05,5.62301426938294,4746.05,5.62301426938294,470,1.23756977474744,500,0,0,0,NA,NA,0,0,0,0,1,0,2,1.14937053711105,0.570015948963317,0.0492964886684568,0.00191828484250367,0.00118213013166113,0.0018,0.0011040594949644,0.85,0.0819178021909125,11.1,2.87630977030236,0.611071499306793,0.0406879900368779,0.0112502476733062,0.00393982930006836,0.0105,0.00365880337067506,0.15,0.0819178021909125,0.000257226651831978,0.000142910287499468,0.000313152400835073,0.000313152400835073,3e-04,3e-04,0.723173103114479,0.00549780759611802,0.552593644784472,0.00329409161019238,0.586183153101291,0.004566465710433,0.234967378867773,0.00725279696105378,0.723212103378842,0.00549803873795932,0.552727734221937,0.00329826040991266,0.586272573707312,0.00456967874069146,0.235485022091027,0.00723053154656727,0.3945,0.0136781616185494,0.3376,0.00910014459110114,0.2937,0.0090649992016721,0,0,1.47811291585322,0.016664887578201,NA,NA,9.99900009999e-05,0,6.35,0.567890834580027,2.3,0.308647303397805,10,0,0.85,0.0819178021909125,9.99900009999e-05,0
"P","bimodal",3,0.1,1,0.5,"TOX-raw",20,0,0,NA,NA,4746.05,5.62301426938294,4746.05,5.62301426938294,470,1.23756977474744,500,0,0,0,NA,NA,0,0,0,0,1,0,64.6,3.32644903130872,0.0723003637559076,0.00619253482027056,0.12727031000156,0.00642577643568409,0.1195,0.00587568585022432,0,0,74.45,4.05843825290364,0.066896053234178,0.00554795876922623,0.147626040007369,0.00802426382104822,0.1386,0.00734288054763538,0,0,0.00113372724048471,0.00012494616826098,0.104394427388718,0.0226091514625616,0.0983,0.0213113634131258,0.86711865631255,0.00543580869660971,0.725477780378827,0.00616959107756957,0.769788898188984,0.00626224138235523,0.61249868550006,0.0100309627413177,0.86711716064357,0.00543567576376022,0.725462838660397,0.00616806316238815,0.769781359944192,0.00626139844955275,0.612387444950543,0.0100522884943198,0.9325,0.00561365815620588,0.7712,0.0118502942446258,0.5689,0.00872923099042582,0.00278125,0.00210852504805835,NA,NA,4.56085026420853,0.175444615387471,4.59786394700669e-05,1.03797298188682e-06,2.1,0.323630718729331,1.8,0.312881346267407,5.1,0.0688247201611685,0.95,0.05,0.000118734393625858,1.80330860199893e-06
"P","bimodal",3,0.1,1,0.5,"TOX-raw-blocked",20,0,0,NA,NA,4746.05,5.62301426938294,4746.05,5.62301426938294,470,1.23756977474744,500,0,1.45,0.358909166048576,0,0,0.00308750040761024,0.000767172613426277,0.0029,0.000717818332097152,0.45,0.114132886537902,1.65,0.357439726240295,0,0,0.00351445826965207,0.000766314887580064,0.0033,0.000714879452480589,0.3,0.105131496607569,1.65,0.357439726240295,0,0,0.00351445826965207,0.000766314887580064,0.0033,0.000714879452480589,0.3,0.105131496607569,0,0,0.0181460967362963,0.00581608135566978,0.0171,0.00549731992117882,0.878765249869709,0.00512167361962183,0.679273661537452,0.00508476716589159,0.745631438935155,0.00582673120614397,0.550171269723013,0.00886424276303271,0.878765124743461,0.00512163761415903,0.679272252089787,0.00508436533409961,0.745630649033417,0.00582649211805448,0.550152706680119,0.00886420456510411,0.7965,0.00992803049318868,0.6446,0.00803819827939989,0.5602,0.00818458113901088,0,0,NA,NA,NA,NA,0.000347920304445881,0.000141914787430277,1.1,0.0688247201611685,1.05,0.0881087844357011,33.65,13.3813056950831,0.3,0.105131496607569,NA,NA
"P","bimodal",5,0.1,1,0.5,"DESeq2",20,0,0,NA,NA,4740,5.97847014403835,4737.5,5.98748695196908,468.35,1.63397320083673,500,0,108.9,4.48089511734336,0.000537634408602151,0.000537634408602151,0.232544122641996,0.0097625502036356,0.2177,0.0089810033433148,0,0,131.15,4.76570809893037,0.000442477876106195,0.000442477876106195,0.280126335180913,0.0105639439422809,0.2622,0.00955196314900764,0,0,145.05,4.8593236479771,0.000364963503649635,0.000364963503649635,0.309828172899538,0.0108361300061771,0.29,0.00972787638425615,0,0,1.16767865483419e-05,1.16767865483419e-05,0.698148220838919,0.0137208885877729,0.6536,0.0120390592393435,0.917963674752797,0.00378420070873127,0.877983382676254,0.00475015604818317,0.888647542497883,0.00438669356088897,0.835877106386914,0.00697325835116042,0.917963674752797,0.00378420070873127,0.877983382676254,0.00475015604818317,0.888647542497883,0.00438669356088897,0.835877106386914,0.00697325835116042,0.9995,5e-04,0.9966,0.000883771820991679,0.7342,0.00670569278967309,0.00037593984962406,0.00037593984962406,0.36849274321195,0.0145472610906973,3.96879924803552,0.0954845336225585,1.26728359968943e-20,1.26727591014184e-20,1,0,1,0,1,0,0,0,NA,NA
"P","bimodal",5,0.1,1,0.5,"edgeR",20,0,0,NA,NA,4740,5.97847014403835,4740,5.97847014403835,468.35,1.63397320083673,500,0,0.1,0.0688247201611685,0.5,0.5,0.000105932203389831,0.000105932203389831,1e-04,1e-04,0.9,0.0688247201611685,1.8,0.822704141999515,0.125,0.125,0.00375541279613016,0.0017676438163463,0.0035,0.00165354483649999,0.6,0.112390297389803,3.85,1.51183924235907,0.05,0.05,0.00819056588774908,0.00327600670509179,0.0076,0.00303176169039857,0.5,0.114707866935281,1.16767865483419e-05,1.16767865483419e-05,0.564905735785024,0.0167004132367526,0.5287,0.0148070218051046,0.90669317948006,0.00455957111341849,0.835616028622623,0.00619331758309333,0.852458891441589,0.00594209738834264,0.779981838497116,0.00942484091565627,0.90669317948006,0.00455957111341849,0.835616028622623,0.00619331758309333,0.852458891441589,0.00594209738834264,0.779981838497116,0.00942484091565627,0.9955,0.00153468666440246,0.967,0.00514934845137559,0.6811,0.00884661695672121,0.142857142857143,0.142857142857143,0.373711521300738,0.0155152523193418,5.86042103012949,NA,3.15567965905926e-05,8.34925291175039e-06,1,0,0.95,0.05,3.6,0.786062807186617,0.6,0.112390297389803,NA,NA
"P","bimodal",5,0.1,1,0.5,"limma",20,0,0,NA,NA,4740,5.97847014403835,4740,5.97847014403835,468.35,1.63397320083673,500,0,129.85,9.89425005801482,0,0,0.277476440305215,0.0210954459562341,0.2597,0.0197885001160296,0,0,139.45,10.491719792795,0.0121334704217073,0.00701880771993851,0.296314842791856,0.0223801959648821,0.2773,0.0209637657324301,0,0,145,10.5882258341891,0.0141775564201374,0.00694360941465164,0.307278678285214,0.022581476489584,0.2876,0.0211772469757918,0,0,0.000187543170383823,4.68452521165225e-05,0.328043585069637,0.0243065772662921,0.307,0.022766318612325,0.731893101484001,0.00308664908751581,0.706883622515177,0.00833250972679641,0.720487072882506,0.00753945190661568,0.537339846090906,0.0150652459143737,0.731893101484001,0.00308664908751581,0.706883622515177,0.00833250972679641,0.720487072882506,0.00753945190661568,0.537339846090906,0.0150652459143737,0.9745,0.0186021362666821,0.777,0.0250924605996974,0.4651,0.0108195485848046,0.00863095238095238,0.00832297736401664,2.10802643966772,0.019369928517087,NA,NA,2.8834533086402e-10,2.88195405467236e-10,1,0,1,0,1,0,0,0,NA,NA
"P","bimodal",5,0.1,1,0.5,"TOX-log",20,0,0,NA,NA,4740,5.97847014403835,4740,5.97847014403835,468.35,1.63397320083673,500,0,43.95,3.75112263897511,0.00284060410872005,0.00160603620748548,0.0937581921208722,0.00816899778203898,0.0876,0.00744891373218093,0,0,57.6,5.44464971566728,0.0643632590473404,0.00941235198508833,0.114197665732077,0.0102978847475671,0.1067,0.00940131569739604,0,0,79.65,7.36823730973912,0.177005050102332,0.0143406052547607,0.137408020836768,0.0115327743041551,0.1284,0.0104997243071576,0,0,0.000995244965028798,0.000207948129143847,0.112897585340592,0.00942723652176148,0.1055,0.0086058425686152,0.774479543485245,0.00568049691584932,0.629583272174429,0.00525036998303499,0.650022489105819,0.00588309105252967,0.413413750746502,0.0117780048248372,0.774481232436831,0.00568053607950435,0.629585444329054,0.00525023521283342,0.650024788534222,0.00588318948302835,0.413437171383431,0.0117780821259611,0.7225,0.0229745282295071,0.565,0.0150811838150444,0.3661,0.00929909446638418,0.0031002331002331,0.00172168087635426,1.18753215056472,0.0137567145338685,4.65467747818407,0.0894073364979542,1.59997440040959e-05,0,19.45,2.54276579628106,19.45,2.54276579628106,2,0,0,0,3.10036767835717e-05,3.0462464979897e-07
"P","bimodal",5,0.1,1,0.5,"TOX-log-blocked",20,0,0,NA,NA,4740,5.97847014403835,4740,5.97847014403835,468.35,1.63397320083673,500,0,0,0,NA,NA,0,0,0,0,1,0,0,0,NA,NA,0,0,0,0,1,0,3.45,1.6582727221578,0.02,0.02,0.00724393336079869,0.00345245873247851,0.0067,0.00318309680392505,0.8,0.0917662935482247,0,0,0.0731712644834954,0.0140991355333624,0.0681,0.0130266730413531,0.829115205857021,0.00488992774797103,0.652587467652051,0.00555755921126554,0.681334936985439,0.00597577806505788,0.470631697659857,0.0115458366534621,0.829115205857021,0.00488992774797103,0.652587467652051,0.00555755921126554,0.681334936985439,0.00597577806505788,0.470631697659857,0.0115458366534621,0.7215,0.0205615251328658,0.651,0.0135331950559006,0.4228,0.0092,NA,NA,1.18753215056472,0.0137567145338685,NA,NA,0.000103348278338984,1.20581300311446e-05,1,0,1,0,10.25,1.1467918638303,1,0,NA,NA
"P","bimodal",5,0.1,1,0.5,"TOX-log-boot",20,0,0,NA,NA,4740,5.97847014403835,4740,5.97847014403835,468.35,1.63397320083673,500,0,0,0,NA,NA,0,0,0,0,1,0,33.35,5.61261502050702,0.120663047794588,0.0158010848211551,0.0631304284000333,0.0108854304055196,0.0589,0.0100362238652635,0.1,0.0688247201611685,75.7,7.97301369423263,0.230860845983294,0.0089021725097465,0.12324135723237,0.0126306456766476,0.1151,0.0115589791936832,0,0,0.000912690818915666,0.000177047763033286,0.0252574513726556,0.00767625657497312,0.0236,0.00717979621467145,0.764800248614281,0.00590075540167351,0.626670670705887,0.0051979140934586,0.647911572716301,0.00564285536927766,0.397132523540493,0.0116113630307431,0.764847283139394,0.00590207089970719,0.626925532776723,0.00521390053670393,0.648065808530419,0.00565141292041064,0.400828785305082,0.0117057578374868,0.7045,0.0154148766149013,0.5714,0.0155171212739857,0.3587,0.00888792794513405,0.00353535353535354,0.00242832395566482,1.18753215056472,0.0137567145338685,4.79947173102398,0.132580681117612,9.99900009999e-05,0,17.7,1.79926885735641,16.25,1.77092750007625,10,0,0.1,0.0688247201611685,9.99900009999e-05,0
"P","bimodal",5,0.1,1,0.5,"TOX-raw",20,0,0,NA,NA,4740,5.97847014403835,4740,5.97847014403835,468.35,1.63397320083673,500,0,196.4,6.31306081406676,0.0105158213864916,0.0015279599910123,0.415191735556393,0.0138508951655886,0.3886,0.0123995755445181,0,0,239.05,7.11872068636818,0.0521573229529679,0.00265306281018503,0.483891054994083,0.014671035224358,0.4529,0.0130621792330296,0,0,274.65,7.87944527836426,0.10163139422658,0.00313016620787053,0.526897195428971,0.015423168939768,0.4932,0.0137942779899188,0,0,0.00294928508269594,0.000199759176931649,0.481543284741811,0.0139816799908121,0.4507,0.0123895329337223,0.898772414715916,0.0047086070563695,0.815982220595721,0.00599655564094329,0.836742201090691,0.00586214490632648,0.752879377192963,0.00981006818695137,0.898773100765633,0.00470851149300729,0.815988610976528,0.00599615599283535,0.836745546387493,0.00586197251824022,0.752984371390861,0.00980231808405564,0.9995,5e-04,0.9286,0.00877928183131651,0.6525,0.0086253909141008,0.000671298981384818,0.000366818191848892,NA,NA,1.94635821990252,0.0184866064103398,1.59997440040959e-05,0,42.45,2.80363955187576,42.4,2.80263034346402,2,0,0,0,3.3111948200551e-05,2.79166270010106e-07
"P","bimodal",5,0.1,1,0.5,"TOX-raw-blocked",20,0,0,NA,NA,4740,5.97847014403835,4740,5.97847014403835,468.35,1.63397320083673,500,0,0.15,0.0819178021909125,0,0,0.000321895310512431,0.000175795252503349,3e-04,0.000163835604381825,0.85,0.0819178021909125,6.35,3.73903660544292,0,0,0.0137489591128296,0.00816441188802503,0.0127,0.00747807321088584,0.55,0.114132886537902,80.45,10.668072138765,0.00541740774677396,0.00179730829468183,0.170813805766534,0.022885243379244,0.1596,0.0209000629563393,0,0,0,0,0.388770646515921,0.0194655240720115,0.3636,0.017547289489293,0.911435889169171,0.0043026801185977,0.814629572207824,0.00584415271606926,0.839934875778076,0.00571081396148657,0.758060414432198,0.00936866112746968,0.911435889169171,0.0043026801185977,0.814629572207824,0.00584415271606926,0.839934875778076,0.00571081396148657,0.758060414432198,0.00936866112746968,0.9875,0.0025,0.911,0.00651395263625461,0.6624,0.008547822129519,0.0065359477124183,0.0065359477124183,NA,NA,4.7789597121653,NA,3.65112689366973e-05,6.2717396192076e-06,1,0,1,0,4.1,0.584447557415052,0.8,0.0917662935482247,NA,NA
"P","bimodal",10,0.1,1,0.5,"DESeq2",20,0,0,NA,NA,4748.95,5.06145132088457,4748.95,5.06145132088457,468,1.42717977328126,500,0,146.25,5.57715028156476,0,0,0.313002689579843,0.0125915402573917,0.2925,0.0111543005631295,0,0,173.45,5.66776434157058,0,0,0.371117784958879,0.0128545604840502,0.3469,0.0113355286831412,0,0,189.1,5.69528891185282,0,0,0.404538103299401,0.0129429094216636,0.3782,0.0113905778237056,0,0,0,0,0.714469590133635,0.00986080042519705,0.6685,0.0085210266245824,0.924870728855645,0.00344748742929201,0.887959636904857,0.00398135785872415,0.900340259656632,0.00395856190006211,0.852163340865408,0.00610746609803184,0.924870728855645,0.00344748742929201,0.887959636904857,0.00398135785872415,0.900340259656632,0.00395856190006211,0.852163340865408,0.00610746609803184,1,0,0.9986,0.000525156618242797,0.7506,0.00565890076735199,0,0,0.239468965104793,0.00243133396280849,3.16694088710389,0.0852305252709482,1.85403074258386e-319,0,3.55,0.600328857245848,3.55,0.600328857245848,0.1,0.0688247201611685,0,0,NA,NA
"P","bimodal",10,0.1,1,0.5,"edgeR",20,0,0,NA,NA,4748.95,5.06145132088457,4748.95,5.06145132088457,468,1.42717977328126,500,0,59.8,4.63771722430676,0.00299225387306347,0.00187657045310198,0.127814797809096,0.0101068996034047,0.1193,0.0092648458390333,0,0,93.25,6.06711368123695,0.00209889428014528,0.00106132044126213,0.199306107653059,0.0133087638259417,0.1861,0.0120764886845212,0,0,111.6,6.77899231760188,0.00182994177093252,0.000921031347385695,0.238574639354288,0.0148831482314432,0.2228,0.0135128788471163,0,0,4.68265730076018e-05,2.14860445771067e-05,0.737710884618955,0.009056191267852,0.6903,0.00788105656822604,0.928468783243783,0.00327601663030453,0.89146078326829,0.00410273608945153,0.901631213941665,0.00402712501797641,0.855699759122939,0.00608309475324951,0.928468783243783,0.00327601663030453,0.89146078326829,0.00410273608945153,0.901631213941665,0.00402712501797641,0.855699738497889,0.00608309395544318,0.9985,0.000819178021909126,0.9988,0.000420525986430278,0.7548,0.00610504536816627,0,0,0.238835732952375,0.00240745385611776,3.49609704714249,0.0766602946102726,3.17074691278871e-10,1.85473905649863e-10,1,0,1,0,1,0,0,0,NA,NA
"P","bimodal",10,0.1,1,0.5,"limma",20,0,0,NA,NA,4748.95,5.06145132088457,4748.95,5.06145132088457,468,1.42717977328126,500,0,51.55,2.59602428826526,0,0,0.110323266323054,0.00570557672833807,0.1031,0.00519204857653052,0,0,60.3,2.93356259072211,0,0,0.129066738988544,0.00648049444902956,0.1206,0.00586712518144422,0,0,65.05,3.17015274412017,0,0,0.139226108639634,0.00699746628426807,0.1301,0.00634030548824034,0,0,0,0,0.294587576756905,0.0106907653734845,0.2754,0.00950357273538968,0.700193599842365,0.00655035544933955,0.670881554423204,0.00523969525554104,0.684022660484699,0.00553626813259522,0.47100899702651,0.0104800149539375,0.700193599842365,0.00655035544933955,0.670881554423204,0.00523969525554104,0.684022660484699,0.00553626813259522,0.47100899702651,0.0104800149539375,0.995,0.00223606797749979,0.6726,0.0160611332103311,0.415,0.00905131569383555,0,0,1.49884997731415,0.0117447188046756,NA,NA,7.0602736496174e-17,7.04104786275713e-17,1,0,1,0,1,0,0,0,NA,NA
"P","bimodal",10,0.1,1,0.5,"TOX-log",20,0,0,NA,NA,4748.95,5.06145132088457,4748.95,5.06145132088457,468,1.42717977328126,500,0,122.2,5.40886212374509,0.0446765589563343,0.0061753439358431,0.250589694117897,0.0124672181969642,0.2341,0.0111652421191368,0,0,141.75,6.22003342350133,0.0858217480758364,0.00528764404051441,0.277529173553485,0.0129771550124534,0.2593,0.0116024271507937,0,0,168.15,7.01362396002463,0.179821711470751,0.0100790599076806,0.294501566484738,0.0128078704146687,0.2752,0.0114435916334726,0,0,0.00282746134059326,0.000188674440317935,0.191450024339959,0.0334089887089889,0.1787,0.0310219871093153,0.79005011373549,0.00541546750237013,0.685985823077897,0.00610333012242819,0.709988521019292,0.00606261788870956,0.523389641706964,0.0118979348119583,0.790138873828122,0.00541451234375945,0.686807296370016,0.00610171379753411,0.710412230460461,0.00606393754166327,0.530772120716877,0.0115565385094056,0.9625,0.00951107387815853,0.7282,0.0149115991588322,0.4581,0.00778456637740411,0.00182456537996599,0.000846569870068833,0.917367761594412,0.0103619003742437,3.42238421369188,0.0792909075785329,3.999984000064e-06,0,99.7,4.66233508245092,95.9,4.84273737292844,1,0,0,0,3.999984000064e-06,0
"P","bimodal",10,0.1,1,0.5,"TOX-log-blocked",20,0,0,NA,NA,4748.95,5.06145132088457,4748.95,5.06145132088457,468,1.42717977328126,500,0,7.4,4.04149529388892,0,0,0.0160997731935862,0.00879252069172859,0.0148,0.00808299058777785,0.85,0.0819178021909125,66.95,6.23465484631119,0.00935208080479939,0.00321365549289767,0.142335437876864,0.0136513968514266,0.1327,0.0124539361776022,0,0,91.9,7.0992586714537,0.0300546874079302,0.0048873818842478,0.190735899108441,0.0150795687777986,0.178,0.0137618848158314,0,0,0.000139888369945025,4.90618807566304e-05,0.239886324815825,0.0203595084352668,0.224,0.0186084304606951,0.815869040892494,0.00487843121518222,0.700771778116649,0.00605697779514398,0.729581179676854,0.00568997974808797,0.562280194955115,0.0108724192941071,0.815907154660225,0.00487801425750218,0.700889455599744,0.00605747566896779,0.729653832549111,0.00568964017273463,0.56299344283473,0.0108668303739491,0.96,0.00710818653310911,0.755,0.0130646167385927,0.487,0.00678931048355466,0,0,0.917367761594412,0.0103619003742437,4.1661311677944,0.0774289097906887,9.99900009999e-05,0,34.45,2.46925835871933,34.35,2.45515033305391,10,0,0,0,NA,NA
"P","bimodal",10,0.1,1,0.5,"TOX-log-boot",20,0,0,NA,NA,4748.95,5.06145132088457,4748.95,5.06145132088457,468,1.42717977328126,500,0,57.1,7.4934708422171,0.0205713285650689,0.00515970234293752,0.120149857951182,0.0159999112971773,0.1119,0.0147473280363097,0.2,0.0917662935482247,115.6,7.41279122087021,0.0587596454019267,0.00652441757346177,0.233507037742559,0.0158412949680213,0.218,0.0143959058507326,0,0,151.45,8.35636378991926,0.121621162251058,0.00861187066868746,0.283515707450195,0.0154186383354641,0.2648,0.0138847891025054,0,0,0.00154226677633315,0.000171867807119443,0.211193912516247,0.0201117152241201,0.1972,0.0184547241134963,0.791402784979948,0.00501102716853159,0.686936896037573,0.00611162417270107,0.716882536707427,0.00586465584367205,0.529728606109883,0.0113659933238373,0.791457322721817,0.00501188744337463,0.687307197111097,0.00612114186722499,0.717088144729685,0.00586910962153665,0.533024203896979,0.0113379153222687,0.9495,0.00901679719074059,0.7312,0.0151083107140269,0.4787,0.00625977130908992,0.00118598382749326,0.000835007286247715,0.917367761594412,0.0103619003742437,3.59546766748199,0.0927841782074386,9.99900009999e-05,0,61.8,3.83241026262229,60.7,3.7948025397627,10,0,0,0,9.99900009999e-05,0
"P","bimodal",10,0.1,1,0.5,"TOX-raw",20,0,0,NA,NA,4748.95,5.06145132088457,4748.95,5.06145132088457,468,1.42717977328126,500,0,313.6,3.62912197587646,0.0155854161590541,0.00167970620904781,0.659803453392302,0.00815126041853116,0.6174,0.00710389070565523,0,0,336.9,3.69059972305173,0.0420940923240244,0.0027903284006549,0.689661087265323,0.00794544878701203,0.6453,0.00665111783244385,0,0,355.9,4.03008423576585,0.0756603279702913,0.00429044023865936,0.702915698034641,0.00825741427713924,0.6577,0.00693469537903432,0,0,0.00332845857631192,0.00022972057365809,0.692888838003225,0.00816352197258491,0.6483,0.00675943784644847,0.922636014858402,0.00396638815441883,0.872482257270174,0.00439826980827037,0.886111134516354,0.00440317667463029,0.832492894464341,0.00688327398174748,0.922660413610077,0.00396483988131117,0.872731186540961,0.00438298017562107,0.886238940622958,0.0043954962281017,0.833805269925999,0.00676917256867128,1,0,0.9962,0.000793393776261528,0.7247,0.00655547180043632,0.000314515171895399,0.000216483213478398,NA,NA,0.92613885492786,0.0111681397712675,3.999984000064e-06,0,208.6,3.48787373021082,207.8,3.58769827986809,1,0,0,0,3.999984000064e-06,0
"P","bimodal",10,0.1,1,0.5,"TOX-raw-blocked",20,0,0,NA,NA,4748.95,5.06145132088457,4748.95,5.06145132088457,468,1.42717977328126,500,0,206.5,7.3285670316128,0.00152043771498968,0.000542121091175394,0.44106364924117,0.0162532167845819,0.4124,0.0146765835691811,0,0,288.4,4.59484837387997,0.0121837940455806,0.00159181506508016,0.608953030260143,0.010228550143417,0.5697,0.00887014507684122,0,0,317.3,4.27175546313715,0.0296163183331717,0.00271146585280675,0.658077855664399,0.00938501181504552,0.6157,0.00802925571696537,0,0,0.000829070373550387,0.000114278521364506,0.678794116532373,0.00993063336583109,0.6351,0.00856734927992378,0.92670581924713,0.0037560563461077,0.872477034288763,0.00437749561550961,0.88798776412245,0.00431377575351378,0.837264454026247,0.00651503438566685,0.926707876692234,0.00375598438432645,0.872497117408769,0.0043768856413182,0.887999705419418,0.00431348486354091,0.837425634448823,0.0065079237661127,1,0,0.9956,0.00122774933152197,0.7266,0.00634797937183662,0,0,NA,NA,1.21844192287671,0.00991908242197625,9.99900009999e-05,0,134.75,4.16430634901193,134.75,4.16430634901193,10,0,0,0,NA,NA
"P","lnpois",3,0.1,1,0.5,"DESeq2",20,0,0,NA,NA,4748.9,4.26485021641101,4748.5,4.27692708181445,470.6,1.47683872903542,500,0,183.6,5.87071232116638,0.0352852386618481,0.00299539229883493,0.376487557980647,0.0123294277630005,0.3541,0.0111859639492394,0,0,240.2,7.0690578542949,0.114510523060524,0.00613760466547344,0.451857054888739,0.0134660872752879,0.425,0.01216249628117,0,0,289,7.7197627451953,0.196656130845008,0.0069795238050654,0.493164124052143,0.0135995998453561,0.4639,0.0122701820858964,0,0,0.00647253618906777,0.000436636892460862,0.398398274681869,0.013730712671675,0.3746,0.0122354962474373,0.826475349049319,0.00520016147473793,0.753140127482964,0.00620822255846228,0.773521090427685,0.00585078092527274,0.644922259497146,0.0103176442094788,0.826475349049319,0.00520016147473793,0.753140127482964,0.00620822255846228,0.773521090427685,0.00585078092527274,0.644922259497146,0.0103176442094788,0.9985,0.000819178021909126,0.8624,0.0119027639426179,0.5545,0.00821792008517458,0.000188679245283019,0.000188679245283019,0.531803334594906,0.00448096008041931,1.96592825774872,0.023162980262915,5.17828998813031e-26,3.76485634739677e-26,1,0,1,0,1,0,0,0,NA,NA
"P","lnpois",3,0.1,1,0.5,"edgeR",20,0,0,NA,NA,4748.9,4.26485021641101,4748.9,4.26485021641101,470.6,1.47683872903542,500,0,164.35,5.23363363760128,0.0139857574485234,0.0017436713594463,0.344623300476848,0.011447096702917,0.3241,0.0103450725621326,0,0,210.7,6.63884105294861,0.0554517633476274,0.00268424317005755,0.423130853774957,0.0138275246843366,0.398,0.0125940671078008,0,0,248.85,7.24760395978524,0.115541787439388,0.00553077470615501,0.467697472065462,0.0138997101277969,0.4399,0.0125509278331797,0,0,0.00273494954795942,0.000159975199599464,0.418856195398315,0.0140895952056745,0.3939,0.0126727847643764,0.828213787814732,0.00516334093886388,0.757884864080667,0.0061241349227534,0.777104663106604,0.00574566270846504,0.651821977365931,0.0101977597966869,0.828213787814732,0.00516334093886388,0.757884864080667,0.0061241349227534,0.777104663106604,0.00574566270846504,0.651821977365931,0.0101977597966869,0.9995,5e-04,0.8766,0.0119376450115193,0.5602,0.0078282887825602,0,0,0.531451685445225,0.00451860210347836,2.01372242852624,0.0187760394435861,4.43361346873511e-17,2.11110448615758e-17,1,0,1,0,1,0,0,0,NA,NA
"P","lnpois",3,0.1,1,0.5,"limma",20,0,0,NA,NA,4748.9,4.26485021641101,4748.9,4.26485021641101,470.6,1.47683872903542,500,0,163.75,5.41823189261084,0.00907632691744313,0.00151923361318089,0.345139200051489,0.0119624482161696,0.3246,0.0108754673220825,0,0,205.15,6.58917573313273,0.0412435132237199,0.00341314650442401,0.418134456570692,0.0138033681890917,0.3933,0.0125784067269855,0,0,237.8,6.97574746042164,0.0907205845169454,0.00604873776770914,0.459280443995969,0.0134920223966833,0.432,0.01219490834216,0,0,0.0019864706785502,0.000192814612562595,0.429972631866314,0.0135305420946142,0.4043,0.0120335277235599,0.833999578089723,0.00533187615328514,0.762692358929802,0.00612976504684647,0.782075653967919,0.00585372512711287,0.660370763175947,0.0102489582944639,0.833999578089723,0.00533187615328514,0.762692358929802,0.00612976504684647,0.782075653967919,0.00585372512711287,0.660370763175947,0.0102489582944639,0.9995,5e-04,0.8866,0.0115941001330305,0.5686,0.00836043312904679,0,0,0.515248092301624,0.00430022402904894,2.00387662342372,0.0178272385931343,2.45416199866337e-19,1.81430669038553e-19,1,0,1,0,1,0,0,0,NA,NA
"P","lnpois",3,0.1,1,0.5,"TOX-log",20,0,0,NA,NA,4748.9,4.26485021641101,4748.9,4.26485021641101,470.6,1.47683872903542,500,0,178.25,6.03013266852397,0.0207614789056007,0.00241751358224983,0.371165933458122,0.0130187620123221,0.3491,0.011878751484988,0,0,219.6,6.60996058591641,0.0627974238533787,0.00441972871156851,0.43758551481915,0.0137861622064809,0.4116,0.0125384461389339,0,0,252.5,7.13018048047948,0.110813574810349,0.00722173220267976,0.477036702387456,0.0139819588859843,0.4487,0.012656826741245,0,0,0.00322513787272481,0.000252525508292845,0.425664230259541,0.0148928549076729,0.4002,0.0133163136988551,0.836923850962099,0.00567815549960714,0.764584459594859,0.00652725180021475,0.784124703056175,0.00635030208789174,0.662471381639745,0.0110564827868146,0.836946250120711,0.00567756352598245,0.764814599659431,0.00651962485898125,0.784243315762093,0.00634666231278466,0.664088129412031,0.0109780970527084,0.9985,0.000819178021909126,0.885,0.0113837372459228,0.5717,0.00925802638965665,0,0,0.619608121642142,0.011717230218318,1.94021536323696,0.02276387164044,4.44424692235901e-05,0,147.05,5.0380003343014,146.25,5.07619573675944,5,0,0,0,4.44424692235901e-05,0
"P","lnpois",3,0.1,1,0.5,"TOX-log-blocked",20,0,0,NA,NA,4748.9,4.26485021641101,4748.9,4.26485021641101,470.6,1.47683872903542,500,0,112.45,4.74700736752835,0,0,0.239223942277873,0.0104330842645221,0.2249,0.0094940147350567,0,0,159.1,6.21115295678923,0.00877249854916438,0.00134671005625752,0.335389507700993,0.0135135096105023,0.3154,0.0123254977480361,0,0,188.25,6.89655711206686,0.0264776335431324,0.00253935337826404,0.389572464025231,0.0145725482247054,0.3664,0.0133097510752159,0,0,0.000327108615147427,5.20029710983098e-05,0.428234295903264,0.0151625117859686,0.4026,0.013532883926511,0.836968917245123,0.00568738197576221,0.765077711190229,0.00652467947535879,0.78440876384719,0.00634604915986604,0.664624315833762,0.0109722015903508,0.836968966716879,0.00568737895819376,0.765077838158904,0.00652460850791238,0.784408895558904,0.00634603976880051,0.664625203564963,0.010972122365573,0.9995,5e-04,0.886,0.0115876522303065,0.5711,0.00934426364984929,0,0,0.619608121642142,0.011717230218318,2.34062403945564,0.0241580329579962,5.48696543925079e-07,0,39.35,2.56214856383425,39.35,2.56214856383425,1,0,0,0,NA,NA
"P","lnpois",3,0.1,1,0.5,"TOX-log-boot",20,0,0,NA,NA,4748.9,4.26485021641101,4748.9,4.26485021641101,470.6,1.47683872903542,500,0,167.35,6.32508581177487,0.014120857867566,0.00162476098707807,0.350882723140017,0.0137183237451917,0.33,0.0125446570719423,0,0,213.45,6.66115012986733,0.0526336035203596,0.00364243655443405,0.429921170717113,0.0139057449447008,0.4044,0.0126712272491657,0,0,247.2,7.2331837643199,0.0994381395894947,0.00618128166816395,0.472969292678447,0.0140480924354635,0.4449,0.0127753669223236,0,0,0.00262934861305559,0.000208946265708441,0.427378558366888,0.0149560284285914,0.4018,0.0133273758620526,0.8369119605598,0.00567615827601433,0.764704897744104,0.00655460858753879,0.784188013475611,0.0063671548996263,0.662513372336323,0.01111036128493,0.836935469719541,0.00567504762211753,0.764950104895837,0.00654268952444193,0.784314785563433,0.00636115157503238,0.664379828411605,0.0109785242581443,0.998,0.0011697953037312,0.887,0.0114904995081749,0.5726,0.00929187534184682,0,0,0.619608121642142,0.011717230218318,1.95793185925956,0.0220399871696147,9.99900009999e-05,0,145.3,4.70447715088063,144.45,4.77409401711053,10,0,0,0,9.99900009999e-05,0
"P","lnpois",3,0.1,1,0.5,"TOX-raw",20,0,0,NA,NA,4748.9,4.26485021641101,4748.9,4.26485021641101,470.6,1.47683872903542,500,0,123.95,4.6535074491127,0.0126123921232547,0.00222252928710158,0.26031400511805,0.010145971832452,0.2448,0.00927066681301268,0,0,147.55,5.10390717206462,0.0282514555969727,0.00327188304634978,0.305174661946157,0.0113484670766422,0.287,0.0103440804327886,0,0,169.55,6.33763819531668,0.0458256233183972,0.00339883266857118,0.344106279826833,0.0134182554144239,0.3236,0.012190246316755,0,0,0.000947408233998769,0.000109582231521383,0.351727809244064,0.0180382311075311,0.3305,0.0162751829159419,0.830635335720426,0.00560527500583378,0.755017005178663,0.00643683625957182,0.776741958722475,0.00623946355362631,0.64588281192127,0.0110946382974581,0.830652059365321,0.00560584724403646,0.755185928968347,0.00643844282571464,0.776830219757955,0.00624167215783735,0.647238151806148,0.0111016985786105,0.9955,0.00153468666440246,0.8644,0.0109078436288562,0.5637,0.00883208862465069,0,0,NA,NA,2.7651588372248,0.0481832826740343,4.44424692235901e-05,0,109.5,3.8528868192701,108.85,3.83973340631598,5,0,0,0,4.44424692235901e-05,0
"P","lnpois",3,0.1,1,0.5,"TOX-raw-blocked",20,0,0,NA,NA,4748.9,4.26485021641101,4748.9,4.26485021641101,470.6,1.47683872903542,500,0,1.15,0.208692672556914,0,0,0.00244591152923131,0.000444567279683994,0.0023,0.000417385345113828,0.25,0.0993399267798783,1.45,0.276014873741101,0,0,0.00308446026319339,0.000587200710215203,0.0029,0.000552029747482201,0.2,0.0917662935482247,1.9,0.396696888130764,0.00840336134453781,0.00840336134453781,0.00393447606372603,0.000776959332349533,0.0037,0.000729455456596148,0.15,0.0819178021909125,0,0,0.380407731384087,0.0154701571908378,0.3577,0.0140219940019055,0.830665857810757,0.00560677144902578,0.756008287181925,0.00636264194693749,0.777139459568934,0.00621446096905433,0.647380439706467,0.0107952702179071,0.83066587106638,0.00560678764136449,0.756008161201857,0.00636266941219275,0.777139394921268,0.00621447523512904,0.647353700609291,0.0107930940614487,0.9885,0.00232548806422267,0.8658,0.0109100629550984,0.5634,0.00877448454026608,0,0,NA,NA,NA,NA,2.45035167115088e-05,1.44520798935649e-05,1.25,0.0993399267798783,1.25,0.0993399267798783,3.1,1.31968895856881,0.2,0.0917662935482247,NA,NA
"P","lnpois",5,0.1,1,0.5,"DESeq2",20,0,0,NA,NA,4737.2,7.46310221937514,4731.9,7.34341810560206,469.1,1.73493515728975,500,0,243.55,7.27268682704065,0.0396304981393783,0.00252520578479187,0.498943237336912,0.0155358415324887,0.4677,0.0139217928367532,0,0,303.5,7.4870062880897,0.123279430922462,0.00474691439690125,0.567377845068808,0.0146491332142704,0.5319,0.0129675505945052,0,0,355.15,8.56838589479403,0.205476592864777,0.00480560773351602,0.601366660127558,0.0146643656339072,0.5638,0.0129687072764039,0,0,0.00879670012200247,0.00042882105878101,0.510620079147435,0.0157801575825893,0.4787,0.0142187977876583,0.86116757260334,0.00597252803529142,0.80016028335348,0.00646432655188403,0.817560901622183,0.00613387003663789,0.720876648669357,0.0103560240329134,0.86116757260334,0.00597252803529142,0.80016028335348,0.00646432655188403,0.817560901622183,0.00613387003663789,0.720876648669357,0.0103560240329134,1,0,0.943,0.00789870075925215,0.6205,0.00909236232403763,0.00082713168307062,0.000502256940978576,0.422473968161891,0.0040226128364799,1.50032501571679,0.022666432016183,5.5144719593368e-39,5.51393580307272e-39,1,0,1,0,1,0,0,0,NA,NA
"P","lnpois",5,0.1,1,0.5,"edgeR",20,0,0,NA,NA,4737.2,7.46310221937514,4737.2,7.46310221937514,469.1,1.73493515728975,500,0,231.35,6.79910017266217,0.0142000142258588,0.00142822002659704,0.48656551754981,0.0149529069822851,0.4561,0.0133806419482538,0,0,280.8,7.53748527099896,0.073976656086945,0.00347106592643272,0.554395498520539,0.0151677445530559,0.5197,0.0134370070289011,0,0,320.25,8.30183080632472,0.136286785296963,0.00404448107201803,0.589246340213213,0.0146899740183054,0.5524,0.01294896866448,0,0,0.00491138062882467,0.000302437028618993,0.534161736021051,0.0148466095379219,0.5008,0.0133293502822669,0.863597834230441,0.00614283671217184,0.806902557735592,0.00655421597604468,0.823163105997532,0.0062760592214694,0.730109211960498,0.0104056426303737,0.863597834230441,0.00614283671217184,0.806902557735592,0.00655421597604468,0.823163105997532,0.0062760592214694,0.730109211960498,0.0104056426303737,1,0,0.9596,0.00714304962146679,0.6271,0.00956581083035334,0.000679181929181929,0.00051035823073961,0.420939127976426,0.00394019868030613,1.5159588456455,0.0229958747438555,1.40160629030546e-24,9.20635275189516e-25,1,0,1,0,1,0,0,0,NA,NA
"P","lnpois",5,0.1,1,0.5,"limma",20,0,0,NA,NA,4737.2,7.46310221937514,4737.2,7.46310221937514,469.1,1.73493515728975,500,0,227.8,7.10211236182588,0.0103196530814909,0.00107855978026134,0.48105596795597,0.0156976200493299,0.4509,0.0140730986375836,0,0,268.85,7.63691691718589,0.0478779275317401,0.00281997507472339,0.545702141393362,0.0155553651008255,0.5115,0.0137510765128828,0,0,301.3,7.57839727535829,0.0955435156661235,0.00385330321925155,0.580823481718855,0.0145834256992772,0.5445,0.0128611000593589,0,0,0.00307132254361037,0.000240103074173249,0.547648049927087,0.0142731032754958,0.5134,0.0126475294030099,0.866419528384781,0.00598066458337112,0.812043074593179,0.00630644399799836,0.827178507614342,0.00604901230190686,0.737199971710729,0.010125738892154,0.866419528384781,0.00598066458337112,0.812043074593179,0.00630644399799836,0.827178507614342,0.00604901230190686,0.737199971710729,0.010125738892154,1,0,0.9664,0.00611056031542288,0.6351,0.00881801385920053,2e-04,2e-04,0.410698259170299,0.00406187162019806,1.52051345477961,0.0183401911906436,4.65894610185903e-25,4.65880872927057e-25,1,0,1,0,1,0,0,0,NA,NA
"P","lnpois",5,0.1,1,0.5,"TOX-log",20,0,0,NA,NA,4737.2,7.46310221937514,4737.2,7.46310221937514,469.1,1.73493515728975,500,0,238,7.21402143489731,0.0158094712390102,0.00184756943163883,0.499715735037443,0.015770641625375,0.4684,0.0140993467560511,0,0,279.45,8.22271404803727,0.0577829058368363,0.0044637605789491,0.561060114438211,0.0161831804970416,0.5259,0.0143457127283454,0,0,314.9,9.04226916094336,0.108192050606191,0.00642361868110377,0.597702027811009,0.0157853037372193,0.5603,0.0139255728409056,0,0,0.00387021945861792,0.000400158477430242,0.552567065232985,0.0156826167971006,0.518,0.0139691389178168,0.869108825334643,0.00647929996872521,0.815135427289369,0.00682900355355419,0.830916630401586,0.00675184435966265,0.741929058747384,0.0109997054721391,0.869123710771359,0.00648120017635553,0.815288333442258,0.00685443761905183,0.830995296245204,0.0067646115457726,0.742648850192603,0.0110570731140759,1,0,0.9676,0.0057739888611272,0.6388,0.0101155430168783,0.000423758928254149,0.000293355717378164,0.561881485119108,0.0119192903118289,1.47104521332162,0.0210531422536798,1.59997440040959e-05,0,193.4,6.71659374824377,193.05,6.69543245724081,2,0,0,0,1.59997440040959e-05,0
"P","lnpois",5,0.1,1,0.5,"TOX-log-blocked",20,0,0,NA,NA,4737.2,7.46310221937514,4737.2,7.46310221937514,469.1,1.73493515728975,500,0,193.35,7.79584065889929,0.00154638503590638,0.000545930715347659,0.411910127020885,0.0171225609024965,0.3861,0.0155816862812861,0,0,241.65,7.64827982036002,0.0173599672284827,0.00206852449625183,0.506447690292692,0.0164235281337398,0.4747,0.014712883720346,0,0,272.45,8.65371079516272,0.0496572577186923,0.00423193766554932,0.551594193498927,0.0170271888224077,0.517,0.0151605443590643,0,0,0.00100905003348125,0.000140834949348529,0.553627289799299,0.015282819989364,0.519,0.0135968262550687,0.869134557541201,0.00647920055584875,0.81535889516356,0.00683865924186245,0.831015535685741,0.00676179151928682,0.74277415003408,0.0110463089267785,0.869134557541201,0.00647920055584875,0.81535889516356,0.00683865924186245,0.831015535685741,0.00676179151928682,0.74277415003408,0.0110463089267785,1,0,0.9678,0.005792735923006,0.6387,0.0100370628960342,0,0,0.561881485119108,0.0119192903118289,1.64848696361078,0.0168553264310921,4.09599999983223e-11,0,30.9,2.23241667493466,30.9,2.23241667493466,1,0,0,0,NA,NA
"P","lnpois",5,0.1,1,0.5,"TOX-log-boot",20,0,0,NA,NA,4737.2,7.46310221937514,4737.2,7.46310221937514,469.1,1.73493515728975,500,0,230.35,7.44568932159301,0.0105289463111198,0.00164154298844385,0.486251851458477,0.0162922767915715,0.4558,0.014670342442098,0,0,276,8.26469982261272,0.0549607802407616,0.00424100114985282,0.555833096550854,0.0164555726376895,0.521,0.0146348538553831,0,0,311.55,8.97642379851388,0.104048001694872,0.00637512304117125,0.594086660178342,0.0157171371473173,0.5569,0.0138567672997709,0,0,0.00363637524412102,0.000361433694669911,0.553932256019504,0.0152761291345974,0.5193,0.0136190849062707,0.869074336142949,0.00648371508222798,0.815207394143164,0.00687245864871595,0.83090032190054,0.00676622651237104,0.741593833697354,0.0110959970680361,0.869093407581201,0.00648413650515817,0.815403678871278,0.00687697450134264,0.831002923447927,0.00676887906260106,0.742723868853287,0.0110771587153034,1,0,0.9696,0.0056225111452933,0.6388,0.0100717426496113,0.000189393939393939,0.000189393939393939,0.561881485119108,0.0119192903118289,1.48245119933635,0.0203624401637286,9.99900009999e-05,0,203.2,6.71784739959241,202.7,6.71216491861879,10,0,0,0,9.99900009999e-05,0
"P","lnpois",5,0.1,1,0.5,"TOX-raw",20,0,0,NA,NA,4737.2,7.46310221937514,4737.2,7.46310221937514,469.1,1.73493515728975,500,0,138.4,6.01200553279151,0.00236007552312274,0.00101766499838377,0.294530122736997,0.013061513543304,0.2761,0.011939739043256,0,0,163.05,7.21565367064806,0.0103806829069188,0.00211453017274703,0.344194352917715,0.0155722900679769,0.3226,0.0142149661680179,0,0,208.9,10.9289331111215,0.0255540304224681,0.0030473832823091,0.433559720769989,0.0223582584310401,0.4064,0.0205859430833659,0,0,0.00041111553006494,9.04836693047623e-05,0.509953899959474,0.0153042205615784,0.4782,0.0139615260815684,0.865500301235278,0.00655764605885398,0.805880362942208,0.00693412907540113,0.824101148052126,0.00683334661140654,0.728471812914807,0.0112000581077427,0.865505763335544,0.00655865297807004,0.805937378156879,0.00694604140957823,0.824131116023666,0.00683941812282374,0.728806603578688,0.0112486892795412,0.9995,5e-04,0.9454,0.00613033870447456,0.6323,0.0102815880403554,0,0,NA,NA,2.59002934035855,0.0383165091185958,1.59997440040959e-05,0,121.25,4.58020626977478,121.1,4.54619563336666,2,0,0,0,1.59997440040959e-05,0
"P","lnpois",5,0.1,1,0.5,"TOX-raw-blocked",20,0,0,NA,NA,4737.2,7.46310221937514,4737.2,7.46310221937514,469.1,1.73493515728975,500,0,0.2,0.11697953037312,0,0,0.000422838626976214,0.000247518970345368,4e-04,0.000233959060746241,0.85,0.0819178021909125,57.4,14.8572860027806,0.000651041666666667,0.000651041666666667,0.122732432681195,0.0318813859958602,0.1147,0.0296897200000979,0.4,0.112390297389803,193.95,10.1456433481258,0.00681501156616984,0.001352443175399,0.410694114614123,0.0215973385484175,0.3849,0.0198019004935863,0,0,1.18708452041785e-05,1.18708452041785e-05,0.535580517160586,0.0152279137997243,0.5022,0.0138205796207189,0.865781755442992,0.00655343796953816,0.808463040250749,0.00703000474910028,0.825506882964232,0.006878000446584,0.732471375967906,0.0112145673381987,0.865781755442992,0.00655343796953816,0.808463040250749,0.00703000474910028,0.825506882964232,0.006878000446584,0.732471375967906,0.0112145673381987,0.999,0.000688247201611686,0.958,0.00703375320938447,0.6323,0.0103530061741557,0,0,NA,NA,3.40827568467839,0.185856311431051,3.25593722866664e-05,7.07149065836875e-06,1,0,0.95,0.05,3.65,0.645938729373973,0.7,0.105131496607569,NA,NA
"P","lnpois",10,0.1,1,0.5,"DESeq2",20,0,0,NA,NA,4742.75,6.02925979571378,4742.75,6.02925979571378,468.35,1.19928706892229,500,0,313.4,7.06339712513521,0.0399759746462206,0.00233903064858834,0.64244165234317,0.0145301900940901,0.6015,0.0131211961906559,0,0,368.9,8.38573349897249,0.119445277909276,0.00549838048266377,0.692673645782544,0.0140640927199355,0.6486,0.0127122816702258,0,0,421.7,10.0391601661745,0.199908200800764,0.00677697712214331,0.718581509842192,0.013681821145895,0.6729,0.0124058347902149,0,0,0.0104330082664808,0.000620898907520599,0.653752657121665,0.0133560967496119,0.6121,0.0119617592439627,0.903728683462812,0.00511090104819953,0.854810921960241,0.0060646501224027,0.867201600077396,0.00586273666682001,0.804760163309697,0.00911367683681845,0.903728683462812,0.00511090104819953,0.854810921960241,0.0060646501224027,0.867201600077396,0.00586273666682001,0.804760163309697,0.00911367683681845,1,0,0.9948,0.00205400763592083,0.6959,0.00953826090294408,0.000321125429023573,0.000221443578327881,0.298362276381063,0.00175466175752586,1.01399737981457,0.0129246322411037,5.17044060504658e-55,5.17038298558508e-55,1,0,1,0,1,0,0,0,NA,NA
"P","lnpois",10,0.1,1,0.5,"edgeR",20,0,0,NA,NA,4742.75,6.02925979571378,4742.75,6.02925979571378,468.35,1.19928706892229,500,0,301.55,6.55602374678593,0.0146389267535423,0.00143503816055963,0.634612389430868,0.0141198426794327,0.5942,0.0127913622170753,0,0,346.15,7.37716070043211,0.0749583879102785,0.00317682517100745,0.683371396265938,0.0138306660059226,0.6399,0.01253246310902,0,0,385.45,8.2638957934022,0.138675351383126,0.00506966044172533,0.707897664587645,0.0131328727755413,0.6629,0.0118973460109918,0,0,0.00612881039920347,0.000340108516676284,0.668464228178213,0.0133933829959136,0.6259,0.0120310781771736,0.905749439113807,0.00526155167426806,0.859957679892392,0.00621901003343016,0.872032328712294,0.00607288360619227,0.811506704864739,0.00934064866911491,0.905749439113807,0.00526155167426806,0.859957679892392,0.00621901003343016,0.872032328712294,0.00607288360619227,0.811506704864739,0.00934064866911491,1,0,0.998,0.00106622797996637,0.7031,0.0095393644276865,0.000344827586206897,0.000344827586206897,0.296775891007301,0.00176021555090051,1.02862460628803,0.0112320001700741,1.32394314845456e-37,1.07539934610413e-37,1,0,1,0,1,0,0,0,NA,NA
"P","lnpois",10,0.1,1,0.5,"limma",20,0,0,NA,NA,4742.75,6.02925979571378,4742.75,6.02925979571378,468.35,1.19928706892229,500,0,296.8,6.4516827670241,0.00869658271899373,0.00111969435584426,0.628336016125198,0.0138469351540173,0.5883,0.0124843270164087,0,0,334.95,7.25203238300895,0.0513472633227981,0.00270483164748276,0.678291179294429,0.014339630979603,0.6351,0.0129350401297365,0,0,367.7,8.08543199379698,0.100679369259861,0.00439777979147396,0.705267987668792,0.0138091729135222,0.6604,0.0124550560437371,0,0,0.00406872912202215,0.00025657111051646,0.678608371571743,0.0138954028181942,0.6354,0.0125052410065372,0.90896695928437,0.00529261187830984,0.864800534032138,0.0061260532096614,0.876460856059793,0.00583661682302785,0.818140642181426,0.00915397421316784,0.90896695928437,0.00529261187830984,0.864800534032138,0.0061260532096614,0.876460856059793,0.00583661682302785,0.818140642181426,0.00915397421316784,1,0,0.9988,0.000716717664444177,0.7103,0.00947825766800273,0.000174216027874564,0.000174216027874564,0.286819920247999,0.00184421028436774,1.03527968029063,0.00975525377050557,7.46319393015836e-45,7.46314402868853e-45,1,0,1,0,1,0,0,0,NA,NA
"P","lnpois",10,0.1,1,0.5,"TOX-log",20,0,0,NA,NA,4742.75,6.02925979571378,4742.75,6.02925979571378,468.35,1.19928706892229,500,0,301.85,7.05104508864503,0.00923824884074569,0.00103261251088542,0.638823990611763,0.0154438749782181,0.5981,0.0139710038067571,0,0,336.85,7.26211329253987,0.0467371083442887,0.00262747345603162,0.685667197267923,0.0149162669396499,0.642,0.0134696540025113,0,0,365.8,8.12066888611368,0.0926495292089108,0.00433106939329973,0.708053640286601,0.0145026588057981,0.663,0.0131144757304366,0,0,0.00370820400316843,0.000233217806796648,0.688344443544124,0.0142692285787448,0.6445,0.0128077895705782,0.912169397080581,0.00563645697147813,0.868377943410309,0.006658729999882,0.879889472617296,0.00632329314575569,0.823568951808339,0.00985383042499048,0.912172800435122,0.00563728442189558,0.868413222170427,0.00667122526681748,0.879907380079796,0.00632937372948092,0.823677570653528,0.00988578638533009,1,0,0.9994,6e-04,0.7157,0.0105633676846972,0.000172413793103448,0.000172413793103448,0.518130072893929,0.0181035016870893,1.00846390783751,0.0117896408198934,3.999984000064e-06,0,251.85,6.56797453357458,251.8,6.54723726387502,1,0,0,0,3.999984000064e-06,0
"P","lnpois",10,0.1,1,0.5,"TOX-log-blocked",20,0,0,NA,NA,4742.75,6.02925979571378,4742.75,6.02925979571378,468.35,1.19928706892229,500,0,279.8,7.29873817501138,0.00188889278038942,0.000464284150724039,0.596589127772923,0.0159930590386109,0.5585,0.0144891066158792,0,0,318.9,7.22892581377431,0.0251672867897685,0.00180952311478985,0.664031796517072,0.0156053140064113,0.6217,0.0140819219681047,0,0,347.7,7.66368744555504,0.0641041873923896,0.00333639847084818,0.694520879550701,0.0147093860017464,0.6503,0.0132714771319231,0,0,0.0018827665864442,0.00013775782197558,0.687178801843205,0.0143142898327962,0.6434,0.0128350670963739,0.912203337412504,0.00564418107984458,0.868427415844309,0.00670087337273386,0.879904633625261,0.0063395663841877,0.823578689274197,0.00990683834552599,0.912204320068167,0.00564446049750764,0.868434001085308,0.00670302533635968,0.879908077192921,0.00634060698015831,0.823695184631001,0.00990927937661152,1,0,0.9992,0.0006223892841724,0.7156,0.0104906976337184,0.000177935943060498,0.000177935943060498,0.518130072893929,0.0181035016870893,1.07280165610472,0.0104547270905583,9.99900009999e-05,0,246.25,6.71129252591638,246.25,6.71129252591638,10,0,0,0,NA,NA
"P","lnpois",10,0.1,1,0.5,"TOX-log-boot",20,0,0,NA,NA,4742.75,6.02925979571378,4742.75,6.02925979571378,468.35,1.19928706892229,500,0,297.85,7.15404743741905,0.00761942118012005,0.00103351597192609,0.631378579946928,0.015615812026247,0.5911,0.0140985068264991,0,0,335,7.19575898487582,0.0435784456110715,0.00267025124122314,0.684168927726937,0.0148474576631189,0.6406,0.0134039271543042,0,0,363.9,8.0876448982383,0.0890994027156021,0.00406558299758004,0.707196335435778,0.0146086272068612,0.6622,0.013221911638202,0,0,0.00343893253883542,0.00023014852691668,0.687074752407424,0.0144107824517628,0.6433,0.0129194060479412,0.912178114833042,0.00563778600790317,0.868231169195109,0.0066635270615345,0.879812382449541,0.00632638924683754,0.823073822024076,0.00984851749718267,0.912193768022219,0.00563969939609954,0.8683971002767,0.00668064031296149,0.8798955122677,0.00633585835714786,0.823697324488443,0.0098914643848673,1,0,0.9992,0.000467918121492482,0.7164,0.0104685996650635,0.000174825174825175,0.000174825174825175,0.518130072893929,0.0181035016870893,1.01161517881542,0.011807422943916,9.99900009999e-05,0,271.85,6.42621071943072,271.6,6.41478555247255,10,0,0,0,9.99900009999e-05,0
"P","lnpois",10,0.1,1,0.5,"TOX-raw",20,0,0,NA,NA,4742.75,6.02925979571378,4742.75,6.02925979571378,468.35,1.19928706892229,500,0,190.45,6.51212431990474,0.000267379679144385,0.000267379679144385,0.406743401718622,0.0141289032045569,0.3808,0.0130274204741586,0,0,254.6,8.36987077810078,0.00409226924508334,0.000936710538803755,0.541732435888799,0.0181943748570926,0.5071,0.0166439336190634,0,0,295.15,8.02308347339429,0.0164643358780834,0.00178692698256008,0.619953702647857,0.0170154709898993,0.5804,0.015477385880187,0,0,0.000245730913623356,5.50819096486397e-05,0.669169053014443,0.0151026272336088,0.6265,0.0135645629646168,0.908592852739197,0.00553531562507748,0.861435495377862,0.0067009528194397,0.874254582563648,0.00652867887330512,0.814710752449277,0.0100645905340729,0.908594963659806,0.00553484680232213,0.861457267992645,0.00669650491378446,0.874265552431045,0.00652658719174901,0.814818625743121,0.0100421316596034,1,0,0.9954,0.0013384987662932,0.7066,0.0105930463785895,0.000228310502283105,0.000228310502283105,NA,NA,1.53334806175762,0.0205664562985941,3.999984000064e-06,0,167.7,5.88087891748379,167.65,5.88185210716202,1,0,0,0,3.999984000064e-06,0
"P","lnpois",10,0.1,1,0.5,"TOX-raw-blocked",20,0,0,NA,NA,4742.75,6.02925979571378,4742.75,6.02925979571378,468.35,1.19928706892229,500,0,177.35,10.0502094767381,0.0003125,0.0003125,0.378916642626293,0.0217052704801911,0.3546,0.0201097514968027,0,0,284.75,7.91031139183468,0.00599089246299173,0.00104114253892564,0.604582762012394,0.0171169605949342,0.566,0.0155833919691176,0,0,315.15,7.42941344996537,0.0279794914225813,0.00195599410766503,0.654309726358877,0.0158654052096768,0.6126,0.0143564399633423,0,0,0.000409590833838876,7.21072187982028e-05,0.673275307897232,0.0144651121177026,0.6304,0.0130485732230729,0.90862312277983,0.00554593347275636,0.862362110066552,0.006761476701132,0.874682870625408,0.00655020268374699,0.815560485638947,0.0101300056718504,0.90862567726236,0.00554577789253929,0.862389710132701,0.00675986716499983,0.874697460069024,0.00654933468903411,0.815763714029629,0.0101074592848582,1,0,0.9968,0.00118232598586097,0.7073,0.0106576140313911,0.000204081632653061,0.000204081632653061,NA,NA,1.27184698763563,0.0161560240420084,9.99900009999e-05,0,96.8,3.72657596475003,96.75,3.72394456965927,10,0,0,0,NA,NA
"P","nb",3,0.1,1,0.5,"DESeq2",20,0,0,NA,NA,4754.45,5.81399174406018,4754.25,5.81462538957177,470.05,1.18649195441635,500,0,167.9,6.78461882728713,0.0358529909533585,0.00312331758199589,0.344444071781283,0.0140893007551172,0.3236,0.0129025497276191,0,0,221.65,8.12477530053666,0.106732182369252,0.00493166088121087,0.420809342394237,0.0151368902985554,0.3953,0.0137268657058071,0,0,267.75,9.08088652059919,0.183998671175181,0.00573345002529584,0.464078396474118,0.0150543994316141,0.436,0.013649754190962,0,0,0.00560190436314161,0.000381077463197132,0.367267680211371,0.0141302601100744,0.3451,0.012970797159287,0.8244768570559,0.00633581568637819,0.744241342681299,0.00642188881084983,0.76699847912263,0.00641049554228623,0.63201552492991,0.0112655591675395,0.8244768570559,0.00633581568637819,0.744241342681299,0.00642188881084983,0.76699847912263,0.00641049554228623,0.63201552492991,0.0112655591675395,0.9975,0.000993399267798784,0.8392,0.0117682892375633,0.5463,0.00943930751251327,0.000568181818181818,0.000568181818181818,0.546806584383416,0.00311203496728053,2.16426755657069,0.0219636752792829,1.21350825715919e-23,1.20408260069358e-23,1,0,1,0,1,0,0,0,NA,NA
"P","nb",3,0.1,1,0.5,"edgeR",20,0,0,NA,NA,4754.45,5.81399174406018,4754.45,5.81399174406018,470.05,1.18649195441635,500,0,145.65,6.37110045852611,0.00978304202671012,0.00175585833693686,0.307013407452994,0.0137374380031582,0.2884,0.012582025608822,0,0,189.25,7.3520047391314,0.0413361206782066,0.00385312516342504,0.385850558646409,0.0149771973373218,0.3625,0.0136897003158156,0,0,221.65,8.07506721497201,0.0856460546951891,0.00520998199103636,0.430799825658701,0.0153576008345747,0.4047,0.013942192684155,0,0,0.00186602032642522,0.000205380632160759,0.4009465724283,0.0150899375443992,0.3767,0.013811722709732,0.827155924601053,0.00637140004714767,0.752306282535909,0.0067130402267446,0.773056597124214,0.00670737740031961,0.644041104266504,0.0115015430842429,0.827155924601053,0.00637140004714767,0.752306282535909,0.0067130402267446,0.773056597124214,0.00670737740031961,0.644041104266504,0.0115015430842429,0.9995,5e-04,0.8606,0.0121993097302567,0.5542,0.00981073525867401,0.000314465408805031,0.000314465408805031,0.545732339990644,0.00356818792403562,2.21790385210038,0.0223911450569905,1.08661440910697e-14,9.30563913388813e-15,1,0,1,0,1,0,0,0,NA,NA
"P","nb",3,0.1,1,0.5,"limma",20,0,0,NA,NA,4754.45,5.81399174406018,4754.45,5.81399174406018,470.05,1.18649195441635,500,0,134.7,6.04330860931067,0.00816556816837731,0.00163265391690895,0.2843307917886,0.0129798116172029,0.2671,0.0119256247767482,0,0,179.55,7.34613217242494,0.0387968534352883,0.00353530549971798,0.367015464216813,0.0149899086203101,0.3448,0.0137384592716176,0,0,209.55,7.99159920758898,0.0782527620902162,0.00577633022932473,0.410468568729777,0.0152476661804531,0.3856,0.0138788745183007,0,0,0.00166922354942948,0.000182142352250142,0.382502767351388,0.0148830923336484,0.3594,0.0136482888844604,0.821841325975379,0.00623909760079458,0.74637492940038,0.00674178769116625,0.766930803767639,0.00664237850474659,0.633337155377643,0.0114855462533083,0.821841325975379,0.00623909760079458,0.74637492940038,0.00674178769116625,0.766930803767639,0.00664237850474659,0.633337155377643,0.0114855462533083,0.999,0.000688247201611686,0.8458,0.0123577378273908,0.5426,0.00992826904932524,0.000333333333333333,0.000333333333333333,0.561287469804257,0.00268783373473594,2.31596526868224,0.0237775299157265,7.39126448475622e-13,4.29969077012915e-13,1,0,1,0,1,0,0,0,NA,NA
"P","nb",3,0.1,1,0.5,"TOX-log",20,0,0,NA,NA,4754.45,5.81399174406018,4754.45,5.81399174406018,470.05,1.18649195441635,500,0,157.8,6.48869462178155,0.0208693714931237,0.00286207039224336,0.328933240125787,0.0139633162428818,0.309,0.0127646716411063,0,0,198.25,7.6708179073956,0.0596178758567744,0.00432240647597731,0.396465408208375,0.0153026513207651,0.3724,0.0138765990069613,0,0,231.3,7.92733445610486,0.10835574222063,0.00535497855817182,0.43870168403596,0.0152203857867687,0.4121,0.0137362179733188,0,0,0.00281304259844132,0.000262477245175561,0.383306955802996,0.0150913157153417,0.3602,0.0138965349713706,0.825820160730357,0.00654043062933947,0.748683086183719,0.00693429204872366,0.770119918180804,0.00682529029605931,0.637095445782412,0.011885937011313,0.825843114238391,0.00654174956826275,0.748914673287522,0.00694590544473299,0.770239415596582,0.00683170249579041,0.638938556929193,0.011916599522404,0.996,0.00152177182050537,0.8534,0.012380885097176,0.5486,0.0102146437709996,0.000598290598290598,0.000412937334279922,0.665182612730629,0.0141857083993097,2.22561689635867,0.0257820127619033,4.44424692235901e-05,0,124.8,5.46500830644142,123.85,5.47831850883193,5,0,0,0,4.44424692235901e-05,0
"P","nb",3,0.1,1,0.5,"TOX-log-blocked",20,0,0,NA,NA,4754.45,5.81399174406018,4754.45,5.81399174406018,470.05,1.18649195441635,500,0,88.35,5.37845360283927,0.000344827586206897,0.000344827586206897,0.18807541422711,0.0116521286307432,0.1766,0.0107017952256914,0,0,134.9,6.91371634392173,0.00860835827395543,0.00163488824976452,0.28481899640557,0.0150197806518695,0.2675,0.0137679069999,0,0,167,7.75649133917758,0.0243709054990401,0.00298512845438641,0.346557222634195,0.0161328585777648,0.3255,0.0147333313487337,0,0,0.000268173612765614,4.86055565416107e-05,0.384921690527244,0.0153672398361976,0.3617,0.0141244655231902,0.825803538749713,0.00654649532975113,0.749174814977003,0.00698948495361873,0.770338964336561,0.00685938667623442,0.639400106446047,0.0119656524335775,0.825803525099371,0.00654650129877494,0.749175071576596,0.0069894785785318,0.770339031547155,0.00685939760339177,0.639402857589773,0.0119656400030499,0.9975,0.000993399267798784,0.8514,0.0128416263931424,0.5487,0.010407765319576,0,0,0.665182612730629,0.0141857083993097,2.69200218345514,0.0320247835367621,5.48696543925079e-07,0,27.85,2.64303951819432,27.85,2.64303951819432,1,0,0,0,NA,NA
"P","nb",3,0.1,1,0.5,"TOX-log-boot",20,0,0,NA,NA,4754.45,5.81399174406018,4754.45,5.81399174406018,470.05,1.18649195441635,500,0,146.05,6.97758629658679,0.013217091339924,0.0015803655104675,0.306862821095746,0.0150597316635394,0.2882,0.0137702195831592,0,0,196.05,7.68062326144243,0.0547079501418202,0.00398239350275301,0.394228752412866,0.0155986999257266,0.3703,0.0141579622381486,0,0,230.3,8.12471861860944,0.105070254055133,0.00537073090207628,0.438394831762654,0.0156577424518976,0.4118,0.0141442939955156,0,0,0.00254365961528591,0.000228449315500432,0.383766862260056,0.0149286003178309,0.3606,0.0136829513590722,0.825905948684817,0.00654112255438004,0.748913370825269,0.00699378954421957,0.770223423300754,0.00687356645930054,0.63740170840537,0.0119304150252224,0.825932299344378,0.00654233053406166,0.749166753494973,0.00700339229114368,0.770355692491493,0.00687912145748805,0.639378805308234,0.0119649605106888,0.997,0.00146897744599504,0.8518,0.0125403768935219,0.5488,0.0102765957910502,0.000274725274725275,0.000274725274725275,0.665182612730629,0.0141857083993097,2.21271622204822,0.0273359021444879,9.99900009999e-05,0,127.1,5.33454481854381,126.2,5.30570695721027,10,0,0,0,9.99900009999e-05,0
"P","nb",3,0.1,1,0.5,"TOX-raw",20,0,0,NA,NA,4754.45,5.81399174406018,4754.45,5.81399174406018,470.05,1.18649195441635,500,0,114.95,4.99867087597451,0.0137416363669038,0.00226450461786854,0.24137783134632,0.0108424078224638,0.2267,0.00984647946703474,0,0,138.35,6.07768783944061,0.0324822295000601,0.00328631256563509,0.285048390717637,0.0130284360293287,0.2677,0.0118546237925612,0,0,160.3,7.29422987529761,0.0483780452469533,0.00336196544694949,0.324748762041232,0.0152041984572101,0.305,0.0138803154825363,0,0,0.00104978105650966,0.000112677979606266,0.330943555206013,0.0191112911227068,0.3108,0.0175459696976707,0.829266496834015,0.00669012250098981,0.748615631540399,0.00684871244003954,0.772619951924543,0.00681056592899678,0.635921805115484,0.0119830980467812,0.829290759478221,0.0066917664169928,0.748861133488419,0.00686371240052647,0.772746271356836,0.00681909313453206,0.638058391649907,0.012061019861582,0.986,0.00302620137083475,0.8462,0.0118,0.5565,0.0101648258327689,0,0,NA,NA,2.91145710189568,0.0375131618121797,4.44424692235901e-05,0,99.1,4.82258938963837,98.05,4.7966408201881,5,0,0,0,4.44424692235901e-05,0
"P","nb",3,0.1,1,0.5,"TOX-raw-blocked",20,0,0,NA,NA,4754.45,5.81399174406018,4754.45,5.81399174406018,470.05,1.18649195441635,500,0,0.9,0.203909164503269,0,0,0.00192213227725145,0.00043836829260028,0.0018,0.000407818329006537,0.4,0.112390297389803,1.3,0.281910773491412,0.157142857142857,0.0810062307427785,0.00224173487217955,0.000526882027173178,0.0021,0.000491506813145475,0.3,0.105131496607569,1.55,0.311828225318465,0.146666666666667,0.0761368859149453,0.00278009654567761,0.000625629256366307,0.0026,0.000582191865643151,0.25,0.0993399267798783,5.82466327031882e-05,2.86603107054589e-05,0.359052763151204,0.0192184568805732,0.3373,0.0177124844463773,0.829264247026584,0.00672029941554329,0.749778439817986,0.00696556220120783,0.773113562648172,0.00690189899513633,0.63701791156493,0.012396055284668,0.829264172626508,0.00672030785502175,0.749778313881561,0.00696558387373034,0.773113498022901,0.00690191532406525,0.637012650859976,0.0123952787934818,0.984,0.00302620137083475,0.8514,0.0120184945199603,0.5569,0.010073911068226,0,0,NA,NA,NA,NA,0.000121316805514449,5.78104661120727e-05,1.2,0.11697953037312,1.15,0.131289154560699,12.25,5.45984142819667,0.3,0.105131496607569,NA,NA
"P","nb",5,0.1,1,0.5,"DESeq2",20,0,0,NA,NA,4731.5,5.45097770081082,4730.25,5.4738012386275,468.65,1.11750426821274,500,0,224.5,5.26432881711779,0.0352263911737666,0.00217930728042348,0.462166887865023,0.0108497344531212,0.4331,0.0100162762279045,0,0,278.45,5.4586845340343,0.10258551807922,0.00351561584748717,0.533083440212754,0.0101986058122127,0.4996,0.00947084167881942,0,0,325.65,5.85179909357618,0.172214052462677,0.00535111778690366,0.574909888408316,0.0100761775219133,0.5388,0.00934530560453243,0,0,0.00672360501277961,0.000307078513494812,0.486530193180733,0.0106693542618386,0.4559,0.00976618764168657,0.856737211760849,0.00495032634103108,0.793535401607914,0.00452620231088331,0.811676341614623,0.00432453539179911,0.709760710326112,0.00782827916834844,0.856737211760849,0.00495032634103108,0.793535401607914,0.00452620231088331,0.811676341614623,0.00432453539179911,0.709760710326112,0.00782827916834844,1,0,0.9332,0.00674404220502495,0.6141,0.00653649672788752,0.000587640981051532,0.00032122447110786,0.424976273181429,0.00293403780137766,1.60258729692604,0.0178948116634278,1.46235484344044e-32,1.46235484332008e-32,1,0,1,0,1,0,0,0,NA,NA
"P","nb",5,0.1,1,0.5,"edgeR",20,0,0,NA,NA,4731.5,5.45097770081082,4731.5,5.45097770081082,468.65,1.11750426821274,500,0,208.8,5.4481286019291,0.0094348643821111,0.00120620991966404,0.441406340575749,0.011603872055279,0.4136,0.0106678069565941,0,0,253.45,5.42386296597584,0.0461552731277658,0.00308784717453857,0.515519944356013,0.0102707887047446,0.4831,0.00944956139333016,0,0,283.95,5.33137436610664,0.0914136972788909,0.00397166684611402,0.55051841656813,0.0105727500440376,0.5159,0.00972514375485687,0,0,0.00279223458670714,0.000225848416739958,0.517034941069957,0.0097319112648499,0.4845,0.00888153021429126,0.858997375996181,0.00493097485692959,0.800888485650816,0.00452424046741083,0.817403903076605,0.00443617563159241,0.719987694867193,0.007722208901605,0.858997375996181,0.00493097485692959,0.800888485650816,0.00452424046741083,0.817403903076605,0.00443617563159241,0.719987694867193,0.007722208901605,1,0,0.9512,0.00593011937396488,0.6193,0.0065795136598384,0.00020746887966805,0.00020746887966805,0.423789145790491,0.00284682780001752,1.61822782515678,0.0126239661013795,1.85477693760829e-21,1.74159364108992e-21,1,0,1,0,1,0,0,0,NA,NA
"P","nb",5,0.1,1,0.5,"limma",20,0,0,NA,NA,4731.5,5.45097770081082,4731.5,5.45097770081082,468.65,1.11750426821274,500,0,197,5.7202318686902,0.00739323726061421,0.00142874113193889,0.417278990216375,0.0121080717890131,0.391,0.0111935131590625,0,0,240.35,5.57781083259468,0.0438878347272402,0.00268012362603757,0.490244311568192,0.0111602571119323,0.4594,0.0102639891701137,0,0,271.2,6.03742712716182,0.084056105467596,0.00417866702086785,0.529592572470026,0.010855433294395,0.4963,0.010013963934637,0,0,0.00249936518597183,0.000187576403714957,0.499943693966488,0.0102845366718162,0.4685,0.00945112079123563,0.854661624362058,0.00502576385334012,0.79410981452836,0.00464337560940377,0.811607685728831,0.00457586791702604,0.710138234733359,0.00785152505721253,0.854661624362058,0.00502576385334012,0.79410981452836,0.00464337560940377,0.811607685728831,0.00457586791702604,0.710138234733359,0.00785152505721253,1,0,0.944,0.00679938077675963,0.6101,0.00698038605477407,0,0,0.441178001432622,0.00281330578070294,1.71889682453188,0.0133326910279452,3.18107862145843e-17,2.24631228663037e-17,1,0,1,0,1,0,0,0,NA,NA
"P","nb",5,0.1,1,0.5,"TOX-log",20,0,0,NA,NA,4731.5,5.45097770081082,4731.5,5.45097770081082,468.65,1.11750426821274,500,0,207.6,5.50855793527814,0.0130048269616689,0.0013755409945779,0.437346285822687,0.0118022928910434,0.4098,0.0108743057854646,0,0,250.45,5.55189630951254,0.0536560075470585,0.00302370756501712,0.505674747515534,0.0111101896205788,0.4739,0.01028997979641,0,0,281.3,5.93344667741138,0.0957813381297859,0.00374924605717719,0.542497470382966,0.0109213046565772,0.5084,0.0100792648019272,0,0,0.00316838843514234,0.000214036744344166,0.503220976765951,0.0116978069534904,0.4716,0.0108371680122768,0.857987384819227,0.00540088434899566,0.797781657853055,0.00498120581605506,0.814991016026877,0.00493489662298722,0.714936876928771,0.00845080751876958,0.85800578297196,0.00540133188127601,0.797968297350422,0.00498523823885581,0.815087253449492,0.00493645529570933,0.715904388428738,0.0084356620558098,1,0,0.9444,0.00689713899495939,0.6177,0.00749775404967873,0,0,0.581215843816861,0.011001306913777,1.66276500027614,0.0149258209243726,1.59997440040959e-05,0,167.65,4.7280100409547,167.2,4.72150734182924,2,0,0,0,1.59997440040959e-05,0
"P","nb",5,0.1,1,0.5,"TOX-log-blocked",20,0,0,NA,NA,4731.5,5.45097770081082,4731.5,5.45097770081082,468.65,1.11750426821274,500,0,162.35,5.57403520091618,0.000239234449760766,0.000239234449760766,0.346438602743114,0.0119996468130572,0.3246,0.011104385098737,0,0,213.05,5.69093230730394,0.0148989026558865,0.00158334436650988,0.447903951618801,0.012052643153232,0.4197,0.0111026549693495,0,0,244.3,6.01406246795135,0.0426433562458353,0.00260297986200188,0.498863827226296,0.0118795062332315,0.4675,0.0109850376709222,0,0,0.000750819095228444,8.27326763093548e-05,0.506851233696386,0.0115509445825947,0.475,0.0106943172317185,0.858017191705292,0.00539503714988878,0.798259268710341,0.00497317829072553,0.815242668925526,0.00493145717175411,0.716351783896893,0.00839699031888789,0.858017191705292,0.00539503714988878,0.798259268710341,0.00497317829072553,0.815242668925526,0.00493145717175411,0.716351783896893,0.00839699031888789,1,0,0.9472,0.00698027295500081,0.6175,0.00753640288340882,0,0,0.581215843816861,0.011001306913777,1.84233232398556,0.0165202116468109,4.09599999983223e-11,0,18.7,1.70154728347311,18.7,1.70154728347311,1,0,0,0,NA,NA
"P","nb",5,0.1,1,0.5,"TOX-log-boot",20,0,0,NA,NA,4731.5,5.45097770081082,4731.5,5.45097770081082,468.65,1.11750426821274,500,0,202.8,5.65247966080281,0.00898395582967842,0.00126503203210852,0.428897538318085,0.0119816555061455,0.4019,0.0110829171535106,0,0,250.95,5.69046987237619,0.0514720276176156,0.00273183408816327,0.507716549117601,0.0110705784576082,0.4758,0.0102206189945413,0,0,282.9,5.98106661848343,0.0969171383432608,0.004044779753078,0.544948789681743,0.0111876151480725,0.5107,0.010336725532626,0,0,0.0030630104663861,0.000208994951067094,0.507169431857412,0.0111930530313678,0.4753,0.0103723062450983,0.85797417467839,0.00539973896564047,0.798023671344977,0.00497497252622433,0.815129503618183,0.00492366397486834,0.715127822492751,0.00842083814720334,0.857997667839081,0.00540031219158294,0.798244638573963,0.0049789153468964,0.815245585304603,0.00492464321208151,0.716317796123736,0.0084100205058208,1,0,0.947,0.00703001085572269,0.6178,0.00769675256195755,0,0,0.581215843816861,0.011001306913777,1.6564322935362,0.0152971890839967,9.99900009999e-05,0,176.3,4.77168181760069,175.85,4.7739837717185,10,0,0,0,9.99900009999e-05,0
"P","nb",5,0.1,1,0.5,"TOX-raw",20,0,0,NA,NA,4731.5,5.45097770081082,4731.5,5.45097770081082,468.65,1.11750426821274,500,0,148.95,3.87805906417929,0.00541177926421567,0.000774883344771469,0.316179668047338,0.00835740566461916,0.2963,0.00775991725403523,0,0,177.05,4.85986517031946,0.0149126209801477,0.00202448819153259,0.372216348971792,0.0103536047798577,0.3488,0.0095778252668393,0,0,220,7.02364427824818,0.0324383278213511,0.00265409129249324,0.453864085887072,0.013964804878476,0.4253,0.0129348773721122,0,0,0.000621650316849847,8.22260825894833e-05,0.492692310337017,0.0115021769335634,0.4617,0.0105932202747547,0.861048399271527,0.00532338026106593,0.799706701510821,0.00491011515019059,0.817734010103817,0.00475743931353257,0.718078565406151,0.00838458655423733,0.861054035782902,0.00532350935677478,0.799763113270793,0.004912667367378,0.817763152806545,0.00475893741852003,0.718432900974024,0.00838776487603851,1,0,0.9386,0.00648415071742751,0.623,0.00728878013041097,0,0,NA,NA,2.31172309743474,0.0351653875866691,1.59997440040959e-05,0,130.9,3.58057625470949,130.75,3.57246413557925,2,0,0,0,1.59997440040959e-05,0
"P","nb",5,0.1,1,0.5,"TOX-raw-blocked",20,0,0,NA,NA,4731.5,5.45097770081082,4731.5,5.45097770081082,468.65,1.11750426821274,500,0,0.1,0.0688247201611685,0,0,0.000213909860443834,0.00014722520177151,2e-04,0.000137649440322337,0.9,0.0688247201611685,69.35,11.9148900650891,0.00164705882352941,0.0011455315552513,0.148148123806001,0.025457497174078,0.1385,0.0238172317097472,0.25,0.0993399267798783,182.15,6.96467590963971,0.00767897918557115,0.00124439061684318,0.385629925002902,0.014630002499566,0.3613,0.013536130987297,0,0,2.33878210492577e-05,1.60971677638484e-05,0.511550717987271,0.0110964445832978,0.4794,0.0102742396312331,0.861216712255816,0.00532772574403129,0.801373271350766,0.00493986194369433,0.818556159066125,0.0047761348958617,0.720691863533036,0.00838009051495298,0.861216712255816,0.00532772574403129,0.801373271350766,0.00493986194369433,0.818556159066125,0.0047761348958617,0.720691863533036,0.00838009051495298,0.9985,0.000819178021909126,0.9466,0.00639259439960762,0.6241,0.00736059923189897,0,0,NA,NA,3.27376615949741,0.108265065334732,2.69557657588959e-05,5.04374316541037e-06,1,0,1,0,3.15,0.47169905660283,0.65,0.109424330980483,NA,NA
"P","nb",10,0.1,1,0.5,"DESeq2",20,0,0,NA,NA,4727.45,12.2557129535576,4727.45,12.2557129535576,467.55,1.42251630274628,500,0,284.7,4.56883032365132,0.0303891208640863,0.00332595778357012,0.590162272094749,0.00870019908700467,0.5517,0.00771638721027835,0,0,334.25,4.85683186753193,0.0922679811332654,0.00407433850679699,0.648595168948172,0.00831427510442034,0.6064,0.00757780693174066,0,0,373.35,5.47399353883048,0.152670621280976,0.00499489749011818,0.676074509783963,0.00843470903834714,0.6321,0.00769617129692284,0,0,0.0072840604327265,0.000399551691370928,0.615907860210022,0.00855854875389251,0.5758,0.00767209571313985,0.895250882265044,0.0033267670177268,0.842459219344988,0.00354821576612076,0.857298227028438,0.00324566787357585,0.787590007556571,0.00520457974466295,0.895250882265044,0.0033267670177268,0.842459219344988,0.00354821576612076,0.857298227028438,0.00324566787357585,0.787590007556571,0.00520457974466295,1,0,0.9912,0.00291059769589829,0.679,0.00536950453462592,0.000515352918869703,0.000282782029852437,0.301703621210718,0.00224452292113178,1.07836298073956,0.0113137631538904,3.16878568638529e-65,3.16445742464172e-65,1,0,1,0,1,0,0,0,NA,NA
"P","nb",10,0.1,1,0.5,"edgeR",20,0,0,NA,NA,4727.45,12.2557129535576,4727.45,12.2557129535576,467.55,1.42251630274628,500,0,275.25,4.30781114280852,0.0101649667652938,0.00124075897825357,0.582880146253873,0.00949320375387274,0.5449,0.00853657764532935,0,0,314.45,4.67156854081998,0.0495141387068419,0.00347044437255925,0.639008991601716,0.00870390235973099,0.5974,0.00779892030314048,0,0,345.45,4.78675530143222,0.0961048717894676,0.00466658960753883,0.667413655128431,0.00792894866867673,0.624,0.00721402143489732,0,0,0.0036956091240774,0.000290843991532258,0.640496706742119,0.00815550634088649,0.5988,0.00729729582213778,0.897612620295554,0.00340527705899193,0.848339252472735,0.00338439288093771,0.862371990805399,0.00325414842181323,0.795646580388934,0.00516812963635432,0.897612620295554,0.00340527705899193,0.848339252472735,0.00338439288093771,0.862371990805399,0.00325414842181323,0.795646580388934,0.00516812963635432,1,0,0.9974,0.00127403214038612,0.6859,0.00512265350647185,0.000168918918918919,0.000168918918918919,0.300049075025328,0.00213974640282021,1.09099850341797,0.0112970547939228,2.43130619311464e-35,2.42686892425897e-35,1,0,1,0,1,0,0,0,NA,NA
"P","nb",10,0.1,1,0.5,"limma",20,0,0,NA,NA,4727.45,12.2557129535576,4727.45,12.2557129535576,467.55,1.42251630274628,500,0,265.85,4.23598307734804,0.00808076360794967,0.0015302616641129,0.564185234168996,0.00942303580635021,0.5274,0.00842190127302805,0,0,302.75,4.52413120476128,0.0435448255376984,0.0035832433172452,0.619216511673899,0.00893149569708122,0.5789,0.00806222510751284,0,0,334.55,5.15418838370668,0.0907527581109987,0.00481336171703133,0.650134573116842,0.00873544586024382,0.6078,0.00782021671526334,0,0,0.0031188844727002,0.000269712889508697,0.62622530396641,0.00983109961525617,0.5854,0.00873239582486417,0.893947840302907,0.00317256405244913,0.843269200049991,0.00339617829305626,0.857520901367864,0.0031402705515577,0.787898216936104,0.00522699418355271,0.893947840302907,0.00317256405244913,0.843269200049991,0.00339617829305626,0.857520901367864,0.0031402705515577,0.787898216936104,0.00522699418355271,1,0,0.9946,0.00263218940287959,0.6777,0.00460954387514015,0,0,0.31425852966632,0.00209813942371337,1.16798569974411,0.0134489415894881,1.29558060840876e-27,1.29516646695913e-27,1,0,1,0,1,0,0,0,NA,NA
"P","nb",10,0.1,1,0.5,"TOX-log",20,0,0,NA,NA,4727.45,12.2557129535576,4727.45,12.2557129535576,467.55,1.42251630274628,500,0,269.2,4.4988887516808,0.00835104700161786,0.00174420991390849,0.571251698059377,0.0102643665144793,0.534,0.00920983456048907,0,0,305.15,4.36087569670419,0.0400670065791371,0.00324921697966533,0.626479082868802,0.00891740787658694,0.5857,0.00806979423203395,0,0,335.1,4.90375795745091,0.0829244547686298,0.00366917441326586,0.657062662863554,0.00897368206053977,0.6143,0.00811921048793345,0,0,0.00288845127228563,0.00024707907556395,0.635377537385584,0.00917096427317784,0.594,0.00821167333418521,0.897650144210488,0.00339972955742207,0.847569352080308,0.00381855764699601,0.861465944812697,0.00344925861251771,0.794323254001167,0.0057637088397672,0.897656768338458,0.00339909175409578,0.847636251199619,0.0038113311355424,0.861500209664543,0.00344638946993529,0.794625140135958,0.00572110667752271,1,0,0.995,0.00214966337634034,0.6852,0.00523228841954102,0.000197628458498024,0.000197628458498024,0.511886879677533,0.0154503818927255,1.13633030990629,0.0144941650170747,3.999984000064e-06,0,218.15,4.42378440038081,218,4.4497190922574,1,0,0,0,3.999984000064e-06,0
"P","nb",10,0.1,1,0.5,"TOX-log-blocked",20,0,0,NA,NA,4727.45,12.2557129535576,4727.45,12.2557129535576,467.55,1.42251630274628,500,0,249.1,4.73225216216505,0.00308469907573619,0.00094901760297513,0.531398011275525,0.0106596158565538,0.4967,0.00952036598146587,0,0,290.15,4.43863124943051,0.022714455175309,0.00248047185702109,0.606633058303782,0.00973630303896382,0.5671,0.00872078581683771,0,0,317.75,4.94968101045544,0.0573378641242552,0.00364705369685417,0.640382982041769,0.00924796723087582,0.5987,0.00837323429933613,0,0,0.00155025799412409,0.000167596561009126,0.635468942906997,0.0089032352180754,0.5941,0.00801639766846352,0.897607666056649,0.00340686641918322,0.847556982322995,0.00381069458797909,0.8614419741911,0.00344307173459197,0.794138688165345,0.00576160645810386,0.897618082783726,0.00340670324398426,0.847651770404537,0.00380463631705582,0.861492960491373,0.00343989775106629,0.794592060204072,0.00571710552808034,1,0,0.9942,0.00218077726365721,0.6854,0.00531155641775057,0,0,0.511886879677533,0.0154503818927255,1.19728664891797,0.0152374823775966,9.99900009999e-05,0,211.65,4.29398293821531,211.5,4.31246662839872,10,0,0,0,NA,NA
"P","nb",10,0.1,1,0.5,"TOX-log-boot",20,0,0,NA,NA,4727.45,12.2557129535576,4727.45,12.2557129535576,467.55,1.42251630274628,500,0,269.8,4.48248051629311,0.00881108877574473,0.0015608809357217,0.572205077090683,0.0100948517412927,0.5349,0.0090629087929579,0,0,308.8,4.55585222254676,0.0430706482285477,0.00342132377783825,0.631929675639314,0.009121487841838,0.5908,0.00826966555678358,0,0,339.1,5.05542959807103,0.0871538465464917,0.00375293948392092,0.66174832072797,0.00891707674475152,0.6187,0.00813475325540461,0,0,0.00314506277778489,0.000264116986377393,0.63569152390249,0.00889507121722565,0.5943,0.00796607940285757,0.897564315838031,0.00341220995543108,0.847196864253479,0.00383316332164326,0.861205051264069,0.00346408118300793,0.792934250091894,0.00589366573244086,0.897605505394865,0.0034103569275851,0.847606097290244,0.00380498929726665,0.861417066248929,0.00344953365145932,0.794521774793228,0.00573204352476651,1,0,0.995,0.00206983345376284,0.6848,0.00517158226830964,0,0,0.511886879677533,0.0154503818927255,1.11747292744108,0.0143383536675472,9.99900009999e-05,0,242.4,4.84518208880577,241.7,4.8974214482833,10,0,0,0,9.99900009999e-05,0
"P","nb",10,0.1,1,0.5,"TOX-raw",20,0,0,NA,NA,4727.45,12.2557129535576,4727.45,12.2557129535576,467.55,1.42251630274628,500,0,215.55,4.75918779005963,0.00165953300411148,0.000610134725577066,0.460466308301001,0.010616200356875,0.4304,0.00954170899400709,0,0,267.85,4.74911349068102,0.0134920550897069,0.00139444279947578,0.565371626421218,0.0105761051584618,0.5285,0.00948336493689428,0,0,299.95,4.67269504112653,0.0344954549763702,0.00237641209515457,0.619434916633308,0.00969967996179879,0.5791,0.00877493439771549,0,0,0.000846017402792548,8.64947908467093e-05,0.64113152885511,0.00914699293437302,0.5994,0.0082807322330691,0.900168379546197,0.00362051666826705,0.850193458444874,0.00383466638437917,0.86421351344855,0.00361297009835995,0.798549201308496,0.00575845145084623,0.900171042093796,0.00362078813523598,0.85022078048607,0.00383822572081443,0.864227670815466,0.00361451639707668,0.798662670869947,0.005771463603811,1,0,0.991,0.0020900768054384,0.692,0.0057031847058879,0,0,NA,NA,1.33454058438023,0.0184838990444043,3.999984000064e-06,0,186.45,4.29655614845682,186.4,4.28362856515484,1,0,0,0,3.999984000064e-06,0
"P","nb",10,0.1,1,0.5,"TOX-raw-blocked",20,0,0,NA,NA,4727.45,12.2557129535576,4727.45,12.2557129535576,467.55,1.42251630274628,500,0,191.65,5.5693120618354,0.000242718446601942,0.000242718446601942,0.410046315819495,0.0123529521703852,0.3832,0.0111255041281401,0,0,273.05,4.68225935116573,0.00991698152711271,0.0014988179412572,0.578433640905954,0.0104575911230392,0.5407,0.00934403834707344,0,0,301.65,4.62560095668945,0.0308541974516169,0.00251303004181584,0.625213406571911,0.00939614460588122,0.5845,0.0084640104964615,0,0,0.000633956626663875,9.53760787733998e-05,0.643476938734786,0.00943307219677791,0.6016,0.00857855342976708,0.900253398089328,0.00361364036271578,0.850805397334523,0.00385679124214037,0.864485155204216,0.00361891076690747,0.79927624383649,0.00575523307402932,0.900256117214242,0.00361390418334895,0.850833459165004,0.00385837072088724,0.864500697686853,0.00361943683569139,0.799518128020618,0.00576099110206094,1,0,0.9948,0.00148252984349122,0.6911,0.00583361402833431,0,0,NA,NA,1.27117000820571,0.0152080170247451,9.99900009999e-05,0,116.85,3.38205403175115,116.8,3.37373758066005,10,0,0,0,NA,NA
"P","tpois",3,0.1,1,0.5,"DESeq2",20,0,0,NA,NA,4738.6,6.25022104872258,4705.05,5.91940386401056,471.05,1.54489822522902,500,0,199.8,4.97551901550825,0.0273512563568744,0.00288690074237401,0.412563609182564,0.0102529490249025,0.3885,0.00938854284977734,0,0,248,4.93857000397995,0.0867972012597497,0.00423032104210363,0.480691624061521,0.00944487289480651,0.4527,0.0085953169624052,0,0,284.6,5.17351555114071,0.145851056394324,0.00334069815912169,0.515932123384334,0.00901010740726736,0.4859,0.00815439823201662,0,0,0.00507414160387013,0.000294200540914052,0.44562974734035,0.0108296922841649,0.4196,0.00985751116234668,0.840534663005472,0.00341715709417473,0.774362362203057,0.00369322962464074,0.793186107183263,0.00334375829707153,0.67914005289047,0.00578802820780925,0.840534663005472,0.00341715709417473,0.774362362203057,0.00369322962464074,0.793186107183263,0.00334375829707153,0.67914005289047,0.00578802820780925,0.9995,5e-04,0.9068,0.0074613389513792,0.5867,0.0045636435120705,0.000677132235603917,0.000370918878704528,0.496199195080597,0.00533940830469812,1.75667668306579,0.0188173591525401,1.46222661119423e-28,1.46207826498164e-28,1,0,1,0,1,0,0,0,NA,NA
"P","tpois",3,0.1,1,0.5,"edgeR",20,0,0,NA,NA,4738.6,6.25022104872258,4738.6,6.25022104872258,471.05,1.54489822522902,500,0,110,3.03141446922233,0.00033112582781457,0.000331125827814569,0.23350334590449,0.0064962999068927,0.2199,0.00599205614477245,0,0,176.2,4.62407885563794,0.00690231844285296,0.00172506040033348,0.371649571499673,0.00999730349544028,0.3499,0.00903848496852851,0,0,210.3,4.95723819543864,0.0208376584824093,0.00218524271024191,0.437207659099523,0.0103487775164263,0.4117,0.00942144809519887,0,0,0.000292875594610646,7.56957378947477e-05,0.477466346768493,0.00916441152609129,0.4496,0.00819704696505811,0.844129841256442,0.00333857763804174,0.779519977071585,0.00375861453594744,0.79663909566487,0.00345560695880873,0.687088350068995,0.00579455825599155,0.844129841256442,0.00333857763804174,0.779519977071585,0.00375861453594744,0.79663909566487,0.00345560695880873,0.687088350068995,0.00579455825599155,1,0,0.9258,0.00691892903182049,0.5893,0.00502472832468006,0,0,0.520381682778555,0.00641138083270977,2.15325558664004,0.0216846297747795,1.87974985335471e-07,3.40489663419629e-08,1,0,1,0,1,0,0,0,NA,NA
"P","tpois",3,0.1,1,0.5,"limma",20,0,0,NA,NA,4738.6,6.25022104872258,4738.6,6.25022104872258,471.05,1.54489822522902,500,0,112.05,3.04913706515553,0.00032258064516129,0.00032258064516129,0.237864603715649,0.00654481209191241,0.224,0.00602451133637453,0,0,174.35,4.37593599010242,0.0051104042267228,0.00130563215641411,0.368444985840349,0.00959204042973424,0.3469,0.00867236991830953,0,0,204.65,4.78334555900388,0.0131913517814728,0.00186444870877003,0.428725648439602,0.00990489296941592,0.4037,0.00896223069036768,0,0,0.000211082955134427,5.35776149986869e-05,0.490298875696266,0.0096295905416569,0.4617,0.00867698104181402,0.845023985317365,0.00348662237650091,0.785974765174788,0.00361019375475028,0.801926825355883,0.00349309100591327,0.695263683121052,0.00574845716428324,0.845023985317365,0.00348662237650091,0.785974765174788,0.00361019375475028,0.801926825355883,0.00349309100591327,0.695263683121052,0.00574845716428324,1,0,0.9364,0.0058320349432207,0.5964,0.00513317384122246,0,0,0.477716145239601,0.00461853428842516,2.19617204712642,0.0234652337518504,7.84889985961936e-08,1.57696640009144e-08,1,0,1,0,1,0,0,0,NA,NA
"P","tpois",3,0.1,1,0.5,"TOX-log",20,0,0,NA,NA,4738.6,6.25022104872258,4738.6,6.25022104872258,471.05,1.54489822522902,500,0,145.3,3.79826830348557,0.0209212838018078,0.00235220637130635,0.30201781259609,0.0078768771780691,0.2844,0.00720321565618257,0,0,192.1,5.11391291118238,0.0615990220824353,0.00357639103908247,0.382527165813778,0.0097713101290996,0.3602,0.00891232145314623,0,0,228.8,6.31147659760418,0.112494985551231,0.00484701276904305,0.430614916226917,0.0110091461594609,0.4055,0.0100952046980107,0,0,0.00281097733424851,0.000219506401823025,0.368283712788318,0.00913138891909029,0.3468,0.00836081083955,0.84262512505341,0.00327608902772162,0.75491301715094,0.00440251247056001,0.780072685612634,0.00400570762253462,0.6534917685172,0.0065738779174906,0.842629329862228,0.00327630742556362,0.754958223813076,0.00440915556663934,0.780095964478286,0.00400871373914531,0.65412329196726,0.00661771200202238,0.99,0.00251312344975017,0.8538,0.00771314667168642,0.5706,0.00566076059609623,0,0,0.576045160636229,0.0112789689238653,2.12972570239289,0.0160075101644723,4.44424692235901e-05,0,74.95,2.42299836001422,74.4,2.43591547688468,5,0,0,0,4.44424692235901e-05,0
"P","tpois",3,0.1,1,0.5,"TOX-log-blocked",20,0,0,NA,NA,4738.6,6.25022104872258,4738.6,6.25022104872258,471.05,1.54489822522902,500,0,81.25,2.65357256701622,0.000649350649350649,0.000649350649350649,0.172397365927758,0.00564933186588763,0.1624,0.00531650854959293,0,0,132,3.72615224143026,0.0143347733955601,0.00276478391120267,0.276265070637991,0.00789049384363021,0.2601,0.00714433894404293,0,0,180.2,6.07002991408566,0.0474336717539487,0.00379919375891955,0.364109039289822,0.0116815438143473,0.3428,0.0106892961710105,0,0,0.000456861335294903,9.05696839039725e-05,0.367804417849511,0.00997853903806296,0.3463,0.00909745482047184,0.842688165474602,0.00326662291513404,0.755942568716059,0.00436074079043001,0.780655439444563,0.00396001276888607,0.656184757629025,0.00653597869668502,0.842688166531651,0.00326662674960597,0.755942699130157,0.00436074621426554,0.780655506367587,0.00396001500002982,0.656185970611894,0.00653581159639187,0.995,0.00184960877797954,0.8578,0.0076418515254382,0.571,0.0055145739922309,0,0,0.576045160636229,0.0112789689238653,2.59102653667585,0.023588177434931,5.48696543925079e-07,0,13.3,1.09087121146357,13.3,1.09087121146357,1,0,0,0,NA,NA
"P","tpois",3,0.1,1,0.5,"TOX-log-boot",20,0,0,NA,NA,4738.6,6.25022104872258,4738.6,6.25022104872258,471.05,1.54489822522902,500,0,165.35,4.30866629749368,0.0352471786439189,0.00313816542758233,0.338787782140588,0.00906313601061515,0.319,0.00827742650065129,0,0,231.45,6.3629168253495,0.114860205667562,0.00458850576165206,0.43445474414768,0.0110424726520394,0.4091,0.0100874857333754,0,0,276.15,6.33963098710261,0.178220087657001,0.00419457311887671,0.481464495777911,0.0104822977645658,0.4534,0.00954446656996938,0,0,0.00630215989802745,0.000381749819902186,0.356086100103201,0.0100388526264774,0.3353,0.00920900588954553,0.84261590979626,0.00327328258396264,0.75521491593239,0.00431921592204805,0.780179808989226,0.00397494437630316,0.650428469778901,0.00652282982641115,0.842647894804242,0.00327339793165594,0.755535629486378,0.00434493877458112,0.780345252902533,0.00398836410728094,0.653743538228896,0.00662464412885055,0.9875,0.00239242224754041,0.8588,0.00742173195845538,0.5706,0.00569782968838966,0,0,0.576045160636229,0.0112789689238653,1.90896909349641,0.0199894545522896,9.99900009999e-05,0,137.45,2.69744030712939,134.7,2.66072803649876,10,0,0,0,9.99900009999e-05,0
"P","tpois",3,0.1,1,0.5,"TOX-raw",20,0,0,NA,NA,4738.6,6.25022104872258,4738.6,6.25022104872258,471.05,1.54489822522902,500,0,89.8,2.26831725247919,0.014205042175605,0.00337945299912872,0.187921433103807,0.00478450542170321,0.177,0.00443550270099414,0,0,110.3,2.47311863635243,0.0242357317559919,0.00408079251085184,0.228552470989994,0.0053717495115265,0.2152,0.0048218799565926,0,0,124.7,2.95857362503231,0.0415780849341468,0.00395035290375296,0.253822189686528,0.00627247184758804,0.239,0.00567450438364444,0,0,0.000632173741460289,0.00011015296957899,0.269035567121122,0.00954621451503185,0.2533,0.00880582940891699,0.839403057411396,0.00327291686174852,0.731654255411288,0.00414095522603337,0.765100345357174,0.00389739248807597,0.621252494111164,0.00660163474600708,0.839418091506413,0.00327334223833558,0.731809564252554,0.00414417483034183,0.765180217770196,0.0038995241877581,0.62257489602665,0.00657322199965867,0.981,0.00315394489822708,0.7844,0.00679876149712114,0.5574,0.00552715783058621,0,0,NA,NA,3.80800447584938,0.0651079550604142,4.44424692235901e-05,0,53.2,1.35063337968369,52.8,1.33100674204469,5,0,0,0,4.44424692235901e-05,0
"P","tpois",3,0.1,1,0.5,"TOX-raw-blocked",20,0,0,NA,NA,4738.6,6.25022104872258,4738.6,6.25022104872258,471.05,1.54489822522902,500,0,4.35,0.524529864685862,0,0,0.00923040659378373,0.00111097899374377,0.0087,0.00104905972937172,0,0,6.7,0.620271587375452,0,0,0.0142252926496996,0.00130969614887023,0.0134,0.0012405431747509,0,0,7.9,0.632039305906307,0,0,0.0167615403615908,0.00132437189933741,0.0158,0.00126407861181261,0,0,0,0,0.304382729243458,0.0091956425009336,0.2866,0.00845682533441729,0.839763739811384,0.00327675918059923,0.735529584204754,0.00425420941257271,0.767124905988425,0.00396088594542245,0.628398884200575,0.00656941709782361,0.839763727027386,0.00327677697114751,0.735529707896043,0.00425427729659368,0.767124968986682,0.00396089801974515,0.628400623749657,0.00656909984791055,0.987,0.0027241609041279,0.7948,0.00764529439039397,0.5579,0.00554118550872511,0,0,NA,NA,NA,NA,7.17684813165974e-07,6.4908035152739e-08,1.4,0.152177182050536,1.4,0.152177182050536,1,0,0,0,NA,NA
"P","tpois",5,0.1,1,0.5,"DESeq2",20,0,0,NA,NA,4736.7,5.8097468012588,4613.1,5.71742488961779,468.05,1.06245742948773,500,0,256.95,6.72288902497321,0.017691755902051,0.00271444452875463,0.539366630399784,0.0144026660737208,0.5048,0.0133095928997808,0,0,306.15,7.02299793535496,0.0821122902006129,0.00542624209494229,0.600041278603533,0.0134927292020264,0.5616,0.012454210871069,0,0,343.55,7.45141279433497,0.142859984193059,0.00733378215311336,0.628324039784898,0.0127722729589261,0.5881,0.011826353266284,0,0,0.005937000309648,0.000452693440141951,0.576047931188371,0.0138370977098003,0.5391,0.0126910453304268,0.863558654484424,0.00503549805024719,0.82155752627332,0.00610646922441102,0.835208020081087,0.00574251169075319,0.748091809023515,0.00921440941089613,0.863558654484424,0.00503549805024719,0.82155752627332,0.00610646922441102,0.835208020081087,0.00574251169075319,0.748091809023515,0.00921440941089613,1,0,0.9824,0.00388681983388125,0.6442,0.00959155330156915,0,0,0.392942632136685,0.00447907082462052,1.36276681537101,0.0181924352864014,4.91580949472043e-45,4.91574510797662e-45,1,0,1,0,1,0,0,0,NA,NA
"P","tpois",5,0.1,1,0.5,"edgeR",20,0,0,NA,NA,4736.7,5.8097468012588,4736.7,5.8097468012588,468.05,1.06245742948773,500,0,211.45,7.85911304758602,0.000392302548480571,0.000275120069435942,0.451704106473736,0.0169319345988113,0.4227,0.0156482889597688,0,0,260.1,7.25037204127085,0.0152746838582729,0.00178829595244613,0.547380420163339,0.0155866336962487,0.5123,0.0144194860847177,0,0,292.05,7.6504127855609,0.0531062779811058,0.00318098337092109,0.590448705938391,0.0145934563525635,0.5526,0.0134462673357017,0,0,0.000925206867663618,0.000105270367780263,0.587790205218561,0.0138755744442382,0.5501,0.0127382350260524,0.874269634160827,0.0053979171597547,0.823635649006236,0.0062604557591886,0.836976821568704,0.00603354384144513,0.754066917050871,0.00963835239846298,0.874269634160827,0.0053979171597547,0.823635649006236,0.0062604557591886,0.836976821568704,0.00603354384144513,0.754066917050871,0.00963835239846298,1,0,0.9848,0.00342867167773239,0.6455,0.00954311545731157,0,0,0.43480771468241,0.00579211691316385,1.51758271377703,0.0193874205083975,1.83119018273416e-10,5.27600537115972e-11,1,0,1,0,1,0,0,0,NA,NA
"P","tpois",5,0.1,1,0.5,"limma",20,0,0,NA,NA,4736.7,5.8097468012588,4736.7,5.8097468012588,468.05,1.06245742948773,500,0,208,7.88436160349948,0.000686680196569351,0.000386444100164962,0.444257355277899,0.0170451625760884,0.4157,0.0157227793177187,0,0,254.45,7.39753693005847,0.0106283243763714,0.00160222307770587,0.538114069678444,0.0161389127051783,0.5036,0.0148937288109706,0,0,280.75,7.19388446419669,0.0328375694242162,0.00280559090220211,0.580285752961412,0.0152653414686683,0.5431,0.014106717324885,0,0,0.000621008129342103,8.89580144732389e-05,0.600066022020775,0.0153942115796746,0.5616,0.0141871698895052,0.880204337082491,0.00570927968375366,0.832028513872463,0.00606785418253925,0.845633178860793,0.00571604764925458,0.766824223663078,0.00946712741555195,0.880204337082491,0.00570927968375366,0.832028513872463,0.00606785418253925,0.845633178860793,0.00571604764925458,0.766824223663078,0.00946712741555195,1,0,0.9862,0.00340247587871879,0.6608,0.00914491518190358,0,0,0.37277966379458,0.00320952262552097,1.53622298461148,0.0184816678042734,4.81298117651595e-11,1.44665555586278e-11,1,0,1,0,1,0,0,0,NA,NA
"P","tpois",5,0.1,1,0.5,"TOX-log",20,0,0,NA,NA,4736.7,5.8097468012588,4736.7,5.8097468012588,468.05,1.06245742948773,500,0,179.25,8.20457991483704,0.00202902501635157,0.000738955363494684,0.382283759004691,0.0175490127676578,0.3577,0.0162365896082048,0,0,222.2,8.27284715197857,0.0174576008631143,0.00225606469197824,0.466558531902825,0.0175094967057571,0.4366,0.0161838776174575,0,0,253.3,8.56956057339305,0.0381830174941052,0.00219673746213053,0.520465933247221,0.0175126474707424,0.4871,0.0162198546297594,0,0,0.000914736187524735,0.000121749037275491,0.537159973412898,0.016954451550286,0.5027,0.0156731584161216,0.878773057654346,0.00595308146326756,0.814912373436361,0.00685728043701397,0.832679101351067,0.00657503813785442,0.746498865553869,0.0108584537036238,0.87877341502118,0.00595313766765681,0.814917485445805,0.00685755049454141,0.832681721925766,0.00657524947898782,0.746531486232191,0.0108590856014751,1,0,0.9582,0.00602084099738479,0.6441,0.0102458977670398,0,0,0.537014951203068,0.0172042651430723,1.74190883048975,0.0167667903686851,1.59997440040959e-05,0,114.55,6.39015484533579,114.55,6.39015484533579,2,0,0,0,1.59997440040959e-05,0
"P","tpois",5,0.1,1,0.5,"TOX-log-blocked",20,0,0,NA,NA,4736.7,5.8097468012588,4736.7,5.8097468012588,468.05,1.06245742948773,500,0,139.95,8.62385766653367,0,0,0.299157772338415,0.0185823387758117,0.2799,0.0172477153330673,0,0,214.3,9.07689374180396,0.0101648334290405,0.00188205194789044,0.453208751355588,0.0191450273202806,0.4241,0.0177232971864124,0,0,255.2,8.75743293316868,0.0358630410020377,0.00264432935624325,0.525730088633848,0.0180711646990726,0.492,0.0167099088157769,0,0,0.000527611261351092,9.90325982060969e-05,0.546676108048267,0.0173410844199321,0.5116,0.0160240608559687,0.878843869761362,0.00596567473697827,0.816089918029492,0.00690040881418946,0.833274876748705,0.00657864444115223,0.747858641281237,0.0108819874832357,0.878843869761362,0.00596567473697827,0.816089918029492,0.00690040881418946,0.833274876748705,0.00657864444115223,0.747858641281237,0.0108819874832357,1,0,0.9604,0.00651411423069371,0.6447,0.0103783935477307,0,0,0.537014951203068,0.0172042651430723,1.7863014292543,0.0211364919760471,4.50559999981545e-11,2.81906053768599e-12,7.1,1.26885775404495,7.1,1.26885775404495,1,0,0,0,NA,NA
"P","tpois",5,0.1,1,0.5,"TOX-log-boot",20,0,0,NA,NA,4736.7,5.8097468012588,4736.7,5.8097468012588,468.05,1.06245742948773,500,0,222,8.30408903714562,0.0140293540179319,0.00207667980392726,0.467613734373049,0.0173793119948837,0.4376,0.0160667030646745,0,0,277.25,8.09739236778697,0.0628895514131589,0.00383305350293335,0.555191785145138,0.0164576183593913,0.5196,0.0152098306160332,0,0,315.5,8.57121866910909,0.118303980394278,0.00405932873235946,0.59405688672463,0.015792564838148,0.556,0.0146165011293113,0,0,0.00408924580752756,0.000270641628727685,0.545592425516656,0.0170247211537247,0.5106,0.0157440715659477,0.878789029705498,0.00596630984914821,0.815774403485862,0.00681177292860546,0.83313409604349,0.00654358079181723,0.746225979898166,0.0107386330055875,0.878802928244305,0.00596822476897423,0.815912302160903,0.00683111818546003,0.833205487667899,0.00655414662433398,0.747430568968157,0.010781665416604,0.999,0.000688247201611686,0.9606,0.00604039036730853,0.645,0.0102057775175065,0,0,0.537014951203068,0.0172042651430723,1.45041615108402,0.0208651814894263,9.99900009999e-05,0,185.3,7.46151529692969,184.65,7.3949751787776,10,0,0,0,9.99900009999e-05,0
"P","tpois",5,0.1,1,0.5,"TOX-raw",20,0,0,NA,NA,4736.7,5.8097468012588,4736.7,5.8097468012588,468.05,1.06245742948773,500,0,63.65,4.04336688781437,0.00178846746839346,0.0012552637763843,0.135833409184137,0.0087107402593701,0.1271,0.00810259867346013,0,0,74,4.37516916966166,0.00503333916389636,0.00147526708244511,0.157301681121048,0.00930602021019802,0.1472,0.00865283646831306,0,0,85.05,8.96145987871924,0.00909965690731398,0.00260837518517247,0.179699830978013,0.0184988401834013,0.1681,0.0172061647459031,0,0,9.36846220090327e-05,2.63236484744297e-05,0.293631044901441,0.0168297324016964,0.2748,0.0156799570353869,0.869376795538962,0.00560037398990592,0.764501780416435,0.00717029114011194,0.799880444312665,0.00679787625628866,0.67852680865703,0.0119045310699598,0.86939106887105,0.00560100586709221,0.764648919174906,0.00717430893482027,0.799956146527387,0.00680018172396412,0.679389783325296,0.011899097950779,0.9855,0.00266310068588439,0.8344,0.0113412150096335,0.6099,0.00979739492765404,0,0,NA,NA,4.32696394947627,0.191882173281376,1.59997440040959e-05,0,40.5,3.0188007378323,40.5,3.0188007378323,2,0,0,0,1.59997440040959e-05,0
"P","tpois",5,0.1,1,0.5,"TOX-raw-blocked",20,0,0,NA,NA,4736.7,5.8097468012588,4736.7,5.8097468012588,468.05,1.06245742948773,500,0,0.6,0.168585446084705,0,0,0.00128306171057038,0.00036108422221867,0.0012,0.00033717089216941,0.55,0.114132886537902,12.25,4.36606229914324,0,0,0.0262402488474289,0.00935560822110577,0.0245,0.00873212459828649,0.15,0.0819178021909125,84.4,17.1742463253007,0.00356770406085668,0.00193606850681715,0.178854838487934,0.0358546357366685,0.1672,0.0334706155495109,0.05,0.05,0,0,0.428156666578183,0.0180944017338587,0.4007,0.0168174564695516,0.870760121749848,0.00561358310706743,0.778757507259222,0.00725553674766283,0.80723353497924,0.00687364495562658,0.702029778577731,0.0116836963914145,0.870760121749848,0.00561358310706743,0.778757507259222,0.00725553674766283,0.80723353497924,0.00687364495562658,0.702029778577731,0.0116836963914145,0.9975,0.00123010483079161,0.885,0.0115234315064659,0.609,0.00996044809814245,0,0,NA,NA,NA,NA,1.25368772068588e-05,7.00478858116994e-06,1,0,1,0,1.85,0.645938729373973,0.25,0.0993399267798783,NA,NA
"P","tpois",10,0.1,1,0.5,"DESeq2",20,0,0,NA,NA,4748.45,5.79358765315041,4748.45,5.79358765315041,468.2,1.12530697566206,500,0,316,3.5526120857165,0.0183045129612119,0.00152918432216231,0.662659344547176,0.00778671482331582,0.6204,0.00691695095589927,0,0,361.4,4.02845144598164,0.0844348468949923,0.00341640939042302,0.706552067522077,0.0073459654557629,0.6615,0.00646590246886249,0,0,406.65,4.83641613724787,0.159503340992435,0.0048843879222077,0.729510059936552,0.00721745245370978,0.683,0.00633868656492976,0,0,0.00716008947438542,0.000336827077548538,0.691260197020582,0.00688813449715976,0.6472,0.0061153818144775,0.905203908997524,0.00373327471557061,0.866074092698671,0.00314573442316495,0.876384694005371,0.00321658981138956,0.817519409969645,0.00523473415875379,0.905203908997524,0.00373327471557061,0.866074092698671,0.00314573442316495,0.876384694005371,0.00321658981138956,0.817519409969645,0.00523473415875379,1,0,1,0,0.7104,0.00452501817385126,0.000156739811912226,0.000156739811912226,0.291186601730908,0.00204197504202213,0.892398196346718,0.00840757254772693,1.37229997630172e-108,1.37173118180765e-108,1,0,1,0,1,0,0,0,NA,NA
"P","tpois",10,0.1,1,0.5,"edgeR",20,0,0,NA,NA,4748.45,5.79358765315041,4748.45,5.79358765315041,468.2,1.12530697566206,500,0,290.8,3.947417543554,0.00426425649155018,0.000730707179884165,0.618581757748545,0.0087678417647842,0.5791,0.00779807668595276,0,0,336,3.91824343028191,0.0547080330637061,0.00282331087959779,0.678346899679603,0.00785894637158971,0.6351,0.00703296748029929,0,0,385.45,4.69124324224344,0.141721319369872,0.00439328372208748,0.706237960237805,0.0076173775809445,0.6612,0.0067049078646678,0,0,0.00431100520847046,0.000238684640986882,0.676113744657903,0.00792739009304534,0.633,0.00706138498417533,0.898617513136544,0.00365131453560202,0.856684544006454,0.00349859249398705,0.866601790190516,0.00335045266319771,0.803242244790239,0.00546164312112757,0.898617513136544,0.00365131453560202,0.856684544006454,0.00349859249398705,0.866601790190516,0.00335045266319771,0.803242244790239,0.00546164312112757,1,0,1,0,0.6932,0.00508330601085553,0.000163398692810458,0.000163398692810458,0.339203380273158,0.00285894736078802,1.01240098195572,0.0104666062429261,2.94895382816763e-18,8.37115173905132e-19,1,0,1,0,1,0,0,0,NA,NA
"P","tpois",10,0.1,1,0.5,"limma",20,0,0,NA,NA,4748.45,5.79358765315041,4748.45,5.79358765315041,468.2,1.12530697566206,500,0,288.8,3.46911182323448,0.00138284271923154,0.000468722309584833,0.616128192222828,0.00790065824785129,0.5768,0.00692881094074817,0,0,320.55,3.60443805387338,0.0183937381716879,0.00153161644960577,0.672167136869374,0.00799040359946229,0.6293,0.00711155471935046,0,0,344.95,3.59493430142735,0.0493892746235913,0.0024975179317981,0.700494676914455,0.00794713140002927,0.6558,0.00692805129432816,0,0,0.00137871904700389,0.000114932640264076,0.701231700631788,0.00804385329426539,0.6565,0.00707385847216429,0.907810849376833,0.00335568088557687,0.870561642398603,0.00335305492819829,0.88032533878152,0.00330934822219591,0.823484283077624,0.00528607176454493,0.907810849376833,0.00335568088557687,0.870561642398603,0.00335305492819829,0.88032533878152,0.00330934822219591,0.823484283077624,0.00528607176454493,1,0,1,0,0.7167,0.00506437505886384,0,0,0.267122487602955,0.00171340683963852,0.99946290604366,0.00799254872836149,8.71660957181052e-20,2.97214431186284e-20,1,0,1,0,1,0,0,0,NA,NA
"P","tpois",10,0.1,1,0.5,"TOX-log",20,0,0,NA,NA,4748.45,5.79358765315041,4748.45,5.79358765315041,468.2,1.12530697566206,500,0,239.25,4.71831537733543,0.000201612903225806,0.000201612903225806,0.511176757550765,0.0107084632637905,0.4784,0.00942739568882543,0,0,275.65,4.42735218481894,0.00525891780391291,0.00107019795350468,0.585867688946463,0.00999560909236289,0.5484,0.00882889991359119,0,0,301.65,4.00872403902447,0.0180855823505154,0.00166361671302996,0.632716411557281,0.00871026739926897,0.5923,0.00759954984816448,0,0,0.000338462155767575,6.86906625967796e-05,0.671449291057294,0.00813942578212716,0.6286,0.0071201714940908,0.910756532701898,0.00336846710000553,0.863611094479972,0.00360348306667856,0.876107423262729,0.00356904853222316,0.817670258906352,0.00561414568484551,0.91075656939908,0.00336845268219464,0.863611484192473,0.00360372988691304,0.876107950685022,0.00356911733792042,0.817673472453567,0.00561435966885829,1,0,0.9976,0.000734130348385798,0.71,0.00526357893052766,0,0,0.486658058007454,0.0146773561958325,1.25402704801979,0.0105343743821203,3.999984000064e-06,0,150.5,4.28184662573472,150.5,4.28184662573472,1,0,0,0,3.999984000064e-06,0
"P","tpois",10,0.1,1,0.5,"TOX-log-blocked",20,0,0,NA,NA,4748.45,5.79358765315041,4748.45,5.79358765315041,468.2,1.12530697566206,500,0,245.5,5.03435565312039,0.000635564147216088,0.000349253080048472,0.524290102376614,0.0113329335066953,0.4907,0.0100914502635178,0,0,300,3.99539208272941,0.0157112177900411,0.00147049326485153,0.630772167377294,0.00866180453448531,0.5905,0.00762803002781604,0,0,330.35,3.5513340710514,0.0488888137969817,0.00237698326477545,0.671108753369575,0.00739790709466955,0.6283,0.00647143521053951,0,0,0.0011089232350173,0.000108107580691509,0.672506130232108,0.00758642576716812,0.6296,0.00661513416341649,0.91081379432298,0.00337381386230715,0.864006944326639,0.0035917447398181,0.876331440286239,0.00354529896894927,0.818007099189235,0.00557406945816088,0.910812651627155,0.00337388415699714,0.863995952011206,0.00359215028358031,0.876326800991593,0.00354583556902729,0.818100450579653,0.00557294162788719,1,0,0.9986,6e-04,0.7105,0.00550573863298439,0,0,0.486658058007454,0.0146773561958325,1.10652044969484,0.00937532570461274,9.99900009999e-05,0,196.7,4.59467655353224,196.7,4.59467655353224,10,0,0,0,NA,NA
"P","tpois",10,0.1,1,0.5,"TOX-log-boot",20,0,0,NA,NA,4748.45,5.79358765315041,4748.45,5.79358765315041,468.2,1.12530697566206,500,0,293.6,3.85623213976927,0.0121851418649823,0.00153757269491747,0.619567572331755,0.00856706533466534,0.58,0.00751139485259422,0,0,333.9,3.4112044485011,0.0525970145558255,0.00265777049921934,0.675691755597402,0.00723875298785486,0.6326,0.00635295206970744,0,0,365.2,3.5180736355658,0.0990039947281112,0.00300253233475859,0.702825725883132,0.00719062586333494,0.658,0.00625426170492443,0,0,0.00411173801456712,0.000216862290702461,0.673454723692738,0.00788179952792787,0.6305,0.00696135951634373,0.910737881666297,0.00337184946258073,0.863843881784498,0.00354518251498733,0.876251189905767,0.00352889228908543,0.816950796204179,0.00550943849849806,0.910758452709684,0.00337481695432081,0.864052631296801,0.00357365359381753,0.87635872021508,0.00354487672430964,0.817970055337556,0.00558500254117235,1,0,0.9978,0.000613874665760983,0.7104,0.00526277893372533,0,0,0.486658058007454,0.0146773561958325,0.958732294103612,0.0106137573390405,9.99900009999e-05,0,261.1,4.19517266440972,260.55,4.16089249029454,10,0,0,0,9.99900009999e-05,0
"P","tpois",10,0.1,1,0.5,"TOX-raw",20,0,0,NA,NA,4748.45,5.79358765315041,4748.45,5.79358765315041,468.2,1.12530697566206,500,0,31.15,1.9685353893053,0,0,0.0666035475702964,0.00427827817101964,0.0623,0.0039370707786106,0,0,34.5,2.0319811437169,0.00128205128205128,0.00128205128205128,0.0736618730355407,0.00442208709529816,0.0689,0.00405352348353614,0,0,49.3,7.40735765090501,0.00263102565082763,0.00154044437165076,0.105090569620522,0.0158244664290176,0.0982,0.014704027375268,0,0,1.16333178222429e-05,1.16333178222429e-05,0.426991577404185,0.0152463959824972,0.3997,0.014134150506002,0.896340727653892,0.00378628427351268,0.804688379269413,0.00410581766888175,0.834719897176611,0.00370103130444223,0.745736131383164,0.00671784926638373,0.896342628141145,0.00378632147698757,0.804708006758686,0.00410604229498307,0.834729643343832,0.00370104641149878,0.745842598033801,0.00672407539937699,0.9905,0.00211199581339298,0.919,0.00698795956967185,0.6514,0.00517097160777557,0,0,NA,NA,NA,NA,3.999984000064e-06,0,21.1,1.45077111982051,21.1,1.45077111982051,1,0,0,0,3.999984000064e-06,0
"P","tpois",10,0.1,1,0.5,"TOX-raw-blocked",20,0,0,NA,NA,4748.45,5.79358765315041,4748.45,5.79358765315041,468.2,1.12530697566206,500,0,0,0,NA,NA,0,0,0,0,1,0,63.25,6.70501579730468,0,0,0.135252919654788,0.0144568186775727,0.1265,0.0134100315946094,0,0,242.65,7.14300356992771,0.0315230514058066,0.00266571723518187,0.501948141725052,0.0148171209747158,0.4697,0.0133623784520098,0,0,0,0,0.534951351580475,0.0133827500406712,0.5006,0.0119376450115193,0.897381566465966,0.00375405867743183,0.817071444038981,0.00404522797795502,0.840700211279061,0.00370537182869103,0.762716868414596,0.00642885300674164,0.897386988186559,0.0037537547211235,0.817117474174732,0.00404260246387325,0.840727482696382,0.00370416588957611,0.76308752746359,0.00640763389496985,0.9985,0.000819178021909126,0.9626,0.00546202198920201,0.6531,0.00433462194065654,0,0,NA,NA,4.32511618615607,NA,9.99900009999e-05,0,17.1,1.33159975020155,17.1,1.33159975020155,10,0,0.05,0.05,NA,NA
"Q","lnpois",5,0.01,0.5,0.5,"DESeq2",20,0,0,NA,NA,4750.35,6.11395082878838,4746.25,6.12667807302835,47.35,0.47169905660283,50,0,2,0.34027852368936,0.0777777777777778,0.0426213383558652,0.0387362023594513,0.006939558006271,0.037,0.006692493831466,0.25,0.0993399267798783,5.25,0.721383903925022,0.354778992936888,0.0538088450995257,0.0708340753816173,0.0100608334584868,0.067,0.00932173464769864,0.05,0.05,9.95,1.44089701593359,0.511474541969898,0.0531912868869508,0.0938125014421433,0.012724498050964,0.089,0.012006577144917,0.05,0.05,0.000404148245645556,7.39109037788404e-05,0.0506451543460431,0.00728706203704219,0.048,0.00686716060223162,0.720483087331177,0.0131616100888868,0.609799990489184,0.00782168129905092,0.63615896737879,0.00921662586374371,0.133692529846207,0.0116598747524175,0.720483087331177,0.0131616100888868,0.609799990489184,0.00782168129905092,0.63615896737879,0.00921662586374371,0.133692529846207,0.0116598747524175,0.104,0.00689774944227616,0.0622,0.00374418847928641,0.0403,0.00201716319826162,0,0,1.34271841558874,0.0871984944183606,NA,NA,2.98800986439296e-06,1.87647226893837e-06,1,0,0.9,0.0688247201611685,1.2,0.1555973210431,0.1,0.0688247201611685,NA,NA
"Q","lnpois",5,0.01,0.5,0.5,"edgeR",20,0,0,NA,NA,4750.35,6.11395082878838,4750.35,6.11395082878838,47.35,0.47169905660283,50,0,2.9,0.512475930115131,0,0,0.0613573943144942,0.011172283298156,0.058,0.0102495186023026,0.15,0.0819178021909125,5.1,0.606543268730356,0.0717857142857143,0.0240143290508252,0.0994419478440887,0.0126246603054722,0.094,0.0114340212569884,0,0,6.9,0.743037861187365,0.127794566544567,0.0246948360284447,0.124855358675581,0.0131533782696907,0.118,0.0119560599037079,0,0,8.50436988754264e-05,2.85071041167482e-05,0.106231455491119,0.0130599690067585,0.1,0.0116076200017602,0.764399693142929,0.0136232445328733,0.660486798910006,0.0102191543876703,0.685699031449597,0.0109620015391742,0.242031959646221,0.0160256559696043,0.764399693142929,0.0136232445328733,0.660486798910006,0.0102191543876703,0.685699031449597,0.0109620015391742,0.242031959646221,0.0160256559696043,0.1545,0.00921883084264285,0.0786,0.0042478477522524,0.0489,0.00191654843266139,0.0125,0.0125,1.34087764843266,0.0870525113290644,4.70807034591223,NA,9.36863380122023e-07,5.34863445920811e-07,1,0,1,0,1,0,0,0,NA,NA
"Q","lnpois",5,0.01,0.5,0.5,"limma",20,0,0,NA,NA,4750.35,6.11395082878838,4750.35,6.11395082878838,47.35,0.47169905660283,50,0,3.5,0.674731915574428,0,0,0.0745455219090411,0.0151646571365086,0.07,0.0134946383114886,0.15,0.0819178021909125,4.65,0.768713895172696,0.0065359477124183,0.0065359477124183,0.0974082647397534,0.0167216905982077,0.092,0.015106638484977,0.15,0.0819178021909125,5.65,0.874417099076805,0.0326278659611993,0.0135054657333673,0.113956672508658,0.0178475525834089,0.108,0.0164412830847743,0.1,0.0688247201611685,1.07135204628241e-05,1.07135204628241e-05,0.130226375737972,0.0157085942818657,0.123,0.0143838359571467,0.757955241685738,0.0126597635922077,0.659608719288372,0.0112109001120778,0.68336301705418,0.0125439753223103,0.24116696705759,0.0219421911131359,0.757955241685738,0.0126597635922077,0.659608719288372,0.0112109001120778,0.68336301705418,0.0125439753223103,0.24116696705759,0.0219421911131359,0.149,0.00975758814030339,0.0804,0.00465120244781135,0.0472,0.00244690997403922,0,0,1.20263018369057,0.0688502573527801,3.96537482249131,0.510684026893796,9.34088863916481e-06,6.85420958092667e-06,1,0,1,0,1.75,0.602079728939615,0.15,0.0819178021909125,NA,NA
"Q","lnpois",5,0.01,0.5,0.5,"TOX-log",20,0,0,NA,NA,4750.35,6.11395082878838,4750.35,6.11395082878838,47.35,0.47169905660283,50,0,1.7,0.781698555441257,0.03125,0.03125,0.0350408163265306,0.0163115472331225,0.033,0.0152367284788055,0.8,0.0917662935482247,6.3,0.90930858637932,0.0720959595959596,0.0258690521945183,0.122091230772297,0.0174074150297619,0.116,0.0163256337025389,0.1,0.0688247201611685,7.8,0.99101224167913,0.116360028860029,0.024346567184954,0.143160064272394,0.0184153160407922,0.136,0.0172657250979475,0.1,0.0688247201611685,0.000106478450660636,3.9369911740718e-05,0.102894112069743,0.018694374545064,0.097,0.0176083114346307,0.772758132262245,0.0130254948140018,0.680070405411503,0.011595391062623,0.705145831053537,0.0125739225329399,0.266434316358663,0.0219805517422686,0.772760635129011,0.0130256741127957,0.68008181338935,0.0115970815870784,0.705151784529584,0.0125749409939686,0.269465720273551,0.0218624219048208,0.1695,0.0106245742948773,0.0866,0.00484083507367544,0.0507,0.00250168364359516,0,0,1.3087874767279,0.0743943170070239,4.68921302024588,0.0739359496287246,2.39996160061439e-05,5.50588951866118e-06,4.65,0.553814523388282,4.4,0.559134669777656,2.8,0.550597761289348,0.1,0.0688247201611685,1.59997440040959e-05,0
"Q","lnpois",5,0.01,0.5,0.5,"TOX-log-blocked",20,0,0,NA,NA,4750.35,6.11395082878838,4750.35,6.11395082878838,47.35,0.47169905660283,50,0,0.85,0.243602350693005,0,0,0.0176600241545894,0.00496354847864868,0.017,0.0048720470138601,0.45,0.114132886537902,1.55,0.387128429662085,0,0,0.0326823474841679,0.00812553779806948,0.031,0.00774256859324169,0.35,0.109424330980483,2.55,0.515420114796505,0,0,0.0541034803375559,0.0113059417529702,0.051,0.0103084022959301,0.2,0.0917662935482247,0,0,0.12808176749942,0.0151424871119971,0.121,0.013952928385336,0.772857637001956,0.0130366196330263,0.680963250524543,0.0116084705709004,0.705638512917094,0.0125620390649684,0.275497819516168,0.0217326262073043,0.772857637001956,0.0130366196330263,0.680963250524543,0.0116084705709004,0.705638512917094,0.0125620390649684,0.275497819516168,0.0217326262073043,0.171,0.0106350958226945,0.087,0.00483735464897913,0.0506,0.00250515258491059,0,0,1.3087874767279,0.0743943170070239,4.39736860476941,0.72130764196246,6.30749224934165e-05,3.84301230063262e-05,1,0,1,0,6.65,3.58599248538855,0.35,0.109424330980483,NA,NA
"Q","lnpois",5,0.01,0.5,0.5,"TOX-log-blocked-oracle",20,0,0,NA,NA,4750.35,6.11395082878838,4750.35,6.11395082878838,47.35,0.47169905660283,50,0,0.8,0.236197954445441,0,0,0.0165730676328502,0.00478165832314422,0.016,0.00472395908890882,0.45,0.114132886537902,1.7,0.441885910495839,0,0,0.0357435719739638,0.00919742969782663,0.034,0.00883771820991678,0.35,0.109424330980483,2.55,0.564171493150984,0,0,0.0540609633307532,0.0122318397200319,0.051,0.0112834298630197,0.2,0.0917662935482247,0,0,0.130145710560456,0.0164901985433437,0.123,0.0153056577086624,0.772959834757554,0.013009929370129,0.680875807721833,0.01152909518168,0.705712677337678,0.0125161190953449,0.274412543946679,0.0217162822743212,0.772959834757554,0.013009929370129,0.680875807721833,0.01152909518168,0.705712677337678,0.0125161190953449,0.274412543946679,0.0217162822743212,0.1715,0.0105699424885156,0.0868,0.00485668286189788,0.0511,0.00249409829713856,0,0,1.3087874767279,0.0743943170070239,4.39736860476941,0.72130764196246,5.87113533415952e-05,3.47998784030909e-05,1,0,1,0,6.25,3.25647129008654,0.35,0.109424330980483,NA,NA
"Q","lnpois",5,0.01,0.5,0.5,"TOX-log-boot",20,0,0,NA,NA,4750.35,6.11395082878838,4750.35,6.11395082878838,47.35,0.47169905660283,50,0,0,0,NA,NA,0,0,0,0,1,0,2.1,0.967634119630805,0.075,0.0478713553878169,0.0416530612244898,0.0197109357733613,0.039,0.0181499601275479,0.8,0.0917662935482247,6.25,1.02051328674401,0.06997668997669,0.0269635826360899,0.12110175055221,0.020037363245048,0.115,0.0186307612071513,0.25,0.0993399267798783,3.19946441061525e-05,2.33166505145326e-05,0.110461124869873,0.0211446156324367,0.104,0.0197137408663949,0.772756977445988,0.0130199905807549,0.681747518973219,0.0117030610804899,0.70603615090288,0.0126385760462758,0.276543498625711,0.0217648792837161,0.772760226858979,0.0130195957917112,0.681750658603697,0.0116999107898635,0.706039053161963,0.0126369127755696,0.281779508281219,0.0218050923196877,0.17,0.0104880884817015,0.0872,0.0047736116747231,0.0505,0.00247460789025783,0,0,1.3087874767279,0.0743943170070239,5.0031417017938,0.652949498077551,9.99900009999e-05,0,6.2,0.686716060223162,5.85,0.65,10,0,0.8,0.0917662935482247,9.99900009999e-05,0
"Q","lnpois",5,0.01,0.5,0.5,"TOX-log-oracle",20,0,0,NA,NA,4750.35,6.11395082878838,4750.35,6.11395082878838,47.35,0.47169905660283,50,0,2.1,0.836345433544374,0.025,0.025,0.0437364685004437,0.0175956519093156,0.041,0.0163819541280224,0.75,0.0993399267798783,6.6,0.930195225689068,0.0807178932178932,0.0251792932252693,0.127326255031769,0.018161203963019,0.121,0.0170741417292195,0.1,0.0688247201611685,8.3,1.10286707697423,0.134985004102651,0.0265892219078481,0.147350762290732,0.0191161950648375,0.14,0.0179472912484836,0.1,0.0688247201611685,0.00011708072872573,3.613042490069e-05,0.10174060718953,0.0185104173203147,0.096,0.0175078929568773,0.772864925910763,0.0129993615681906,0.679968212193602,0.0114942675408428,0.705178645510615,0.0125149059324767,0.264957900977474,0.0216796466765932,0.772864821081194,0.0129993216240025,0.679976133293847,0.0114957495454917,0.705181564987752,0.012515184145149,0.267827870108432,0.0215458727319842,0.17,0.0105381512410359,0.0868,0.00486534468947149,0.0511,0.00249409829713856,0,0,1.3087874767279,0.0743943170070239,4.77381832626665,0.131588706117897,2.39996160061439e-05,5.50588951866118e-06,4.8,0.578564466680476,4.55,0.582530776236894,2.8,0.550597761289348,0.1,0.0688247201611685,1.59997440040959e-05,0
"Q","lnpois",5,0.01,0.5,0.5,"TOX-raw",20,0,0,NA,NA,4750.35,6.11395082878838,4750.35,6.11395082878838,47.35,0.47169905660283,50,0,0,0,NA,NA,0,0,0,0,1,0,1.85,0.31850803509653,0.0892857142857143,0.0497738212417402,0.0348684044231322,0.00616969579483114,0.033,0.00567079313119797,0.3,0.105131496607569,2.25,0.289054720734582,0.093859649122807,0.0399644604608668,0.0413045857201401,0.00519614071376897,0.039,0.00469602295340934,0.05,0.05,4.26521516757892e-05,2.48928173514895e-05,0.0714155735935503,0.0125566946034465,0.068,0.0121741745640429,0.769662781256303,0.0142239997406931,0.667467197350917,0.0103059777640446,0.694737010540129,0.0113370064270154,0.218987233761151,0.0169531053325901,0.769663708539485,0.0142239432916561,0.667479038000888,0.0103058880955177,0.694741352851178,0.0113367065541533,0.220633081633858,0.0165104147467465,0.163,0.0095724385058024,0.083,0.0042932014799411,0.0503,0.0021729194525726,0,0,NA,NA,3.09974452941993,NA,2.07996672053247e-05,4.79992320122878e-06,2.05,0.198348444065382,1.9,0.176217568871402,2.45,0.45,0.3,0.105131496607569,1.59997440040959e-05,0
"Q","lnpois",5,0.01,0.5,0.5,"TOX-raw-blocked",20,0,0,NA,NA,4750.35,6.11395082878838,4750.35,6.11395082878838,47.35,0.47169905660283,50,0,0,0,NA,NA,0,0,0,0,1,0,0,0,NA,NA,0,0,0,0,1,0,0,0,NA,NA,0,0,0,0,1,0,0,0,0.0921376366079188,0.0123859526170121,0.087,0.0115416864589101,0.769923456026702,0.0142587354064912,0.669872394331684,0.0103574514360719,0.695932231002701,0.0112913723375135,0.24257280464823,0.0165949132597723,0.769923456026702,0.0142587354064912,0.669872394331684,0.0103574514360719,0.695932231002701,0.0112913723375135,0.24257280464823,0.0165949132597723,0.163,0.00962726391693485,0.0826,0.00429712266032688,0.0503,0.00215833756688605,NA,NA,NA,NA,NA,NA,0.00100025885077503,0.000158075184837667,1,0,0.95,0.05,95.5,14.9820067519605,1,0,NA,NA
"Q","lnpois",5,0.01,1,0.5,"DESeq2",20,0,0,NA,NA,4760.25,4.79850579813517,4755.9,4.86821052176367,47.5,0.312039133848034,50,0,21.5,1.65513554859127,0.0972580170102723,0.016200306789059,0.40455518586629,0.0287154772805185,0.385,0.0279802561968633,0,0,29.95,2.11569946129556,0.280684992544851,0.0207439795851739,0.447831411897868,0.0305794848580532,0.426,0.0296683421565107,0,0,37.8,2.18439441204386,0.413584626868449,0.0185239410155152,0.467745722626785,0.0317270298243439,0.445,0.0308434075528902,0,0,0.00183683671259146,0.000198988409136788,0.377957282690218,0.0329921463818721,0.36,0.0321182027418786,0.855687739484991,0.011978203696187,0.783966633343513,0.0138570169419675,0.803699431049732,0.0134307129204309,0.515460610823954,0.0295081096387677,0.855687739484991,0.011978203696187,0.783966633343513,0.0138570169419675,0.803699431049732,0.0134307129204309,0.515460610823954,0.0295081096387677,0.2665,0.0138083689345114,0.1216,0.00519432889135632,0.0671,0.00246864548413007,0,0,0.406468907727771,0.00585246298847785,1.70092728796191,0.0578224289107008,2.0413349650879e-22,2.04126031625454e-22,1,0,1,0,1,0,0,0,NA,NA
"Q","lnpois",5,0.01,1,0.5,"edgeR",20,0,0,NA,NA,4760.25,4.79850579813517,4760.25,4.79850579813517,47.5,0.312039133848034,50,0,18.55,1.5363576201009,0.0329601063710971,0.00766812351678674,0.376165972292542,0.0305685898808208,0.358,0.0297675202722345,0,0,22.6,1.57011565112088,0.105988757431011,0.0137867397197836,0.423624815429494,0.0291380454424049,0.403,0.0283316820984268,0,0,26.4,1.92271737529548,0.182622249153219,0.0166962900254648,0.448723310146529,0.0303321884162099,0.427,0.0296035204165422,0,0,0.000520430897156531,8.08856562823461e-05,0.392097315711248,0.0303650288443873,0.373,0.0294251950760425,0.857465889400619,0.0118760266881655,0.787108172393108,0.0135680730517673,0.806671532626241,0.0135627273033713,0.528906762870922,0.0290023570985356,0.857465889400619,0.0118760266881655,0.787108172393108,0.0135680730517673,0.806671532626241,0.0135627273033713,0.528906762870922,0.0290023570985356,0.273,0.0128983883122129,0.1218,0.00516241477564419,0.0679,0.00248140452587897,0,0,0.406095613231282,0.00574194042866561,1.76250752211882,0.0673005529796353,1.19444021413103e-15,1.19407115641163e-15,1,0,1,0,1,0,0,0,NA,NA
"Q","lnpois",5,0.01,1,0.5,"limma",20,0,0,NA,NA,4760.25,4.79850579813517,4760.25,4.79850579813517,47.5,0.312039133848034,50,0,17.85,1.49784933540692,0.017754884004884,0.00802632576045136,0.36877694908171,0.0309576631311954,0.351,0.030104204986924,0,0,21.15,1.65,0.0741504915253623,0.011301908744311,0.40994009181757,0.0305515466122919,0.39,0.0296470465379109,0,0,23.95,1.78513599658844,0.125132983723854,0.0139675791008374,0.437246031054756,0.0301453886801632,0.416,0.0293652139354319,0,0,0.000350306267586567,6.40531007221961e-05,0.403820909757394,0.0324710640234233,0.384,0.0313083140126675,0.862429061333431,0.0112577149298909,0.794747642461989,0.0138731552165821,0.8131598365724,0.0132965860267445,0.547132867812985,0.0288413994810605,0.862429061333431,0.0112577149298909,0.794747642461989,0.0138731552165821,0.8131598365724,0.0132965860267445,0.547132867812985,0.0288413994810605,0.2815,0.0134218008047395,0.1244,0.00526277893372533,0.0685,0.00233001016487505,0,0,0.394002643134689,0.00601896255945631,1.77952668436316,0.0480589959667267,3.79741245723123e-16,3.79681449278364e-16,1,0,1,0,1,0,0,0,NA,NA
"Q","lnpois",5,0.01,1,0.5,"TOX-log",20,0,0,NA,NA,4760.25,4.79850579813517,4760.25,4.79850579813517,47.5,0.312039133848034,50,0,18.85,1.49960521120516,0.0438105749384774,0.0101135600278789,0.379467485913716,0.0307307759487691,0.361,0.0297524877332264,0,0,23.4,1.64860387505371,0.119395097734715,0.0151178635067157,0.431054541693054,0.0298894015053562,0.41,0.0290009074268194,0,0,25.65,1.82132831804298,0.165766677767204,0.0194959431487706,0.44464851332426,0.0292528981600658,0.423,0.0284799098165337,0,0,0.000615589846216528,8.42592663045673e-05,0.321612343583468,0.0535763608904766,0.305,0.051111333587108,0.862757963945375,0.0113623616862231,0.793058695410311,0.0138110209055123,0.813555579825649,0.013296345386256,0.531076938922117,0.0288151785421136,0.862773186188206,0.0113638822380045,0.793221731830821,0.0138208576145658,0.813636340338933,0.0133017071812077,0.540941999690706,0.0288135907070317,0.2775,0.0135505874799815,0.1238,0.00519493680626171,0.0687,0.00226773710534254,0,0,0.518515985683925,0.0315779715427423,1.72987209220439,0.0577992527140478,1.59997440040959e-05,0,18.2,1.42089667760223,17.6,1.40187843905766,2,0,0,0,1.59997440040959e-05,0
"Q","lnpois",5,0.01,1,0.5,"TOX-log-blocked",20,0,0,NA,NA,4760.25,4.79850579813517,4760.25,4.79850579813517,47.5,0.312039133848034,50,0,12.85,1.35,0,0,0.26977996792864,0.0276472156899809,0.257,0.027,0,0,16.15,1.559816116018,0.0159567953975849,0.0066266132996228,0.334182614817014,0.0321506986524128,0.318,0.0311498922867108,0,0,17.85,1.57325509023406,0.0140542549238201,0.00581903216781848,0.370021468746442,0.0324115169988545,0.352,0.0313351996457994,0,0,5.30886496335258e-05,2.10955755835784e-05,0.404882871313524,0.031761317943222,0.385,0.0306035773622696,0.86275565508382,0.011378933573332,0.79348838851015,0.0137807013869697,0.813771398657914,0.0132893512055183,0.542367721502147,0.0288023443562095,0.86275565508382,0.011378933573332,0.79348838851015,0.0137807013869697,0.813771398657914,0.0132893512055183,0.542367721502147,0.0288023443562095,0.2775,0.0135311531387076,0.1244,0.00514136987684472,0.0687,0.00226773710534254,0,0,0.518515985683925,0.0315779715427423,2.06558332565595,0.0553684366413759,1.0035199999589e-10,4.09033713791263e-11,2.8,0.560075182923075,2.8,0.560075182923075,1,0,0,0,NA,NA
"Q","lnpois",5,0.01,1,0.5,"TOX-log-blocked-oracle",20,0,0,NA,NA,4760.25,4.79850579813517,4760.25,4.79850579813517,47.5,0.312039133848034,50,0,12.85,1.35,0,0,0.26977996792864,0.0276472156899809,0.257,0.027,0,0,16.2,1.55021220958191,0.0153941839893852,0.00633978022880982,0.335226149714785,0.0318637722060418,0.319,0.0308979645045805,0,0,17.8,1.57880701130549,0.0142923501619154,0.00593602826165,0.368957638959208,0.0325533036364919,0.351,0.0314717918811517,0,0,5.30886496335258e-05,2.10955755835784e-05,0.404949419671998,0.0316617863493136,0.385,0.0305002157024297,0.862711676526629,0.0113795320195435,0.793453463865494,0.0137820921607475,0.813715946949746,0.0132942143869734,0.542358211553692,0.0288132492429438,0.862711676526629,0.0113795320195435,0.793453463865494,0.0137820921607475,0.813715946949746,0.0132942143869734,0.542358211553692,0.0288132492429438,0.278,0.0135063337968369,0.1242,0.00516241477564419,0.0685,0.00227052045969525,0,0,0.518515985683925,0.0315779715427423,2.08171537836503,0.0580171478563924,6.96319999971479e-11,2.86719999988256e-11,2.85,0.590606289734273,2.85,0.590606289734273,1,0,0,0,NA,NA
"Q","lnpois",5,0.01,1,0.5,"TOX-log-boot",20,0,0,NA,NA,4760.25,4.79850579813517,4760.25,4.79850579813517,47.5,0.312039133848034,50,0,0,0,NA,NA,0,0,0,0,1,0,20.95,1.63751255519494,0.0690128053603117,0.0139804658300297,0.407616356079056,0.0306248574024893,0.388,0.029820515721475,0,0,24.45,1.81147657131442,0.139311284553547,0.0168393171872066,0.43720164581685,0.0305309517896798,0.416,0.0297215144474946,0,0,0.000329119468204915,7.46334670644546e-05,0.322280456850977,0.0537617461506462,0.305,0.0513168690844597,0.862802080161939,0.0113597036402409,0.793425849644698,0.0138132064427109,0.813683338314438,0.0133060310157423,0.530146568329913,0.0293711500887951,0.862818322318913,0.0113604674453506,0.793607592521315,0.0138128319594609,0.813772980785823,0.0133061692453957,0.542363665876642,0.0287653467973786,0.279,0.0136863358673417,0.1238,0.00513788815923839,0.0687,0.00223971332752066,0,0,0.518515985683925,0.0315779715427423,1.80719760278802,0.0407754248848722,9.99900009999e-05,0,19.05,1.34061062285261,18.35,1.3655054973005,10,0,0,0,9.99900009999e-05,0
"Q","lnpois",5,0.01,1,0.5,"TOX-log-oracle",20,0,0,NA,NA,4760.25,4.79850579813517,4760.25,4.79850579813517,47.5,0.312039133848034,50,0,18.85,1.49960521120516,0.0438105749384774,0.0101135600278789,0.379467485913716,0.0307307759487691,0.361,0.0297524877332264,0,0,23.35,1.68159542039539,0.12129655276117,0.0154337498633498,0.428880628649576,0.0303664660874836,0.408,0.0294654123730823,0,0,25.65,1.77597267641381,0.167968196055679,0.0189001056270047,0.44464851332426,0.0292528981600658,0.423,0.0284799098165337,0,0,0.000626225881102722,8.78313012750128e-05,0.322654010250135,0.0540018470955699,0.306,0.0515261813879221,0.862717408034218,0.011361207017349,0.793078342921115,0.0137950531059233,0.813542130937016,0.0132940802447872,0.531126362187523,0.0288209463815699,0.862733199170403,0.0113627956025995,0.793240218103391,0.013804448880422,0.813625193708939,0.0132996002979258,0.540922032249447,0.0288265649560567,0.2775,0.0135505874799815,0.1238,0.00519493680626171,0.0685,0.00227052045969525,0,0,0.518515985683925,0.0315779715427423,1.73490255787279,0.0573228424834974,1.59997440040959e-05,0,18.2,1.42089667760223,17.6,1.40187843905766,2,0,0,0,1.59997440040959e-05,0
"Q","lnpois",5,0.01,1,0.5,"TOX-raw",20,0,0,NA,NA,4760.25,4.79850579813517,4760.25,4.79850579813517,47.5,0.312039133848034,50,0,9.9,1.62529349576266,0.0181837606837607,0.0103834690624838,0.203539792142574,0.0331781796732385,0.194,0.0319572082306126,0.25,0.0993399267798783,12.5,1.25131509768092,0.0210113211951447,0.0094796544201974,0.256259321489928,0.0247651127662523,0.244,0.0241312202234716,0,0,12.95,1.25546175191693,0.0276811821219716,0.0097394222311228,0.26353504880213,0.0247175504197701,0.251,0.0241257669635381,0,0,6.36818335125483e-05,2.71218067418427e-05,0.270815469182375,0.0353337715681508,0.258,0.0339938074856057,0.858402351450956,0.0119626150915563,0.782827943088174,0.0138208718180473,0.803588415768863,0.0138799848661612,0.497281414602065,0.0282808667383437,0.858409360313011,0.0119628203898151,0.782888024100662,0.0138273623661122,0.803621107324987,0.0138825990857017,0.501062188466672,0.0286497027160246,0.264,0.0133258751070397,0.1212,0.005248358139256,0.0679,0.00251092350383385,0,0,NA,NA,2.86820907049257,0.128648316630321,1.59997440040959e-05,0,11.45,1.09658560997307,11.25,1.07084570612007,2,0,0,0,1.59997440040959e-05,0
"Q","lnpois",5,0.01,1,0.5,"TOX-raw-blocked",20,0,0,NA,NA,4760.25,4.79850579813517,4760.25,4.79850579813517,47.5,0.312039133848034,50,0,0,0,NA,NA,0,0,0,0,1,0,0,0,NA,NA,0,0,0,0,1,0,0,0,NA,NA,0,0,0,0,1,0,0,0,0.330059181056158,0.0343655520498013,0.314,0.0331852852616146,0.85852782464744,0.011988022359791,0.784087145708834,0.0138916215421783,0.804427282955552,0.0139235073329387,0.514453727461386,0.0292446764044224,0.85852782464744,0.011988022359791,0.784087145708834,0.0138916215421783,0.804427282955552,0.0139235073329387,0.514453727461386,0.0292446764044224,0.269,0.0133948143933232,0.1208,0.00532402696817876,0.0681,0.00246010269362031,NA,NA,NA,NA,NA,NA,0.000206173235191555,3.24674194225518e-05,1,0,1,0,20.15,3.11893622215888,1,0,NA,NA
"Q","lnpois",5,0.05,0.5,0.5,"DESeq2",20,0,0,NA,NA,4746.1,8.01311425102625,4739.6,7.82855770812694,237.75,0.787651405662496,250,0,14,1.88344589013134,0.0991611510716937,0.0261666061620011,0.0532702997711446,0.00765616777575141,0.0506,0.00717466302161183,0.05,0.05,28.45,3.07663093248717,0.248839922791067,0.0267920251081232,0.0925203736969999,0.0119017579713977,0.0878,0.0111882457116951,0,0,43,4.62658223291176,0.343707849827742,0.0264408910727926,0.119041681930592,0.014248558364833,0.113,0.0133830214509988,0,0,0.00144429845095512,0.000140035857333107,0.0482797463227972,0.00848766099491811,0.0458,0.00798669946980933,0.727351451228814,0.00873263507011999,0.611818940317747,0.00787177431581389,0.639626212315589,0.00844655538221741,0.272232870588289,0.0173921405686673,0.727351451228814,0.00873263507011999,0.611818940317747,0.00787177431581389,0.639626212315589,0.00844655538221741,0.272232870588289,0.0173921405686673,0.462,0.0245228142971526,0.289,0.0138256055354206,0.198,0.00699021873010687,0,0,1.21690823793507,0.0239425452527156,NA,NA,2.42403056275708e-07,2.40638052481223e-07,1,0,1,0,1,0,0,0,NA,NA
"Q","lnpois",5,0.05,0.5,0.5,"edgeR",20,0,0,NA,NA,4746.1,8.01311425102625,4746.1,8.01311425102625,237.75,0.787651405662496,250,0,13.9,1.72275788689012,0,0,0.0586001349413302,0.00737058238493355,0.0556,0.00689103154756047,0,0,24.2,2.85583428680381,0.0310171261487051,0.0104217417699004,0.098859430559373,0.0118458069699192,0.0938,0.0110747698087044,0,0,32.7,3.53486395182258,0.0782513315192649,0.0125840820136293,0.126238913680728,0.0137300947200962,0.1198,0.0128390030765632,0,0,0.000167418357178689,6.04397130783486e-05,0.115800848084305,0.0131742878309296,0.11,0.0124122180892352,0.760806996603439,0.00839930797046986,0.648462239489422,0.00811052104990212,0.675367739487898,0.00850590503115191,0.356061219573285,0.0172331716585977,0.760806996603439,0.00839930797046986,0.648462239489422,0.00811052104990212,0.675367739487898,0.00850590503115191,0.356061219573285,0.0172331716585977,0.5855,0.0253239537114359,0.3484,0.013253480178508,0.2249,0.0071325421761625,0,0,1.22252575926067,0.0245221430686732,NA,NA,1.10807284927399e-07,1.02844893304803e-07,1,0,1,0,1,0,0,0,NA,NA
"Q","lnpois",5,0.05,0.5,0.5,"limma",20,0,0,NA,NA,4746.1,8.01311425102625,4746.1,8.01311425102625,237.75,0.787651405662496,250,0,16,2.15088720984474,0.00106382978723404,0.00106382978723404,0.0672543084872326,0.00903734365572271,0.0638,0.00845284131613681,0,0,25.5,3.156863866828,0.0226509666803784,0.0072292809881587,0.104859994561816,0.0130646528505155,0.0994,0.012175125634281,0,0,32.5,3.96331865194336,0.0592240221315488,0.0110307368022456,0.128264075882904,0.0156066768868789,0.1216,0.0145106857177736,0,0,0.000144933972911672,5.20707498445855e-05,0.126116236165982,0.015954038825652,0.1196,0.0148986753208394,0.757758388379094,0.00844018668042753,0.649869845001763,0.00846187660568972,0.675972391593836,0.00866863697345171,0.359417225636336,0.0184157317787793,0.757758388379094,0.00844018668042753,0.649869845001763,0.00846187660568972,0.675972391593836,0.00866863697345171,0.359417225636336,0.0184157317787793,0.589,0.0255662194887584,0.3506,0.0138176850829881,0.2236,0.00715041404763609,0.00125,0.00125,1.10469537816401,0.0194104961959985,NA,NA,1.43682574609204e-08,8.11211874545692e-09,1,0,1,0,1,0,0,0,NA,NA
"Q","lnpois",5,0.05,0.5,0.5,"TOX-log",20,0,0,NA,NA,4746.1,8.01311425102625,4746.1,8.01311425102625,237.75,0.787651405662496,250,0,28.25,2.68021503457819,0.0137356601731602,0.00696233615990826,0.117658790996515,0.0113542031965395,0.1118,0.0106641554061405,0,0,41.5,3.4124385477405,0.0393064798462578,0.00740975228729914,0.167752179381777,0.0139085533086362,0.1594,0.0130530093323945,0,0,52.2,3.85500358386071,0.096031268711056,0.0116723931582185,0.199114536317443,0.0153735739750559,0.1892,0.0144049699025974,0,0,0.00036716514855675,7.99387686081883e-05,0.177982017951953,0.015795728388417,0.1692,0.0149472053363972,0.77663494213818,0.0086732122356506,0.68085321484016,0.00796805078785182,0.705305550382148,0.008312811871471,0.424682648801237,0.017074878864516,0.776635901991702,0.00867319199231239,0.680860516359003,0.00796947854777895,0.705308306253883,0.00831323876926136,0.425173827010315,0.0171248252245862,0.696,0.0218656182889461,0.3982,0.0140359688319913,0.2465,0.00714050713221849,0.0015625,0.0015625,1.20501264445619,0.0257513937466305,4.40011490540367,0.141840796834843,1.59997440040959e-05,0,22.45,1.82738668739355,22.25,1.81060472596429,2,0,0,0,1.59997440040959e-05,0
"Q","lnpois",5,0.05,0.5,0.5,"TOX-log-blocked",20,0,0,NA,NA,4746.1,8.01311425102625,4746.1,8.01311425102625,237.75,0.787651405662496,250,0,6.55,1.08936244029055,0,0,0.0275713389887309,0.00462101418855926,0.0262,0.00435744976116221,0.05,0.05,18.05,2.46925835871933,0.00105263157894737,0.00105263157894737,0.0757835870686162,0.0103659520845547,0.072,0.00974193323513843,0.05,0.05,27,3.3631125933857,0.00473314433625046,0.0033832384896088,0.112836347423686,0.0140636074834409,0.1072,0.0131984050073046,0.05,0.05,1.12561909049977e-05,1.12561909049977e-05,0.185855950759255,0.0162656657965546,0.1766,0.0153095085692382,0.776673644629852,0.00867742739062534,0.681537474822102,0.0080084427560127,0.705677341242891,0.0083183578226706,0.428082295844908,0.0170921441421621,0.776673644629852,0.00867742739062534,0.681537474822102,0.0080084427560127,0.705677341242891,0.0083183578226706,0.428082295844908,0.0170921441421621,0.6995,0.0225187056746865,0.3996,0.0138226358976099,0.2468,0.00715011961622432,0,0,1.20501264445619,0.0257513937466305,NA,NA,2.44700159989977e-06,1.99938796735155e-06,1.05,0.05,1.05,0.05,1.15,0.15,0.05,0.05,NA,NA
"Q","lnpois",5,0.05,0.5,0.5,"TOX-log-blocked-oracle",20,0,0,NA,NA,4746.1,8.01311425102625,4746.1,8.01311425102625,237.75,0.787651405662496,250,0,9.1,1.58927325330926,0,0,0.0383244367582727,0.00674570912761561,0.0364,0.00635709301323705,0.05,0.05,23.2,2.83827226912504,0.00672208538587849,0.00411638739700228,0.0968333503838245,0.0119356264718013,0.092,0.0112052619218313,0,0,32.8,3.66246968731842,0.0099081707626437,0.00399119948149086,0.136487094504987,0.0152638406472485,0.1296,0.0143120118854942,0,0,4.46752366441645e-05,2.61529493984472e-05,0.188015446228326,0.0165601068175788,0.1786,0.015563181923339,0.776663550606141,0.00870837703821077,0.681456462653309,0.00801670492046875,0.705538521860324,0.00837029566220666,0.428090330704534,0.017138589884795,0.776663550606141,0.00870837703821077,0.681456462653309,0.00801670492046875,0.705538521860324,0.00837029566220666,0.428090330704534,0.017138589884795,0.7025,0.0210747416791311,0.3996,0.0137217460911312,0.2465,0.00724877485111141,0,0,1.20501264445619,0.0257513937466305,5.26132656786829,0.0947088429557776,8.33650687965854e-07,4.17723845116622e-07,1.15,0.0819178021909125,1.15,0.0819178021909125,1,0,0,0,NA,NA
"Q","lnpois",5,0.05,0.5,0.5,"TOX-log-boot",20,0,0,NA,NA,4746.1,8.01311425102625,4746.1,8.01311425102625,237.75,0.787651405662496,250,0,2.55,2.55,0.0196078431372549,NA,0.0107296137339056,0.0107296137339056,0.01,0.01,0.95,0.05,43.15,3.72139970837233,0.0285400060640506,0.0061151295670459,0.175573066986994,0.0149062281704845,0.1668,0.0139837499676551,0,0,55.8,3.86795199447704,0.0912922342653392,0.0117222352750109,0.213848281270505,0.0154760864103286,0.2032,0.014517067994533,0,0,0.000322795041309947,7.35012394127652e-05,0.187926469311968,0.0161663062491423,0.1786,0.015232306387896,0.776453139607691,0.00866127121996947,0.681885614888789,0.00795049142010535,0.705810304057649,0.0083168117081323,0.427817127759471,0.0168694836651766,0.776456218818518,0.00866145463885844,0.681898441361688,0.0079554554777527,0.705817097899602,0.00831938616190311,0.42922741809836,0.0169218085530405,0.705,0.022094295524792,0.3994,0.0139480992857167,0.2467,0.00713224700696919,0.0015625,0.0015625,1.20501264445619,0.0257513937466305,4.29274378513095,0.156106890721318,9.99900009999e-05,0,30.25,2.06840263819311,29.95,2.03583036207782,10,0,0,0,9.99900009999e-05,0
"Q","lnpois",5,0.05,0.5,0.5,"TOX-log-oracle",20,0,0,NA,NA,4746.1,8.01311425102625,4746.1,8.01311425102625,237.75,0.787651405662496,250,0,33.5,3.09115886972746,0.0184640362403163,0.00504352763996046,0.13834002983308,0.0128177012649813,0.1314,0.0120009648734898,0,0,49.95,3.83369754181329,0.0836275205233774,0.0127075064130938,0.19301414931089,0.0152497917028826,0.1834,0.0142880885245092,0,0,61.7,3.80657326213486,0.14832972634975,0.0156151682016836,0.222301992887845,0.0153515027051968,0.2112,0.014330240384365,0,0,0.000910818168299801,0.000139995937666389,0.170808625179037,0.0180312652487712,0.1622,0.0170237604850583,0.776614191888489,0.00870582126791555,0.680726686930654,0.00799726319856079,0.705144340789102,0.00836120098500672,0.42422133468139,0.0171912818796017,0.776616487998127,0.00870581411713728,0.680749223523976,0.0079991459764112,0.705155207030026,0.00836211316398377,0.425450284428745,0.0171981064490127,0.6975,0.0219913260412516,0.3994,0.0137566060685881,0.2463,0.00724354522098268,0.00220588235294118,0.00220588235294118,1.20501264445619,0.0257513937466305,4.26743031988065,0.184926089985008,1.59997440040959e-05,0,27.35,2.22932017015337,26.95,2.21178065915464,2,0,0,0,1.59997440040959e-05,0
"Q","lnpois",5,0.05,0.5,0.5,"TOX-raw",20,0,0,NA,NA,4746.1,8.01311425102625,4746.1,8.01311425102625,237.75,0.787651405662496,250,0,9.95,1.51739909054935,0,0,0.0418616982775565,0.00637639858541376,0.0398,0.00606959636219741,0.25,0.0993399267798783,13.2,1.28472810967515,0.0216774891774892,0.00985907976444868,0.0544955173953276,0.00542047088818502,0.0518,0.00512968656065128,0,0,14.5,1.29878485718889,0.0298355759307772,0.00989303860484765,0.0593171539550483,0.00543368405528914,0.0564,0.00514955286766163,0,0,5.5799773435141e-05,2.21728933176532e-05,0.110978075585131,0.0130787037401823,0.1056,0.012462660018505,0.773784974157882,0.00841961389955772,0.672640424298021,0.00809821503735475,0.697853349853209,0.00840546304554442,0.398054667413195,0.0169884912796944,0.773786031852553,0.008419649942868,0.672649088479419,0.00809830304924428,0.697857569138564,0.00840568347593728,0.398302030203702,0.016923103210808,0.659,0.0208364559063398,0.3914,0.0138572420739026,0.2399,0.00711481034995238,0,0,NA,NA,NA,NA,1.59997440040959e-05,0,10.9,0.994458329152636,10.85,1.01118742080783,2,0,0,0,1.59997440040959e-05,0
"Q","lnpois",5,0.05,0.5,0.5,"TOX-raw-blocked",20,0,0,NA,NA,4746.1,8.01311425102625,4746.1,8.01311425102625,237.75,0.787651405662496,250,0,0,0,NA,NA,0,0,0,0,1,0,0,0,NA,NA,0,0,0,0,1,0,0.05,0.05,0,NA,0.000213675213675214,0.000213675213675214,2e-04,2e-04,0.95,0.05,0,0,0.131797818114505,0.0173652280530356,0.1252,0.0164850171208187,0.77388380987035,0.00841981708865845,0.674261052525722,0.00809200824936819,0.698702402283381,0.0083951647078963,0.403908268062096,0.0169676737792577,0.77388380987035,0.00841981708865845,0.674261052525722,0.00809200824936819,0.698702402283381,0.0083951647078963,0.403908268062096,0.0169676737792577,0.6685,0.0208411915004372,0.3918,0.0138912316152843,0.2397,0.00692710161915539,NA,NA,NA,NA,NA,NA,0.000307304470515413,5.72051001492091e-05,1,0,0.95,0.05,29.7,5.4183411716716,1,0,NA,NA
"Q","lnpois",5,0.05,1,0.5,"DESeq2",20,0,0,NA,NA,4750.35,6.13371828502092,4745.5,5.89268056240335,234.75,0.967566127211115,250,0,120.25,3.95026648001852,0.0459076262342563,0.00540396364349352,0.488729721918487,0.0161044029466661,0.4586,0.01478626674352,0,0,149.6,4.45468411072163,0.141054254700935,0.0068907023996918,0.547099559335601,0.0160263470157973,0.5134,0.014686262825834,0,0,178.55,4.78895384686138,0.237828408535024,0.00627090345518648,0.579712612561852,0.0160377921373352,0.544,0.0146625193498324,0,0,0.00470631210703999,0.000299038670958559,0.489717605644921,0.0181948224568996,0.4594,0.0166430639891628,0.863824226244318,0.0058559057481606,0.805327261846454,0.00735425378859693,0.822094490962351,0.00689714136058176,0.672333562288727,0.0133092239209788,0.863824226244318,0.0058559057481606,0.805327261846454,0.00735425378859693,0.822094490962351,0.00689714136058176,0.672333562288727,0.0133092239209788,0.978,0.00690537548047286,0.5902,0.0117068580889917,0.3301,0.00513701736111735,0,0,0.411364714774129,0.00435508475115835,1.56114104422806,0.0254635866848185,1.32211431533879e-37,1.15308432043922e-37,1,0,1,0,1,0,0,0,NA,NA
"Q","lnpois",5,0.05,1,0.5,"edgeR",20,0,0,NA,NA,4750.35,6.13371828502092,4750.35,6.13371828502092,234.75,0.967566127211115,250,0,112.2,3.69038580211081,0.0193244634560194,0.00338237573299581,0.468864317208607,0.0156303664893842,0.44,0.0143959058507326,0,0,133.35,3.97907354993464,0.0707529976190702,0.00651037171807098,0.527921854160631,0.0160004438365805,0.4954,0.0146776593573542,0,0,153.85,4.12519537017403,0.141816717715615,0.00589007817276385,0.562887073788816,0.0160998808694984,0.5282,0.0147154769938964,0,0,0.00210321502198134,0.000203275711246956,0.515006002549225,0.0160839177885325,0.4832,0.0146239889439092,0.8659107029485,0.00573966143037525,0.809466116104509,0.00717855406972721,0.825649827480419,0.00693520525296369,0.680601021166033,0.0130119705784888,0.8659107029485,0.00573966143037525,0.809466116104509,0.00717855406972721,0.825649827480419,0.00693520525296369,0.680601021166033,0.0130119705784888,0.9895,0.00393867463682098,0.5978,0.0110899670162292,0.3327,0.00540618554114296,0,0,0.410995087131775,0.00422466848967228,1.58175098988993,0.0194821887347837,8.61905181242952e-21,8.59852311436473e-21,1,0,1,0,1,0,0,0,NA,NA
"Q","lnpois",5,0.05,1,0.5,"limma",20,0,0,NA,NA,4750.35,6.13371828502092,4750.35,6.13371828502092,234.75,0.967566127211115,250,0,110.25,3.76191090859559,0.0123581748926157,0.00287652365504426,0.464002107157962,0.0160088334497575,0.4354,0.0147206264168772,0,0,127.5,3.80477539277599,0.0455181486148941,0.005508684951634,0.518512306442283,0.0157547307247621,0.4866,0.0144841837515052,0,0,141.6,3.83227292732051,0.0874692618065229,0.00637524669806108,0.550488406175561,0.0151955272190752,0.5166,0.0139148538581883,0,0,0.00129481323231575,0.000166983378543831,0.523550140301998,0.015974125709376,0.4912,0.0144560313400761,0.869367390513819,0.00601619357260345,0.815109035191678,0.00715035698151703,0.829562333386334,0.00702161667670591,0.689310605668154,0.0128415615103113,0.869367390513819,0.00601619357260345,0.815109035191678,0.00715035698151703,0.829562333386334,0.00702161667670591,0.689310605668154,0.0128415615103113,0.989,0.00383199824195103,0.606,0.0117822346196118,0.3343,0.00565736594836185,0,0,0.399448240000773,0.00449944677472212,1.60676227110355,0.0220601958853842,3.47614976921593e-26,2.22229957306801e-26,1,0,1,0,1,0,0,0,NA,NA
"Q","lnpois",5,0.05,1,0.5,"TOX-log",20,0,0,NA,NA,4750.35,6.13371828502092,4750.35,6.13371828502092,234.75,0.967566127211115,250,0,114.2,3.83103668806019,0.0228769296865011,0.003264724004868,0.475763253387902,0.0165354834049795,0.4464,0.0151800422993655,0,0,131.75,3.98673788295248,0.0611884518176629,0.00470210800362515,0.527017852773856,0.0161170992866705,0.4946,0.0148742801683415,0,0,148.55,3.9686103891731,0.111711628785583,0.00576943685908775,0.562116933569735,0.015107678144002,0.5276,0.0139650692047958,0,0,0.00179396540911146,0.000160680950084258,0.517034222296991,0.0173107472921606,0.4852,0.0159211213569635,0.870652385808098,0.00597678738092702,0.815861882961186,0.00728816107698459,0.830492199425912,0.0070989703885521,0.689234553971626,0.0131000039370096,0.870664610854475,0.00597647923626469,0.815985799631122,0.00728752960072697,0.830555183874867,0.00709804857789045,0.690508679553353,0.0130537860512576,0.9855,0.0045,0.6076,0.0115417776611295,0.3355,0.00579450738108717,0,0,0.561941512912225,0.017138008335942,1.57153674348807,0.0286125659353946,1.59997440040959e-05,0,98.75,3.54139059811553,98.45,3.53588744164743,2,0,0,0,1.59997440040959e-05,0
"Q","lnpois",5,0.05,1,0.5,"TOX-log-blocked",20,0,0,NA,NA,4750.35,6.13371828502092,4750.35,6.13371828502092,234.75,0.967566127211115,250,0,91.25,3.86473598199493,0.00113439127200595,0.000796449647608063,0.388512231604373,0.016612476901327,0.3646,0.0154600333628019,0,0,110.5,3.97127846311222,0.0150314530338051,0.00236696875395565,0.46404121191439,0.017163563879676,0.4354,0.0157968018082275,0,0,122.55,4.09972720530217,0.0370167636125565,0.00414861022362825,0.502792326496229,0.0169617154771218,0.4718,0.0155907529948803,0,0,0.000365499857450895,6.27961846465082e-05,0.515792356360633,0.0165833760909592,0.484,0.0151872522721836,0.870648880622406,0.00597118474607203,0.816057188884369,0.00723827555202098,0.830611546510773,0.0070708899659742,0.690735967631897,0.0129735865153616,0.870648880622406,0.00597118474607203,0.816057188884369,0.00723827555202098,0.830611546510773,0.0070708899659742,0.690735967631897,0.0129735865153616,0.9885,0.00385766496048691,0.6076,0.0113616158969344,0.3355,0.00583974584883172,0,0,0.561941512912225,0.017138008335942,1.80664356135034,0.0222425044470024,4.09599999983223e-11,0,14.6,1.03720271581028,14.6,1.03720271581028,1,0,0,0,NA,NA
"Q","lnpois",5,0.05,1,0.5,"TOX-log-blocked-oracle",20,0,0,NA,NA,4750.35,6.13371828502092,4750.35,6.13371828502092,234.75,0.967566127211115,250,0,90.85,3.84658084674251,0.00113439127200595,0.000796449647608063,0.386805489380408,0.0165280831421479,0.363,0.0153852287327129,0,0,110.65,3.98568160980488,0.0148839804135484,0.00258932987766734,0.464662290252744,0.0171445932557125,0.436,0.0158067274152162,0,0,122.9,4.00387969744084,0.0382314177846285,0.00411737156740153,0.503636861773521,0.0166180641876378,0.4726,0.0152681988046017,0,0,0.00036544867853232,6.67445799859359e-05,0.515172148706939,0.0165137386569389,0.4834,0.0150990414474422,0.870659172746287,0.00596542178245922,0.816001824434067,0.00723994480239821,0.830503140648374,0.00707100568418766,0.69054847117794,0.0129970122903712,0.870659172746287,0.00596542178245922,0.816001824434067,0.00723994480239821,0.830503140648374,0.00707100568418766,0.69054847117794,0.0129970122903712,0.987,0.00411032077119357,0.6074,0.0115102700137518,0.3352,0.005819025058511,0,0,0.561941512912225,0.017138008335942,1.80297284133236,0.0217549375755284,4.09599999983223e-11,0,14.35,0.965932873335137,14.35,0.965932873335137,1,0,0,0,NA,NA
"Q","lnpois",5,0.05,1,0.5,"TOX-log-boot",20,0,0,NA,NA,4750.35,6.13371828502092,4750.35,6.13371828502092,234.75,0.967566127211115,250,0,106.95,4.10550016184963,0.0105085186219488,0.0024882706103122,0.451063249829148,0.0175712637713932,0.4232,0.0161899253923706,0,0,129,3.93031403593309,0.0511346556628343,0.0047524739331081,0.521487230087824,0.0160361504195406,0.4894,0.0147663201416709,0,0,144.9,4.1497621999085,0.0992229142918441,0.00487926627714886,0.555747920389717,0.0155121034763773,0.5216,0.0143090696302803,0,0,0.00147253410625546,0.000153521401133737,0.516241221957171,0.0159416370676259,0.4844,0.0145411213641285,0.870558275010894,0.00595904178471352,0.815641483162854,0.00720899208488568,0.830343307069549,0.00705667719770936,0.6870054742661,0.0130483759329625,0.870591021866456,0.00595836758030493,0.815977178067224,0.00720738916843775,0.830515187322445,0.00705485011461876,0.690435561063532,0.0129131246410282,0.9865,0.00357439726240295,0.608,0.0114726218725965,0.3353,0.00586205460658004,0,0,0.561941512912225,0.017138008335942,1.60113299565393,0.0225352605448934,9.99900009999e-05,0,102.05,3.76302999414595,101.25,3.73452949195957,10,0,0,0,9.99900009999e-05,0
"Q","lnpois",5,0.05,1,0.5,"TOX-log-oracle",20,0,0,NA,NA,4750.35,6.13371828502092,4750.35,6.13371828502092,234.75,0.967566127211115,250,0,113.85,3.81773906637782,0.0223401041629998,0.00301270227404941,0.474702328061968,0.0166729210349263,0.4454,0.0153012555384397,0,0,131.25,4.01633179065569,0.0600519347585958,0.00482915203275107,0.525514494584177,0.016026782882777,0.4932,0.0148056888070982,0,0,148.85,3.91775647398785,0.113862566595132,0.00620256466365232,0.561922082547857,0.015015509982867,0.5274,0.0138420412245867,0,0,0.00176080765908205,0.000168938239208701,0.518336493998177,0.017228177121321,0.4864,0.0158157815920814,0.870642505984205,0.00597189341180646,0.815773260803354,0.00728176300764649,0.830384616139923,0.0070973799206329,0.688726194589612,0.0132127031058851,0.870655882842725,0.00597143468295716,0.815915926599033,0.00727508184912999,0.830457546753739,0.00709304943509115,0.690210499978282,0.0130992335143719,0.985,0.00450146175089125,0.6074,0.0115285458068679,0.3351,0.00578286943890042,0,0,0.561941512912225,0.017138008335942,1.57810900548917,0.0252967589376587,1.59997440040959e-05,0,98.35,3.42995703517666,98,3.44276510656004,2,0,0,0,1.59997440040959e-05,0
"Q","lnpois",5,0.05,1,0.5,"TOX-raw",20,0,0,NA,NA,4750.35,6.13371828502092,4750.35,6.13371828502092,234.75,0.967566127211115,250,0,69.3,2.80046988538484,0.00539181410484076,0.00223747861181376,0.293625759068414,0.0118737569406205,0.2756,0.0110421203150768,0,0,76.5,2.95269725041894,0.0110455328355711,0.00280685310159116,0.3224076626762,0.012579771444789,0.3026,0.0116917424751516,0,0,82.8,3.23842066771021,0.0181302437451963,0.00320395845951904,0.346453808741657,0.0136476214868208,0.3252,0.0127456081187125,0,0,0.000188286516334701,4.89701467773913e-05,0.449627393249252,0.0195211252607381,0.4218,0.0180046192903231,0.867088095482008,0.00571263450939486,0.805796296181197,0.007358877954537,0.824126003388766,0.00705438492317203,0.670068876082743,0.0135331643111698,0.86709166193984,0.00571249839868579,0.805829743239216,0.00735756691190742,0.824143273977577,0.00705383009983569,0.670538944517479,0.0134878196078405,0.959,0.00695474090478082,0.5948,0.0113697660023137,0.3338,0.00546356351805207,0,0,NA,NA,2.67592460855228,0.0369159410234699,1.59997440040959e-05,0,63.5,2.52930196320104,63.4,2.53958139940631,2,0,0,0,1.59997440040959e-05,0
"Q","lnpois",5,0.05,1,0.5,"TOX-raw-blocked",20,0,0,NA,NA,4750.35,6.13371828502092,4750.35,6.13371828502092,234.75,0.967566127211115,250,0,0.1,0.1,0.5,NA,0.000209205020920502,0.000209205020920502,2e-04,2e-04,0.95,0.05,0.55,0.234801147670467,0.208333333333333,0.163511807252905,0.00191524797843678,0.000839972517172617,0.0018,0.000793393776261527,0.7,0.105131496607569,42.15,6.81417833020163,0.00701845283005227,0.00360894315497847,0.178731125813575,0.0289887228840944,0.1676,0.0271477826951513,0.15,0.0819178021909125,2.2200044355733e-05,1.52791268749339e-05,0.494793079146815,0.0163007651981384,0.4644,0.0151063597621385,0.867236021308311,0.00569904107577454,0.807908236291961,0.00726935641707227,0.825247781249487,0.00695317272062506,0.674698209117986,0.0132570706168165,0.867236021308311,0.00569904107577454,0.807908236291961,0.00726935641707227,0.825247781249487,0.00695317272062506,0.674698209117986,0.0132570706168165,0.9765,0.00539370978670135,0.5946,0.0112325654378592,0.3335,0.00545966067964321,0,0,NA,NA,NA,NA,4.21388500584645e-05,1.00133170688186e-05,1,0,0.95,0.05,4.4,0.935836242984963,0.75,0.0993399267798783,NA,NA
"Q","lnpois",5,0.1,0.5,0.5,"DESeq2",20,0,0,NA,NA,4762.85,5.35639067401096,4754.2,5.46885920943587,474.75,1.29751787331772,500,0,30.4,2.71777772996132,0.0479877667764953,0.011152963219179,0.060768435812906,0.00542956794091672,0.0576,0.00506505052710289,0,0,56.45,4.23051259803174,0.15904639183497,0.0111260880389508,0.0996465781713637,0.00754028603429484,0.0945,0.00704104507793223,0,0,84.8,6.43616427123452,0.239920186067098,0.0171949248801532,0.133130729200747,0.00898334123183359,0.1263,0.00839457845090634,0,0,0.00214649751649142,0.000239976723302524,0.0605709921595294,0.00452869087577088,0.0574,0.00420801240742617,0.714397380351351,0.00587083488134469,0.605593414335189,0.00382868257728099,0.63259901874842,0.00457452292864182,0.363109285879453,0.00932033084370433,0.714397380351351,0.00587083488134469,0.605593414335189,0.00382868257728099,0.63259901874842,0.00457452292864182,0.363109285879453,0.00932033084370433,0.7095,0.014716174417072,0.4924,0.0112498888883402,0.3565,0.00789520174069769,0.00552712973831482,0.00224752823595782,1.17677254442146,0.0220630021714905,NA,NA,2.14423860504075e-16,1.47879726824934e-16,1,0,1,0,1,0,0,0,NA,NA
"Q","lnpois",5,0.1,0.5,0.5,"edgeR",20,0,0,NA,NA,4762.85,5.35639067401096,4762.85,5.35639067401096,474.75,1.29751787331772,500,0,19.65,1.90466877905182,0,0,0.0414818221230028,0.00408464421859828,0.0393,0.00380933755810363,0,0,40.55,3.97986709643214,0.0295577477902986,0.00731371461043176,0.082595224052488,0.00787811195509299,0.0783,0.00735315900606134,0,0,57.9,4.77267441301327,0.0705270788763825,0.00888732496062585,0.112908215191844,0.00909440853414578,0.1071,0.00850445703579506,0,0,0.000326675667721266,9.48779441696191e-05,0.098996163787849,0.00702982630616548,0.0938,0.00652912503205525,0.739328879964685,0.00561800858165455,0.631097778274135,0.00413505346724109,0.657903140862955,0.00466339798522748,0.419050455532558,0.00931971118488756,0.739328879964685,0.00561800858165455,0.631097778274135,0.00413505346724109,0.657903140862955,0.00466339798522748,0.419050455532558,0.00931971118488756,0.8035,0.012296233912099,0.5628,0.0115242536006733,0.3929,0.00749663082219009,0.001,0.001,1.18109606155937,0.0227266594710445,NA,NA,5.99438635749723e-10,2.58842833927127e-10,1,0,1,0,1,0,0,0,NA,NA
"Q","lnpois",5,0.1,0.5,0.5,"limma",20,0,0,NA,NA,4762.85,5.35639067401096,4762.85,5.35639067401096,474.75,1.29751787331772,500,0,24.1,2.46757925271328,0,0,0.050864445260869,0.00528663031658221,0.0482,0.00493515850542657,0,0,42.1,4.02224079993125,0.0171271334874491,0.00457028065772191,0.0869859030537383,0.0081625883403273,0.0825,0.00764870130015203,0,0,56.75,4.70658832746295,0.0599781235487812,0.00814796958894052,0.112055111932933,0.00914751720810599,0.1063,0.00857815462917901,0,0,0.000198155375826438,6.61150666114071e-05,0.111675800837673,0.00851532468590281,0.1059,0.00797558775263616,0.734763098946928,0.0057656555000001,0.629669955264206,0.0048734745755363,0.656234086878801,0.00537898536029676,0.41531169521386,0.0104717660092902,0.734763098946928,0.0057656555000001,0.629669955264206,0.0048734745755363,0.656234086878801,0.00537898536029676,0.41531169521386,0.0104717660092902,0.81,0.0142717977328126,0.5574,0.0132037474744264,0.3909,0.00840234929553696,0.00103092783505155,0.00103092783505155,1.08026099962728,0.0172341141026177,NA,NA,3.73369188045984e-11,2.07319727689444e-11,1,0,1,0,1,0,0,0,NA,NA
"Q","lnpois",5,0.1,0.5,0.5,"TOX-log",20,0,0,NA,NA,4762.85,5.35639067401096,4762.85,5.35639067401096,474.75,1.29751787331772,500,0,53.7,4.07889303868741,0.00342758725111666,0.0017268713301207,0.112820582772463,0.00865173043397552,0.107,0.0080739998565897,0,0,80.35,4.93978211750489,0.0321493944811083,0.0056937270981138,0.164114236859769,0.0104975794528565,0.1557,0.00982293235240883,0,0,100.65,5.71483526492787,0.0575289770794759,0.006336158869334,0.200033452394843,0.011775352994261,0.1898,0.0110042097207817,0,0,0.000582799744757203,9.64063347604631e-05,0.192400080313916,0.0135554801602776,0.1825,0.0126814203089651,0.761132882487746,0.00658270165501314,0.670498492972389,0.00530008456954551,0.694436159120103,0.00562017606575156,0.493647770941416,0.0110924395996687,0.76113376343578,0.00658272343575248,0.670501331724936,0.00530049763241599,0.694437483322695,0.00562041486047018,0.493760941898942,0.0111100060591458,0.9305,0.00979997314711681,0.6664,0.0137017862838544,0.4427,0.00891158323697163,0.0026951496779083,0.00124366644128815,1.15919936450846,0.0184374794603643,4.35082227481558,0.123310384510428,1.59997440040959e-05,0,38.85,2.50186772337451,38.8,2.48638397339548,2,0,0,0,1.59997440040959e-05,0
"Q","lnpois",5,0.1,0.5,0.5,"TOX-log-blocked",20,0,0,NA,NA,4762.85,5.35639067401096,4762.85,5.35639067401096,474.75,1.29751787331772,500,0,16.7,2.12268449697175,0,0,0.0352104116468336,0.00451415499833591,0.0334,0.0042453689939435,0,0,41.1,4.48383059917581,0.00224410124410124,0.00129003780886441,0.0863866288959955,0.00944721445192556,0.0819,0.00885018584401956,0,0,59.55,5.30117911412169,0.00412728536851959,0.00168801306152261,0.124864003373067,0.0110501591861922,0.1184,0.0103370564882903,0,0,3.49189829275911e-05,1.90699321870996e-05,0.198076468166114,0.0126932760142771,0.1879,0.0118548013812747,0.761277203180311,0.00658480221281593,0.67112273172175,0.00527766593536449,0.694763390722385,0.0056184729478138,0.495303010155029,0.0110318219876965,0.761277203180311,0.00658480221281593,0.67112273172175,0.00527766593536449,0.694763390722385,0.0056184729478138,0.495303010155029,0.0110318219876965,0.939,0.0085193278706962,0.6686,0.0139601689026127,0.443,0.00896366936143077,0.000454545454545455,0.000454545454545455,1.15919936450846,0.0184374794603643,4.69380630248453,0.136333714323047,2.05398308562852e-08,1.11694766055795e-08,1.15,0.0819178021909125,1.15,0.0819178021909125,1,0,0,0,NA,NA
"Q","lnpois",5,0.1,0.5,0.5,"TOX-log-blocked-oracle",20,0,0,NA,NA,4762.85,5.35639067401096,4762.85,5.35639067401096,474.75,1.29751787331772,500,0,24.5,2.9553697782707,0,0,0.0516970029291038,0.0062983078329278,0.049,0.00591073955654139,0,0,55.95,5.19436688812227,0.00388430458825346,0.00200618242457666,0.117391722825815,0.0108991517988607,0.1113,0.0101972906618427,0,0,80.55,6.48215160835383,0.0183411108724006,0.0040978580757867,0.166245583427341,0.0131144202520508,0.1577,0.0122940079542413,0,0,6.98487875479362e-05,3.42099127705233e-05,0.200773098861351,0.0119872524813217,0.1905,0.0112182886395386,0.761310386126983,0.00658161641174359,0.671474381306916,0.00516075849651042,0.694738241353667,0.00556925839667518,0.49594178858161,0.0108797310925774,0.761310386126983,0.00658161641174359,0.671474381306916,0.00516075849651042,0.694738241353667,0.00556925839667518,0.49594178858161,0.0108797310925774,0.9405,0.00889929033243958,0.669,0.013687874003542,0.4419,0.00914154772108323,0.00078125,0.00078125,1.15919936450846,0.0184374794603643,4.31443513741235,0.0924667089141438,2.61734399989279e-09,1.78023393950244e-09,1.25,0.12301048307916,1.25,0.12301048307916,1,0,0,0,NA,NA
"Q","lnpois",5,0.1,0.5,0.5,"TOX-log-boot",20,0,0,NA,NA,4762.85,5.35639067401096,4762.85,5.35639067401096,474.75,1.29751787331772,500,0,44.2,6.72293795426093,0.00272756229277968,0.00154689461171286,0.0928918744000363,0.014149394236207,0.0881,0.0133593846375773,0.25,0.0993399267798783,89.3,5.25862699711026,0.0286463293158207,0.00411405495242512,0.182870235278511,0.0109936192040237,0.1735,0.0102770823219741,0,0,109.75,5.8489202782268,0.0660115657062755,0.00568245087683999,0.216058126761114,0.0118030917995736,0.205,0.011007652840303,0,0,0.000594511663787563,9.01459469091247e-05,0.201401319247066,0.0123404504828063,0.1911,0.0115480460867219,0.761120484857846,0.00656276124468511,0.671542759758076,0.00525376523493397,0.694877466044985,0.0055863789580493,0.495788085459878,0.0109595723490568,0.761121505542344,0.00656271121793163,0.671544070550935,0.00525532560085353,0.694877498172576,0.00558708633260325,0.496285330869523,0.0109549035280086,0.9425,0.00845654526947836,0.6676,0.0138621787609308,0.4423,0.0089281046494527,0.00279738329039347,0.00132212997544639,1.15919936450846,0.0184374794603643,4.22967727361373,0.113552396458086,9.99900009999e-05,0,54.25,2.9998903488733,54.1,2.99200689557325,10,0,0,0,9.99900009999e-05,0
"Q","lnpois",5,0.1,0.5,0.5,"TOX-log-oracle",20,0,0,NA,NA,4762.85,5.35639067401096,4762.85,5.35639067401096,474.75,1.29751787331772,500,0,69,4.48564963317232,0.0122570927589781,0.00354818155309358,0.143572900831305,0.00936243518925901,0.1362,0.00874901498215055,0,0,103.4,5.74245500406265,0.0628859851277511,0.00671017565247218,0.204255959550055,0.0115961436310107,0.1938,0.0108238528017377,0,0,129.7,6.87715516459348,0.108845835821138,0.00660407469387479,0.243129067860669,0.0127593042902882,0.2307,0.0119077816220275,0,0,0.00151505463231673,0.000168503107804825,0.194233852932051,0.0119873787778476,0.1843,0.0112430329303833,0.761197292470132,0.00657836660111207,0.670850620896527,0.00514348856118435,0.694427746151008,0.00555820454812189,0.494165463353367,0.0109073102554503,0.761198462017763,0.00657815593425351,0.670855160309133,0.00514120563206758,0.6944305379813,0.00555712060277068,0.494476358900139,0.0108791306980332,0.9355,0.00850618969679696,0.6692,0.013443370504688,0.4413,0.00916431867855463,0.00295738417604582,0.00121690436702057,1.15919936450846,0.0184374794603643,4.21687597613635,0.160556942349944,1.59997440040959e-05,0,50.1,2.82926436412458,49.95,2.84186280642228,2,0,0,0,1.59997440040959e-05,0
"Q","lnpois",5,0.1,0.5,0.5,"TOX-raw",20,0,0,NA,NA,4762.85,5.35639067401096,4762.85,5.35639067401096,474.75,1.29751787331772,500,0,19.55,1.30882631230789,0.00208333333333333,0.00208333333333333,0.0411044991411461,0.00277742230093954,0.039,0.00260161892917306,0,0,23.2,1.42828568570857,0.0161217320261438,0.00699885925937156,0.0481715804081978,0.00309015333570705,0.0457,0.00288836140033538,0,0,27.3,1.89750528742069,0.0162011435398532,0.00622245111020091,0.0567335173116675,0.00412478928851102,0.0538,0.00384406582998564,0,0,8.14335931329236e-05,3.87625254457626e-05,0.141683051760749,0.0154276077127557,0.1344,0.0145389495023395,0.761284201264517,0.0066395848463654,0.664345032321074,0.00572895482411899,0.689991186535863,0.00585386411873868,0.480951174013681,0.0118105840366071,0.761284764973729,0.00663959330387139,0.664348542697132,0.00572872396546489,0.689992790429282,0.00585369629956118,0.480994044651289,0.0118127965865266,0.8995,0.00919024081924895,0.6508,0.0146628065095616,0.4398,0.00944557819132429,0,0,NA,NA,NA,NA,1.59997440040959e-05,0,18.15,1.05200310185654,18.15,1.05200310185654,2,0,0,0,1.59997440040959e-05,0
"Q","lnpois",5,0.1,0.5,0.5,"TOX-raw-blocked",20,0,0,NA,NA,4762.85,5.35639067401096,4762.85,5.35639067401096,474.75,1.29751787331772,500,0,0,0,NA,NA,0,0,0,0,1,0,0,0,NA,NA,0,0,0,0,1,0,0,0,NA,NA,0,0,0,0,1,0,0,0,0.153069029850497,0.016891873536405,0.1452,0.0159515054560938,0.761317301711236,0.00662863041416271,0.665087607415584,0.00571155242267419,0.690485140797468,0.00585249530556765,0.483384146623389,0.0117994814882964,0.761317301711236,0.00662863041416271,0.665087607415584,0.00571155242267419,0.690485140797468,0.00585249530556765,0.483384146623389,0.0117994814882964,0.909,0.00975758814030339,0.6516,0.0137646381411897,0.4391,0.00936114590376515,NA,NA,NA,NA,NA,NA,0.000287375484916229,3.21810402487533e-05,1,0,1,0,27.95,3.05861595806786,1,0,NA,NA
"Q","lnpois",5,0.1,1,0.5,"DESeq2",20,0,0,NA,NA,4757.8,4.30397612984967,4753.4,4.23357507252875,473.2,1.62804370819382,500,0,240.15,5.17090799315596,0.0359944814359262,0.00272249121190428,0.489208627205316,0.0103840708067933,0.4628,0.00951054816063667,0,0,298.85,5.96404798949947,0.122250336813613,0.00505815368559424,0.553893862028712,0.0101870779545156,0.524,0.00923494507435295,0,0,348.2,6.75963250324656,0.196558055033342,0.00600713056696696,0.590442129328441,0.00998977058801927,0.5586,0.00905666372869926,0,0,0.0086002070335872,0.000467913905592104,0.506267779173357,0.0100796499430475,0.4789,0.00909884318847298,0.860229938570062,0.00401728924838657,0.796530060094047,0.00415759778506935,0.814234127221663,0.0037838128805127,0.716290449379341,0.00654537687355378,0.860229938570062,0.00401728924838657,0.796530060094047,0.00415759778506935,0.814234127221663,0.0037838128805127,0.716290449379341,0.00654537687355378,1,0,0.948,0.00668068701163049,0.6202,0.0058721465634943,0.000185185185185185,0.000185185185185185,0.41198987843487,0.00312153924743999,1.47528459417807,0.0106022436849404,1.35903696101936e-34,1.35827791758564e-34,1,0,1,0,1,0,0,0,NA,NA
"Q","lnpois",5,0.1,1,0.5,"edgeR",20,0,0,NA,NA,4757.8,4.30397612984967,4757.8,4.30397612984967,473.2,1.62804370819382,500,0,227.05,5.4350107732426,0.0157170816004429,0.00218207724197362,0.472340391878814,0.0113537386292579,0.4468,0.0104078917426305,0,0,276.4,6.17993357143654,0.0716033226090932,0.0038887035088122,0.541836043768214,0.0110911292595614,0.5126,0.010168164974437,0,0,314.65,6.46499684536089,0.132986924793923,0.0051624731889455,0.575831292949996,0.0104882976438543,0.5448,0.00964026643003736,0,0,0.00469029761179879,0.000328514584036856,0.523277118635392,0.009881906071744,0.495,0.00890830481836147,0.862900683199072,0.00395193256839456,0.801880875202683,0.00415995690849284,0.818297955894905,0.0039103981405184,0.723977878928473,0.00651050417349392,0.862900683199072,0.00395193256839456,0.801880875202683,0.00415995690849284,0.818297955894905,0.0039103981405184,0.723977878928473,0.00651050417349392,1,0,0.9604,0.00586084240397321,0.6238,0.00594872830284361,0,0,0.410633512322681,0.00304137332888018,1.49628729330916,0.0175978433757736,6.65418751673103e-24,4.53008376648037e-24,1,0,1,0,1,0,0,0,NA,NA
"Q","lnpois",5,0.1,1,0.5,"limma",20,0,0,NA,NA,4757.8,4.30397612984967,4757.8,4.30397612984967,473.2,1.62804370819382,500,0,222.75,5.64748430253404,0.00712811493877369,0.0012344024255764,0.467486187898763,0.0119444388784264,0.4422,0.010979310686828,0,0,265.1,5.62929368290739,0.0454185310952058,0.00357936341506197,0.53442178978945,0.0104424180553304,0.5056,0.00959670996254774,0,0,297.7,5.90098118513933,0.0962470263679202,0.00501283305262867,0.568015666645046,0.0100474774064114,0.5374,0.00920423243605039,0,0,0.00287040534462181,0.000266656280447543,0.538830589837258,0.00919025661169098,0.5098,0.00845159592528006,0.865603911131281,0.00398040856577907,0.806517550527593,0.00402022402437056,0.823023813197519,0.00385960983346583,0.731576915589577,0.00643167775804671,0.865603911131281,0.00398040856577907,0.806517550527593,0.00402022402437056,0.823023813197519,0.00385960983346583,0.731576915589577,0.00643167775804671,1,0,0.969,0.00455030363359356,0.6308,0.00569468819903343,0,0,0.398236873205042,0.00298667508987033,1.50570685762801,0.015963562478149,4.48233151660789e-26,4.04568314354559e-26,1,0,1,0,1,0,0,0,NA,NA
"Q","lnpois",5,0.1,1,0.5,"TOX-log",20,0,0,NA,NA,4757.8,4.30397612984967,4757.8,4.30397612984967,473.2,1.62804370819382,500,0,230.85,6.27328294813556,0.0123477978890422,0.00191721825825635,0.481794133957384,0.0128789326469998,0.4557,0.011801226519664,0,0,273.8,6.04178433037268,0.0567310452011349,0.00322385499655996,0.545646847006657,0.0117616012052387,0.5162,0.0107985379127284,0,0,307,6.47911624902818,0.105029429212645,0.00493937823610619,0.580131967328969,0.0113217056952341,0.5488,0.0102499293964192,0,0,0.00366322400583171,0.000238759778113583,0.539663598896761,0.0108233423857416,0.5105,0.00978169611812637,0.868538334923885,0.00444921303180205,0.809550340397141,0.00453497456775484,0.826209604895016,0.00445318874585777,0.73628433243027,0.00732988217905101,0.868549074663782,0.0044496109027768,0.809659356023489,0.00454595066868524,0.826264508108809,0.00445785511268655,0.736801793368703,0.00736650822500819,1,0,0.9678,0.00498819659427712,0.6385,0.0065612498809297,0,0,0.546741250210129,0.0129208222600118,1.4729641511314,0.0173545973270772,1.59997440040959e-05,0,189.4,5.34415568635495,189.15,5.30604174007031,2,0,0,0,1.59997440040959e-05,0
"Q","lnpois",5,0.1,1,0.5,"TOX-log-blocked",20,0,0,NA,NA,4757.8,4.30397612984967,4757.8,4.30397612984967,473.2,1.62804370819382,500,0,188,6.03105995746405,0.00105416555374601,0.000490184111824904,0.397144210773591,0.0130728946459868,0.3756,0.0120425561196424,0,0,235.2,6.6060578259655,0.0136771398795114,0.00199684746539689,0.490140629051393,0.0134222956335134,0.4636,0.0123327548465565,0,0,267.75,6.44934717218483,0.0470054255516793,0.0034203683742239,0.538873328695381,0.0122250142687679,0.5098,0.0112772710398067,0,0,0.000793113477915007,0.000134571280175783,0.541465498926842,0.0103547680854229,0.5122,0.00930297066306751,0.868538564401443,0.00445097956002079,0.809767791680455,0.00454843993501846,0.826314246182237,0.00446141529061893,0.736978177308621,0.00737043112103619,0.868538564401443,0.00445097956002079,0.809767791680455,0.00454843993501846,0.826314246182237,0.00446141529061893,0.736978177308621,0.00737043112103619,1,0,0.9694,0.00490134245842267,0.6376,0.0064278997142801,0,0,0.546741250210129,0.0129208222600118,1.65314342270933,0.0194115390917912,4.09599999983223e-11,0,29.05,2.12438845689518,29.05,2.12438845689518,1,0,0,0,NA,NA
"Q","lnpois",5,0.1,1,0.5,"TOX-log-blocked-oracle",20,0,0,NA,NA,4757.8,4.30397612984967,4757.8,4.30397612984967,473.2,1.62804370819382,500,0,187.55,6.16205493748892,0.0010564601706262,0.000491888245283749,0.39617252521539,0.0133050003391705,0.3747,0.0123034227159078,0,0,234.65,6.66699450948279,0.0140075354239603,0.00169011611417019,0.488883950414183,0.0136390464536134,0.4624,0.0125275275840216,0,0,266.65,6.45277378138148,0.0452345248009002,0.00332363937953755,0.537610455369275,0.0121678692914581,0.5086,0.0112100518802499,0,0,0.000804888890361177,0.000116402397794999,0.540942387967664,0.0108114611235673,0.5117,0.009746551346907,0.868498001422511,0.00444768226701864,0.809634433981402,0.00452061971811487,0.826242038524659,0.00444200540098818,0.736836055610475,0.00733266665346243,0.868498001422511,0.00444768226701864,0.809634433981402,0.00452061971811487,0.826242038524659,0.00444200540098818,0.736836055610475,0.00733266665346243,1,0,0.97,0.00471950041959171,0.6376,0.00646056865673766,0,0,0.546741250210129,0.0129208222600118,1.65400954206303,0.0201207056308088,4.09599999983223e-11,0,28.55,2.11942767845721,28.55,2.11942767845721,1,0,0,0,NA,NA
"Q","lnpois",5,0.1,1,0.5,"TOX-log-boot",20,0,0,NA,NA,4757.8,4.30397612984967,4757.8,4.30397612984967,473.2,1.62804370819382,500,0,223.9,6.04844477618225,0.00860966319595549,0.00128150442197344,0.46923084042221,0.0128223395061597,0.4438,0.0117185413139313,0,0,270.45,5.89043604855407,0.0495984071763981,0.003492375367906,0.542994844228037,0.0114393957821293,0.5137,0.0105064140810319,0,0,302.95,6.54316638301285,0.0987231412805092,0.00500438898387409,0.576537283100186,0.0116104272349583,0.5454,0.0105502307283326,0,0,0.00317331967347352,0.000250364872977937,0.542511760626695,0.0106169691887978,0.5132,0.00960087715290968,0.868516376424991,0.0044551118984737,0.809470490289735,0.00452405056946003,0.826110615935352,0.00445481164820979,0.735752424762746,0.00730973774829536,0.868535251198755,0.00445622098603974,0.809654979984073,0.00454317171434862,0.826207156190121,0.00446366199488372,0.736783161569464,0.00736547266684721,1,0,0.9698,0.00463828461939609,0.6382,0.00657251053531618,0,0,0.546741250210129,0.0129208222600118,1.47374008407112,0.0165885640438504,9.99900009999e-05,0,195.65,5.27769636748538,195.2,5.2348025650197,10,0,0,0,9.99900009999e-05,0
"Q","lnpois",5,0.1,1,0.5,"TOX-log-oracle",20,0,0,NA,NA,4757.8,4.30397612984967,4757.8,4.30397612984967,473.2,1.62804370819382,500,0,230,6.18231773945492,0.0123079293607413,0.00167283416345019,0.480106982248964,0.0128142556349541,0.4541,0.0117361116128586,0,0,273.2,6.04134875146619,0.0561367920742403,0.00332171403984727,0.544805908740514,0.0118176295696673,0.5154,0.0108425089347438,0,0,305.15,6.3046661917562,0.101929918811018,0.00476635240929137,0.578753966222004,0.0112574992602504,0.5475,0.0102071956043403,0,0,0.00361631592804227,0.000241277806515838,0.537965741004772,0.0105969199274606,0.5089,0.00958120418758574,0.868491227372568,0.00444391856431809,0.809433222037228,0.00451348277613303,0.826161091245084,0.00443515998653241,0.736043560606533,0.00731225988623088,0.8685029216456,0.00444415229698681,0.809554757881047,0.00451997988069374,0.826223134630436,0.00443753348190936,0.73664630826209,0.00732769435343901,1,0,0.9694,0.00467265280226622,0.6378,0.00642347667790419,0,0,0.546741250210129,0.0129208222600118,1.47356097478763,0.0175641715600358,1.59997440040959e-05,0,188.15,5.42473622933823,187.85,5.39360000858718,2,0,0,0,1.59997440040959e-05,0
"Q","lnpois",5,0.1,1,0.5,"TOX-raw",20,0,0,NA,NA,4757.8,4.30397612984967,4757.8,4.30397612984967,473.2,1.62804370819382,500,0,137.55,4.7186500076544,0.00192206118578539,0.000777078629651625,0.290356865156663,0.0102935742787058,0.2746,0.00946138968317245,0,0,160.1,5.2525181930595,0.00674370780100478,0.00123365734743694,0.336269091135211,0.0113455320137276,0.318,0.0103771002947026,0,0,203.45,7.72128807089103,0.0191724678397787,0.0022262775506213,0.421695756109276,0.0160099200400261,0.3988,0.0147807841113849,0,0,0.000256558245860833,5.03719908620452e-05,0.502258892577338,0.0128868563979669,0.4749,0.011421563170738,0.865581523863245,0.00437315599466525,0.801637952467594,0.00468693106314342,0.819559965456849,0.00453449585019287,0.72406825587997,0.00758881108414917,0.865583673983532,0.00437322044885759,0.801658969131898,0.00468870673502138,0.819570353674904,0.00453504479794576,0.724199906414605,0.00759706282494514,0.9995,5e-04,0.9486,0.00592070408330844,0.6289,0.0067503995983084,0,0,NA,NA,2.57069935546721,0.0338216065327416,1.59997440040959e-05,0,122.55,4.17163037672323,122.5,4.16659649063711,2,0,0,0,1.59997440040959e-05,0
"Q","lnpois",5,0.1,1,0.5,"TOX-raw-blocked",20,0,0,NA,NA,4757.8,4.30397612984967,4757.8,4.30397612984967,473.2,1.62804370819382,500,0,0.35,0.208692672556914,0,0,0.000728172773814132,0.000431378470751644,7e-04,0.000417385345113828,0.8,0.0917662935482247,67.3,12.3243661094597,0,0,0.14239896552776,0.0261407864899785,0.1346,0.0246487322189195,0.25,0.0993399267798783,189.65,7.80090244442067,0.00426899492151916,0.00107824608339368,0.399257582121861,0.0165605192844573,0.3776,0.0154078585553982,0,0,0,0,0.520101876004002,0.0124118925024818,0.4919,0.0111944300059402,0.865771461879235,0.00437349366341082,0.803558640286155,0.00468741876654591,0.820557739187142,0.00452629929931958,0.726917679629005,0.00773374683845728,0.865771461879235,0.00437349366341082,0.803558640286155,0.00468741876654591,0.820557739187142,0.00452629929931958,0.726917679629005,0.00773374683845728,0.999,0.000688247201611686,0.9578,0.0059078894619599,0.6298,0.00674482257579452,0,0,NA,NA,3.4187673816462,0.139247928234239,3.01428961267653e-05,6.34508496347575e-06,1,0,1,0,3.45,0.587030887737515,0.65,0.109424330980483,NA,NA
"Q","lnpois",5,0.3,0.5,0.5,"DESeq2",20,0,0,NA,NA,4732.5,4.53146891485706,4713.95,4.97756810204806,1411,1.63674902426152,1500,0,107.1,4.36547459287677,0.0289278269752167,0.00361604491389342,0.0736028179488939,0.00287481674473421,0.0692333333333333,0.00269731293624292,0,0,211.2,9.98830895544755,0.0853493431139469,0.00655025658242204,0.136299800350828,0.00581984361912511,0.1282,0.00545499395639697,0,0,306.15,12.9410149687361,0.137282875622752,0.00751007660862485,0.18622363714504,0.00693043093516438,0.175166666666667,0.00650845154552662,0,0,0.00568872578855262,0.00063540924021692,0.103143929604623,0.00428131893377391,0.0970333333333333,0.00404433760542646,0.706482299944565,0.00409340454978172,0.602965466237058,0.00181210128304012,0.628287933865301,0.00238570237820696,0.593451070338714,0.00460254521111924,0.706482299944565,0.00409340454978172,0.602965466237058,0.00181210128304012,0.628287933865301,0.00238570237820696,0.593451070338714,0.00460254521111924,0.9705,0.0032827299294145,0.8884,0.00405125061912336,0.7645,0.00557225268630202,0.00583122129127375,0.00150429416046458,1.2450090822572,0.0117318978290224,NA,NA,5.70548097738284e-18,5.12452983253654e-18,1,0,1,0,1,0,0,0,NA,NA
"Q","lnpois",5,0.3,0.5,0.5,"edgeR",20,0,0,NA,NA,4732.5,4.53146891485706,4732.5,4.53146891485706,1411,1.63674902426152,1500,0,36.45,2.85756152947523,0.00108695652173913,0.00108695652173913,0.0257977677610852,0.00202050396529122,0.0242666666666667,0.00189946129636123,0,0,121.4,5.8347416846263,0.0138449231365074,0.00274563208280152,0.0847444600124513,0.00394157661965181,0.0797,0.00368257315327744,0,0,211.9,11.0909873320638,0.0486260364795569,0.00565358549297395,0.142258754528591,0.00681276736956092,0.1338,0.0063823770526431,0,0,0.000557061712987632,0.000131489687637033,0.145836285682391,0.0038331079550637,0.1372,0.00364237567870138,0.726384299635649,0.00349226570109054,0.620977759510467,0.00176887364463092,0.646744091944902,0.00214642393944303,0.624383719975957,0.00382322611019278,0.726384299635649,0.00349226570109054,0.620977759510467,0.00176887364463092,0.646744091944902,0.00214642393944303,0.624383719975957,0.00382322611019278,0.991,0.0021643037047318,0.9292,0.00360233842181202,0.8108,0.00433929414585028,0.00219682107290934,0.000885078512233174,1.24603480256046,0.011618239501264,NA,NA,9.65236827086256e-09,4.0406113326451e-09,1,0,1,0,1,0,0,0,NA,NA
"Q","lnpois",5,0.3,0.5,0.5,"limma",20,0,0,NA,NA,4732.5,4.53146891485706,4732.5,4.53146891485706,1411,1.63674902426152,1500,0,45.9,2.89455023321959,0.000649350649350649,0.000649350649350649,0.0325017886842181,0.00204075529474868,0.0305666666666667,0.00191104821057918,0,0,107.6,6.48861350853616,0.00931148838469291,0.00185123696999817,0.0755058611393853,0.00449729056884645,0.071,0.00420623319144561,0,0,172.95,11.0130245857492,0.0382659715389092,0.00518671967993169,0.117355880530525,0.00709332561330933,0.110366666666667,0.00664636822078914,0,0,0.000331615918442169,8.14640384499239e-05,0.138021977853484,0.00513963728463519,0.129833333333333,0.00483551070133136,0.721595375669457,0.00256300105053682,0.616365869390074,0.00213928212144393,0.641993460840565,0.00231658406816101,0.616794774919771,0.0036019779552207,0.721595375669457,0.00256300105053682,0.616365869390074,0.00213928212144393,0.641993460840565,0.00231658406816101,0.616794774919771,0.0036019779552207,0.992,0.001555973210431,0.9192,0.0045198975302777,0.7969,0.00525051375932318,0.00194656113974932,0.000924029731794683,1.13345563829599,0.00944943246341804,NA,NA,2.08308022128687e-10,1.53123929142811e-10,1,0,1,0,1,0,0,0,NA,NA
"Q","lnpois",5,0.3,0.5,0.5,"TOX-log",20,0,0,NA,NA,4732.5,4.53146891485706,4732.5,4.53146891485706,1411,1.63674902426152,1500,0,165.55,7.91649676641326,0.00188852813614529,0.000800981770270009,0.117095999724713,0.00557874419929091,0.110133333333333,0.00523049984752612,0,0,260.75,12.3635446714163,0.00753365788321084,0.00102147067490113,0.183371911187548,0.00866253109531569,0.172466666666667,0.00811613078673381,0,0,342.45,14.7326124099242,0.0194169212256414,0.00128169184797247,0.237931908865277,0.0101780691514918,0.2238,0.00955710445762916,0,0,0.00061729879979336,9.11674892546489e-05,0.298761500909511,0.011145564234019,0.281,0.0104462422242731,0.772531898448081,0.00551994460943699,0.680344403189029,0.00477206658338109,0.704431431716964,0.00505526238981683,0.704604788650438,0.00734978123904896,0.772532186503547,0.00551995158144126,0.680345701460036,0.00477243243271172,0.704431868854153,0.00505542383980741,0.70461730300868,0.00734991893144174,0.9995,5e-04,0.9928,0.00110881634376957,0.9231,0.00714581217070161,0.0012045670475036,0.000436632580054396,1.18815478651904,0.00910749250515298,4.41385066073649,0.0740319570956079,1.59997440040959e-05,0,91.65,3.81360100581838,91.65,3.81360100581838,2,0,0,0,1.59997440040959e-05,0
"Q","lnpois",5,0.3,0.5,0.5,"TOX-log-blocked",20,0,0,NA,NA,4732.5,4.53146891485706,4732.5,4.53146891485706,1411,1.63674902426152,1500,0,53.6,4.56727489866769,0,0,0.0379853113865456,0.00323619719647188,0.0357333333333333,0.00304484993244513,0,0,161.6,10.356132177807,0.00159094706463128,0.000766108496157484,0.114303658426987,0.00726372385451138,0.1075,0.0068167106334103,0,0,252.9,14.1261049870537,0.00636829576812529,0.000986037641601758,0.178023182833723,0.00987486673599609,0.167433333333333,0.00926179033631825,0,0,0.000105462995850112,5.47306506463448e-05,0.297474774992354,0.0110408756766399,0.2798,0.0103643676584278,0.772605202707886,0.00552535354487751,0.680634706317331,0.00476615817883827,0.704634405492941,0.00504986857911432,0.704847001145623,0.00734562702106037,0.772605202707886,0.00552535354487751,0.680634706317331,0.00476615817883827,0.704634405492941,0.00504986857911432,0.704847001145623,0.00734562702106037,0.9995,5e-04,0.9934,0.00127403214038612,0.9242,0.00701412109510821,0,0,1.18815478651904,0.00910749250515298,4.6969979889523,0.130471654815015,5.79788799976252e-09,2.82821775243225e-09,1.15,0.0819178021909125,1.15,0.0819178021909125,1,0,0,0,NA,NA
"Q","lnpois",5,0.3,0.5,0.5,"TOX-log-blocked-oracle",20,0,0,NA,NA,4732.5,4.53146891485706,4732.5,4.53146891485706,1411,1.63674902426152,1500,0,139.55,9.34273570889789,0.000879789629917543,0.000512450487420912,0.0988161806714258,0.00660724842792032,0.0929333333333333,0.00620118834112505,0,0,294.45,14.8030002293276,0.0108705065588076,0.00116026674548648,0.206364964042525,0.0103205613055549,0.1941,0.00968754852845796,0,0,410.35,17.5657074707331,0.0389243442667038,0.00273880966951679,0.279227129262264,0.0116714708851686,0.262633333333333,0.0109492689814467,0,0,0.000993206757668711,0.000130834713147104,0.298633161684458,0.010806106238735,0.2809,0.0101500180047661,0.772705262870713,0.00550443930123174,0.680567726806613,0.00474462501397976,0.704696400385782,0.00502278298776659,0.704899165498438,0.00730568954670996,0.772705262870713,0.00550443930123174,0.680567726806613,0.00474462501397976,0.704696400385782,0.00502278298776659,0.704899165498438,0.00730568954670996,0.9995,5e-04,0.9928,0.00140974055097122,0.9243,0.00684147567953611,0.00255695009753253,0.000728649401553668,1.18815478651904,0.00910749250515298,4.35485405948812,0.11208558020514,2.12991999991276e-10,1.44894714513191e-10,2.1,0.260566185147086,2.1,0.260566185147086,1,0,0,0,NA,NA
"Q","lnpois",5,0.3,0.5,0.5,"TOX-log-boot",20,0,0,NA,NA,4732.5,4.53146891485706,4732.5,4.53146891485706,1411,1.63674902426152,1500,0,187.7,8.61061156823064,0.00176881172478749,0.000739316266204197,0.132787162327798,0.00607275275748044,0.1249,0.00570467644422831,0,0,301.9,12.7557830022308,0.0103154446653425,0.000876499600387571,0.211753531645104,0.00894458562359341,0.199166666666667,0.00838320166615587,0,0,379.55,14.8649136524481,0.0266574644378904,0.00151337298871105,0.261744686883062,0.0101653139301034,0.2462,0.00954314303295138,0,0,0.000948688164616156,9.59362861036784e-05,0.299810994476448,0.010751849607514,0.282,0.010092554142674,0.772485860186113,0.00551361589607759,0.681008571745968,0.00478659317849547,0.704763729416508,0.00506467112921281,0.704970044216168,0.00735852353567459,0.772487443009783,0.00551336540490329,0.681010778804668,0.00478406097173516,0.704764288410589,0.00506366176392311,0.705076606704512,0.00734463549525866,0.9995,5e-04,0.9942,0.00128062484748657,0.9247,0.00711155471935046,0.00247605060943697,0.000663385328533811,1.18815478651904,0.00910749250515298,4.26964143885519,0.0793361433652993,9.99900009999e-05,0,137.8,5.26137864662466,137.75,5.28048791605273,10,0,0,0,9.99900009999e-05,0
"Q","lnpois",5,0.3,0.5,0.5,"TOX-log-oracle",20,0,0,NA,NA,4732.5,4.53146891485706,4732.5,4.53146891485706,1411,1.63674902426152,1500,0,270.75,12.2041569708203,0.00875389911812973,0.000949127026741162,0.19021081207972,0.00857177572996732,0.1789,0.00803228500111776,0,0,403.65,15.0984967881958,0.0382472565757371,0.00246511252877943,0.275037244908758,0.0102160851778083,0.2587,0.00959001368993284,0,0,512.45,18.4491441821194,0.0781092044905408,0.00248553095746182,0.334653673760964,0.0118610156881466,0.314766666666667,0.0111163201240075,0,0,0.0046976906886392,0.000367352206810473,0.297024952694571,0.0105162443009225,0.2794,0.00989676537623686,0.772604876210169,0.0054967206329338,0.679924832750499,0.00474486614493516,0.704331845841374,0.00501873605705727,0.704272364424182,0.00730776369711926,0.772606224682599,0.00549681496409113,0.679938097321076,0.0047450624811448,0.704338511057595,0.0050188173094315,0.704387036714102,0.00730713346245039,0.999,0.000688247201611686,0.9916,0.00147683872903542,0.9231,0.00666092296433775,0.00472391195013572,0.000840715381346296,1.18815478651904,0.00910749250515298,3.96440778522279,0.0817532272331551,1.59997440040959e-05,0,153.4,6.23335678764703,153.2,6.2385052190746,2,0,0,0,1.59997440040959e-05,0
"Q","lnpois",5,0.3,0.5,0.5,"TOX-raw",20,0,0,NA,NA,4732.5,4.53146891485706,4732.5,4.53146891485706,1411,1.63674902426152,1500,0,48.6,3.35637649227478,0.00186133879781421,0.00129114504098289,0.0343793147245017,0.00237782663807588,0.0323333333333333,0.00223187960018178,0,0,66.35,4.87057491473029,0.00380761492147005,0.00157964163038161,0.0468558420398107,0.00345248564106778,0.0440666666666667,0.00324186791870662,0,0,96.05,10.4035608782459,0.00556608303642014,0.00218504154393414,0.0676541148271816,0.0073067430638905,0.0636333333333333,0.00687217884700792,0,0,7.49968258851669e-05,2.9801466725267e-05,0.279391598230201,0.0125354219695379,0.2628,0.0117834853212362,0.774630673978622,0.00615605624947214,0.677215214628343,0.00513332718289845,0.703070260120605,0.00541124158145016,0.703344576824016,0.00797339876710115,0.774631189614761,0.00615609369526119,0.677222482989584,0.00513327197795265,0.70307414358093,0.00541130419688137,0.703427933701689,0.0079770065765569,0.9945,0.00198348444065382,0.9806,0.00193091197433534,0.9179,0.00734055067488307,0,0,NA,NA,NA,NA,1.59997440040959e-05,0,40.05,2.49470491873868,39.95,2.48836767464346,2,0,0,0,1.59997440040959e-05,0
"Q","lnpois",5,0.3,0.5,0.5,"TOX-raw-blocked",20,0,0,NA,NA,4732.5,4.53146891485706,4732.5,4.53146891485706,1411,1.63674902426152,1500,0,0,0,NA,NA,0,0,0,0,1,0,0.1,0.1,0.5,NA,3.52360817477097e-05,3.52360817477097e-05,3.33333333333333e-05,3.33333333333333e-05,0.95,0.05,0.15,0.109424330980483,0.75,0.25,3.52360817477097e-05,3.52360817477097e-05,3.33333333333333e-05,3.33333333333333e-05,0.9,0.0688247201611685,1.49298297999403e-05,1.49298297999403e-05,0.286196767922016,0.0128234893463152,0.2692,0.0120463626792974,0.774433848915447,0.00617175410358959,0.678257076237115,0.00519608427127177,0.703723538351407,0.00545479298326572,0.703687374303905,0.00800349640760344,0.774433848915447,0.00617175410358959,0.678257076237115,0.00519608427127177,0.703723538351407,0.00545479298326572,0.703687374303905,0.00800349640760344,0.994,0.00168585446084705,0.9836,0.00222710574513201,0.9197,0.00707445367055591,0,NA,NA,NA,NA,NA,0.000161952923641366,2.36671697237253e-05,1,0,0.95,0.05,15.85,2.20916154611701,1,0,NA,NA
"Q","lnpois",5,0.3,1,0.5,"DESeq2",20,0,0,NA,NA,4731.5,5.36386545614065,4727.1,5.2026814948488,1405.75,2.75573564540731,1500,0,771.65,12.9412183189585,0.0381941722804893,0.00285476185313539,0.527665584432229,0.00793939702697167,0.4944,0.00705954623063382,0,0,949.25,16.8989060686125,0.106615042081987,0.00571688406281117,0.602190064682215,0.00756610003242886,0.564266666666667,0.00677135348879199,0,0,1092.05,21.1649505451571,0.169019263377971,0.00704004507829459,0.643748582302861,0.00757036813909508,0.6032,0.00668604202011451,0,0,0.0309220619971429,0.00222956516667536,0.548159529820592,0.00579146672821759,0.513666666666667,0.00525034111952215,0.843930687069601,0.00232658485310881,0.782421471316889,0.00221844565873852,0.800509959930405,0.00209431777557493,0.814012380669125,0.00248728019734936,0.843930687069601,0.00232658485310881,0.782421471316889,0.00221844565873852,0.800509959930405,0.00209431777557493,0.814012380669125,0.00248728019734936,1,0,1,0,0.9984,0.000372756446518438,0.00184335004165226,0.000318478928792869,0.452256254249282,0.00473045750911436,1.42267059593172,0.0127577492485497,4.27440100853161e-48,2.73104578685127e-48,1,0,1,0,1,0,0,0,NA,NA
"Q","lnpois",5,0.3,1,0.5,"edgeR",20,0,0,NA,NA,4731.5,5.36386545614065,4731.5,5.36386545614065,1405.75,2.75573564540731,1500,0,736.75,11.9313551972148,0.0181423615084307,0.00154838533546414,0.51457899547661,0.00829405121177259,0.482133333333333,0.0074179488345688,0,0,897.25,14.4955301640486,0.0709796976113568,0.00353688128265197,0.59249844076742,0.00807843394504715,0.555166666666667,0.00719500720326052,0,0,1019.55,17.1288422504881,0.124788601606148,0.00530661149414009,0.633796812093813,0.0077777990629181,0.593866666666667,0.00685788912675422,0,0,0.019395159915169,0.0012627661748229,0.57162179820467,0.00616495791675689,0.535633333333333,0.0054871407354188,0.84987410109043,0.00272707610174202,0.792507416572154,0.00272410995792666,0.808778919903983,0.00264495783909454,0.822234669108911,0.00296265657406728,0.84987410109043,0.00272707610174202,0.792507416572154,0.00272410995792666,0.808778919903983,0.00264495783909454,0.822234669108911,0.00296265657406728,1,0,1,0,0.9999,1e-04,0.00153858253230985,0.00031615509293354,0.443456342003,0.00377664851355904,1.43300355166774,0.0128907984578502,3.4868047333253e-27,1.99914531600149e-27,1,0,1,0,1,0,0,0,NA,NA
"Q","lnpois",5,0.3,1,0.5,"limma",20,0,0,NA,NA,4731.5,5.36386545614065,4731.5,5.36386545614065,1405.75,2.75573564540731,1500,0,722.25,12.1049957064276,0.0121912904648825,0.00116901708355398,0.50749901311393,0.00842478537316426,0.4755,0.007559955289326,0,0,869.75,14.3144893469225,0.0563833634607877,0.00295296608304032,0.58346399863598,0.00847311132720231,0.5467,0.00759446936344342,0,0,976.6,15.9524622748834,0.0994500321693657,0.00488062272106701,0.624821583553576,0.00778682200182515,0.585466666666667,0.0069306675036957,0,0,0.0149437070850413,0.00101037872439192,0.580993158715237,0.00621170803153192,0.544433333333333,0.00561998834570393,0.853353323894276,0.0026575236075483,0.796797500284363,0.00265063446202069,0.813036432592583,0.00245254749695672,0.826690737902632,0.00286765897391485,0.853353323894276,0.0026575236075483,0.796797500284363,0.00265063446202069,0.813036432592583,0.00245254749695672,0.826690737902632,0.00286765897391485,1,0,1,0,0.9998,0.000137649440322337,0.000997663651499763,0.000253121217571505,0.432147444585573,0.00412320571023938,1.44325800065513,0.011337398546872,3.08125220973107e-28,2.74713790409937e-28,1,0,1,0,1,0,0,0,NA,NA
"Q","lnpois",5,0.3,1,0.5,"TOX-log",20,0,0,NA,NA,4731.5,5.36386545614065,4731.5,5.36386545614065,1405.75,2.75573564540731,1500,0,760.6,14.8056532588418,0.00904634344566849,0.000796133077527378,0.536301069621826,0.0108212207201421,0.502466666666667,0.00977035736505762,0,0,886.65,13.8682285515452,0.0378266040255417,0.00156985138622737,0.607072568991681,0.0102302228016712,0.5688,0.00917899967794527,0,0,978.9,13.6196259319526,0.07516903205553,0.00202242679698246,0.644085773719811,0.00936513764061952,0.6035,0.0083635067773055,0,0,0.0100592455086549,0.000408488131272277,0.620778168038237,0.0101934536679812,0.581666666666667,0.00920316497809504,0.868399457415064,0.00417873999761445,0.814701456355062,0.00465318019194555,0.829452086719358,0.00453347703696886,0.844839312039196,0.00485334815149446,0.868411041704142,0.00417832474318011,0.814819002100816,0.00465096536717076,0.829512377364609,0.0045318640340374,0.84500344075248,0.00484377877434032,1,0,1,0,0.9997,0.000163835604381825,0.000839151772676438,0.000251860671290424,0.565652595125386,0.00984457599455677,1.33045177139944,0.0145894498272099,1.59997440040959e-05,0,574.6,15.2245300679356,574.35,15.2167281565215,2,0,0,0,1.59997440040959e-05,0
"Q","lnpois",5,0.3,1,0.5,"TOX-log-blocked",20,0,0,NA,NA,4731.5,5.36386545614065,4731.5,5.36386545614065,1405.75,2.75573564540731,1500,0,663.65,15.8438556910209,0.00137739120588915,0.000266766595583552,0.471584511013626,0.0115900151696272,0.4418,0.0104961257124122,0,0,822.2,14.989750884486,0.0196670725192221,0.00118467196081912,0.573541424759798,0.0109645357819035,0.537366666666667,0.00988098475098119,0,0,926.25,14.2905701333726,0.0531201916628856,0.00179717903844979,0.623960422892471,0.00990771211879155,0.584633333333333,0.00888081907080766,0,0,0.00485643809248382,0.000292093356332006,0.621381420015811,0.0102319470192173,0.582233333333333,0.00924472664605254,0.868438300848363,0.00417786932182809,0.814994273011671,0.00463531181764392,0.82959912943882,0.00452392687974044,0.845094976014565,0.00483763331666232,0.868438300848363,0.00417786932182809,0.814994273011671,0.00463531181764392,0.82959912943882,0.00452392687974044,0.845094976014565,0.00483763331666232,1,0,1,0,1,0,0.000391792286523363,0.000190948881421898,0.565652595125386,0.00984457599455677,1.43367178394751,0.014701891827202,4.09599999983223e-11,0,95.6,6.28255730700401,95.6,6.28255730700401,1,0,0,0,NA,NA
"Q","lnpois",5,0.3,1,0.5,"TOX-log-blocked-oracle",20,0,0,NA,NA,4731.5,5.36386545614065,4731.5,5.36386545614065,1405.75,2.75573564540731,1500,0,661.65,16.0118829229058,0.0014784345964917,0.00030785323668798,0.470128534201526,0.0117341427408684,0.440433333333333,0.0106290207390589,0,0,821.65,15.2298659150195,0.01984917971064,0.00126306972349962,0.573047728095267,0.0111224775508535,0.5369,0.0100196619569222,0,0,924.2,14.0885545185109,0.0525493116567209,0.00190607398678554,0.62299862027881,0.0099483288793879,0.583733333333333,0.00892835682281771,0,0,0.00490143015391042,0.000313802890441532,0.619356890331089,0.0102871397159502,0.580333333333333,0.00928918128194777,0.868441593152068,0.00418438180015088,0.814798375134073,0.00469225883791218,0.829452523720183,0.00454696255531464,0.845043578371881,0.00485466578150976,0.868441593152068,0.00418438180015088,0.814798375134073,0.00469225883791218,0.829452523720183,0.00454696255531464,0.845043578371881,0.00485466578150976,1,0,1,0,1,0,0.000518872548162743,0.000238903941546077,0.565652595125386,0.00984457599455677,1.43943206008309,0.0151229017403773,4.09599999983223e-11,0,88.65,6.25016841878344,88.65,6.25016841878344,1,0,0,0,NA,NA
"Q","lnpois",5,0.3,1,0.5,"TOX-log-boot",20,0,0,NA,NA,4731.5,5.36386545614065,4731.5,5.36386545614065,1405.75,2.75573564540731,1500,0,751.15,14.8036757526458,0.00784248006245521,0.000771933494897085,0.530321471500426,0.010935940468102,0.496866666666667,0.00989300656764001,0,0,883.6,13.977877257709,0.03677952378149,0.00162174610705532,0.60565014608443,0.0103310167311614,0.567466666666667,0.00927571185458867,0,0,976.3,13.7147826507712,0.0739995059835323,0.00201746513065824,0.643193988857187,0.00945167783605811,0.602666666666667,0.00845766893078052,0,0,0.00974350169345208,0.000417423836876905,0.620134502653919,0.0102542307467443,0.581066666666667,0.00927139851421331,0.868381824588072,0.00417927251911318,0.814589610348132,0.00464795531218831,0.829378877609507,0.00453311120871659,0.844715009126687,0.00484764547846423,0.868399121121474,0.00417948382381531,0.814769046230633,0.00465143114712821,0.829470727287731,0.00453426331854396,0.844983990293647,0.00484555650036699,1,0,1,0,0.9999,1e-04,0.000726857590276275,0.000241290179837716,0.565652595125386,0.00984457599455677,1.33358224911008,0.0151391279402535,9.99900009999e-05,0,596.45,14.9316821416392,596.15,14.9111888403165,10,0,0,0,9.99900009999e-05,0
"Q","lnpois",5,0.3,1,0.5,"TOX-log-oracle",20,0,0,NA,NA,4731.5,5.36386545614065,4731.5,5.36386545614065,1405.75,2.75573564540731,1500,0,758.35,14.9547167352504,0.00859622760677349,0.000793571056038877,0.534990713229564,0.0110174559460447,0.501233333333333,0.00994396875597883,0,0,886.25,14.1445312102556,0.0390926951648564,0.00170831107107167,0.605963441484678,0.0102873289652745,0.567766666666667,0.0092559795751037,0,0,978.8,13.4734827287567,0.0746246412197108,0.00215678939311855,0.644413876239472,0.009353468617595,0.6038,0.00832232255032085,0,0,0.0104049459703468,0.000462551660730028,0.6201446205251,0.0103734093011162,0.581066666666667,0.009350285356999,0.868409321567244,0.00418713809985091,0.814619914605058,0.00472239318812717,0.82935059688678,0.00456266590361206,0.844868851568644,0.00488255218517333,0.868415566901636,0.00418580049159894,0.814685660634526,0.00471051868675076,0.829384428241751,0.00455622017879154,0.844974549927175,0.00486332911053142,1,0,1,0,0.9998,0.000137649440322337,0.00071738678574877,0.000223386187329386,0.565652595125386,0.00984457599455677,1.33446001842989,0.0156978365551011,1.59997440040959e-05,0,572.15,14.7297184380136,572,14.7448474497293,2,0,0,0,1.59997440040959e-05,0
"Q","lnpois",5,0.3,1,0.5,"TOX-raw",20,0,0,NA,NA,4731.5,5.36386545614065,4731.5,5.36386545614065,1405.75,2.75573564540731,1500,0,458.4,15.2761251631426,0.00165809761814094,0.000324078690342945,0.325749130699233,0.0112335171086901,0.3051,0.0101770611229085,0,0,707.5,17.7256133440017,0.0118010855052672,0.00112591678058657,0.49757015187843,0.0129744151680572,0.466133333333333,0.0117727607100816,0,0,866.2,15.5342744990079,0.0412858831410514,0.00189068565976314,0.590869747491229,0.0110719975799962,0.5536,0.00995479842567927,0,0,0.00249589388612417,0.000221157574027354,0.604282681949262,0.0106109628893187,0.5662,0.00958606444683883,0.864071985022485,0.00430938798458843,0.806219399675368,0.0048237517713805,0.822922218266349,0.00461354079275853,0.838408085765231,0.00502402556626687,0.864075693423235,0.00430871053432345,0.806257723770701,0.00481715396853992,0.822941936240941,0.00461047025169581,0.838485980466774,0.00500942266759932,1,0,1,0,0.997,0.000656946685331787,0.000149087173844075,0.000102714937475933,NA,NA,1.74367038818812,0.0203085834554867,1.59997440040959e-05,0,374.95,12.7379406333578,374.85,12.7509081203943,2,0,0,0,1.59997440040959e-05,0
"Q","lnpois",5,0.3,1,0.5,"TOX-raw-blocked",20,0,0,NA,NA,4731.5,5.36386545614065,4731.5,5.36386545614065,1405.75,2.75573564540731,1500,0,0.9,0.203909164503269,0,0,0.00064166754761695,0.000145887667579303,6e-04,0.000135939443002179,0.35,0.109424330980483,685.05,18.3055175748792,0.00481743551585434,0.000632303500567673,0.485112774173228,0.0132822209003905,0.454466666666667,0.0120898294697728,0,0,836.9,16.2289377672302,0.0300506108531143,0.00170049126562052,0.577537897577563,0.011501458851621,0.5411,0.0103567109638294,0,0,0.00100643987677426,0.000134705746496886,0.607001669897584,0.010660839150491,0.568733333333333,0.00958665007440674,0.864278753739882,0.00430412724783411,0.808268026711491,0.00479116770852957,0.823988307811272,0.00459690160542466,0.839320430584903,0.00500586701546082,0.864278753739882,0.00430412724783411,0.808268026711491,0.00479116770852957,0.823988307811272,0.00459690160542466,0.839320430584903,0.00500586701546082,0.9995,5e-04,0.9994,0.000437697323921933,0.9988,0.00033717089216941,7.98722044728435e-05,7.98722044728435e-05,NA,NA,1.74194679312195,0.0169179679566056,3.09312174382849e-06,9.84314759773202e-07,1,0,1,0,1.1,0.0688247201611685,0.1,0.0688247201611685,NA,NA
